stem,iso,exposure_s,dark50,dark16,adaptive_thr8,dark_adaptive,c0_false_trigger,c1_false_trigger,adaptive_false_trigger
2014_000001,400.0,0.00025,0.8290218423285001,0.6298829728910715,15,0.6029071387098235,True,True,False
2014_000002,400.0,0.0005,0.9718534155571072,0.6044732887846239,15,0.5875023256382659,True,False,False
2014_000003,400.0,0.00025,0.7656626573709432,0.5603732389176521,15,0.529399165777444,False,False,False
2014_000004,400.0,0.0004,0.8007214683427345,0.695753599327969,15,0.6901170452844317,True,True,True
2014_000005,400.0,0.00025,0.5906887392182089,0.2099568877061226,15,0.20478992257566048,False,False,False
2014_000006,400.0,0.002,0.9011628108713303,0.6504997767717728,15,0.6283041412719085,True,True,True
2014_000007,400.0,0.0008,0.922979528434914,0.8483756139602406,15,0.8449031840507645,True,True,True
2014_000008,400.0,0.005,0.8979844110360334,0.4425525627294451,15,0.4040680824612672,True,False,False
2014_000009,400.0,0.0004,0.8710958605786882,0.6681136983481111,15,0.6574761132578401,True,True,True
2014_000010,400.0,0.0005,0.8159657999815602,0.6397476860105795,15,0.6291802005319804,True,True,True
2014_000011,400.0,0.0004,0.7682125565629925,0.612534496279144,15,0.6058004722987154,False,False,False
2014_000012,400.0,0.00025,0.839684170888065,0.5705371869145629,15,0.5618736680247624,True,False,False
2014_000013,400.0,0.0003125,0.8579443142233888,0.5526075072759844,15,0.5446638209336194,True,False,False
2014_000014,400.0,0.00025,0.9150844202559706,0.5930795201402752,15,0.5821958635198151,True,False,False
2014_000015,400.0,0.002,0.9160483828593768,0.7164939966312531,15,0.6942097142447368,True,True,True
2014_000016,400.0,0.00125,0.8175899877431015,0.6499663670572637,15,0.6314509405162041,True,True,True
2014_000017,400.0,0.0025,0.9334501054344424,0.627899529783206,15,0.6017497309199349,True,True,False
2014_000018,400.0,0.00025,0.8962522029536184,0.39663062519435394,15,0.3784684643451151,True,False,False
2014_000019,400.0,0.00025,0.7862299330050948,0.27625947150262836,15,0.26478102153598865,False,False,False
2014_000020,400.0,0.00025,0.7928887351865517,0.28372658788632443,15,0.268254442836555,False,False,False
2014_000021,400.0,0.0005,0.6495066094391667,0.5001386708287467,15,0.4924862882350628,False,False,False
2014_000022,400.0,0.00025,0.8154233851313147,0.30933070857034467,15,0.29736536165451277,True,False,False
2014_000023,400.0,0.00025,0.8201393499316436,0.208403088711988,15,0.19461027755315427,True,False,False
2014_000024,400.0,0.01,0.8071280027996884,0.5826685505300473,15,0.5621361388159023,True,False,False
2014_000025,400.0,0.004,0.7553600385452856,0.6003783891943658,15,0.5875865112650117,False,False,False
2014_000026,400.0,0.04,0.9172301623469002,0.667132923404133,36,0.8634869339611262,True,True,True
2014_000027,400.0,0.0125,0.8221250236694623,0.5572006635050103,15,0.5347918376127831,True,False,False
2014_000028,400.0,0.00025,0.9857048840221133,0.5476472471878365,15,0.5148896201683316,True,False,False
2014_000029,400.0,0.00025,0.9867704642122688,0.6068933983597765,15,0.5728285808798331,True,False,False
2014_000030,400.0,0.0003125,0.9914877508673846,0.5197623073768419,15,0.49205887475128474,True,False,False
2014_000031,400.0,0.00025,0.9811607190361299,0.673399382561629,15,0.6499355926255044,True,True,True
2014_000032,400.0,0.002,0.9843451911418545,0.28340108114503026,15,0.24431325678251953,True,False,False
2014_000033,400.0,0.00625,0.952189379822085,0.595570183714683,15,0.5446886470188375,True,False,False
2014_000034,400.0,0.008,0.9558008936399287,0.35971093183822744,15,0.327788386580398,True,False,False
2014_000035,400.0,0.003125,0.9609180000601444,0.6867282639981943,15,0.6468509205561969,True,True,True
2014_000036,400.0,0.002,0.9205347993143539,0.6891897228434022,15,0.6717231880758123,True,True,True
2014_000037,400.0,0.003125,0.8929356279851198,0.7075402893077479,15,0.6892012064568641,True,True,True
2014_000038,400.0,0.0015625,0.904127813774454,0.6812671861776288,15,0.6664989701098891,True,True,True
2014_000039,400.0,0.0005,0.9819416873674635,0.718943971862999,15,0.7017865032677902,True,True,True
2014_000040,400.0,0.0025,0.8124079865144375,0.6151627979832461,15,0.592724726053857,True,False,False
2014_000041,400.0,0.0025,0.8606837343455216,0.5499214983488382,15,0.5228362806839674,True,False,False
2014_000042,400.0,0.0003125,0.985132810055085,0.4185236798718858,15,0.4027765477184621,True,False,False
2014_000043,400.0,0.0003125,0.9777085300280794,0.47137077332801064,15,0.4439623208597608,True,False,False
2014_000044,400.0,0.003125,0.8888978986143987,0.7695851375274243,15,0.7371885420966137,True,True,True
2014_000045,400.0,0.01,0.9396664580339195,0.5599881660950196,15,0.5259551970538501,True,False,False
2014_000046,400.0,0.005,0.8971480900354951,0.5588819801781265,15,0.5325047809835327,True,False,False
2014_000047,400.0,0.01,0.9054451659935672,0.6586703264419536,15,0.6321663944196578,True,True,True
2014_000048,400.0,0.002,0.8655586108760229,0.697590853557987,15,0.6813125836279692,True,True,True
2014_000049,400.0,0.00125,0.880341160806609,0.7131624268725147,15,0.7013795785332104,True,True,True
2014_000050,400.0,0.0008,0.9317985718019954,0.6685991082106679,15,0.6494432843332779,True,True,True
2014_000051,400.0,0.001,0.9204813055034433,0.7266866123538566,15,0.7093380944339669,True,True,True
2014_000052,400.0,0.0025,0.966470038013239,0.42365607023807594,15,0.39031876858651754,True,False,False
2014_000053,400.0,0.0025,0.9415036296480132,0.35816374211802776,15,0.3198622148139605,True,False,False
2014_000054,400.0,0.00125,0.9893610930549419,0.7600786470551885,15,0.7308864341678313,True,True,True
2014_000055,400.0,0.002,0.9164007397760315,0.4763915908885871,15,0.4342903506913796,True,False,False
2014_000056,400.0,0.0004,0.9186231494446062,0.6473389328203656,15,0.6388125150567522,True,True,True
2014_000057,400.0,0.00025,0.9839858118716439,0.8730531557465488,15,0.8508968041186351,True,True,True
2014_000058,400.0,0.008,0.9028093875483262,0.6507735246365642,15,0.6153008491925616,True,True,False
2014_000059,400.0,0.005,0.9129632977104484,0.7225375580252944,15,0.6959244490591864,True,True,True
2014_000060,400.0,0.008,0.916449689711112,0.6143720396648966,15,0.5873202814493212,True,False,False
2014_000061,400.0,0.0025,0.8937642243967467,0.6911174415104041,15,0.6639857936961406,True,True,True
2014_000062,400.0,0.002,0.9075967738151142,0.6884571261356798,15,0.6706495528330487,True,True,True
2014_000063,400.0,0.016666666666666666,0.823911179950371,0.22314024119223372,15,0.204987002862807,True,False,False
2014_000064,400.0,0.008,0.9306131572138077,0.29693947656533215,15,0.26424215917048327,True,False,False
2014_000065,400.0,0.00625,0.9624036822247873,0.27111547359909005,15,0.24485934804139123,True,False,False
2014_000066,400.0,0.008,0.8768961593839628,0.3078920761745258,15,0.2897958428327877,True,False,False
2014_000067,400.0,0.0005,0.9369934611148325,0.7130026476751383,15,0.6996348541382812,True,True,True
2014_000068,400.0,0.00125,0.9384881484152118,0.7704599162406714,15,0.7554993289934637,True,True,True
2014_000069,400.0,0.00625,0.9884990785019816,0.34427567479860716,15,0.3060986083843266,True,False,False
2014_000070,400.0,0.0005,0.9464418312844033,0.7083790887860119,15,0.6941187128042455,True,True,True
2014_000071,400.0,0.008,0.9402353099799045,0.44894385454838664,15,0.4185758518280095,True,False,False
2014_000072,400.0,0.008,0.8843684805708827,0.30725238107355096,15,0.28510862837407563,True,False,False
2014_000073,400.0,0.005,0.8417604742947161,0.3223862965297016,15,0.2991378863079307,True,False,False
2014_000074,400.0,0.001,0.907084637701083,0.7001997818278675,15,0.6853651838650439,True,True,True
2014_000075,400.0,0.0003125,0.9872792543813703,0.5918409835128358,15,0.563746736257915,True,False,False
2014_000076,400.0,0.0004,0.9456896959106109,0.6439814629693947,15,0.6064630107027278,True,True,False
2014_000077,400.0,0.002,0.8963269703650071,0.6599322433759378,15,0.6328492976489821,True,True,True
2014_000078,400.0,0.00125,0.8672000653657193,0.5751243947970474,15,0.5441124009476377,True,False,False
2014_000079,400.0,0.0008,0.9378755100294079,0.6594704616676983,15,0.6459292159980119,True,True,True
2014_000080,400.0,0.003125,0.9420695487286896,0.7479949941359217,15,0.7073443243355779,True,True,True
2014_000081,400.0,0.0008,0.9111796199072653,0.7528749928537226,15,0.743523407239336,True,True,True
2014_000082,400.0,0.000625,0.9430733735155158,0.5749474314874402,15,0.5604217757731116,True,False,False
2014_000083,400.0,0.000625,0.9576642958099516,0.8291981447107137,15,0.8206119956339136,True,True,True
2014_000084,400.0,0.0005,0.8061663121341973,0.4793875334553185,15,0.47203013101894187,True,False,False
2014_000085,400.0,0.0005,0.9584498906330395,0.5652637298578246,15,0.5464632783783221,True,False,False
2014_000086,400.0,0.0004,0.8335469230359964,0.5844810199828093,15,0.5794067086113222,True,False,False
2014_000087,400.0,0.00125,0.9217841586278619,0.6200368483545056,15,0.5758067610228644,True,True,False
2014_000088,400.0,0.0005,0.8279084275182408,0.6271426026858107,15,0.6222043184334963,True,True,True
2014_000089,400.0,0.000625,0.7286184205091057,0.4032177580615793,15,0.38825576634366044,False,False,False
2014_000090,400.0,0.0004,0.9081955327256547,0.3973374457337302,15,0.3752926669114301,True,False,False
2014_000091,400.0,0.00025,0.9026990539815754,0.44441794768164844,15,0.41662628124906026,True,False,False
2014_000092,400.0,0.0004,0.9637045938749875,0.650560127704391,15,0.6249373358215047,True,True,True
2014_000093,400.0,0.0008,0.7737803741576067,0.5585737814729494,15,0.5485395817849732,False,False,False
2014_000094,400.0,0.0005,0.8951717518971095,0.5638913967411653,15,0.5508006970140292,True,False,False
2014_000095,400.0,0.00125,0.8634405864276576,0.7245311215838729,15,0.7145628080954353,True,True,True
2014_000096,400.0,0.0008,0.9074170841800089,0.7121540582098583,15,0.6999030667361522,True,True,True
2014_000097,400.0,0.0005,0.9333557167410595,0.7662133751215693,15,0.7546822575032609,True,True,True
2014_000098,400.0,0.0015625,0.8079625062498946,0.5244139969881538,15,0.5078404990530563,True,False,False
2014_000099,400.0,0.001,0.9212400501511706,0.5553210686138469,15,0.539445303466465,True,False,False
2014_000100,400.0,0.00125,0.9083528334453055,0.7837208460795935,15,0.7592182435127498,True,True,True
2014_000101,400.0,0.0004,0.9454087191524532,0.4831713014750908,15,0.460760864572342,True,False,False
2014_000102,400.0,0.0003125,0.8187081116610394,0.45960866158567715,15,0.44568151693411645,True,False,False
2014_000103,400.0,0.003125,0.845879249887064,0.6712352584275678,15,0.6499491003291088,True,True,True
2014_000104,400.0,0.0025,0.8748811983010201,0.6842928704770673,15,0.6555952378198516,True,True,True
2014_000105,400.0,0.002,0.8891027861063809,0.7731617874252615,15,0.7405673681639866,True,True,True
2014_000106,400.0,0.0005,0.8555451064770554,0.695599314089551,15,0.6852903751456931,True,True,True
2014_000107,400.0,0.0005,0.9820377696872922,0.5603104508152704,15,0.5293441435719358,True,False,False
2014_000108,400.0,0.001,0.9161800313345677,0.8230215303707703,15,0.8161371454083226,True,True,True
2014_000109,400.0,0.002,0.7556458070270461,0.4967593903737908,15,0.47572372375746474,False,False,False
2014_000110,400.0,0.0008,0.8946549892913239,0.6213105793656485,15,0.5980201589464289,True,True,False
2014_000111,400.0,0.001,0.9204080664866521,0.5343553363773446,15,0.5108172747253764,True,False,False
2014_000112,400.0,0.002,0.8905983821819262,0.5544241075249557,15,0.533039182089132,True,False,False
2014_000113,400.0,0.005,0.9017240621522903,0.5175289510983127,15,0.4904763667234954,True,False,False
2014_000114,400.0,0.003125,0.8966531380336947,0.6307509357905733,15,0.6024373432569379,True,True,False
2014_000115,400.0,0.0008,0.9363013049019994,0.7841588344016673,15,0.7791190564864902,True,True,True
2014_000116,400.0,0.001,0.8853721814338225,0.6175339989312804,15,0.6068548580311436,True,False,False
2014_000117,400.0,0.0004,0.964039973219222,0.7493127594346559,15,0.7285943379672054,True,True,True
2014_000118,400.0,0.005,0.9105854874884792,0.502289948186597,15,0.4771388519228526,True,False,False
2014_000119,400.0,0.0015625,0.8669705170203674,0.6830668914701041,15,0.6713406350388675,True,True,True
2014_000120,400.0,0.0025,0.8434675258282164,0.651026535904385,15,0.6299182498906991,True,True,True
2014_000121,400.0,0.0004,0.8950213909150904,0.7979851463177587,15,0.7886840803410121,True,True,True
2014_000122,400.0,0.003125,0.8764908869678667,0.5314427532781173,15,0.5045738241027663,True,False,False
2014_000123,400.0,0.005,0.9430288022244172,0.6448491780211238,15,0.61812879227746,True,True,False
2014_000124,400.0,0.0025,0.783336682032127,0.5106110240706452,15,0.4934805708826454,False,False,False
2014_000125,400.0,0.008,0.9102038432267004,0.278043397153584,15,0.2533332220772221,True,False,False
2014_000126,400.0,0.00625,0.9286763507951452,0.2585419908653225,15,0.2456415143036254,True,False,False
2014_000127,400.0,0.001,0.9145767454018455,0.5484218127850455,15,0.5075414294075017,True,False,False
2014_000128,400.0,0.000625,0.8824037086618831,0.6673839518897732,15,0.6590918741951144,True,True,True
2014_000129,400.0,0.000625,0.8968844213134544,0.5965041567376095,15,0.5829446116407159,True,False,False
2014_000130,400.0,0.00025,0.9677642577735801,0.5890680626334454,15,0.5618749485715872,True,False,False
2014_000131,400.0,0.0025,0.827278935483903,0.5132815425120065,15,0.48383160924915014,True,False,False
2014_000132,400.0,0.002,0.8251150591976143,0.6854281371992739,15,0.6656754545775997,True,True,True
2014_000133,400.0,0.01,0.8808389217498317,0.44940600802828506,15,0.4245829382915225,True,False,False
2014_000134,400.0,0.004,0.862870536550772,0.5830948486988488,15,0.558240219679047,True,False,False
2014_000135,400.0,0.00625,0.8915588336085545,0.6855875446249915,15,0.6582272159325802,True,True,True
2014_000136,400.0,0.0025,0.8998169148504106,0.7076233596195173,15,0.6858046179657911,True,True,True
2014_000137,400.0,0.002,0.9406715220596084,0.8334001145387173,15,0.8245623586648076,True,True,True
2014_000138,400.0,0.0025,0.9508850809189932,0.8196727351918391,15,0.8043756119774584,True,True,True
2014_000139,400.0,0.0015625,0.9160541659740699,0.7084856633282123,15,0.6911090973020614,True,True,True
2014_000140,400.0,0.00125,0.8868655055714527,0.7431356080912054,15,0.7317471268660046,True,True,True
2014_000141,400.0,0.004,0.9363519071555635,0.5716200751408353,15,0.5400805786154959,True,False,False
2014_000142,400.0,0.005,0.9329448677500809,0.5915317934165684,15,0.5515753865351245,True,False,False
2014_000143,400.0,0.0125,0.9482689650637084,0.343759531812253,15,0.31127437211071457,True,False,False
2014_000144,400.0,0.0004,0.9627115504662678,0.6454399231870184,15,0.6270743206244707,True,True,True
2014_000145,400.0,0.005,0.9399333074690414,0.45366324790956924,15,0.404345093655064,True,False,False
2014_000146,400.0,0.003125,0.9400629318540897,0.7960284707693294,15,0.7814344090697745,True,True,True
2014_000147,400.0,0.001,0.9353840202957584,0.7847151287271761,15,0.7694898813668375,True,True,True
2014_000148,400.0,0.003125,0.9094648850928156,0.6924596611226975,15,0.6731741715522971,True,True,True
2014_000149,400.0,0.0015625,0.8727893217926598,0.7376038936554605,15,0.7243166919526473,True,True,True
2014_000150,400.0,0.00125,0.9093862347329903,0.7530524105509128,15,0.7393927762618674,True,True,True
2014_000151,400.0,0.0015625,0.923283183264261,0.7676724136506622,15,0.7514013313060487,True,True,True
2014_000152,400.0,0.004,0.879092627652343,0.3151999503643527,15,0.27168226014697044,True,False,False
2014_000153,400.0,0.003125,0.9424067456232562,0.3332185247373557,15,0.2928083498923184,True,False,False
2014_000154,400.0,0.003125,0.9335199985063041,0.29820928332007623,15,0.2676663413802345,True,False,False
2014_000155,400.0,0.001,0.9292843213812325,0.854338129132655,15,0.8486709658892068,True,True,True
2014_000156,400.0,0.001,0.8658086479705729,0.7820072265801205,15,0.7767079107391118,True,True,True
2014_000157,400.0,0.0008,0.8418443707657274,0.6367958190394015,15,0.6231998816279039,True,True,True
2014_000158,400.0,0.0003125,0.9545779714221604,0.8049408288227793,15,0.7864246174304399,True,True,True
2014_000159,400.0,0.00125,0.8974514144011453,0.7015492303335271,15,0.6852328331544973,True,True,True
2014_000160,400.0,0.004,0.8478230786592823,0.6445680360311178,15,0.6080201143338299,True,True,False
2014_000161,400.0,0.0008,0.860525153079046,0.6762511190326931,15,0.6610255412086578,True,True,True
2014_000162,400.0,0.0005,0.9841131643187772,0.7083211750231573,15,0.6890753824043283,True,True,True
2014_000163,400.0,0.0004,0.9267861397577238,0.5927135315961297,15,0.5798471341031596,True,False,False
2014_000164,400.0,0.000625,0.8497032931698771,0.5288464239366752,15,0.5166074943879003,True,False,False
2014_000165,400.0,0.00125,0.8590740043707129,0.5897705045288397,15,0.5816994657393415,True,False,False
2014_000166,400.0,0.0003125,0.9850584144153552,0.6784294117977523,15,0.6564521301855124,True,True,True
2014_000167,400.0,0.00125,0.8692874393062113,0.6958842151041076,15,0.6786074078064117,True,True,True
2014_000168,400.0,0.001,0.8602931675639307,0.750646386990834,15,0.7388858862590221,True,True,True
2014_000169,400.0,0.002,0.9366994310406533,0.486180916977275,15,0.46393385306460466,True,False,False
2014_000170,400.0,0.0008,0.9542286299867385,0.47924692115235334,15,0.4615104801604467,True,False,False
2014_000171,400.0,0.00125,0.7980038175166247,0.5654072337181363,15,0.5569532701200344,False,False,False
2014_000172,400.0,0.0008,0.8421079155638818,0.5862280989315778,15,0.5723290023862784,True,False,False
2014_000173,400.0,0.001,0.9029504542388743,0.6052674343558652,15,0.5848411427963376,True,False,False
2014_000174,400.0,0.002,0.883918223784067,0.5444971433065735,15,0.5215695720263802,True,False,False
2014_000175,400.0,0.0004,0.9325421977355967,0.6877419200799987,15,0.668183219648314,True,True,True
2014_000176,400.0,0.000625,0.9048374019472903,0.7419268131964729,15,0.733231693715671,True,True,True
2014_000177,400.0,0.001,0.9420512906094445,0.7376352463986893,15,0.7193155782899892,True,True,True
2014_000178,400.0,0.0015625,0.9143170009362036,0.596001149683201,15,0.5676145659805469,True,False,False
2014_000179,400.0,0.000625,0.8060576308859302,0.5390305302190875,15,0.5280178688330104,True,False,False
2014_000180,400.0,0.00125,0.8329052451528411,0.5814697521621414,15,0.5663198505246607,True,False,False
2014_000181,400.0,0.0015625,0.834382500493217,0.5802614529629541,15,0.5653206935375511,True,False,False
2014_000182,400.0,0.00125,0.8443276402149203,0.5867388718828599,15,0.5714844197933214,True,False,False
2014_000183,400.0,0.0015625,0.8409289037098185,0.5981767987386861,15,0.5829897612432837,True,False,False
2014_000184,400.0,0.00125,0.8377008930120478,0.5964269108484953,15,0.5814323684564471,True,False,False
2014_000185,400.0,0.0015625,0.8540119201560054,0.6498191041724016,15,0.6322806522428075,True,True,True
2014_000186,400.0,0.001,0.8820150007385864,0.6214586684097525,15,0.6076983666170861,True,True,False
2014_000187,400.0,0.001,0.8989717952539464,0.6274317171125008,15,0.6159435184668071,True,True,False
2014_000188,400.0,0.00125,0.9622705466629611,0.6642060890579835,15,0.6275627046602982,True,True,True
2014_000189,400.0,0.0005,0.8824153161992313,0.6058572294386314,15,0.5910311409159991,True,False,False
2014_000190,400.0,0.000625,0.8515086163451971,0.6215703651392525,15,0.6082402857717863,True,True,False
2014_000191,400.0,0.0004,0.9059381352131871,0.6369589028737453,15,0.6187584495436461,True,True,False
2014_000192,400.0,0.0008,0.8887846734903014,0.48119921805680077,15,0.46632409698316385,True,False,False
2014_000193,400.0,0.000625,0.9691743876755547,0.47167153660001104,15,0.4413698744667555,True,False,False
2014_000194,400.0,0.000625,0.9648415129156779,0.4690533966545838,15,0.44411949765552533,True,False,False
2014_000195,400.0,0.0015625,0.9043021333744871,0.5799349135226075,15,0.5480245128056335,True,False,False
2014_000196,400.0,0.00125,0.8729621129980956,0.6751037903855553,15,0.6446661424410891,True,True,True
2014_000197,400.0,0.00025,0.9842988849163481,0.68107617816091,15,0.6616807681033796,True,True,True
2014_000198,400.0,0.0003125,0.9569925044224304,0.5984482333576003,15,0.5855793160789425,True,False,False
2014_000199,400.0,0.0003125,0.8417687358871347,0.5724791155205249,15,0.5483768284143261,True,False,False
2014_000200,400.0,0.0003125,0.9694404109514347,0.36628897695379226,15,0.33693153221806244,True,False,False
2014_000201,400.0,0.001,0.9665683509630207,0.5045571356860806,15,0.46892174817939286,True,False,False
2014_000202,400.0,0.0003125,0.7696211993783317,0.4274280241806896,15,0.4145785629521776,False,False,False
2014_000203,400.0,0.0005,0.9773735224555039,0.30580457831014746,15,0.28423595636689536,True,False,False
2014_000204,400.0,0.0015625,0.9233437407366895,0.7021937584660668,15,0.6840974838163666,True,True,True
2014_000205,400.0,0.00125,0.9306852396076603,0.737864340356458,15,0.7129987647267015,True,True,True
2014_000206,400.0,0.0004,0.9616540666366826,0.6346813883837384,15,0.6175229283974394,True,True,False
2014_000207,400.0,0.000625,0.9640538113865232,0.7468067292983496,15,0.7325782430633192,True,True,True
2014_000208,400.0,0.0005,0.936260781791186,0.5671655071246321,15,0.5543036948154542,True,False,False
2014_000209,400.0,0.00125,0.911531068048754,0.6695689365446914,15,0.6434425179879651,True,True,True
2014_000210,400.0,0.000625,0.8925429958054243,0.4785796736406624,15,0.4655920372789487,True,False,False
2014_000211,400.0,0.0004,0.9268112549986764,0.5047384776396696,15,0.4859444702022537,True,False,False
2014_000212,400.0,0.0005,0.9339580281363401,0.4405732504177887,15,0.42405122220345925,True,False,False
2014_000213,400.0,0.0005,0.9135463182874314,0.41811254172517254,15,0.40325712454945406,True,False,False
2014_000214,400.0,0.0004,0.9408998724740594,0.4665438966494616,15,0.44723040028076194,True,False,False
2014_000215,400.0,0.0003125,0.953539447947176,0.6094169017640483,15,0.5727906188626696,True,False,False
2014_000216,400.0,0.0008,0.9072898143487999,0.7441271231053277,15,0.7337428384386119,True,True,True
2014_000217,400.0,0.0004,0.9500920093547663,0.8173883635801247,15,0.8014453077624931,True,True,True
2014_000218,400.0,0.000625,0.9386253734652853,0.8179087612865745,15,0.803213784235626,True,True,True
2014_000219,400.0,0.01,0.9871886660205,0.5852797920458049,15,0.5548141786110016,True,False,False
2014_000220,400.0,0.000625,0.922075958072088,0.5974216478836609,15,0.5780621344451895,True,False,False
2014_000221,400.0,0.000625,0.9214954159728306,0.7229718286307798,15,0.7113832516371997,True,True,True
2014_000222,400.0,0.0008,0.9517826616273156,0.8018445079081615,15,0.7858563851038862,True,True,True
2014_000223,400.0,0.001,0.9390909968139995,0.7790190912182247,15,0.7640453267311093,True,True,True
2014_000224,400.0,0.000625,0.9225233233015571,0.6772729953989539,15,0.6614377533623855,True,True,True
2014_000225,400.0,0.0005,0.951308859302107,0.7177087398725269,15,0.698987475756357,True,True,True
2014_000226,400.0,0.000625,0.915135146433421,0.7101727218080595,15,0.6981766830763922,True,True,True
2014_000227,400.0,0.0005,0.9380067041170159,0.6611384358690584,15,0.6293807506879427,True,True,True
2014_000228,400.0,0.001,0.8330501947918261,0.6700149386114114,15,0.649403422149858,True,True,True
2014_000229,400.0,0.000625,0.93557093882423,0.6982076640479622,15,0.6767814719580073,True,True,True
2014_000230,400.0,0.001,0.905178151326597,0.6630609910407987,15,0.6473583475625494,True,True,True
2014_000231,400.0,0.001,0.8988719539095673,0.6615267720206963,15,0.6472179831073568,True,True,True
2014_000232,400.0,0.00125,0.8947619769131452,0.6876216726023454,15,0.6715617565599522,True,True,True
2014_000233,400.0,0.00125,0.9202270136887977,0.7170984560405624,15,0.6979873686861193,True,True,True
2014_000234,400.0,0.0004,0.963631189626348,0.7996623735026277,15,0.7866346271097215,True,True,True
2014_000235,400.0,0.0004,0.9772907412994691,0.850325680234735,15,0.840125298615258,True,True,True
2014_000236,400.0,0.0004,0.9753155597840222,0.8779032474997943,15,0.8689219464576109,True,True,True
2014_000237,400.0,0.0008,0.9314378293690357,0.8057292738952516,15,0.796225137976855,True,True,True
2014_000238,400.0,0.000625,0.9152510152670923,0.7755843754781396,15,0.7648173312346686,True,True,True
2014_000239,400.0,0.0008,0.9291537056050939,0.8124009228529195,15,0.8007662461736434,True,True,True
2014_000240,400.0,0.0005,0.9512094723453107,0.8076032095956083,15,0.7995434891877236,True,True,True
2014_000241,400.0,0.000625,0.9280940324535178,0.8293623851679962,15,0.8188474847251418,True,True,True
2014_000242,400.0,0.0008,0.9220008601970027,0.8218951448604138,15,0.8117552380974412,True,True,True
2014_000243,400.0,0.0008,0.907874239396494,0.7919758705322547,15,0.7803087671027356,True,True,True
2014_000244,400.0,0.0008,0.9587091394031363,0.7646998926984376,15,0.7378457104655539,True,True,True
2014_000245,400.0,0.001,0.9071127271153064,0.7807425007047138,15,0.7711533530003295,True,True,True
2014_000246,400.0,0.001,0.9239512156272317,0.6994597083790062,15,0.6790168523266792,True,True,True
2014_000247,400.0,0.00625,0.9394397599379521,0.6368271717826303,15,0.5993753079508574,True,True,False
2014_000248,400.0,0.005,0.8955468695008776,0.621458874949563,15,0.5967135881054219,True,True,False
2014_000249,400.0,0.002,0.9439938388348379,0.47122867393841017,15,0.43305404469389314,True,False,False
2014_000250,400.0,0.00025,0.9899123891170374,0.9085697415542567,15,0.8952634142649942,True,True,True
2014_000251,400.0,0.00125,0.881800240643664,0.5507974749929859,15,0.5310235600787958,True,False,False
2014_000252,400.0,0.000625,0.8468934429723756,0.6307252422381513,15,0.6197274930263899,True,True,False
2014_000253,400.0,0.0025,0.9382877634910978,0.5237701297830076,15,0.48511636948617193,True,False,False
2014_000254,400.0,0.0003125,0.8648685613692565,0.5046718892047755,15,0.4767220132773704,True,False,False
2014_000255,400.0,0.0005,0.96740330880081,0.7143039724049595,15,0.6914245662085668,True,True,True
2014_000256,400.0,0.004,0.9608806163544501,0.42952002461293615,15,0.4000593925878976,True,False,False
2014_000257,400.0,0.0015625,0.9056065148935031,0.7184571162217689,15,0.6832093213234014,True,True,True
2014_000258,400.0,0.0025,0.935844025761628,0.6797548190694737,15,0.6389344561608512,True,True,True
2014_000259,400.0,0.0025,0.9487717242703444,0.730187544757177,15,0.7052612877311056,True,True,True
2014_000260,400.0,0.005,0.9301823151691759,0.552763857912507,15,0.5260293861537694,True,False,False
2014_000261,400.0,0.0008,0.9252581169319354,0.6857972651485384,15,0.654530401173014,True,True,True
2014_000262,400.0,0.001,0.8912436538577836,0.7126367004389549,15,0.7001835064908027,True,True,True
2014_000263,400.0,0.001,0.9491743942848286,0.7504016373154319,15,0.7140578182588463,True,True,True
2014_000264,400.0,0.01,0.8696413659254256,0.37913971872912916,15,0.34988529605085966,True,False,False
2014_000265,400.0,0.003125,0.9398891905655258,0.45400507129589024,15,0.4298866740844751,True,False,False
2014_000266,400.0,0.005,0.9816786795728162,0.510936365580091,15,0.4767064401756613,True,False,False
2014_000267,400.0,0.005,0.8824519150536458,0.3897407462729478,15,0.3670430951097652,True,False,False
2014_000268,400.0,0.00625,0.8927515597060327,0.31087009108570873,15,0.28319858951484955,True,False,False
2014_000269,400.0,0.00625,0.9683424040110362,0.49005890845858185,15,0.46074838956778985,True,False,False
2014_000270,400.0,0.001,0.9606652366400963,0.557832344861339,15,0.5257682372174164,True,False,False
2014_000271,400.0,0.0015625,0.916248850399415,0.458190270091284,15,0.4269352201929181,True,False,False
2014_000272,400.0,0.001,0.8998581401965796,0.6364069045762943,15,0.623043035295836,True,True,True
2014_000273,400.0,0.0015625,0.8757605621980594,0.6369456843258755,15,0.6163911315440487,True,True,False
2014_000274,400.0,0.0008,0.9845310356633117,0.5091184434763327,15,0.47998521835884456,True,False,False
2014_000275,400.0,0.002,0.897127642594259,0.532435342299254,15,0.5101303646237291,True,False,False
2014_000276,400.0,0.00125,0.9708964753072569,0.7286598110871231,15,0.6970764868140028,True,True,True
2014_000277,400.0,0.00125,0.9662113675546116,0.6679759776024925,15,0.638175298433503,True,True,True
2014_000278,400.0,0.0025,0.9022762256815896,0.5688868512130165,15,0.5441154990447947,True,False,False
2014_000279,400.0,0.00125,0.9433260130116776,0.6719123372342369,15,0.6516582998766379,True,True,True
2014_000280,400.0,0.005,0.8588898947836636,0.6031353238924262,15,0.5872280407699672,True,False,False
2014_000281,400.0,0.008,0.7987011785326817,0.5415596101982418,15,0.5247037310342754,False,False,False
2014_000282,400.0,0.008,0.857575062350238,0.6864391908794664,15,0.6704242592077926,True,True,True
2014_000283,400.0,0.004,0.9315726172493458,0.381766120266975,15,0.3661652182993611,True,False,False
2014_000284,400.0,0.002,0.8772656177969241,0.5667329714535545,15,0.5437962298057766,True,False,False
2014_000285,400.0,0.003125,0.8885233180141379,0.6523006386871867,15,0.6330680646162276,True,True,True
2014_000286,400.0,0.002,0.9741808713732849,0.4799210257857518,15,0.44829412161262316,True,False,False
2014_000287,400.0,0.00125,0.936911216962305,0.6254494306275737,15,0.5912965858804098,True,True,False
2014_000288,400.0,0.004,0.9450733811161808,0.5226133416125505,15,0.49738004250424067,True,False,False
2014_000289,400.0,0.001,0.9535114824568389,0.7537714169391064,15,0.7248720775029899,True,True,True
2014_000290,400.0,0.002,0.9418060452384973,0.684432863160601,15,0.6597287190467047,True,True,True
2014_000291,400.0,0.001,0.9265557652531302,0.6816380490613013,15,0.6579136058843688,True,True,True
2014_000292,400.0,0.001,0.9510071046390163,0.6654737477986987,15,0.636511372412428,True,True,True
2014_000293,400.0,0.0025,0.9210276033021254,0.40688747479801235,15,0.37505407212237996,True,False,False
2014_000294,400.0,0.0025,0.9499403678259223,0.7315347626328835,15,0.6860789854500139,True,True,True
2014_000295,400.0,0.001,0.9434035067485644,0.6301719633938754,15,0.6136078010582109,True,True,False
2014_000296,400.0,0.005,0.9445303466465039,0.6921239100068043,15,0.6630146848152922,True,True,True
2014_000297,400.0,0.002,0.8445182764599803,0.4422508080663545,15,0.426960459357757,True,False,False
2014_000298,400.0,0.002,0.8723567448136201,0.4903027906667799,15,0.4768333795431736,True,False,False
2014_000299,400.0,0.005,0.8923049793278435,0.6120445425407569,15,0.595595051107863,True,False,False
2014_000300,400.0,0.001,0.9329345407595576,0.7422333182752042,15,0.7313939437901079,True,True,True
2014_000301,400.0,0.002,0.964938669242521,0.6262674522009047,15,0.5957993602883759,True,True,False
2014_000302,400.0,0.002,0.9342199206160108,0.5274443490873089,15,0.5027176508261096,True,False,False
2014_000303,400.0,0.002,0.9628447273360561,0.5529397472150999,15,0.530750142677701,True,False,False
2014_000304,400.0,0.0025,0.9644281854469736,0.6107238856846762,15,0.5863973789602356,True,False,False
2014_000305,400.0,0.002,0.9710753387831204,0.6427603169939965,15,0.6137028093710252,True,True,False
2014_000306,400.0,0.002,0.9142483057952427,0.5350251449826854,15,0.5095018639804815,True,False,False
2014_000307,400.0,0.0025,0.9431956863912736,0.4971028660785955,15,0.4714067112550317,True,False,False
2014_000308,400.0,0.0025,0.9174019208532836,0.4622211836482597,15,0.4380555714361721,True,False,False
2014_000309,400.0,0.002,0.9574924546876441,0.6787274487442545,15,0.635917322609566,True,True,True
2014_000310,400.0,0.003125,0.8986359202141669,0.6452065332011919,15,0.6282798108822356,True,True,True
2014_000311,400.0,0.002,0.8055604069462147,0.5880134703612068,15,0.573051974338833,True,False,False
2014_000312,400.0,0.0015625,0.9508284890109254,0.6034378220988345,15,0.5768629643056247,True,False,False
2014_000313,400.0,0.0025,0.859634925187976,0.3127676136324206,15,0.29294119629841003,True,False,False
2014_000314,400.0,0.00125,0.9669016236011885,0.6037491189011686,15,0.5614799205300902,True,False,False
2014_000315,400.0,0.0025,0.9256768970516359,0.392207244689531,15,0.3604993769106998,True,False,False
2014_000316,400.0,0.0025,0.9377249425075783,0.35179128672980065,15,0.3229037613708427,True,False,False
2014_000317,400.0,0.005,0.9251061862473567,0.4158918669910058,15,0.3914674603964044,True,False,False
2014_000318,400.0,0.008,0.9239582792887496,0.49988644441220587,15,0.48030407451824175,True,False,False
2014_000319,400.0,0.008,0.8519530900173196,0.4382937531456013,15,0.4220371698956825,True,False,False
2014_000320,400.0,0.008,0.8902358635065966,0.4253382543783961,15,0.40674178161570973,True,False,False
2014_000321,400.0,0.00125,0.9558970585756816,0.6926846655922191,15,0.6526883965273553,True,True,True
2014_000322,400.0,0.00025,0.8976662571119919,0.6624122908040876,15,0.642953431716782,True,True,True
2014_000323,400.0,0.003125,0.9636628728332735,0.39417874979635176,15,0.37117174330505337,True,False,False
2014_000324,400.0,0.0025,0.9633774348152097,0.8772750360122814,15,0.868103511804659,True,True,True
2014_000325,400.0,0.0025,0.9639101009864011,0.8860222861412448,15,0.8772519448614713,True,True,True
2014_000326,400.0,0.003125,0.967504389384052,0.8694434181710751,15,0.8589562353707852,True,True,True
2014_000327,400.0,0.004,0.9636886076936575,0.8758514810226266,15,0.8665840810349859,True,True,True
2014_000328,400.0,0.0025,0.9624167355408088,0.8761951219592796,15,0.8679156018850971,True,True,True
2014_000329,400.0,0.016666666666666666,0.9404924933518966,0.5581859410168566,15,0.536045162490652,True,False,False
2014_000330,400.0,0.01,0.9451443895030189,0.49027825373729655,15,0.4692561361325371,True,False,False
2014_000331,400.0,0.0125,0.8609315821180806,0.4499064952970059,15,0.433654290691069,True,False,False
2014_000332,400.0,0.0125,0.8521804903486425,0.4395468301756976,15,0.4241687846635764,True,False,False
2014_000333,400.0,0.005,0.962151290576398,0.7364714358746762,15,0.7039678115140822,True,True,True
2014_000334,400.0,0.008,0.9290354822175833,0.5247059616642284,15,0.5085566964998277,True,False,False
2014_000335,400.0,0.00625,0.9570309621351392,0.668805730637058,15,0.6382559728834709,True,True,True
2014_000336,400.0,0.0125,0.8696564433315895,0.47781481541454524,15,0.45610244176320885,True,False,False
2014_000337,400.0,0.0125,0.8446193157352603,0.503179762998046,15,0.4848152344425127,True,False,False
2014_000338,400.0,0.01,0.8668817875177913,0.332954856015315,15,0.30470504297515144,True,False,False
2014_000339,400.0,0.008,0.9218598761223786,0.30225849630425927,15,0.2771017821576702,True,False,False
2014_000340,400.0,0.00625,0.980071428075733,0.43059411424328276,15,0.4054560712955598,True,False,False
2014_000341,400.0,0.00625,0.9245517094721801,0.5124509633181992,15,0.4924378753034896,True,False,False
2014_000342,400.0,0.01,0.8539807739525871,0.3376302150889063,15,0.3136657313442503,True,False,False
2014_000343,400.0,0.01,0.905293441848799,0.35913447922721725,15,0.3289183245754946,True,False,False
2014_000344,400.0,0.00125,0.9463205511076977,0.8434781006665122,15,0.8289169614127455,True,True,True
2014_000345,400.0,0.008,0.9332524881437887,0.4453294078652343,15,0.41585807707801353,True,False,False
2014_000346,400.0,0.01,0.8858125243097357,0.35580844473539935,15,0.32781763261756,True,False,False
2014_000347,400.0,0.003125,0.9249571471201246,0.7149903455030996,15,0.6797790255352603,True,True,True
2014_000348,400.0,0.00125,0.9619549951405313,0.5695748353216783,15,0.5531953608845324,True,False,False
2014_000349,400.0,0.0015625,0.900040969236804,0.7099529634497237,15,0.695401531567049,True,True,True
2014_000350,400.0,0.002,0.9184885681041066,0.6113027341574878,15,0.581073237034009,True,False,False
2014_000351,400.0,0.001,0.9537954746962295,0.7788163930482335,15,0.7616831309188113,True,True,True
2014_000352,400.0,0.004,0.9113390686409449,0.693105841573721,15,0.6733943429902536,True,True,True
2014_000353,400.0,0.0025,0.8401271987815142,0.7057839986834327,15,0.6982211304436046,True,True,True
2014_000354,400.0,0.002,0.7876927305587381,0.7000026189247968,15,0.6938235674150899,False,True,True
2014_000355,400.0,0.003125,0.9468517301922539,0.8609585149093654,15,0.8415456728918317,True,True,True
2014_000356,400.0,0.005,0.8493165680287609,0.6133101771913295,15,0.5763849898762446,True,False,False
2014_000357,400.0,0.003125,0.8595669322823707,0.6840792670050835,15,0.6666007529284866,True,True,True
2014_000358,400.0,0.005,0.886209452517489,0.44229095940550905,15,0.4201062705155994,True,False,False
2014_000359,400.0,0.0015625,0.939855565884382,0.7876194915419469,15,0.7696396640373874,True,True,True
2014_000360,400.0,0.001,0.8797356686982474,0.711912241399765,15,0.6951326993497465,True,True,True
2014_000361,400.0,0.003125,0.9346389485834838,0.5821781424040772,15,0.5373874647188696,True,False,False
2014_000362,400.0,0.002,0.8172788561726158,0.674294939179809,15,0.6622756440654833,True,True,True
2014_000363,400.0,0.0015625,0.8032749200195238,0.641138731634067,15,0.6291089856053318,True,True,True
2014_000364,400.0,0.00125,0.7853447446854002,0.5957092263150885,15,0.5870659070187515,False,False,False
2014_000365,400.0,0.0025,0.8090938074077403,0.6571572984064049,15,0.6472889501862328,True,True,True
2014_000366,400.0,0.02,0.7563596086120161,0.39686777420473085,18,0.4316679560258568,False,False,False
2014_000367,400.0,0.016666666666666666,0.6938673951628707,0.24502499296938485,15,0.23138365810754677,False,False,False
2014_000368,400.0,0.008,0.9086648324829951,0.49352200276862485,15,0.46747704351314634,True,False,False
2014_000369,400.0,0.0025,0.9345546390328517,0.6689760020568061,15,0.6460768093465709,True,True,True
2014_000370,400.0,0.002,0.9178217336720366,0.7398427852009104,15,0.7096136598490904,True,True,True
2014_000371,400.0,0.01,0.9467615962189666,0.5954403940977862,15,0.5697173064829376,True,False,False
2014_000372,400.0,0.0125,0.9158647689678726,0.4819537906003567,15,0.4521172148123082,True,False,False
2014_000373,400.0,0.0025,0.9401527353636803,0.7224594446689762,15,0.6738996632905394,True,True,True
2014_000374,400.0,0.003125,0.9576052254241584,0.6692709822141134,15,0.6463933522600908,True,True,True
2014_000375,400.0,0.016666666666666666,0.8470338487355302,0.40506314996012954,15,0.3795858447197354,True,False,False
2014_000376,400.0,0.0025,0.9515845899490788,0.7189626843698272,15,0.6726224624105807,True,True,True
2014_000377,400.0,0.003125,0.8623373746840354,0.6116317520755599,15,0.5982611909052425,True,False,False
2014_000378,400.0,0.0025,0.851873035186783,0.6124851745724048,15,0.5935016875128675,True,False,False
2014_000379,400.0,0.0015625,0.9187076655350488,0.8212032364953532,15,0.8084011554993621,True,True,True
2014_000380,400.0,0.002,0.789239589815241,0.6676716205377901,15,0.6580600839179511,False,True,True
2014_000381,400.0,0.0025,0.8841842470599471,0.710231916117739,15,0.6699098098478843,True,True,True
2014_000382,400.0,0.0015625,0.7775405553310238,0.6031691138054184,15,0.593591077942837,False,False,False
2014_000383,400.0,0.004,0.937867083205141,0.5634068130378503,15,0.5338340298957288,True,False,False
2014_000384,400.0,0.002,0.8865912620111162,0.7243634525657366,15,0.7121245230169617,True,True,True
2014_000385,400.0,0.003125,0.8325295492376037,0.5689572812883854,15,0.5345807539264871,True,False,False
2014_000386,400.0,0.002,0.9168483941612352,0.6583871603618049,15,0.6289592442427441,True,True,True
2014_000387,400.0,0.008,0.9258754231174557,0.4955466299146974,15,0.4801667668522441,True,False,False
2014_000388,400.0,0.0025,0.830301769533957,0.7317423764503639,15,0.7200128566901218,True,True,True
2014_000389,400.0,0.005,0.956547658978649,0.7796536228239379,15,0.7649646767354549,True,True,True
2014_000390,400.0,0.008,0.9106301827034641,0.5177204135026144,15,0.4868715447955107,True,False,False
2014_000391,400.0,0.016666666666666666,0.7509267854375223,0.2923298384594311,15,0.2665365273090242,False,False,False
2014_000392,400.0,0.00625,0.9527139909406682,0.6792406175573379,15,0.6355207661734716,True,True,True
2014_000393,400.0,0.005,0.9533616997862892,0.7160836433358195,15,0.6691557329998734,True,True,True
2014_000394,400.0,0.01,0.9175876827588166,0.6017197000314932,15,0.572805902808644,True,False,False
2014_000395,400.0,0.003125,0.9176976445539087,0.6392806581911541,15,0.6009841704584622,True,True,False
2014_000396,400.0,0.008,0.9133617956207611,0.5555133158694285,15,0.5394500951900678,True,False,False
2014_000397,400.0,0.008,0.9372277185678629,0.5137722811016734,15,0.4834143988320091,True,False,False
2014_000398,400.0,0.001,0.9295136218788117,0.8101726061457656,15,0.7991529637140947,True,True,True
2014_000399,400.0,0.003125,0.9244694653196526,0.6374195692670084,15,0.6155972338205801,True,True,False
2014_000400,400.0,0.0008,0.9749429206579796,0.7934249538424831,15,0.7688345305482294,True,True,True
2014_000401,400.0,0.0004,0.9191090136947461,0.8040601017629908,15,0.7859147119463618,True,True,True
2014_000402,400.0,0.0008,0.9572284141939446,0.7518615846196908,15,0.7371101395845608,True,True,True
2014_000403,400.0,0.005,0.8853014208947569,0.5761894379836956,15,0.5528074791204775,True,False,False
2014_000404,400.0,0.01,0.9653095734341556,0.3739961339052118,15,0.3453385286632644,True,False,False
2014_000405,400.0,0.003125,0.9410061578605251,0.7678277728960946,15,0.7549749657226531,True,True,True
2014_000406,400.0,0.0015625,0.9540408026831009,0.7905202605640156,15,0.7743804962308963,True,True,True
2014_000407,400.0,0.00625,0.8363794513046872,0.21876630631803629,15,0.18810972617447624,True,False,False
2014_000408,400.0,0.00625,0.9170778185827007,0.5719439708716079,15,0.5393834241392494,True,False,False
2014_000409,400.0,0.008,0.8780555499560319,0.4458077127583111,15,0.4219019689357516,True,False,False
2014_000410,400.0,0.016666666666666666,0.6404912706362186,0.261659048376911,15,0.2477210397313198,False,False,False
2014_000411,400.0,0.00625,0.9312032414523086,0.46917405721185795,15,0.4463130743665589,True,False,False
2014_000412,400.0,0.008,0.9072543308093618,0.43202229572469203,15,0.40822461353096823,True,False,False
2014_000413,400.0,0.0125,0.8961832186569229,0.4559050310123656,15,0.44168972201724294,True,False,False
2014_000414,400.0,0.0125,0.8927270227765494,0.45590486578051725,15,0.4397253631878643,True,False,False
2014_000415,400.0,0.003125,0.8831368423731126,0.6205879791847526,15,0.6074115654362732,True,True,False
2014_000416,400.0,0.002,0.7514629214775296,0.5412396387238682,15,0.51344619604891,False,False,False
2014_000417,400.0,0.008,0.9157163494600719,0.35752751688586876,15,0.3273355273919706,True,False,False
2014_000418,400.0,0.00625,0.8441284532217072,0.5022407917117061,15,0.46493850401067266,True,False,False
2014_000419,400.0,0.01,0.8695338826080592,0.5391932835897346,15,0.5177984029350464,True,False,False
2014_000420,400.0,0.01,0.8975950421853433,0.33031965588154333,15,0.3063666557503492,True,False,False
2014_000421,400.0,0.0025,0.8926410195994714,0.6471348714876253,15,0.6246124486996418,True,True,True
2014_000422,400.0,0.003125,0.7651170204996545,0.46161552630804964,15,0.4491314753122138,False,False,False
2014_000423,400.0,0.001,0.6402454469538021,0.4311109181570304,15,0.41402012061264004,False,False,False
2014_000424,400.0,0.0015625,0.9282419149578114,0.6359074913145879,15,0.6172233630563397,True,True,False
2014_000425,400.0,0.001,0.8542919468310349,0.6543169216249164,15,0.6403268236391257,True,True,True
2014_000426,400.0,0.0008,0.978908939406507,0.5603190428713859,15,0.5439676991564253,True,False,False
2014_000427,400.0,0.0008,0.8619243363710658,0.47445428877437956,15,0.45714947467838446,True,False,False
2014_000428,400.0,0.002,0.6620198651642024,0.5318400119495673,15,0.5243695909289037,False,False,False
2014_000429,400.0,0.0025,0.8502741692060047,0.6809403162735856,15,0.6733720366907233,True,True,True
2014_000430,400.0,0.00625,0.8333804106407988,0.477615628421332,15,0.4579058647722725,True,False,False
2014_000431,400.0,0.01,0.8827752737809111,0.5748089671985039,15,0.5564496847541565,True,False,False
2014_000432,400.0,0.003125,0.93844923631492,0.5611485893661409,15,0.5047369905530343,True,False,False
2014_000433,400.0,0.008,0.7531325066894113,0.3268613946030652,15,0.3074360775809793,False,False,False
2014_000434,400.0,0.0125,0.7564300799953471,0.5140186417875972,15,0.4890112972319369,False,False,False
2014_000435,400.0,0.01,0.8601525965689276,0.3143585897924391,15,0.3008213096871137,True,False,False
2014_000436,400.0,0.008,0.8672352597494226,0.35489838902252474,15,0.3341199470861529,True,False,False
2014_000437,400.0,0.00125,0.9158619187184882,0.5402587398560037,15,0.5057377585506655,True,False,False
2014_000438,400.0,0.003125,0.8648180830395786,0.6201839460075194,15,0.6056926172096901,True,True,False
2014_000439,400.0,0.0015625,0.8611579497503512,0.6334592923252119,15,0.6184145194512585,True,True,False
2014_000440,400.0,0.005,0.9322202847870046,0.6311400567934909,15,0.590579314426624,True,True,False
2014_000441,400.0,0.00025,0.9009200026701467,0.8597238612303626,15,0.8569732879584647,True,True,True
2014_000442,400.0,0.0025,0.8007296060112669,0.40214788184336614,15,0.37985591617590053,True,False,False
2014_000443,400.0,0.004,0.7921616737457499,0.4003877082706141,15,0.3548818658376875,False,False,False
2014_000444,400.0,0.005,0.7844810365059941,0.4707439250032468,15,0.43160743986139033,False,False,False
2014_000445,400.0,0.0015625,0.7492983429558854,0.5830736164063329,15,0.5726134077052898,False,False,False
2014_000446,400.0,0.004,0.8802850645940865,0.4340775733786377,15,0.3950749260339631,True,False,False
2014_000447,400.0,0.00625,0.9538148481304513,0.4170625346367262,15,0.37482237576299937,True,False,False
2014_000448,400.0,0.003125,0.889082875668652,0.6055347381785701,15,0.5809238674430801,True,False,False
2014_000449,400.0,0.0025,0.9171420111557935,0.6267194852300904,15,0.5978134125961525,True,True,False
2014_000450,400.0,0.004,0.9580157026434782,0.6718689638740392,15,0.6416230261816473,True,True,True
2014_000451,400.0,0.0015625,0.9579478749697212,0.6623232308378147,15,0.6415263655503493,True,True,True
2014_000452,400.0,0.002,0.7908516743438891,0.5274497191223809,15,0.5148433965587493,False,False,False
2014_000453,400.0,0.0015625,0.8774691421261571,0.599583500079807,15,0.5734688542922773,True,False,False
2014_000454,400.0,0.0125,0.938939603132928,0.35635370983502923,15,0.3225360792002514,True,False,False
2014_000455,400.0,0.016666666666666666,0.8793087922179765,0.4141643267083073,15,0.3866114616045797,True,False,False
2014_000456,400.0,0.0125,0.8811172134904534,0.23306026567298435,15,0.20666984793052068,True,False,False
2014_000457,400.0,0.016666666666666666,0.927046916922418,0.2724469531412392,15,0.24219861958704594,True,False,False
2014_000458,400.0,0.016666666666666666,0.9299919680798506,0.4469605353644073,15,0.4271811264912587,True,False,False
2014_000459,400.0,0.016666666666666666,0.8699144528628235,0.42645646091225825,15,0.3893998316617929,True,False,False
2014_000460,400.0,0.05,0.9582277364129025,0.5627776514672093,45,0.949753573221337,True,False,True
2014_000461,400.0,0.0015625,0.936525937599862,0.7060325486913472,15,0.6905065380590083,True,True,True
2014_000462,400.0,0.000625,0.9649358189931366,0.8180442514022401,15,0.7994786356872373,True,True,True
2014_000463,400.0,0.00125,0.9332536860746894,0.5212943370749534,15,0.5057997618017673,True,False,False
2014_000464,400.0,0.000625,0.9286290531785485,0.5763521087384185,15,0.5558652183985002,True,False,False
2014_000465,400.0,0.00125,0.9669114962041288,0.6578803116669216,15,0.6230290732046486,True,True,True
2014_000466,400.0,0.0015625,0.9476034111784633,0.2192258573963228,15,0.2003625765064766,True,False,False
2014_000467,400.0,0.001,0.9951905965894163,0.3818515451325837,15,0.34987765407787247,True,False,False
2014_000468,400.0,0.001,0.9881159471535674,0.22718280359451973,15,0.19529937697679253,True,False,False
2014_000469,400.0,0.0015625,0.9596007717649174,0.33948250541712616,15,0.31526038391289507,True,False,False
2014_000470,400.0,0.001,0.9421115176181762,0.6587067600645198,15,0.6398200162522046,True,True,True
2014_000471,400.0,0.0015625,0.8628849117215803,0.5399905272581328,15,0.5180362128728168,True,False,False
2014_000472,400.0,0.000625,0.9515698430066116,0.4345692620514327,15,0.39826840327542395,True,False,False
2014_000473,400.0,0.0008,0.9631738278700525,0.5871634764252156,15,0.5416460677629029,True,False,False
2014_000474,400.0,0.0015625,0.9089724941846651,0.6351970769825096,15,0.6156084695862694,True,True,False
2014_000475,400.0,0.0005,0.8403936351370153,0.5727914863298735,15,0.5502398175047281,True,False,False
2014_000476,400.0,0.0003125,0.9054816822320576,0.6086746803011581,15,0.5704788187641252,True,False,False
2014_000477,400.0,0.00125,0.9290409761765417,0.3475105426180854,15,0.3135893116143779,True,False,False
2014_000478,400.0,0.0004,0.8917853664726735,0.5524733803230679,15,0.5276085482366292,True,False,False
2014_000479,400.0,0.001,0.8150036136205239,0.43699627005625485,15,0.42443315562097267,True,False,False
2014_000480,400.0,0.0008,0.9409241202478081,0.6178143560700068,15,0.5870742512270943,True,False,False
2014_000481,400.0,0.00025,0.93485180851215,0.7077220030329958,15,0.6896682755842516,True,True,True
2014_000482,400.0,0.00125,0.9258427898274021,0.5876770583179199,15,0.5611692846551496,True,False,False
2014_000483,400.0,0.0008,0.8920456479418225,0.5859244441022309,15,0.5651771483692773,True,False,False
2014_000484,400.0,0.000625,0.9214890132387061,0.6707484440942998,15,0.6530419926828728,True,True,True
2014_000485,400.0,0.0005,0.9659612065361753,0.545016549621933,15,0.5233631224325036,True,False,False
2014_000486,400.0,0.0025,0.9433087875914847,0.5898337057108423,15,0.5632817738365943,True,False,False
2014_000487,400.0,0.0003125,0.9097254557176994,0.6058162932481971,15,0.572204293648719,True,False,False
2014_000488,400.0,0.001,0.9056648004280166,0.6048297351895259,15,0.571255904147022,True,False,False
2014_000489,400.0,0.000625,0.892061840662963,0.6004114355640404,15,0.5879602657060308,True,False,False
2014_000490,400.0,0.0008,0.9115221042209798,0.656290987825387,15,0.628365524903579,True,True,True
2014_000491,400.0,0.0008,0.890916660029854,0.6337738111485893,15,0.6053816508710528,True,True,False
2014_000492,400.0,0.00125,0.9539460422180591,0.5383405633282453,15,0.5017399326713264,True,False,False
2014_000493,400.0,0.00125,0.8468832399057385,0.5130934260526343,15,0.5032878659348438,True,False,False
2014_000494,400.0,0.001,0.9463138592178387,0.5862696134334815,15,0.5597617158468248,True,False,False
2014_000495,400.0,0.0003125,0.8821805630506558,0.5562212104158192,15,0.5395050760876139,True,False,False
2014_000496,400.0,0.00025,0.9891436479424834,0.38615327368904223,15,0.35559339548474234,True,False,False
2014_000497,400.0,0.0004,0.9006192807061084,0.3118803186066593,15,0.2859313590550853,True,False,False
2014_000498,400.0,0.00125,0.816453027394449,0.4435656818077422,15,0.42573142356159893,True,False,False
2014_000499,400.0,0.000625,0.9622356001270302,0.6835582083712403,15,0.6664738135609743,True,True,True
2014_000500,400.0,0.00125,0.9492393717092013,0.6267937569459339,15,0.6020773443672959,True,True,False
2014_000501,400.0,0.0005,0.974353827810569,0.5290233459383202,15,0.5006073922746179,True,False,False
2014_000502,400.0,0.0005,0.9004943654287386,0.5931058746200907,15,0.5724209952178598,True,False,False
2014_000503,400.0,0.0004,0.8444599496175048,0.4806702282942356,15,0.461331492760697,True,False,False
2014_000504,400.0,0.000625,0.9424887006200491,0.7480560886118575,15,0.730631398809868,True,True,True
2014_000505,400.0,0.0004,0.8633057572393856,0.5412597970093697,15,0.5235834591023086,True,False,False
2014_000506,400.0,0.0003125,0.9741026340930804,0.7769124677673972,15,0.7582514306599591,True,True,True
2014_000507,400.0,0.0004,0.8607078168874219,0.5350234100482775,15,0.5205008524311058,True,False,False
2014_000508,400.0,0.0015625,0.915246884470883,0.6562361721596893,15,0.6365164945997275,True,True,True
2014_000509,400.0,0.001,0.7387103274201261,0.5211501722872482,15,0.5066246404968059,False,False,False
2014_000510,400.0,0.00125,0.9160593707772936,0.5347458205430113,15,0.5156460515701817,True,False,False
2014_000511,400.0,0.001,0.904731281792673,0.6532740608139123,15,0.6355613719002092,True,True,True
2014_000512,400.0,0.0005,0.9015769231913143,0.6795812017047961,15,0.6623784595831332,True,True,True
2014_000513,400.0,0.001,0.9206734701431007,0.5593853176962318,15,0.5474870549108393,True,False,False
2014_000514,400.0,0.0008,0.9198517721611433,0.5390349501710315,15,0.5139733269531809,True,False,False
2014_000515,400.0,0.0015625,0.9509409705917051,0.7451167379531938,15,0.7254750498256639,True,True,True
2014_000516,400.0,0.001,0.888021013195085,0.571514863761384,15,0.5532037050928752,True,False,False
2014_000517,400.0,0.0008,0.9262457076896589,0.6616736218259375,15,0.6427821275979817,True,True,True
2014_000518,400.0,0.000625,0.9402821945168802,0.5929944257383633,15,0.5759424576783405,True,False,False
2014_000519,400.0,0.001,0.886816431712486,0.5968620902291468,15,0.5786387935960101,True,False,False
2014_000520,400.0,0.00125,0.912752998875432,0.6538598903323176,15,0.6328248020274608,True,True,True
2014_000521,400.0,0.0005,0.9451222071273749,0.7198956660016635,15,0.6939603793855424,True,True,True
2014_000522,400.0,0.0008,0.9577797928719641,0.602006459904344,15,0.5657834666368808,True,False,False
2014_000523,400.0,0.000625,0.9084565577381214,0.6129473693602653,15,0.5805413144061352,True,False,False
2014_000524,400.0,0.002,0.9662859697341518,0.5159205016703288,15,0.5027740775023289,True,False,False
2014_000525,400.0,0.002,0.9050022207160421,0.5232417596398738,15,0.5049784355914689,True,False,False
2014_000526,400.0,0.001,0.9772284075846706,0.7550190413182065,15,0.7139864381003492,True,True,True
2014_000527,400.0,0.0015625,0.965018930612868,0.6739858730074278,15,0.6479164181304281,True,True,True
2014_000528,400.0,0.002,0.9077731175052899,0.5211678520950241,15,0.49093674396102377,True,False,False
2014_000529,400.0,0.00125,0.9707490471905463,0.5309609785162246,15,0.506069131022577,True,False,False
2014_000530,400.0,0.002,0.9713200471505603,0.5897208936663658,15,0.570333290813671,True,False,False
2014_000531,400.0,0.003125,0.8855737642888372,0.44362628058813286,15,0.4209168566557537,True,False,False
2014_000532,400.0,0.0015625,0.9444065879920729,0.6612244803540984,15,0.6426303621452514,True,True,True
2014_000533,400.0,0.00125,0.9555087637320059,0.6534613098060806,15,0.6332705975543703,True,True,True
2014_000534,400.0,0.0015625,0.9688355797704665,0.5411374841336117,15,0.5175584862912093,True,False,False
2014_000535,400.0,0.0025,0.9695493813554366,0.6012130991843826,15,0.5842787762004011,True,False,False
2014_000536,400.0,0.0015625,0.9582321563648465,0.45185606587595517,15,0.4304081871059014,True,False,False
2014_000537,400.0,0.0005,0.9111542981265022,0.6103996594902069,15,0.5834643484197721,True,False,False
2014_000538,400.0,0.00125,0.9534496857455476,0.5158831592725965,15,0.49407891671356496,True,False,False
2014_000539,400.0,0.002,0.9444823467945517,0.4457660743325212,15,0.422007676010748,True,False,False
2014_000540,400.0,0.00125,0.971467144803574,0.6084377378305917,15,0.5660819992789282,True,False,False
2014_000541,400.0,0.001,0.9748755060638437,0.576996099867451,15,0.5425604608117973,True,False,False
2014_000542,400.0,0.0008,0.992594556403709,0.7260733956565835,15,0.6841000449100164,True,True,True
2014_000543,400.0,0.00125,0.9359591097440195,0.7606157744862859,15,0.7469362710674737,True,True,True
2014_000544,400.0,0.001,0.955236626877736,0.5476817393361844,15,0.5357743887991313,True,False,False
2014_000545,400.0,0.0008,0.9459569997333158,0.5686220258680372,15,0.5514744298757688,True,False,False
2014_000546,400.0,0.000625,0.8323086755642916,0.4376624848688935,15,0.42318995119381664,True,False,False
2014_000547,400.0,0.0005,0.9314821115043996,0.5453417672074925,15,0.517930794953555,True,False,False
2014_000548,400.0,0.0004,0.8615075390335457,0.5186212575399424,15,0.49772983832724566,True,False,False
2014_000549,400.0,0.001,0.9459610479136009,0.3182787980110051,15,0.2977045413312598,True,False,False
2014_000550,400.0,0.0004,0.9522686084933797,0.7557876585688741,15,0.7249002495331374,True,True,True
2014_000551,400.0,0.0008,0.9304603590620251,0.48044220834348134,15,0.4556241368701321,True,False,False
2014_000552,400.0,0.0005,0.9611548599147867,0.6691365661054622,15,0.6298393929910633,True,True,True
2014_000553,400.0,0.0005,0.9668453208488554,0.5551643875136275,15,0.5327801398588458,True,False,False
2014_000554,400.0,0.000625,0.8895854696434395,0.6162595243768199,15,0.6042825699236397,True,False,False
2014_000555,400.0,0.0008,0.7651956708594799,0.43919356448387686,15,0.42652292542326614,False,False,False
2014_000556,400.0,0.000625,0.9568430109076153,0.6193893047407331,15,0.5914416181353189,True,False,False
2014_000557,400.0,0.0005,0.770997084979731,0.48244064624158683,15,0.4717906687626877,False,False,False
2014_000558,400.0,0.000625,0.8396166323700427,0.39272190058924983,15,0.3788662187121103,True,False,False
2014_000559,400.0,0.0003125,0.8883192153734355,0.4128864649009551,15,0.3929975899282596,True,False,False
2014_000560,400.0,0.00125,0.9078599881495718,0.4534207701720824,15,0.4257422462476673,True,False,False
2014_000561,400.0,0.0008,0.9402784768002919,0.5612086098350623,15,0.5348026602988515,True,False,False
2014_000562,400.0,0.001,0.9529596080832742,0.6981476848870029,15,0.6761270299145652,True,True,True
2014_000563,400.0,0.001,0.9313194407496768,0.6597639547383702,15,0.6355541016988808,True,True,True
2014_000564,400.0,0.001,0.9260062041254427,0.5144984337673093,15,0.49412431416390534,True,False,False
2014_000565,400.0,0.0004,0.972691678031864,0.7430550988730857,15,0.7181399949967796,True,True,True
2014_000566,400.0,0.001,0.8430387491816893,0.5030618700742321,15,0.4891519921508263,True,False,False
2014_000567,400.0,0.0008,0.8173431313616327,0.5525574420259275,15,0.5448511938496741,True,False,False
2014_000568,400.0,0.002,0.9394065070284672,0.7097718693439072,15,0.689078356577599,True,True,True
2014_000569,400.0,0.0004,0.970479760585661,0.7979487126951925,15,0.7794664151397316,True,True,True
2014_000570,400.0,0.002,0.9450562383119121,0.7410378245442658,15,0.720104229902272,True,True,True
2014_000571,400.0,0.0004,0.949154153383403,0.773104369357952,15,0.7495347071149825,True,True,True
2014_000572,400.0,0.0004,0.7873413237252115,0.5395273823871441,15,0.517224098338065,False,False,False
2014_000573,400.0,0.0008,0.8429244500505775,0.6450503477965176,15,0.6292933843481158,True,True,True
2014_000574,400.0,0.0005,0.8103930254314947,0.6466149281687585,15,0.6280402247020952,True,True,True
2014_000575,400.0,0.0008,0.9036965586502012,0.3593627470257441,15,0.3363312036049624,True,False,False
2014_000576,400.0,0.0005,0.7515027836609496,0.4413802014572788,15,0.43400169065227256,False,False,False
2014_000577,400.0,0.00125,0.9352845094150759,0.5228023255391268,15,0.4994760085008481,True,False,False
2014_000578,400.0,0.0008,0.9058422181252067,0.5105016818949846,15,0.4961297331076046,True,False,False
2014_000579,400.0,0.0015625,0.8355779529161934,0.5696415476804588,15,0.5537538858399941,True,False,False
2014_000580,400.0,0.00125,0.8728918894625372,0.5998641050663059,15,0.5557003996297485,True,False,False
2014_000581,400.0,0.0015625,0.9319160516461884,0.6312512578274457,15,0.5917177618619118,True,True,False
2014_000582,400.0,0.02,0.8101955320647273,0.44284180108002147,18,0.4752541348443896,True,False,False
2014_000583,400.0,0.005,0.9339400178648675,0.5146844022126528,15,0.49978577690858483,True,False,False
2014_000584,400.0,0.005,0.7713459720275699,0.4451990812448303,15,0.4328666304698764,False,False,False
2014_000585,400.0,0.00125,0.8829426123353505,0.5075305241055091,15,0.48673084987662135,True,False,False
2014_000586,400.0,0.0008,0.8348322615844875,0.6618139036652059,15,0.6539346577437062,True,True,True
2014_000587,400.0,0.005,0.733893199420631,0.3982228819011973,15,0.37685555365722523,False,False,False
2014_000588,400.0,0.000625,0.9477064745438858,0.724413269968021,15,0.715245876556608,True,True,True
2014_000589,400.0,0.0025,0.7710178215767017,0.5408852577170709,15,0.5300857041074324,False,False,False
2014_000590,400.0,0.003125,0.785157123921573,0.5119283762897585,15,0.4991906530987085,False,False,False
2014_000591,400.0,0.000625,0.951749615257641,0.8379097873763529,15,0.808254388310045,True,True,True
2014_000592,400.0,0.0015625,0.8718278376669791,0.6643066326377183,15,0.650566365206667,True,True,True
2014_000593,400.0,0.003125,0.8759868059064437,0.6342031247986237,15,0.6097352622279003,True,True,False
2014_000594,400.0,0.001,0.8675744807341317,0.7121248534806585,15,0.6906441348807406,True,True,True
2014_000595,400.0,0.001,0.9184606852296937,0.7119358695540822,15,0.6872179285808467,True,True,True
2014_000596,400.0,0.002,0.901190156742236,0.5249062639724181,15,0.5021820517896096,True,False,False
2014_000597,400.0,0.000625,0.9059233882707198,0.7168156204241105,15,0.6937428516571598,True,True,True
2014_000598,400.0,0.0015625,0.9128772532254082,0.5725878380767542,15,0.5207389928325729,True,False,False
2014_000599,400.0,0.00125,0.9421622851035888,0.6706458351164604,15,0.6341020442153817,True,True,True
2014_000600,400.0,0.0004,0.924608425304134,0.8074725938194697,15,0.7964035470651354,True,True,True
2014_000601,400.0,0.001,0.9596841312324214,0.6267466245611856,15,0.6069900589910745,True,True,False
2014_000602,400.0,0.0015625,0.9373070298550817,0.5068413833739087,15,0.4887496526000388,True,False,False
2014_000603,400.0,0.0015625,0.9371961592848237,0.4770161259674738,15,0.45092828904734256,True,False,False
2014_000604,400.0,0.00125,0.9329748160225985,0.6200686141773553,15,0.5984819819626305,True,True,False
2014_000605,400.0,0.00125,0.917467228741353,0.6829815905283817,15,0.6630162545178518,True,True,True
2014_000606,400.0,0.0008,0.9656283882855907,0.5256811187253618,15,0.5017655849157863,True,False,False
2014_000607,400.0,0.0008,0.9556119097133525,0.4830037150728788,15,0.459661783624929,True,False,False
2014_000608,400.0,0.0008,0.9483151473653286,0.6569269239018113,15,0.6369700560235105,True,True,True
2014_000609,400.0,0.00125,0.9651602451511888,0.7210287434018792,15,0.6880101326778696,True,True,True
2014_000610,400.0,0.0008,0.8312310747571671,0.4849784422007428,15,0.4677519480008764,True,False,False
2014_000611,400.0,0.000625,0.9065869593737845,0.5783918545986172,15,0.5593735036190731,True,False,False
2014_000612,400.0,0.001,0.9733206330626946,0.5535914629330437,15,0.5206245284696127,True,False,False
2014_000613,400.0,0.00125,0.9316894361661453,0.6926612439777122,15,0.675320905034317,True,True,True
2014_000614,400.0,0.00125,0.8769684896255879,0.5576536879252861,15,0.5304043950349813,True,False,False
2014_000615,400.0,0.00125,0.9264470013889389,0.7740506521535824,15,0.762058496370352,True,True,True
2014_000616,400.0,0.000625,0.9378152830206761,0.686488264738433,15,0.6704928717328293,True,True,True
2014_000617,400.0,0.001,0.9498234662931986,0.7232474353538655,15,0.7051269129304166,True,True,True
2014_000618,400.0,0.000625,0.9358579878528155,0.6852825266328955,15,0.6687373659597938,True,True,True
2014_000619,400.0,0.003125,0.9675397903075659,0.39806789442742374,15,0.37279510490735285,True,False,False
2014_000620,400.0,0.0005,0.9275787982423297,0.55985713723926,15,0.5329122427216197,True,False,False
2014_000621,400.0,0.00125,0.8939824956684471,0.552143577553716,15,0.5354816392717769,True,False,False
2014_000622,400.0,0.002,0.9554545263777775,0.5730923322177981,15,0.5509820802755803,True,False,False
2014_000623,400.0,0.0015625,0.8527063407060885,0.41083023716388123,15,0.38875728631143364,True,False,False
2014_000624,400.0,0.00125,0.9136804039323858,0.39607623103510153,15,0.36181263964156585,True,False,False
2014_000625,400.0,0.0005,0.7704106358418943,0.40280542198396524,15,0.39175091563228776,False,False,False
2014_000626,400.0,0.0003125,0.7645427572106352,0.47395875846110985,15,0.4617913329947182,False,False,False
2014_000627,400.0,0.00025,0.8807464745306672,0.5959790499234812,15,0.5718141812547112,True,False,False
2014_000628,400.0,0.002,0.9074847053139554,0.453750035937927,15,0.42339508653357133,True,False,False
2014_000629,400.0,0.00125,0.9102690684988455,0.6550752945009849,15,0.618117721743619,True,True,False
2014_000630,400.0,0.001,0.9452823580964101,0.5495662085668748,15,0.5191221991962462,True,False,False
2014_000631,400.0,0.000625,0.9204644518549092,0.3825033021584897,15,0.3633842423673626,True,False,False
2014_000632,400.0,0.0008,0.8785693383885467,0.6844626875092323,15,0.6707639345800848,True,True,True
2014_000633,400.0,0.00125,0.8983370158004608,0.4194909471122595,15,0.3922602841128586,True,False,False
2014_000634,400.0,0.0005,0.9410960026780778,0.6525935534463894,15,0.6287498954908559,True,True,True
2014_000635,400.0,0.0004,0.9633303437384234,0.7665274395573637,15,0.7402050973364296,True,True,True
2014_000636,400.0,0.0015625,0.9907700663339778,0.4550571437824412,15,0.42471958503012675,True,False,False
2014_000637,400.0,0.003125,0.9054669765975524,0.3600487070442633,15,0.3384927253374117,True,False,False
2014_000638,400.0,0.001,0.977444943921963,0.681501815402318,15,0.6474502164702446,True,True,True
2014_000639,400.0,0.0004,0.6807291912793274,0.5027331413118946,15,0.498783439208394,False,False,False
2014_000640,400.0,0.0004,0.8266784829469166,0.5302206159116287,15,0.513648398523356,True,False,False
2014_000641,400.0,0.0025,0.9035707759056275,0.46413171820303095,15,0.42719744313628555,True,False,False
2014_000642,400.0,0.001,0.8619278475478437,0.7019317007545478,15,0.687640550341022,True,True,True
2014_000643,400.0,0.00025,0.978364046078536,0.7804842846336695,15,0.7580886772893121,True,True,True
2014_000644,400.0,0.0004,0.7345536311185766,0.4620871393112674,15,0.4525544182831023,False,False,False
2014_000645,400.0,0.000625,0.8443134715839224,0.5816447739975301,15,0.569348591613294,True,False,False
2014_000646,400.0,0.0003125,0.8681117733970776,0.6138932390762747,15,0.609014231749564,True,False,False
2014_000647,400.0,0.0005,0.780522205342871,0.5229174508294804,15,0.5118795915865265,False,False,False
2014_000648,400.0,0.005,0.6099770377300316,0.09820369022200881,15,0.0839401335271613,False,False,False
2014_000649,400.0,0.003125,0.958564478919886,0.4258603870192538,15,0.40829095411808985,True,False,False
2014_000650,400.0,0.003125,0.9387137311962026,0.35982762683114067,15,0.33851222269551967,True,False,False
2014_000651,400.0,0.008,0.9592312720439939,0.4245578230505699,15,0.40227812584784595,True,False,False
2014_000652,400.0,0.0125,0.8507771762604133,0.20485382599301863,15,0.18025852835923784,True,False,False
2014_000653,400.0,0.0003125,0.9296044167794925,0.538686269663003,15,0.5285792027298946,True,False,False
2014_000654,400.0,0.0005,0.8058394835381162,0.49110685014892347,15,0.4782813888463876,True,False,False
2014_000655,400.0,0.0003125,0.9657789558074203,0.4992415858159694,15,0.4810175869474771,True,False,False
2014_000656,400.0,0.0004,0.9497978553567009,0.4656175655995223,15,0.44145558848809885,True,False,False
2014_000657,400.0,0.0005,0.911333326834214,0.5304896133607795,15,0.5167931323695469,True,False,False
2014_000658,400.0,0.00125,0.9809180760667946,0.5557417075918416,15,0.5520010237765325,True,False,False
2014_000659,400.0,0.005,0.5587725966945039,0.19975481246019977,15,0.18260135073731407,False,False,False
2014_000660,400.0,0.00025,0.919072166992559,0.7102322878893977,15,0.6685100482443951,True,True,True
2014_000661,400.0,0.00125,0.9106431947115233,0.808341300262289,15,0.7644572497291023,True,True,True
2014_000662,400.0,0.003125,0.9633396793378565,0.3793986370355291,15,0.34434589833416557,True,False,False
2014_000663,400.0,0.002,0.9587070740050316,0.6515782450461013,15,0.6243628246847128,True,True,True
2014_000664,400.0,0.00625,0.8915982827123535,0.5238521260877625,15,0.500733753330661,True,False,False
2014_000665,400.0,0.005,0.7630627755447611,0.4657492966906374,15,0.44397706780222806,False,False,False
2014_000666,400.0,0.0015625,0.9203391234979186,0.7386712087800239,15,0.7286839762449476,True,True,True
2014_000667,400.0,0.00125,0.7989448542010693,0.6396674659481946,15,0.6277699880140817,False,True,True
2014_000668,400.0,0.00125,0.9687031051360337,0.8217185533224655,15,0.8099179012514991,True,True,True
2014_000669,400.0,0.005,0.4956190014642846,0.26531472040623244,15,0.24992597613192905,False,False,False
2014_000670,400.0,0.00125,0.8566363802196327,0.7102075031121419,15,0.7006644137854914,True,True,True
2014_000671,400.0,0.002,0.8254346175923671,0.6288344115812985,15,0.6121104287402955,True,True,False
2014_000672,400.0,0.0025,0.8847048926141694,0.5780995594588458,15,0.557232016248239,True,False,False
2014_000673,400.0,0.005,0.8482183132405898,0.33973283166741075,15,0.3178619180575608,True,False,False
2014_000674,400.0,0.005,0.8121698461129704,0.35340366041418336,15,0.3342244975382107,True,False,False
2014_000675,400.0,0.0003125,0.9647282051756563,0.6477149178913376,15,0.6281334980805016,True,True,True
2014_000676,400.0,0.0003125,0.8689093888371346,0.6273326193114392,15,0.6006081440795281,True,True,False
2014_000677,400.0,0.00125,0.971098677781703,0.8308097335438167,15,0.8134125135366191,True,True,True
2014_000678,400.0,0.0008,0.8380866680700358,0.6694080007243765,15,0.6547539185559,True,True,True
2014_000679,400.0,0.00025,0.9553262238475161,0.8168006752034251,15,0.7936670185003492,True,True,True
2014_000680,400.0,0.00025,0.9854641412190344,0.8726862584272373,15,0.8550829943051191,True,True,True
2014_000681,400.0,0.001,0.8724087928458575,0.7150130648822508,15,0.6844581849413641,True,True,True
2014_000682,400.0,0.0008,0.8505054937937265,0.6189161633429179,15,0.6091158493363132,True,False,False
2014_000683,400.0,0.0004,0.8884394628510888,0.5322610226992208,15,0.5130563728106367,True,False,False
2014_000684,400.0,0.0004,0.9308391117664574,0.6885707230314361,15,0.669206087405665,True,True,True
2014_000685,400.0,0.0004,0.8522101907733874,0.7249288346429059,15,0.7187124820434289,True,True,True
2014_000686,400.0,0.001,0.8827046784736939,0.6003004823778582,15,0.5916537345206674,True,False,False
2014_000687,400.0,0.0004,0.9767484503731101,0.789414239878971,15,0.7692731384897347,True,True,True
2014_000688,400.0,0.0003125,0.9958619748973166,0.9173725095842734,15,0.8925261008489281,True,True,True
2014_000689,400.0,0.000625,0.9374623477925521,0.6669637259913993,15,0.6473571496316486,True,True,True
2014_000690,400.0,0.0004,0.9089864149678905,0.598014912835243,15,0.5753598088730163,True,False,False
2014_000691,400.0,0.0008,0.9580931137644408,0.7483100912707684,15,0.7351591645349005,True,True,True
2014_000692,400.0,0.001,0.787468800096231,0.6653381337591469,15,0.6608674143297651,False,True,True
2014_000693,400.0,0.001,0.9249785033365268,0.7581323398052445,15,0.7439084387540065,True,True,True
2014_000694,400.0,0.001,0.754702704944497,0.5787033166327996,15,0.574804134166939,False,False,False
2014_000695,400.0,0.00025,0.9602784288830558,0.7881272490119962,15,0.7601553146328334,True,True,True
2014_000696,400.0,0.0004,0.948144215018187,0.6066535230239014,15,0.5857021246502455,True,False,False
2014_000697,400.0,0.0008,0.9342848980403833,0.7403353826488714,15,0.7258126184918893,True,True,True
2014_000698,400.0,0.0003125,0.9559747175444168,0.7029993050348458,15,0.676012565551605,True,True,True
2014_000699,400.0,0.0005,0.8097009931425478,0.4604630754736123,15,0.4507029954220864,True,False,False
2014_000700,400.0,0.0005,0.7059860359260304,0.4107300653558053,15,0.4016909331666915,False,False,False
2014_000701,400.0,0.0008,0.9249068753302572,0.7673806555143982,15,0.754160909713683,True,True,True
2014_000702,400.0,0.00025,0.8539247190480266,0.3454717055330528,15,0.33350028634679324,True,False,False
2014_000703,400.0,0.001,0.7040279559068898,0.5331506722788215,15,0.5235272389658998,False,False,False
2014_000704,400.0,0.0008,0.7715565187103588,0.5414858341779435,15,0.5340185525623989,False,False,False
2014_000705,400.0,0.0005,0.9857776273433594,0.5614342752319773,15,0.5316948557707719,True,False,False
2014_000706,400.0,0.0015625,0.8766080363483629,0.7249303630375034,15,0.7181809311872139,True,True,True
2014_000707,400.0,0.0008,0.942768892526927,0.6031926593438115,15,0.5822176741238003,True,False,False
2014_000708,400.0,0.0008,0.9360515156552219,0.6634566387017271,15,0.6449099833413251,True,True,True
2014_000709,400.0,0.004,0.9434555134728397,0.8402686785516834,15,0.8283019271651403,True,True,True
2014_000710,400.0,0.001,0.887273091233426,0.7417318396153931,15,0.7312856343134997,True,True,True
2014_000711,400.0,0.0003125,0.9782269862603109,0.7290389355632142,15,0.7132144749047521,True,True,True
2014_000712,400.0,0.0015625,0.8759232742607445,0.7002658332592544,15,0.6698894037146103,True,True,True
2014_000713,400.0,0.0004,0.943477365384787,0.5742005422248336,15,0.5654896017945501,True,False,False
2014_000714,400.0,0.0005,0.9294388957753852,0.7496024934807775,15,0.7369696925134441,True,True,True
2014_000715,400.0,0.00125,0.8310143731880263,0.7200540820362908,15,0.7125265734120145,True,True,True
2014_000716,400.0,0.0003125,0.9432796241702469,0.6983681041727321,15,0.6829389194035395,True,True,True
2014_000717,400.0,0.0003125,0.9226719906571303,0.693118233962349,15,0.6765940164260285,True,True,True
2014_000718,400.0,0.000625,0.7859102506864557,0.5816044987344893,15,0.5740860778618735,False,False,False
2014_000719,400.0,0.001,0.7685585933614469,0.6410185254643759,15,0.635271761777974,False,True,True
2014_000720,400.0,0.0015625,0.9278028939366851,0.7842582626664256,15,0.7728317368081371,True,True,True
2014_000721,400.0,0.000625,0.8047143785745845,0.6238728296383637,15,0.6188272273005313,True,True,False
2014_000722,400.0,0.0008,0.7405577021008568,0.5913673877274375,15,0.5864460397395814,False,False,False
2014_000723,400.0,0.001,0.8003462268150802,0.6271672222312181,15,0.6170401209364944,True,True,False
2014_000724,400.0,0.002,0.9017616110898329,0.678313584272043,15,0.652305182563017,True,True,True
2014_000725,400.0,0.0008,0.772252268715894,0.5438971451571701,15,0.5316679229794872,False,False,False
2014_000726,400.0,0.0008,0.9703210967032612,0.7935766779872514,15,0.778077104450652,True,True,True
2014_000727,400.0,0.000625,0.9077981088223562,0.5188134221795998,15,0.5000431255124252,True,False,False
2014_000728,400.0,0.0008,0.7999960179124542,0.5430785865803319,15,0.5319033783634182,False,False,False
2014_000729,400.0,0.00125,0.958671301309859,0.8514637558983639,15,0.840708773579824,True,True,True
2014_000730,400.0,0.0008,0.9356355857849058,0.7793966459917563,15,0.7657408533431855,True,True,True
2014_000731,400.0,0.00025,0.8609665286540115,0.7424775722550612,15,0.7275582929699467,True,True,True
2014_000732,400.0,0.0005,0.9314613335994668,0.7296230301472116,15,0.7187623820616375,True,True,True
2014_000733,400.0,0.00125,0.8684506639180899,0.6755863913066898,15,0.6639354805983111,True,True,True
2014_000734,400.0,0.0015625,0.9117198454355198,0.7282116196984122,15,0.7082205075195361,True,True,True
2014_000735,400.0,0.000625,0.9541439899724096,0.7640073234059835,15,0.7524215140458638,True,True,True
2014_000736,400.0,0.0008,0.9562551159911052,0.7507337120226989,15,0.740791876937963,True,True,True
2014_000737,400.0,0.005,0.6608796827945068,0.3740606569420013,15,0.3554723631558093,False,False,False
2014_000738,400.0,0.0004,0.767135410143451,0.41133935779667957,15,0.40136290663970964,False,False,False
2014_000739,400.0,0.000625,0.8880434021105394,0.593909397098727,15,0.578975288255221,True,False,False
2014_000740,400.0,0.001,0.8628150599576808,0.6699548355265658,15,0.6527220212084991,True,True,True
2014_000741,400.0,0.0008,0.9335192962709485,0.7525156548914741,15,0.7380497717982942,True,True,True
2014_000742,400.0,0.000625,0.8912396056774985,0.5613431498675997,15,0.550510178116628,True,False,False
2014_000743,400.0,0.003125,0.9254243814793603,0.6926189859324909,15,0.6648668925275879,True,True,True
2014_000744,400.0,0.0025,0.9259543626330158,0.7193089277080922,15,0.6869949068935057,True,True,True
2014_000745,400.0,0.00025,0.9384057390308359,0.7434318687953375,15,0.7251152987837944,True,True,True
2014_000746,400.0,0.0005,0.8971872499835595,0.6176541637930094,15,0.6062134693037229,True,False,False
2014_000747,400.0,0.001,0.7871034311715169,0.6015745851606599,15,0.5961768324459832,False,False,False
2014_000748,400.0,0.000625,0.9695506205942993,0.5813062552481766,15,0.5621752161480424,True,False,False
2014_000749,400.0,0.000625,0.939056628589538,0.5449275309636222,15,0.5301541100926587,True,False,False
2014_000750,400.0,0.001,0.8423905446405232,0.562244159136776,15,0.5458478310510959,True,False,False
2014_000751,400.0,0.0004,0.9643755177953048,0.5751502535813177,15,0.5480391358242145,True,False,False
2014_000752,400.0,0.00125,0.7747233936242317,0.583199151303134,15,0.5757724754143271,False,False,False
2014_000753,400.0,0.001,0.8862522888741796,0.6698171147809472,15,0.6595030536497898,True,True,True
2014_000754,400.0,0.0005,0.9729303554368383,0.5737905193930968,15,0.5534071881141461,True,False,False
2014_000755,400.0,0.00125,0.8755957021213456,0.6182694458883872,15,0.604555367705303,True,False,False
2014_000756,400.0,0.0003125,0.7655963167838216,0.48027387839795166,15,0.4689990766844313,False,False,False
2014_000757,400.0,0.0015625,0.8645365279699516,0.6946475786429244,15,0.6824605318945385,True,True,True
2014_000758,400.0,0.002,0.9183876527527131,0.7637758748943756,15,0.747429818598563,True,True,True
2014_000759,400.0,0.003125,0.9330927502543744,0.6662903649013185,15,0.6362102373687687,True,True,True
2014_000760,400.0,0.0003125,0.965787258707801,0.7167176792459876,15,0.6797246229491836,True,True,True
2014_000761,400.0,0.001,0.829298481750638,0.5198597528594198,15,0.5088759657388457,True,False,False
2014_000762,400.0,0.0004,0.9630589504274714,0.6670099082930195,15,0.6354368697024604,True,True,True
2014_000763,400.0,0.00125,0.8880881386334863,0.6960860458068948,15,0.6844844568052554,True,True,True
2014_000764,400.0,0.00125,0.965899864212467,0.7548291899244263,15,0.7347018853945291,True,True,True
2014_000765,400.0,0.0008,0.9153004195897557,0.7430910781080688,15,0.731894472366791,True,True,True
2014_000766,400.0,0.0008,0.9314200256373736,0.7150644932950568,15,0.6995755772126775,True,True,True
2014_000767,400.0,0.00125,0.8591136600143223,0.7475121866749768,15,0.7350919151726127,True,True,True
2014_000768,400.0,0.0008,0.9280682149772096,0.7589556487977235,15,0.7476159935837169,True,True,True
2014_000769,400.0,0.000625,0.9536432961638782,0.7533295869765579,15,0.7408156703241288,True,True,True
2014_000770,400.0,0.0005,0.9496047406339153,0.6181316838348064,15,0.6015673149593315,True,False,False
2014_000771,400.0,0.000625,0.7240268752906015,0.6214846924258712,15,0.6062558099648684,False,True,False
2014_000772,400.0,0.003125,0.900957799455462,0.5246489153685777,15,0.48854546734341225,True,False,False
2014_000773,400.0,0.0008,0.8893028405667981,0.5390120242520697,15,0.52888046169744,True,False,False
2014_000774,400.0,0.00125,0.8868550546570432,0.716651793046449,15,0.7017603140198232,True,True,True
2014_000775,400.0,0.001,0.8097501496174387,0.6853104921232326,15,0.6764474144685598,True,True,True
2014_000776,400.0,0.001,0.8329477923537971,0.5613604992116789,15,0.5544527752506484,True,False,False
2014_000777,400.0,0.001,0.9134139262689228,0.7543986370355291,15,0.7370899399910973,True,True,True
2014_000778,400.0,0.002,0.9494286447915121,0.7027730613264614,15,0.6807170880464342,True,True,True
2014_000779,400.0,0.0003125,0.946913898675204,0.7081343391106099,15,0.6863536007820092,True,True,True
2014_000780,400.0,0.0015625,0.883796241372006,0.6511051862642103,15,0.6332311484505714,True,True,True
2014_000781,400.0,0.0005,0.9598376729275218,0.7581915754228862,15,0.7444204509441513,True,True,True
2014_000782,400.0,0.0003125,0.9263806608018172,0.6221150106194508,15,0.6003809089800536,True,True,False
2014_000783,400.0,0.002,0.964642532462275,0.8432380187908267,15,0.8239845015830863,True,True,True
2014_000784,400.0,0.0003125,0.9588701578393755,0.585700141868065,15,0.5640705493727634,True,False,False
2014_000785,400.0,0.000625,0.7812062651951338,0.5833791714019361,15,0.5726018827838658,False,False,False
2014_000786,400.0,0.002,0.9306807783477542,0.7589047160804626,15,0.7406155332477873,True,True,True
2014_000787,400.0,0.001,0.8655315128528898,0.5957352503312072,15,0.5842762977226755,True,False,False
2014_000788,400.0,0.000625,0.8887522880480203,0.5158611008208388,15,0.5041544656715964,True,False,False
2014_000789,400.0,0.0008,0.8460601787610321,0.6379233611726967,15,0.6243181707776901,True,True,True
2014_000790,400.0,0.002,0.9308317589492048,0.4764912256931559,15,0.4513193102165165,True,False,False
2014_000791,400.0,0.0015625,0.9514984628481146,0.7870403539134007,15,0.7699438558702415,True,True,True
2014_000792,400.0,0.00125,0.9362362448617026,0.7420906405741344,15,0.7258682603168287,True,True,True
2014_000793,400.0,0.001,0.8241295751459575,0.6727410988777123,15,0.6657468760440587,True,True,True
2014_000794,400.0,0.00125,0.9084409846364123,0.716398203467159,15,0.7018094291867519,True,True,True
2014_000795,400.0,0.0003125,0.7480465877805761,0.5607253892944963,15,0.5451937607793127,False,False,False
2014_000796,400.0,0.001,0.8997727153309709,0.6372447539714301,15,0.6199834784674813,True,True,False
2014_000797,400.0,0.0015625,0.9181457946346575,0.5507274993052,15,0.5206977261784418,True,False,False
2014_000798,400.0,0.002,0.9371213092575109,0.5889861489446147,15,0.538749677384816,True,False,False
2014_000799,400.0,0.003125,0.9476780546659657,0.7457957995420434,15,0.7192109452220071,True,True,True
2014_000800,400.0,0.000625,0.9507920553883593,0.7707619600594967,15,0.7611278279843928,True,True,True
2014_000801,400.0,0.0004,0.899246038814283,0.7484113370858587,15,0.7335937993113798,True,True,True
2014_000802,400.0,0.0015625,0.9537782492760366,0.7735796587697961,15,0.7598705788501251,True,True,True
2014_000803,400.0,0.0004,0.8535633569956356,0.6473135697316403,15,0.6352135175514226,True,True,True
2014_000804,400.0,0.00125,0.8805484854683546,0.6812617335266326,15,0.6679939878739651,True,True,True
2014_000805,400.0,0.001,0.88480357733561,0.7094973779357981,15,0.6907813186228521,True,True,True
2014_000806,400.0,0.003125,0.9440797593959916,0.7618355572989352,15,0.7414505323935386,True,True,True
2014_000807,400.0,0.0015625,0.9146133855642221,0.7606644352656317,15,0.7443164788035628,True,True,True
2014_000808,400.0,0.0015625,0.9035618946937775,0.690598654814476,15,0.6584415629478816,True,True,True
2014_000809,400.0,0.00125,0.9201630689634774,0.6542522746642406,15,0.6345386693747065,True,True,True
2014_000810,400.0,0.0003125,0.723608590866446,0.4371501422150519,15,0.428016084329048,False,False,False
2014_000811,400.0,0.000625,0.9499949356438474,0.5527418407687115,15,0.5339732377279828,True,False,False
2014_000812,400.0,0.0015625,0.8487153306404949,0.601742667258417,15,0.5689024243147257,True,False,False
2014_000813,400.0,0.0015625,0.8525840278303307,0.5924756390424352,15,0.5636328502064242,True,False,False
2014_000814,400.0,0.000625,0.9671494300657854,0.6465335101754729,15,0.6250511805650334,True,True,True
2014_000815,400.0,0.000625,0.8804427370853961,0.5594691315513188,15,0.5447905950692834,True,False,False
2014_000816,400.0,0.0008,0.8540309631265303,0.562551862146408,15,0.5537936654074899,True,False,False
2014_000817,400.0,0.000625,0.8974005229918465,0.5562025392169531,15,0.5446625816947567,True,False,False
2014_000818,400.0,0.0005,0.9665740927697517,0.681639246992202,15,0.666931629704853,True,True,True
2014_000819,400.0,0.0015625,0.8817870220957942,0.6763674422539475,15,0.6496904298704813,True,True,True
2014_000820,400.0,0.0008,0.806326173947498,0.6217787225000504,15,0.6167216778567182,True,True,False
2014_000821,400.0,0.00125,0.8819803020504281,0.7391816512676092,15,0.7295047654517389,True,True,True
2014_000822,400.0,0.0005,0.892231616387166,0.5777063902756431,15,0.563277684348347,True,False,False
2014_000823,400.0,0.001,0.9007978963341993,0.5612638798883429,15,0.5397965450681432,True,False,False
2014_000824,400.0,0.0003125,0.9689980439853789,0.772689389570764,15,0.7403250556583482,True,True,True
2014_000825,400.0,0.002,0.8659628919010288,0.6877292798435981,15,0.6690957538389142,True,True,True
2014_000826,400.0,0.004,0.9473693189572813,0.8255751059714459,15,0.8173209902939508,True,True,True
2014_000827,400.0,0.005,0.837594153237999,0.639044789727602,15,0.6148448092910529,True,True,False
2014_000828,400.0,0.0015625,0.9401140298031989,0.8099022868418279,15,0.7990348642504703,True,True,True
2014_000829,400.0,0.002,0.884241830359105,0.7795888106314137,15,0.7719669959296787,True,True,True
2014_000830,400.0,0.0008,0.9128422240735533,0.619284671672751,15,0.6068499423836544,True,False,False
2014_000831,400.0,0.001,0.9004354602747938,0.6980842358572278,15,0.6879764666887637,True,True,True
2014_000832,400.0,0.000625,0.9542094630923272,0.7314964288440611,15,0.7181929931121451,True,True,True
2014_000833,400.0,0.00125,0.8990755195467625,0.8346738455498602,15,0.8302442275427612,True,True,True
2014_000834,400.0,0.00125,0.9132710833360046,0.7941595746403481,15,0.784569229005063,True,True,True
2014_000835,400.0,0.002,0.8309073855662049,0.6257027310511291,15,0.6042868246437354,True,True,False
2014_000836,400.0,0.004,0.9094834736757577,0.394974712917925,15,0.36653207431071055,True,False,False
2014_000837,400.0,0.0005,0.9313475301639,0.6967854722210565,15,0.6753085952616132,True,True,True
2014_000838,400.0,0.003125,0.9054780884393554,0.602098246196115,15,0.5772010286673952,True,False,False
2014_000839,400.0,0.001,0.8353112274049578,0.636122581873207,15,0.6269987270538402,True,True,True
2014_000840,400.0,0.000625,0.8542997953438326,0.6127357073624998,15,0.597160085867687,True,False,False
2014_000841,400.0,0.002,0.7941982388928673,0.6552111563883094,15,0.6336521178922628,False,True,True
2014_000842,400.0,0.0015625,0.835967032611149,0.7040890503828257,15,0.6902096164274826,True,True,True
2014_000843,400.0,0.0005,0.8901112786929235,0.7038101390227726,15,0.6913329038406821,True,True,True
2014_000844,400.0,0.0025,0.937965106999188,0.7239945724642447,15,0.6841961685378072,True,True,True
2014_000845,400.0,0.00125,0.9106543891692506,0.542573679359667,15,0.5245472564738665,True,False,False
2014_000846,400.0,0.003125,0.9213527795797228,0.4047151716874567,15,0.36473108847141045,True,False,False
2014_000847,400.0,0.005,0.7515089385473014,0.20869988641962742,15,0.18483210461423155,False,False,False
2014_000848,400.0,0.0025,0.8965580057969942,0.40051675434419315,15,0.3640570251459741,True,False,False
2014_000849,400.0,0.0025,0.9093804516182973,0.4145926076592893,15,0.3817419551091505,True,False,False
2014_000850,400.0,0.0004,0.9191057503657407,0.6332617163425204,15,0.6149996728409403,True,True,False
2014_000851,400.0,0.001,0.8254354024436469,0.6325151575436104,15,0.6210689690953656,True,True,True
2014_000852,400.0,0.0015625,0.9539875154120007,0.5484434168492203,15,0.5024142438445354,True,False,False
2014_000853,400.0,0.003125,0.9505326413864141,0.5037967800278317,15,0.4826611481432401,True,False,False
2014_000854,400.0,0.0025,0.9537784558158471,0.6921453488391306,15,0.6597394178088869,True,True,True
2014_000855,400.0,0.002,0.9523862122614589,0.6967788216391594,15,0.6624096884024757,True,True,True
2014_000856,400.0,0.0005,0.8698726492051853,0.6525248996133906,15,0.6433062017130577,True,True,True
2014_000857,400.0,0.0005,0.8797889972773096,0.4433764500333934,15,0.42416556264253313,True,False,False
2014_000858,400.0,0.0005,0.8472519547753822,0.622034377477445,15,0.6101024487029465,True,True,False
2014_000859,400.0,0.016666666666666666,0.9985532712436109,0.9526606210536438,15,0.9473951364335895,True,True,True
2014_000860,400.0,0.016666666666666666,0.9994785282865358,0.9368015030149855,15,0.9257403047734489,True,True,True
2014_000861,400.0,0.016666666666666666,0.9949882288831219,0.9294635979367168,15,0.9162180759676556,True,True,True
2014_000862,400.0,0.016666666666666666,0.9950061565386704,0.9240049572859149,15,0.9145483255239254,True,True,True
2014_000863,400.0,0.06666666666666667,0.9747454685991743,0.7028638149191802,60,0.9793468864206188,True,True,True
2014_000864,400.0,0.016666666666666666,0.9800194626594199,0.8601856429386021,15,0.8491744273311983,True,True,True
2014_000865,400.0,0.016666666666666666,0.9964880796787629,0.92702564332194,15,0.9128088059322199,True,True,True
2014_000866,400.0,0.016666666666666666,0.9882763872783373,0.867080272275649,15,0.8483875106533234,True,True,True
2014_000867,400.0,0.2,0.9903906527021521,0.4903096064805253,179,0.9997807786451716,True,False,True
2014_000868,400.0,0.125,0.9680917059890927,0.6656331552244162,112,0.9989992733103309,True,True,True
2014_000869,400.0,0.125,0.9835186188203702,0.4009846496308225,112,0.9995405728455997,True,False,True
2014_000870,400.0,0.1,0.9971307489530084,0.3982859178513515,90,0.9994887313531728,True,False,True
2014_000871,400.0,0.125,0.934495320799286,0.3970684069766174,112,0.9986604654052427,True,False,True
2014_000872,400.0,0.2,0.9821597107913912,0.5083649036318291,179,0.9999863683725092,True,False,True
2014_000873,400.0,0.125,0.9877400446985196,0.4716004869052108,112,0.9991728080590843,True,False,True
2014_000874,400.0,0.016666666666666666,0.991666159955665,0.8400438806219723,15,0.8184378336650638,True,True,True
2014_000875,400.0,0.016666666666666666,0.9951152508665584,0.9475900687067071,15,0.9379796060938828,True,True,True
2014_000876,400.0,0.016666666666666666,0.9764736698092663,0.9380361980019504,15,0.9331496726261388,True,True,True
2014_000877,400.0,0.06666666666666667,0.93650557277455,0.7183043180699863,60,0.9477709149647511,True,True,True
2014_000878,400.0,0.06666666666666667,0.7308916802790171,0.3144875532500939,60,0.8887949178649005,False,False,True
2014_000879,400.0,0.05,0.8434286963438488,0.3917280310212881,45,0.7711954458137024,True,False,True
2014_000880,400.0,0.016666666666666666,0.9984937877781968,0.460163220976778,15,0.43773770666786516,True,False,False
2014_000881,400.0,0.016666666666666666,0.9723059029738759,0.4925938954763155,15,0.46822707218087206,True,False,False
2014_000882,400.0,0.016666666666666666,0.9918005760643162,0.8593416799650766,15,0.8397659193450474,True,True,True
2014_000883,400.0,0.016666666666666666,0.9945924159903452,0.8874612076927983,15,0.8715305029558326,True,True,True
2014_000884,400.0,0.016666666666666666,0.9875927405056953,0.9409736898023199,15,0.9317607750166802,True,True,True
2014_000885,400.0,0.016666666666666666,0.9833969668720058,0.8687170176576667,15,0.841199553477453,True,True,True
2014_000886,400.0,0.016666666666666666,0.9789503299845244,0.9350293914411886,15,0.9166303294293454,True,True,True
2014_000887,400.0,0.016666666666666666,0.966482017322246,0.8445489682758156,15,0.8157123756341186,True,True,True
2014_000888,400.0,0.04,0.9765624819277666,0.6938262524326259,36,0.9634612486702967,True,True,True
2014_000889,400.0,0.016666666666666666,0.9819643654386525,0.9076942192976919,15,0.8940504472660904,True,True,True
2014_000890,400.0,0.03333333333333333,0.974964359490306,0.7067225155821895,30,0.9531553252076717,True,True,True
2014_000891,400.0,0.016666666666666666,0.9683899081674433,0.9045804664230709,15,0.8888506836137263,True,True,True
2014_000892,400.0,0.016666666666666666,0.9885424518621795,0.89691176718436,15,0.8888167697768478,True,True,True
2014_000893,400.0,0.016666666666666666,0.9395771089119119,0.6665683261782436,15,0.6394279623839784,True,True,True
2014_000894,400.0,0.04,0.935258361475071,0.5087979349984518,36,0.8891517360414612,True,False,True
2014_000895,400.0,0.05,0.9475972149841493,0.35571314726685044,45,0.9113074267419815,True,False,True
2014_000896,400.0,0.05,0.9357173342418882,0.3419242190564534,45,0.8805901652021066,True,False,True
2014_000897,400.0,0.04,0.9373815494186978,0.5317758193764744,36,0.8866583048335933,True,False,True
2014_000898,400.0,0.05,0.9261803998015896,0.5598204144609592,45,0.9080101838997426,True,False,True
2014_000899,400.0,0.07692307692307693,0.9167673892475705,0.30222210398965516,69,0.9531454112967693,True,False,True
2014_000900,400.0,0.04,0.9706756842498689,0.5115711450335768,36,0.8180442927102022,True,False,True
2014_000901,400.0,0.03333333333333333,0.9794349963037635,0.5211961893570201,30,0.8941095589598457,True,False,True
2014_000902,400.0,0.04,0.9676618553355512,0.4425204251349366,36,0.8290102347911519,True,False,True
2014_000903,400.0,0.04,0.9474133945528347,0.37700868227270457,36,0.7608360285401667,True,False,True
2014_000904,400.0,0.04,0.9703080020792776,0.31660995634244105,36,0.8496442640920461,True,False,True
2014_000905,400.0,0.05,0.9602440606585944,0.49773157326165357,45,0.9511812590072012,True,False,True
2014_000906,400.0,0.016666666666666666,0.9263383201406717,0.4879076311007316,15,0.46589668349938584,True,False,False
2014_000907,400.0,0.04,0.9870123636382864,0.37669569184392465,36,0.8751952627368144,True,False,True
2014_000908,400.0,0.016666666666666666,0.96877328736363,0.4420970185234816,15,0.41090029546759127,True,False,False
2014_000909,400.0,0.04,0.851920869806887,0.3968991269479596,36,0.6282138833747349,True,False,True
2014_000910,400.0,0.025,0.9137040733946652,0.4264530323514045,22,0.5913650744815603,True,False,False
2014_000911,400.0,0.016666666666666666,0.9869438750371359,0.30726811940710846,15,0.28775547735315765,True,False,False
2014_000912,400.0,0.016666666666666666,0.9885469544300476,0.40977585143145306,15,0.3821829176044951,True,False,False
2014_000913,400.0,0.01,0.8188419081502591,0.4947815651487698,15,0.4689698306472693,True,False,False
2014_000914,400.0,0.0125,0.7872696957189419,0.40291604470645076,15,0.3614341760928682,False,False,False
2014_000915,400.0,0.0125,0.7598029990241407,0.41245207037158327,15,0.35427302778439623,False,False,False
2014_000916,400.0,0.0125,0.6741977002370416,0.44145253169890397,15,0.4038562139236913,False,False,False
2014_000917,400.0,0.016666666666666666,0.9669558609554169,0.626819078726697,15,0.6049348226450909,True,True,False
2014_000918,400.0,0.016666666666666666,0.9083764202916607,0.5382407219838661,15,0.5165518112549987,True,False,False
2014_000919,400.0,0.03333333333333333,0.9434643946846897,0.5603623749236216,30,0.7752305314748495,True,False,True
2014_000920,400.0,0.03333333333333333,0.9022087697794915,0.5073253061498303,30,0.7246032865936496,True,False,True
2014_000921,400.0,0.04,0.9034452410088264,0.5052837427392995,36,0.7870270114416446,True,False,True
2014_000922,400.0,0.008,0.9537187658106225,0.5877420357422926,15,0.5660886085528631,True,False,False
2014_000923,400.0,0.016666666666666666,0.9462985752718642,0.5556237320521036,15,0.53966031140916,True,False,False
2014_000924,400.0,0.008,0.9436792373955363,0.6029909525649105,15,0.577730307585695,True,False,False
2014_000925,400.0,0.03333333333333333,0.9605905931525939,0.4624016581346448,30,0.6760824999314288,True,False,True
2014_000926,400.0,0.025,0.9284079316574638,0.3204752662793852,22,0.4572247790932803,True,False,False
2014_000927,400.0,0.01,0.8449717552678392,0.6264665565781938,15,0.6001876703333817,True,True,False
2014_000928,400.0,0.016666666666666666,0.8903289303451924,0.4200964805285833,15,0.39475710257361823,True,False,False
2014_000929,400.0,0.016666666666666666,0.9417080627524123,0.39789898617042474,15,0.3825906684983168,True,False,False
2014_000930,400.0,0.06666666666666667,0.9783173680813707,0.6928293673834314,60,0.9828962317555123,True,True,True
2014_000931,400.0,0.025,0.9360477153227094,0.3835928822746213,22,0.5071951860692367,True,False,False
2014_000932,400.0,0.016666666666666666,0.941488469625925,0.5132427543356011,15,0.4890794966773528,True,False,False
2014_000933,400.0,0.0125,0.9493335538627736,0.46122293543631615,15,0.4381439704750515,True,False,False
2014_000934,400.0,0.03333333333333333,0.903964275552527,0.45258242508140145,30,0.6586400477057393,True,False,True
2014_000935,400.0,0.02,0.9534914480952238,0.43278190783962334,18,0.47018540004778503,True,False,False
2014_000936,400.0,0.01,0.9434546873135978,0.6296245089722546,15,0.607075401240759,True,True,False
2014_000937,400.0,0.016666666666666666,0.9008269771395129,0.3662964950028932,15,0.3437702718823972,True,False,False
2014_000938,400.0,0.025,0.7977748474827424,0.3538636658800529,22,0.4655249531485094,False,False,False
2014_000939,400.0,0.02,0.8984884920974564,0.622791180650954,18,0.6479479361055052,True,True,True
2014_000940,400.0,0.016666666666666666,0.9936256444455166,0.9619818040079298,15,0.9558607488770018,True,True,True
2014_000941,400.0,0.03333333333333333,0.7787409234014893,0.40583482399999204,30,0.6216324096983163,False,False,True
2014_000942,400.0,0.025,0.8682535010150192,0.3881743483503748,22,0.5289777419481694,True,False,False
2014_000943,400.0,0.03333333333333333,0.8165484900948464,0.32903291286234104,30,0.5509010340539535,True,False,False
2014_000944,400.0,0.03333333333333333,0.888940115351658,0.3581568436883582,30,0.562984604357296,True,False,False
2014_000945,400.0,0.03333333333333333,0.8828978758124036,0.3993532329759148,30,0.6026002205514712,True,False,False
2014_000946,400.0,0.016666666666666666,0.953321300599362,0.5814686781551269,15,0.5616383778726796,True,False,False
2014_000947,400.0,0.016666666666666666,0.8847433916348403,0.41337811226578797,15,0.3904352157316582,True,False,False
2014_000948,400.0,0.016666666666666666,0.8619499059996014,0.4505913813085107,15,0.43166816256566726,True,False,False
2014_000949,200.0,0.00025,0.930838987842571,0.5628064844247502,7,0.32781940885993,True,False,False
2014_000950,400.0,0.016666666666666666,0.9709145268866916,0.47505494785117636,15,0.44517826203193533,True,False,False
2014_000951,400.0,0.00625,0.8594753938383722,0.47959043816512015,15,0.44322489112047353,True,False,False
2014_000952,400.0,0.005,0.9018498448968639,0.656985746439832,15,0.6239741580693782,True,True,True
2014_000953,400.0,0.00625,0.9162893735102283,0.780158240888868,15,0.7502226912236443,True,True,True
2014_000954,400.0,0.016666666666666666,0.8895076454428561,0.6434819670917642,15,0.6259305857700349,True,True,True
2014_000955,400.0,0.00625,0.885476153574411,0.6667663978564803,15,0.6396705640453515,True,True,True
2014_000956,400.0,0.005,0.9153761783922346,0.7408383070873558,15,0.7178307635925502,True,True,True
2014_000957,400.0,0.01,0.938642516269554,0.5286238566369172,15,0.4939092236052862,True,False,False
2014_000958,400.0,0.00625,0.9242392973548694,0.6049201996265099,15,0.5587756121757367,True,False,False
2014_000959,400.0,0.00625,0.9302866177734612,0.6445777847101718,15,0.5982199655590735,True,True,False
2014_000960,400.0,0.008,0.9170566275981469,0.6685422271468656,15,0.6457508895256557,True,True,True
2014_000961,400.0,0.016666666666666666,0.9315976498743742,0.4757335550524429,15,0.448438575556063,True,False,False
2014_000962,400.0,0.008,0.9012959877411187,0.6685080241542525,15,0.6273828497933446,True,True,True
2014_000963,400.0,0.008,0.9243776377199194,0.6563341133378122,15,0.617360009794944,True,True,False
2014_000964,400.0,0.0125,0.9144818610129175,0.5808968520358712,15,0.5587727206183901,True,False,False
2014_000965,400.0,0.025,0.9083895562236063,0.4287345124057724,22,0.5508992165036214,True,False,False
2014_000966,400.0,0.01,0.9058974055625633,0.6643184467148769,15,0.6288574201161844,True,True,True
2014_000967,400.0,0.00625,0.9513571070018317,0.5531676019340057,15,0.5268610393545912,True,False,False
2014_000968,400.0,0.00625,0.9248209960770655,0.5859968982677424,15,0.548846747791098,True,False,False
2014_000969,400.0,0.01,0.918624388683469,0.46046774327332884,15,0.4362222001545909,True,False,False
2014_000970,400.0,0.004,0.8865768455323456,0.7423867773543803,15,0.7301981609034349,True,True,True
2014_000971,400.0,0.01,0.9149317047201121,0.5417908521700394,15,0.5236657858707603,True,False,False
2014_000972,400.0,0.025,0.7936413249479272,0.29797750434477144,22,0.4285416455307594,False,False,False
2014_000973,400.0,0.02,0.7991058726373085,0.34907487514255375,18,0.3926639868263952,False,False,False
2014_000974,400.0,0.016666666666666666,0.8306340094730723,0.423234894256574,15,0.40237404293582624,True,False,False
2014_000975,400.0,0.01,0.8622367897963386,0.5877341459215327,15,0.5699800664298124,True,False,False
2014_000976,400.0,0.0125,0.9101214751502866,0.6264418957248242,15,0.6004846332728695,True,True,False
2014_000977,400.0,0.025,0.9657211246604899,0.6234492577950603,22,0.7431551054493133,True,True,True
2014_000978,400.0,0.00625,0.9128663892313778,0.8587252825547224,15,0.8514395081246152,True,True,True
2014_000979,400.0,0.025,0.7772384702042365,0.41865966568309654,22,0.5293308424081419,False,False,False
2014_000980,400.0,0.016666666666666666,0.8204838170275386,0.4553674905016472,15,0.4386335937497418,True,False,False
2014_000981,400.0,0.0125,0.9448758877494133,0.571454099749145,15,0.5540636955556929,True,False,False
2014_000982,400.0,0.02,0.8695194661292887,0.4852469026463863,18,0.5244270089962132,True,False,False
2014_000983,400.0,0.008,0.949339915288936,0.5366905580903957,15,0.5178336799346739,True,False,False
2014_000984,400.0,0.025,0.8028905494322468,0.3709576854454865,22,0.4937514271900903,True,False,False
2014_000985,400.0,0.01,0.94668687011554,0.574406875495489,15,0.5508705900858908,True,False,False
2014_000986,400.0,0.01,0.9019108980648376,0.614110642880771,15,0.5815023028362708,True,False,False
2014_000987,400.0,0.02,0.9635767044243471,0.5600963929557037,18,0.5949633284435721,True,False,False
2014_000988,400.0,0.01,0.9421249427058566,0.6225493225328985,15,0.5946847062392537,True,True,False
2014_000989,400.0,0.02,0.8348887708766309,0.4110704016554909,18,0.4420577759594931,True,False,False
2014_000990,400.0,0.02,0.8174540019318908,0.4490156890944667,18,0.481562893355069,True,False,False
2014_000991,400.0,0.025,0.9245727765328476,0.43562806773580487,22,0.5249413344322352,True,False,False
2014_000992,400.0,0.016666666666666666,0.9898130434682033,0.7690238036305402,15,0.7451202491299717,True,True,True
2014_000993,400.0,0.01,0.8645404935343125,0.563879747895855,15,0.5414570012204024,True,False,False
2014_000994,400.0,0.0125,0.9760883491388612,0.6349379521362991,15,0.6101432609694946,True,True,False
2014_000995,400.0,0.016666666666666666,0.816605082002914,0.5468136525127963,15,0.5291009222911313,True,False,False
2014_000996,400.0,0.00625,0.931236246514021,0.7894046977397274,15,0.7620803069743372,True,True,True
2014_000997,400.0,0.02,0.8278462177273285,0.4676721410181124,18,0.508338259996279,True,False,False
2014_000998,400.0,0.01,0.9045971548397566,0.5540444047373954,15,0.5337896651444407,True,False,False
2014_000999,400.0,0.008,0.9419709053152111,0.561897461410928,15,0.5264826997297798,True,False,False
2014_001000,400.0,0.02,0.9382742557874933,0.7327136092550984,18,0.7768034147474712,True,True,True
2014_001001,400.0,0.01,0.9803557507788203,0.6998313974219205,15,0.6771677014035784,True,True,True
2014_001002,400.0,0.01,0.9319520721891337,0.4276481956186462,15,0.39857779991150183,True,False,False
2014_001003,400.0,0.00625,0.9629914945253731,0.48305307808758013,15,0.4643466022218396,True,False,False
2014_001004,400.0,0.02,0.7867009263888811,0.3961649192297156,18,0.4387437207766822,False,False,False
2014_001005,400.0,0.01,0.9093088236120277,0.6299951653161167,15,0.618425837832872,True,True,False
2014_001006,400.0,0.01,0.9275051874538797,0.5759044543532148,15,0.5533386995129956,True,False,False
2014_001007,400.0,0.0125,0.8795051702697674,0.5335138105735825,15,0.5100543579734776,True,False,False
2014_001008,400.0,0.00625,0.9046567209210948,0.7639460223902373,15,0.7550867863760393,True,True,True
2014_001009,400.0,0.025,0.9414005662825907,0.5068045779796837,22,0.6363548565440569,True,False,True
2014_001010,400.0,0.00625,0.912367223817444,0.6320802673186936,15,0.6054315921972234,True,True,False
2014_001011,400.0,0.005,0.9441116078347656,0.6030668352912757,15,0.5716652660513653,True,False,False
2014_001012,400.0,0.00625,0.9452461723216166,0.5907967182311203,15,0.5676765279236867,True,False,False
2014_001013,400.0,0.00625,0.9470052305793921,0.7265973871557353,15,0.6875214181783453,True,True,True
2014_001014,400.0,0.02,0.9172982378684299,0.505433401485963,18,0.5527771590763011,True,False,False
2014_001015,400.0,0.0125,0.7287670052487549,0.43539521475348564,15,0.42128057326198404,False,False,False
2014_001016,400.0,0.00625,0.9324760223803233,0.51733629076311,15,0.49758038612039257,True,False,False
2014_001017,400.0,0.0125,0.891875624369847,0.5139632891183923,15,0.4946840370502678,True,False,False
2014_001018,400.0,0.03333333333333333,0.7900796698403298,0.44427018910124116,30,0.6353591694257631,False,False,True
2014_001019,400.0,0.03333333333333333,0.6519065194208558,0.36213009133025187,30,0.5184625936575424,False,False,False
2014_001020,400.0,0.00625,0.9602768591804963,0.6916342867321139,15,0.6259780073105179,True,True,True
2014_001021,400.0,0.0125,0.8906606745887627,0.41366326112811713,15,0.38946509824190007,True,False,False
2014_001022,400.0,0.03333333333333333,0.8201730985366738,0.5199625683770697,30,0.685224241098382,True,False,True
2014_001023,400.0,0.04,0.9171315602413839,0.6256758395678064,36,0.8585649663538387,True,True,True
2014_001024,400.0,0.0125,0.7913579860352651,0.374291940221761,15,0.354440077183101,False,False,False
2014_001025,400.0,0.008,0.8688136369810027,0.5984664914768456,15,0.579246144562666,True,False,False
2014_001026,400.0,0.0015625,0.9457802842714812,0.7899552502585052,15,0.7743503001106062,True,True,True
2014_001027,400.0,0.002,0.9580449899886023,0.8452024189281674,15,0.8337175662274033,True,True,True
2014_001028,400.0,0.00625,0.9474363204717964,0.6894008478376604,15,0.6535042287786954,True,True,True
2014_001029,400.0,0.005,0.9146863767332408,0.8224540415875344,15,0.8113731394480793,True,True,True
2014_001030,400.0,0.016666666666666666,0.8539950251995092,0.4475377728266972,15,0.4239269265455209,True,False,False
2014_001031,400.0,0.00625,0.942258573963228,0.6915349823912419,15,0.6701000330133233,True,True,True
2014_001032,400.0,0.003125,0.9259800974933998,0.714832259932169,15,0.7013924666173835,True,True,True
2014_001033,400.0,0.0025,0.9666493971846476,0.7693119266661401,15,0.7401922918681807,True,True,True
2014_001034,400.0,0.0125,0.9795022456660513,0.6606175011591015,15,0.623334710816176,True,True,True
2014_001035,400.0,0.016666666666666666,0.771973357355841,0.4926186389456093,15,0.4709756626705895,False,False,False
2014_001036,400.0,0.03333333333333333,0.9472910816770769,0.5994099240230915,30,0.8211821694346857,True,False,True
2014_001037,400.0,0.0125,0.9096242512105711,0.6146005140032339,15,0.598214843371774,True,False,False
2014_001038,400.0,0.008,0.8975547669223024,0.5306213444518946,15,0.509526029138306,True,False,False
2014_001039,400.0,0.0125,0.8750472563086346,0.5182848454966555,15,0.49872213819264777,True,False,False
2014_001040,400.0,0.008,0.93876045050133,0.5087527027799598,15,0.4816944592143358,True,False,False
2014_001041,400.0,0.004,0.9377253555871993,0.6863040725354596,15,0.6656610380988291,True,True,True
2014_001042,400.0,0.0015625,0.9637231824579295,0.6463862472906108,15,0.6213551506567471,True,True,True
2014_001043,400.0,0.003125,0.9224430206232479,0.47046484841134534,15,0.4396242412966602,True,False,False
2014_001044,400.0,0.0125,0.7872869211391348,0.584891455894167,15,0.5606227390086949,False,False,False
2014_001045,400.0,0.00625,0.9832752736156793,0.5968591986718003,15,0.5685149143223297,True,False,False
2014_001046,400.0,0.004,0.9646921846327111,0.6365547870805879,15,0.6007364879177516,True,True,False
2014_001047,400.0,0.004,0.9131273316279204,0.5537825122577247,15,0.5082561810755999,True,False,False
2014_001048,400.0,0.0125,0.9489576100997636,0.6456790136716136,15,0.6237347371210862,True,True,True
2014_001049,400.0,0.001,0.9187632660520262,0.7055361922188357,15,0.6791292099835726,True,True,True
2014_001050,400.0,0.002,0.8911965627809975,0.7258844943459314,15,0.6860891059007267,True,True,True
2014_001051,400.0,0.008,0.7307363210335847,0.33286695267198074,15,0.3198151650451364,False,False,False
2014_001052,400.0,0.01,0.6462186195804367,0.3551198823152683,15,0.3424439971434718,False,False,False
2014_001053,400.0,0.00625,0.9536173960716459,0.5872446052627666,15,0.5547383371925986,True,False,False
2014_001054,400.0,0.01,0.9538568583279,0.5979679869903052,15,0.582208710296026,True,False,False
2014_001055,400.0,0.02,0.8259131290252544,0.4608265855400322,18,0.49955928535242794,True,False,False
2014_001056,400.0,0.01,0.8964741093259829,0.4411433416026366,15,0.4149162142343272,True,False,False
2014_001057,400.0,0.01,0.8409547624940888,0.6068642349385387,15,0.5959128745682079,True,False,False
2014_001058,400.0,0.016666666666666666,0.7625857098905471,0.46876304298903093,15,0.4535352758430046,False,False,False
2014_001059,400.0,0.016666666666666666,0.7320863478507137,0.4554411839060214,15,0.43981760386721835,False,False,False
2014_001060,400.0,0.0025,0.9140065716010735,0.5683159338689269,15,0.5276708819514278,True,False,False
2014_001061,400.0,0.01,0.684023625180144,0.32227889582825936,15,0.3057431533705149,False,False,False
2014_001062,400.0,0.00625,0.8969014815017988,0.44434474997281936,15,0.4192183971783688,True,False,False
2014_001063,400.0,0.01,0.8449249120388255,0.39241320618852754,15,0.36829216526753844,True,False,False
2014_001064,400.0,0.00625,0.8909245498506139,0.5080906600714925,15,0.4877003477469481,True,False,False
2014_001065,400.0,0.00625,0.7967622240999904,0.6031078127896721,15,0.5899144627767344,False,False,False
2014_001066,400.0,0.005,0.9718062418643969,0.5715931010415886,15,0.5457576144618845,True,False,False
2014_001067,400.0,0.0015625,0.9587531323827655,0.6831221202154226,15,0.6440666399872309,True,True,True
2014_001068,400.0,0.004,0.9331202200491664,0.6604286824643736,15,0.6409240541550688,True,True,True
2014_001069,400.0,0.004,0.9335556885855526,0.5859079622253558,15,0.5525698344145554,True,False,False
2014_001070,400.0,0.0025,0.8842449697642241,0.7296944516136707,15,0.7057763980184075,True,True,True
2014_001071,400.0,0.003125,0.8943778128656787,0.7137673406694071,15,0.6843464469039021,True,True,True
2014_001072,400.0,0.003125,0.8023702756496833,0.6413059049566581,15,0.6187815820024183,True,True,False
2014_001073,400.0,0.003125,0.9295519556676342,0.7329420009775116,15,0.6996265512379005,True,True,True
2014_001074,400.0,0.003125,0.8888176372440517,0.7143747742519871,15,0.6820677757909566,True,True,True
2014_001075,400.0,0.0025,0.8772607434573971,0.7222366295214456,15,0.698780440250346,True,True,True
2014_001076,400.0,0.003125,0.8716827227961459,0.6093012394701873,15,0.5729588248843129,True,False,False
2014_001077,400.0,0.00625,0.917398987987975,0.497304366317686,15,0.47173250715206055,True,False,False
2014_001078,400.0,0.005,0.915784672829374,0.5298831298613276,15,0.5088812118500317,True,False,False
2014_001079,400.0,0.003125,0.8542298196560468,0.6254159298703161,15,0.5906757685181115,True,True,False
2014_001080,400.0,0.0015625,0.9055533928542513,0.6188774577824366,15,0.5862747769287431,True,False,False
2014_001081,400.0,0.0015625,0.8997686258427238,0.5746469986791366,15,0.5442363661418793,True,False,False
2014_001082,400.0,0.0015625,0.8659168335232948,0.5570924779522883,15,0.5281487324569216,True,False,False
2014_001083,400.0,0.0125,0.8556157017842726,0.5590825303340888,15,0.5376679044735201,True,False,False
2014_001084,400.0,0.005,0.9476040721058567,0.630115908489315,15,0.6077459120814553,True,True,False
2014_001085,400.0,0.004,0.9456459094707921,0.5608196953719551,15,0.5349063845916675,True,False,False
2014_001086,400.0,0.003125,0.9561931953559276,0.3978071998786537,15,0.36977338617227534,True,False,False
2014_001087,400.0,0.003125,0.9189393618944294,0.5273970101627501,15,0.49700707291450147,True,False,False
2014_001088,400.0,0.00625,0.7974946142679022,0.4248931197788801,15,0.41124397771220644,False,False,False
2014_001089,400.0,0.008,0.8277962764011578,0.5191889528629887,15,0.5003975065192225,True,False,False
2014_001090,400.0,0.00125,0.926964011842497,0.72087305369275,15,0.7060135057208223,True,True,True
2014_001091,400.0,0.004,0.8218654444356688,0.46319650594124157,15,0.4472390336448394,True,False,False
2014_001092,400.0,0.0003125,0.9288182436449353,0.8003740683815309,15,0.7923837453499627,True,True,True
2014_001093,400.0,0.000625,0.9498762991767158,0.7602652351199632,15,0.7433710634751364,True,True,True
2014_001094,400.0,0.003125,0.8271380753331652,0.5191441337241177,15,0.5058914654776142,True,False,False
2014_001095,400.0,0.00125,0.8376592132782957,0.6820920648726674,15,0.6733118509899536,True,True,True
2014_001096,400.0,0.00625,0.9431743301748715,0.7346231524187795,15,0.7035350693031942,True,True,True
2014_001097,400.0,0.0015625,0.9238839249569819,0.6475801300110275,15,0.6315093086666418,True,True,True
2014_001098,400.0,0.0025,0.9140405267459141,0.48312251677185875,15,0.4512682948833314,True,False,False
2014_001099,400.0,0.002,0.8470666472574322,0.5742434611974484,15,0.5666739423757233,True,False,False
2014_001100,400.0,0.008,0.8350203780438598,0.4636275545256838,15,0.44372013227800855,True,False,False
2014_001101,400.0,0.002,0.8628668601421456,0.5668912222563334,15,0.551178334403485,True,False,False
2014_001102,400.0,0.0008,0.8384404707653639,0.7003537779105508,15,0.6911561883788475,True,True,True
2014_001103,400.0,0.0125,0.6807593460916554,0.3547388576729209,15,0.33548327506707587,False,False,False
2014_001104,400.0,0.003125,0.8894172636217962,0.5288801725417054,15,0.5046395450704565,True,False,False
2014_001105,400.0,0.0015625,0.8652097651361461,0.652342442344825,15,0.6358778735057671,True,True,True
2014_001106,400.0,0.00625,0.601100700219527,0.22740632097740587,15,0.2052398075908172,False,False,False
2014_001107,400.0,0.005,0.7267638582429707,0.39561283831634037,15,0.3749315940147737,False,False,False
2014_001108,400.0,0.002,0.9374542101240197,0.6668313339728907,15,0.6377196716116152,True,True,True
2014_001109,400.0,0.004,0.9395791330020545,0.5560848115249876,15,0.5341408654381569,True,False,False
2014_001110,400.0,0.002,0.8998418648595149,0.5446387056926668,15,0.5263080496660499,True,False,False
2014_001111,400.0,0.00125,0.8792729369068796,0.6511139435521741,15,0.6436967684946486,True,True,True
2014_001112,400.0,0.0025,0.9623436617558659,0.5767151231092933,15,0.5561601985558076,True,False,False
2014_001113,400.0,0.0025,0.9216478836609164,0.6511239813869627,15,0.6284189774065275,True,True,True
2014_001114,400.0,0.005,0.7641131130969042,0.4344942881002336,15,0.41630089843165236,False,False,False
2014_001115,400.0,0.0015625,0.8374251210571138,0.5728898818955794,15,0.5369419170397326,True,False,False
2014_001116,400.0,0.0025,0.9304417704790832,0.4818761729395836,15,0.46325173468656017,True,False,False
2014_001117,400.0,0.00125,0.9313144424862635,0.6508005400437732,15,0.5991362174662621,True,True,False
2014_001118,400.0,0.000625,0.9618006685941513,0.7736475690594772,15,0.7593382018346684,True,True,True
2014_001119,400.0,0.00125,0.8945625833801215,0.5923466755847803,15,0.5759468776302845,True,False,False
2014_001120,400.0,0.002,0.906995495118886,0.5410412365819347,15,0.5236155966968171,True,False,False
2014_001121,400.0,0.003125,0.8629725672171421,0.5613775180920613,15,0.5393647529403833,True,False,False
2014_001122,400.0,0.002,0.8536110676918531,0.5795105568280243,15,0.5614021376374687,True,False,False
2014_001123,400.0,0.001,0.8552049767171802,0.6157459837920776,15,0.6019316511849933,True,False,False
2014_001124,400.0,0.000625,0.957364317389231,0.6082801892631684,15,0.5845940798750583,True,False,False
2014_001125,400.0,0.0015625,0.7855278215733972,0.5463027556376281,15,0.531122533955971,False,False,False
2014_001126,400.0,0.0025,0.870784563776354,0.6244099570694611,15,0.6084077895580742,True,True,False
2014_001127,400.0,0.002,0.9068870617183914,0.7037474748442772,15,0.6854985672746428,True,True,True
2014_001128,400.0,0.0025,0.9239830227580434,0.6669772336950038,15,0.6335153885377345,True,True,True
2014_001129,400.0,0.002,0.8765958918075075,0.7187229742658006,15,0.7016678668006587,True,True,True
2014_001130,400.0,0.002,0.8511080943447417,0.6652588224719279,15,0.6500166801550932,True,True,True
2014_001131,400.0,0.0015625,0.865101992663045,0.7196646718776385,15,0.7073932742706583,True,True,True
2014_001132,400.0,0.001,0.8767542665341728,0.7230225548082303,15,0.712154801753176,True,True,True
2014_001133,400.0,0.002,0.938239102711752,0.6888878029484632,15,0.6725450512896181,True,True,True
2014_001134,400.0,0.002,0.8958577532235907,0.665079298068671,15,0.6506788054794846,True,True,True
2014_001135,400.0,0.002,0.8715881688709146,0.6491414470542631,15,0.6327846506883064,True,True,True
2014_001136,400.0,0.00125,0.9105084068312134,0.7461435712749058,15,0.7337208626027784,True,True,True
2014_001137,400.0,0.0015625,0.8885501268815363,0.6681129548047935,15,0.653725722071439,True,True,True
2014_001138,400.0,0.002,0.8864028563960092,0.7167379614553754,15,0.7043216968253344,True,True,True
2014_001139,400.0,0.0015625,0.899718643208591,0.6908360929805876,15,0.6780578879866863,True,True,True
2014_001140,400.0,0.0015625,0.8771859347380464,0.6643249733728877,15,0.6531115965989999,True,True,True
2014_001141,400.0,0.0015625,0.9016282689881961,0.7110075970299244,15,0.6982268722503355,True,True,True
2014_001142,400.0,0.002,0.9101445663010967,0.7604526906519421,15,0.7504450106756297,True,True,True
2014_001143,400.0,0.002,0.9106946231243294,0.7150663934613131,15,0.7032901543959438,True,True,True
2014_001144,400.0,0.002,0.8899626113373502,0.6807143204129739,15,0.6653203300274847,True,True,True
2014_001145,400.0,0.002,0.8936540973698064,0.7111562643854978,15,0.6987656933078789,True,True,True
2014_001146,400.0,0.0015625,0.8907030978658323,0.6749189372551884,15,0.6620912040147373,True,True,True
2014_001147,400.0,0.0015625,0.9272492020127883,0.7432730809890514,15,0.7318675395755062,True,True,True
2014_001148,400.0,0.0015625,0.9073499587416075,0.7153829363748331,15,0.7031005508499361,True,True,True
2014_001149,400.0,0.0015625,0.8835020047580163,0.6916090475672749,15,0.6784506853982303,True,True,True
2014_001150,400.0,0.002,0.8837281658504764,0.6705469438552093,15,0.6534166558990578,True,True,True
2014_001151,400.0,0.0025,0.845018681112777,0.6547705656646237,15,0.636346057948131,True,True,True
2014_001152,400.0,0.003125,0.8447348954131969,0.6556024254052559,15,0.6361703338773868,True,True,True
2014_001153,400.0,0.0025,0.8520509485795184,0.6830239311895272,15,0.6662483547038698,True,True,True
2014_001154,400.0,0.0025,0.8902047999191025,0.6896852944646339,15,0.670326441953556,True,True,True
2014_001155,400.0,0.002,0.8191496111598913,0.638418684946156,15,0.6261633148284679,True,True,True
2014_001156,400.0,0.0025,0.8519132691418618,0.6536179909063,15,0.6378737090022607,True,True,True
2014_001157,400.0,0.0015625,0.8223405686156644,0.5949394524414823,15,0.5796224600973348,True,False,False
2014_001158,400.0,0.0025,0.8999180780495768,0.7332421446300806,15,0.7134185775454545,True,True,True
2014_001159,400.0,0.003125,0.8405374281530615,0.5791722446184813,15,0.5138939743579999,True,False,False
2014_001160,400.0,0.003125,0.8975747599759555,0.6672809711402748,15,0.6296140167498829,True,True,True
2014_001161,400.0,0.003125,0.8704161380624451,0.6768080742855953,15,0.653745260737509,True,True,True
2014_001162,400.0,0.003125,0.8821949795294263,0.7273996290875467,15,0.7008076697980306,True,True,True
2014_001163,400.0,0.005,0.8462904706497015,0.5722703037721439,15,0.5545208920801401,True,False,False
2014_001164,400.0,0.001,0.9494227790608949,0.7232315317884596,15,0.7082207966752708,True,True,True
2014_001165,400.0,0.00125,0.9038271331183777,0.6993849409676175,15,0.6852617900359247,True,True,True
2014_001166,400.0,0.003125,0.8269844510221407,0.3667934710948361,15,0.3228726151674245,True,False,False
2014_001167,400.0,0.0015625,0.9494217876698047,0.687576233844043,15,0.6674915591310259,True,True,True
2014_001168,400.0,0.001,0.9631051740370535,0.5721039566087948,15,0.541498474414344,True,False,False
2014_001169,400.0,0.01,0.9420827259685973,0.6073655070585393,15,0.5851800333173499,True,False,False
2014_001170,400.0,0.002,0.8816466163326395,0.5947608781213536,15,0.5623133086653199,True,False,False
2014_001171,400.0,0.00125,0.9024831785716764,0.5993435834359698,15,0.573439938718812,True,False,False
2014_001172,400.0,0.003125,0.903439333970247,0.4956518826021108,15,0.46963736731469496,True,False,False
2014_001173,400.0,0.001,0.9390010693805226,0.6828232158017165,15,0.6480070064912984,True,True,True
2014_001174,400.0,0.00125,0.9200317509519833,0.7267753831643948,15,0.708963059446123,True,True,True
2014_001175,400.0,0.002,0.8769958768044557,0.7517086625440219,15,0.7402505774026942,True,True,True
2014_001176,400.0,0.002,0.8924514573614258,0.7571333480499833,15,0.7488491188681222,True,True,True
2014_001177,400.0,0.001,0.9122874994506041,0.7332900205581466,15,0.7157335583570799,True,True,True
2014_001178,400.0,0.003125,0.9340923616290671,0.660932102598403,15,0.6241984603035441,True,True,True
2014_001179,400.0,0.0008,0.9517717976332851,0.7843593019417056,15,0.7616252584639188,True,True,True
2014_001180,400.0,0.0025,0.9372460179950701,0.7146641365264498,15,0.6916396154592239,True,True,True
2014_001181,400.0,0.002,0.9624566390321908,0.5599560285005111,15,0.5345372153344409,True,False,False
2014_001182,400.0,0.002,0.9351279109307807,0.5050192478580169,15,0.47352209199382295,True,False,False
2014_001183,400.0,0.004,0.9452225441672992,0.7776516324410924,15,0.753763237962612,True,True,True
2014_001184,400.0,0.004,0.8941793281078211,0.7144763505307743,15,0.6852992563575432,True,True,True
2014_001185,400.0,0.002,0.9467434620236077,0.7806461705371126,15,0.7656163098374746,True,True,True
2014_001186,400.0,0.000625,0.9576127021652973,0.8703537217317223,15,0.8621814784350957,True,True,True
2014_001187,400.0,0.00625,0.8822350895606188,0.5143491881002666,15,0.4857581712932135,True,False,False
2014_001188,400.0,0.003125,0.9148468994739348,0.6209916818982892,15,0.5846322071240703,True,True,False
2014_001189,400.0,0.001,0.9214589410423023,0.80375913195118,15,0.7940235888291374,True,True,True
2014_001190,400.0,0.002,0.9287523161374346,0.7511632322125437,15,0.7360049863667202,True,True,True
2014_001191,400.0,0.001,0.9348448274665563,0.7115216333102119,15,0.6948512682040058,True,True,True
2014_001192,400.0,0.0008,0.8718391560485927,0.5817375929883535,15,0.5629567627908453,True,False,False
2014_001193,400.0,0.000625,0.9536028969769511,0.7432718417501886,15,0.7246525256844647,True,True,True
2014_001194,400.0,0.00125,0.9217720553949685,0.7934048781729058,15,0.7829240981067405,True,True,True
2014_001195,400.0,0.0008,0.9288982571675097,0.7190843363181916,15,0.6999338411679116,True,True,True
2014_001196,400.0,0.001,0.9761025177698591,0.7491262952937674,15,0.7302631383278074,True,True,True
2014_001197,400.0,0.003125,0.8234036703280943,0.5163290787233923,15,0.49778006880915093,True,False,False
2014_001198,400.0,0.0008,0.9280621427067819,0.7359531448742933,15,0.7173889749379637,True,True,True
2014_001199,400.0,0.0008,0.9329994355680059,0.7664618012055977,15,0.7511849188926426,True,True,True
2014_001200,400.0,0.0015625,0.938769744792801,0.6402210339482051,15,0.624406321968797,True,True,True
2014_001201,400.0,0.000625,0.8836236980143428,0.6479944901787842,15,0.6366614442387124,True,True,True
2014_001202,400.0,0.000625,0.9725814683889994,0.8141392445137243,15,0.7959150391054216,True,True,True
2014_001203,400.0,0.00125,0.9439427821936908,0.7367585262112238,15,0.7144338859457425,True,True,True
2014_001204,400.0,0.0004,0.8778273647734292,0.6578997264091054,15,0.637528002667503,True,True,True
2014_001205,400.0,0.000625,0.9353375075304415,0.706356981425627,15,0.6852841789513792,True,True,True
2014_001206,400.0,0.001,0.9367101711107976,0.680429749862114,15,0.6606808675729523,True,True,True
2014_001207,400.0,0.0015625,0.909521353076997,0.6767022019787505,15,0.6565327633275183,True,True,True
2014_001208,400.0,0.0008,0.9402103599708003,0.7480087909952609,15,0.7321835454855189,True,True,True
2014_001209,400.0,0.00125,0.8905520759564197,0.6413059462646201,15,0.6227642065517072,True,True,True
2014_001210,400.0,0.0008,0.9216019492070688,0.6062575035913143,15,0.5849369772683937,True,False,False
2014_001211,400.0,0.0008,0.9489170043730261,0.646385462439331,15,0.6255004872687209,True,True,True
2014_001212,400.0,0.0008,0.9273596595034255,0.5947241140350906,15,0.5739858647458355,True,False,False
2014_001213,400.0,0.004,0.8136384680892689,0.6317227882147393,15,0.6160795042780178,True,True,False
2014_001214,400.0,0.0005,0.9369167935371876,0.7716934546046976,15,0.7583614750709753,True,True,True
2014_001215,400.0,0.003125,0.9545659094972292,0.7005180596757953,15,0.6810332178803331,True,True,True
2014_001216,400.0,0.00125,0.93876933171318,0.7266812010108223,15,0.7093060394553826,True,True,True
2014_001217,400.0,0.00125,0.9396478281430154,0.7352607821216496,15,0.7174266891073547,True,True,True
2014_001218,400.0,0.00125,0.9342216555504187,0.6941127644577041,15,0.67629585555564,True,True,True
2014_001219,400.0,0.0025,0.8980805346638242,0.6914502184530268,15,0.6667510312945816,True,True,True
2014_001220,400.0,0.00125,0.9348935295538641,0.7560087800899589,15,0.7407556085472452,True,True,True
2014_001221,400.0,0.00125,0.941855573485047,0.7291230385740359,15,0.7136574614902392,True,True,True
2014_001222,400.0,0.001,0.9487939892619126,0.7806051517307541,15,0.7660562396337669,True,True,True
2014_001223,400.0,0.01,0.9216492881316276,0.7138771372326508,15,0.6920174593884901,True,True,True
2014_001224,400.0,0.0025,0.865133923717743,0.6142485701662002,15,0.5591029364673629,True,False,False
2014_001225,400.0,0.0015625,0.9182683140502259,0.7166022647998993,15,0.6998327605846696,True,True,True
2014_001226,400.0,0.0015625,0.9413782599830605,0.7631404345134963,15,0.7458993999109731,True,True,True
2014_001227,400.0,0.00125,0.9365720785935201,0.783254231339789,15,0.7695232582002088,True,True,True
2014_001228,400.0,0.00125,0.926637678941961,0.7400196658945933,15,0.7236473377348894,True,True,True
2014_001229,400.0,0.0015625,0.9344260886548178,0.7158981705860212,15,0.6975507022188324,True,True,True
2014_001230,400.0,0.0015625,0.9273166579148864,0.6910269770734201,15,0.6732975171271073,True,True,True
2014_001231,400.0,0.00125,0.9299058409788863,0.7368781127614835,15,0.7211423816055975,True,True,True
2014_001232,400.0,0.002,0.897032758205331,0.6704088100299698,15,0.6535629273928298,True,True,True
2014_001233,400.0,0.0015625,0.9053465638880508,0.6957639263184923,15,0.6810910903352256,True,True,True
2014_001234,400.0,0.002,0.8875553898463707,0.6945120885272588,15,0.6752390739614105,True,True,True
2014_001235,400.0,0.002,0.924248880802075,0.7064426954469704,15,0.6900975066183617,True,True,True
2014_001236,400.0,0.0015625,0.9105932946933148,0.7105085142319147,15,0.6948306142229592,True,True,True
2014_001237,400.0,0.00125,0.9448900150724492,0.7761457919909479,15,0.7617989584445206,True,True,True
2014_001238,400.0,0.00125,0.9273330571758375,0.7313090972359686,15,0.7168454860807039,True,True,True
2014_001239,400.0,0.00125,0.9151039589220407,0.7388385060265013,15,0.7232960961332112,True,True,True
2014_001240,400.0,0.002,0.8977158266665036,0.664980448115382,15,0.6479766451391599,True,True,True
2014_001241,400.0,0.002,0.8939033496130766,0.6806340590426269,15,0.660506919744578,True,True,True
2014_001242,400.0,0.0025,0.8919166844841676,0.6640510189682858,15,0.6356597674659151,True,True,True
2014_001243,400.0,0.00125,0.9298089738077778,0.7164258384937994,15,0.7002441052711934,True,True,True
2014_001244,400.0,0.0015625,0.9351494736869934,0.7499168057643444,15,0.7340489304377223,True,True,True
2014_001245,400.0,0.0015625,0.9151912839539056,0.700315320197842,15,0.6851023413022451,True,True,True
2014_001246,400.0,0.0015625,0.902128714948955,0.682651415987371,15,0.6668601669304318,True,True,True
2014_001247,400.0,0.0015625,0.9198715173670239,0.7213148010393744,15,0.704366722504016,True,True,True
2014_001248,400.0,0.0015625,0.9198232283593369,0.7199722096554222,15,0.7043427638860019,True,True,True
2014_001249,400.0,0.002,0.9085285575160498,0.7043583782956732,15,0.6870892542789265,True,True,True
2014_001250,400.0,0.002,0.9116962585891646,0.7128518323055362,15,0.6967344981958334,True,True,True
2014_001251,400.0,0.0025,0.8726192569127222,0.6099301118850938,15,0.5764904904114306,True,False,False
2014_001252,400.0,0.0025,0.8924811990941329,0.655044726609036,15,0.6272993664019543,True,True,True
2014_001253,400.0,0.0015625,0.8999569075339444,0.6920748361478376,15,0.6756590520120117,True,True,True
2014_001254,400.0,0.0015625,0.9067687970229187,0.6890526217172149,15,0.6718814801865534,True,True,True
2014_001255,400.0,0.0015625,0.9301804976188438,0.6770597223906669,15,0.6563215557173359,True,True,True
2014_001256,400.0,0.00125,0.9329428849679005,0.7448084566320925,15,0.7286182965852195,True,True,True
2014_001257,400.0,0.0015625,0.9231871835603563,0.710305072518606,15,0.6919111740020244,True,True,True
2014_001258,400.0,0.0015625,0.9294617390784227,0.708937820281284,15,0.6909111082397488,True,True,True
2014_001259,400.0,0.0015625,0.9356837508687065,0.7262805550864807,15,0.7066021441806499,True,True,True
2014_001260,400.0,0.0015625,0.9268767694265563,0.7134633140684014,15,0.6972134640163038,True,True,True
2014_001261,400.0,0.00125,0.9257231619691803,0.7589463131982904,15,0.7443562583710586,True,True,True
2014_001262,400.0,0.001,0.938600382148219,0.7599621172941236,15,0.7446162919924351,True,True,True
2014_001263,400.0,0.002,0.9091238465577745,0.6968494169463767,15,0.6802440292645431,True,True,True
2014_001264,400.0,0.0015625,0.9487102167147877,0.7557507705587249,15,0.7369981950072884,True,True,True
2014_001265,400.0,0.0015625,0.9261106306536142,0.7311853798894995,15,0.715897633582514,True,True,True
2014_001266,400.0,0.002,0.9107025129450892,0.673798871863032,15,0.6534577573213406,True,True,True
2014_001267,400.0,0.002,0.888253370481859,0.6775020893567226,15,0.6616864686021485,True,True,True
2014_001268,400.0,0.00125,0.9200060573995613,0.7329175466639525,15,0.7165297280184637,True,True,True
2014_001269,400.0,0.00125,0.9279476783438217,0.7372469102470514,15,0.7212260302288362,True,True,True
2014_001270,400.0,0.0025,0.9034946453314898,0.6828663413141418,15,0.6439202858775348,True,True,True
2014_001271,400.0,0.00125,0.9455738270769396,0.7465722239975466,15,0.7296175361882533,True,True,True
2014_001272,400.0,0.001,0.9449530097146412,0.7715648629187016,15,0.7573604592255715,True,True,True
2014_001273,400.0,0.001,0.9222005841937231,0.7516726006931146,15,0.7376162034281643,True,True,True
2014_001274,400.0,0.002,0.9176301060358864,0.6756708247812082,15,0.6564223058368811,True,True,True
2014_001275,400.0,0.0015625,0.9184051673286405,0.7019506198011864,15,0.6848591200214404,True,True,True
2014_001276,400.0,0.0025,0.9028955559572526,0.6660117840049622,15,0.6283102961582604,True,True,True
2014_001277,400.0,0.0015625,0.9100330761114073,0.7004286692458257,15,0.6846186663740962,True,True,True
2014_001278,400.0,0.00125,0.9233546460386821,0.7079270144488642,15,0.6919587194663936,True,True,True
2014_001279,400.0,0.0015625,0.9273413187682561,0.7145389320933454,15,0.6968941947772856,True,True,True
2014_001280,400.0,0.00125,0.933302264238111,0.7210071393377044,15,0.7043675486632578,True,True,True
2014_001281,400.0,0.0025,0.8891923417681988,0.6605403378859114,15,0.6172034526186109,True,True,False
2014_001282,400.0,0.002,0.9055647112358648,0.6737248479949611,15,0.6546032271101841,True,True,True
2014_001283,400.0,0.001,0.9301170898970308,0.7600533665823874,15,0.7460391034387722,True,True,True
2014_001284,400.0,0.0025,0.8695525538069253,0.6637517840908828,15,0.6237296562417487,True,True,True
2014_001285,400.0,0.0008,0.9422395723006651,0.7793476547487137,15,0.7658544502389418,True,True,True
2014_001286,400.0,0.002,0.9109127704721434,0.7157418199494986,15,0.6972024760983869,True,True,True
2014_001287,400.0,0.002,0.9022525975272724,0.694856638239078,15,0.6728404858345084,True,True,True
2014_001288,400.0,0.00125,0.9135936159040281,0.7355704679134621,15,0.7196097735960167,True,True,True
2014_001289,400.0,0.0015625,0.8958661387398956,0.7003588174819261,15,0.6826985483721193,True,True,True
2014_001290,400.0,0.0015625,0.9011659089684874,0.7146523224492912,15,0.6980406972651816,True,True,True
2014_001291,400.0,0.002,0.8775407701324267,0.6916974466061544,15,0.6601424595950299,True,True,True
2014_001292,400.0,0.0008,0.9466578719261506,0.7933039215135501,15,0.7801532013174927,True,True,True
2014_001293,400.0,0.002,0.8977386699695412,0.6941335010546749,15,0.6771556394786472,True,True,True
2014_001294,400.0,0.002,0.9030963126530254,0.6795657938349353,15,0.6606624855298209,True,True,True
2014_001295,400.0,0.0015625,0.9098115415107015,0.7095866444418815,15,0.6933835963108355,True,True,True
2014_001296,400.0,0.002,0.900448844054512,0.6938291439899724,15,0.6779959673515086,True,True,True
2014_001297,400.0,0.002,0.9107594766248156,0.6960906722986493,15,0.6718614045169761,True,True,True
2014_001298,400.0,0.001,0.9381010515024367,0.7716711896131294,15,0.7573596330663297,True,True,True
2014_001299,400.0,0.0025,0.8955081226324342,0.6475225054039077,15,0.6092304376231596,True,True,False
2014_001300,400.0,0.001,0.9393552025395474,0.7782626598163745,15,0.7645073975950835,True,True,True
2014_001301,400.0,0.001,0.9326262181304942,0.7680806189320669,15,0.7538227214280262,True,True,True
2014_001302,400.0,0.001,0.9264878136554869,0.7703698648833083,15,0.7573328241989312,True,True,True
2014_001303,400.0,0.0008,0.9429993496474448,0.7861374857859302,15,0.773265305178267,True,True,True
2014_001304,400.0,0.0015625,0.9026724516539874,0.6800144809191914,15,0.6614636534546179,True,True,True
2014_001305,400.0,0.0015625,0.921983304313113,0.7068569729988027,15,0.6890483256891573,True,True,True
2014_001306,400.0,0.0015625,0.9147478016728733,0.6943445021250468,15,0.6772430058184743,True,True,True
2014_001307,400.0,0.00125,0.9160790333672499,0.704030227844805,15,0.6844834241062031,True,True,True
2014_001308,400.0,0.002,0.8986693383555003,0.6524514127488268,15,0.6316837108825991,True,True,True
2014_001309,400.0,0.0015625,0.9022611069674635,0.69858356650301,15,0.682147293617986,True,True,True
2014_001310,400.0,0.0015625,0.9073130707314583,0.6976559135982837,15,0.6802770343262555,True,True,True
2014_001311,400.0,0.00125,0.9192542524894657,0.719793883183066,15,0.7051489713821744,True,True,True
2014_001312,400.0,0.0008,0.9420597174337114,0.7862333615659485,15,0.7733955904907088,True,True,True
2014_001313,400.0,0.00125,0.9214270099876043,0.7328359634388184,15,0.7178192386711262,True,True,True
2014_001314,400.0,0.0008,0.9309167294272304,0.7438163633065008,15,0.7283403353082946,True,True,True
2014_001315,400.0,0.00125,0.931224680284635,0.7282858914142557,15,0.711081001278564,True,True,True
2014_001316,400.0,0.001,0.9231814417536255,0.7225113274693652,15,0.7078988424187167,True,True,True
2014_001317,400.0,0.0008,0.9337933332914746,0.7826964086196829,15,0.7706158951055352,True,True,True
2014_001318,400.0,0.0015625,0.923004354520132,0.7353138215449773,15,0.7184685585272687,True,True,True
2014_001319,400.0,0.0015625,0.9092683418091764,0.7076229465398964,15,0.6900507460052722,True,True,True
2014_001320,400.0,0.001,0.9099158028070248,0.7509603688107042,15,0.7374983931202745,True,True,True
2014_001321,400.0,0.001,0.9170052818012651,0.7609887440760251,15,0.7478935004730588,True,True,True
2014_001322,400.0,0.00125,0.9046149585714186,0.6993309927691238,15,0.683339978407502,True,True,True
2014_001323,400.0,0.002,0.8865533826098767,0.6454709454665503,15,0.617480629044256,True,True,False
2014_001324,400.0,0.002,0.8975206465456134,0.6705520247345468,15,0.6469172198353563,True,True,True
2014_001325,400.0,0.0015625,0.8990127727523429,0.6986215285201737,15,0.6826334883318226,True,True,True
2014_001326,400.0,0.00125,0.911655239782806,0.6970950753969447,15,0.6801716577149559,True,True,True
2014_001327,400.0,0.0015625,0.9243568185070244,0.7446533039264706,15,0.7292355614627777,True,True,True
2014_001328,400.0,0.001,0.9445567424342816,0.7913852905982087,15,0.7776494431191014,True,True,True
2014_001329,400.0,0.001,0.950069248667653,0.8123666372443822,15,0.7999009269837157,True,True,True
2014_001330,400.0,0.001,0.9347653922554511,0.7503044809885887,15,0.7350093405563886,True,True,True
2014_001331,400.0,0.001,0.9251045339288729,0.7308290161005218,15,0.716476192899591,True,True,True
2014_001332,400.0,0.0015625,0.8818653419919228,0.6843990732476088,15,0.6699706977840096,True,True,True
2014_001333,400.0,0.0015625,0.8997403298886899,0.6933179166511073,15,0.6755213725743552,True,True,True
2014_001334,400.0,0.002,0.8981805412400518,0.6925683423709647,15,0.6732005260321124,True,True,True
2014_001335,400.0,0.002,0.9053400372300401,0.6527740692407366,15,0.6216206369291198,True,True,True
2014_001336,400.0,0.00125,0.925415376343624,0.7503914342487948,15,0.7344929910302239,True,True,True
2014_001337,400.0,0.0008,0.9559606728373051,0.8033638973698725,15,0.7892188945262324,True,True,True
2014_001338,400.0,0.0008,0.9434235411101796,0.7806842977861246,15,0.7672157128217602,True,True,True
2014_001339,400.0,0.0008,0.9269064698513012,0.7433651977445191,15,0.7284673572917311,True,True,True
2014_001340,400.0,0.001,0.9028069503785627,0.7076611150968705,15,0.6931756107216963,True,True,True
2014_001341,400.0,0.0015625,0.9137108892084106,0.7116132956780966,15,0.6945772311834797,True,True,True
2014_001342,400.0,0.0015625,0.9135453268963412,0.6951606235321216,15,0.6774998587267697,True,True,True
2014_001343,400.0,0.0015625,0.9153967497573571,0.711993865932861,15,0.6946458850164786,True,True,True
2014_001344,400.0,0.0008,0.9241024440764548,0.7569559303527932,15,0.7439068277434848,True,True,True
2014_001345,400.0,0.0015625,0.9037562073474638,0.6997534079894886,15,0.6825165454911368,True,True,True
2014_001346,400.0,0.000625,0.9436389208245334,0.8024928776811759,15,0.791921426638216,True,True,True
2014_001347,400.0,0.004,0.8762469221437444,0.6041393139111007,15,0.5814714870965493,True,False,False
2014_001348,400.0,0.0008,0.9398751045504521,0.7958671218693935,15,0.7842861868488006,True,True,True
2014_001349,400.0,0.002,0.8969447722460725,0.6994445483569179,15,0.674508253496058,True,True,True
2014_001350,400.0,0.0015625,0.9024986690574613,0.6941211912819711,15,0.6771296567704906,True,True,True
2014_001351,400.0,0.00125,0.9202979807676738,0.7399718312744894,15,0.7253863616310499,True,True,True
2014_001352,400.0,0.0008,0.938095433619592,0.7755951981642081,15,0.762537338266936,True,True,True
2014_001353,400.0,0.001,0.9143362917545012,0.7513379648921978,15,0.7382167798890369,True,True,True
2014_001354,400.0,0.0015625,0.9091819668604396,0.728108638948914,15,0.7127276605714841,True,True,True
2014_001355,400.0,0.001,0.9047005486688757,0.7538784458688899,15,0.7400234662271059,True,True,True
2014_001356,400.0,0.002,0.8566626107755619,0.6583533704488127,15,0.6327905990348477,True,True,True
2014_001357,400.0,0.001,0.9374196353597477,0.7471297988698803,15,0.7309188196101123,True,True,True
2014_001358,400.0,0.001,0.9139051192461727,0.7255957516909001,15,0.7118378870679972,True,True,True
2014_001359,400.0,0.001,0.9197946019416064,0.7299241238829087,15,0.7141384927088142,True,True,True
2014_001360,400.0,0.00125,0.9080558291978555,0.7260377468852971,15,0.7117481661743308,True,True,True
2014_001361,400.0,0.00125,0.8986746257746482,0.7118897698683863,15,0.696790140020773,True,True,True
2014_001362,400.0,0.00125,0.9257295647033047,0.7733088850782753,15,0.7596506552599411,True,True,True
2014_001363,400.0,0.0015625,0.9222196684722102,0.6979657233139824,15,0.6804925379644956,True,True,True
2014_001364,400.0,0.00125,0.9105036564155726,0.7142328814021971,15,0.6982458326049362,True,True,True
2014_001365,400.0,0.001,0.9019436965867396,0.7379659579432072,15,0.7258817680204332,True,True,True
2014_001366,400.0,0.0015625,0.883880509614676,0.6687355071014996,15,0.6518620720536435,True,True,True
2014_001367,400.0,0.00125,0.8799460088412258,0.6798637481655134,15,0.6646592374021456,True,True,True
2014_001368,400.0,0.000625,0.9379577128739733,0.7709229784957359,15,0.7576662207609852,True,True,True
2014_001369,400.0,0.002,0.8959271092919452,0.7397803275622254,15,0.7118325583408872,True,True,True
2014_001370,400.0,0.000625,0.9359901733315136,0.7806289864248818,15,0.7684230619378193,True,True,True
2014_001371,400.0,0.001,0.9197073182177036,0.7365234425989515,15,0.722197386957457,True,True,True
2014_001372,400.0,0.00125,0.9214003250440921,0.7228050683878097,15,0.7056527632878626,True,True,True
2014_001373,400.0,0.00125,0.9294336496641993,0.7290027497884206,15,0.7107271572752739,True,True,True
2014_001374,400.0,0.001,0.9110554894811753,0.7563247033840474,15,0.7430971090705345,True,True,True
2014_001375,400.0,0.001,0.9241786985744788,0.7572461600944598,15,0.7419752261280461,True,True,True
2014_001376,400.0,0.0008,0.9318924234918711,0.7702803918374145,15,0.7577896076437575,True,True,True
2014_001377,400.0,0.000625,0.9397546918409505,0.7835887432168196,15,0.7717936677207357,True,True,True
2014_001378,400.0,0.000625,0.9462294257433203,0.7758451526428338,15,0.7626595685267697,True,True,True
2014_001379,400.0,0.000625,0.9370222114564494,0.7803403263857748,15,0.7684439224586763,True,True,True
2014_001380,400.0,0.00125,0.9179202531616288,0.7263263243084799,15,0.7088920097513227,True,True,True
2014_001381,400.0,0.001,0.9300576477395788,0.74731589123911,15,0.732661519914899,True,True,True
2014_001382,400.0,0.0008,0.9247202872654823,0.746521828283793,15,0.7330344481966762,True,True,True
2014_001383,400.0,0.0015625,0.8984225645899557,0.6963117938197341,15,0.6777852554368714,True,True,True
2014_001384,400.0,0.00125,0.8987079613000574,0.7184185345851739,15,0.7029854668675445,True,True,True
2014_001385,400.0,0.0015625,0.9029430601136597,0.6780907278165503,15,0.6576519199445086,True,True,True
2014_001386,400.0,0.00125,0.919816123389857,0.6928924446415476,15,0.67361174679475,True,True,True
2014_001387,400.0,0.001,0.9208794316420973,0.7322645090912215,15,0.7183882971569217,True,True,True
2014_001388,400.0,0.00125,0.9141131461432739,0.7001049800548635,15,0.6817548266701388,True,True,True
2014_001389,400.0,0.00125,0.9198597859057894,0.7332716385150151,15,0.7165969360727893,True,True,True
2014_001390,400.0,0.0008,0.9519083617559652,0.7872557749357165,15,0.7729203010788648,True,True,True
2014_001391,400.0,0.001,0.9318764786185031,0.7599068472408429,15,0.7456624574404066,True,True,True
2014_001392,400.0,0.0015625,0.9059387135246564,0.6898421821046637,15,0.6701549312949451,True,True,True
2014_001393,400.0,0.0008,0.9244896649131161,0.7705587661939604,15,0.7581060266333912,True,True,True
2014_001394,400.0,0.00125,0.9235231825240222,0.7281050864641739,15,0.7098957519222248,True,True,True
2014_001395,400.0,0.000625,0.9403914127686546,0.7865921625246898,15,0.7753195914411224,True,True,True
2014_001396,400.0,0.0008,0.9227730299324103,0.7633582927055756,15,0.7508362383846141,True,True,True
2014_001397,400.0,0.00125,0.9184395768610641,0.7319090127694478,15,0.7158764839059223,True,True,True
2014_001398,400.0,0.001,0.9044370451786834,0.7358350041027067,15,0.721518531908418,True,True,True
2014_001399,400.0,0.000625,0.9331642543367578,0.763096400225905,15,0.7508727546231045,True,True,True
2014_001400,400.0,0.0008,0.9150356768607006,0.7582175994390048,15,0.7462329617048754,True,True,True
2014_001401,400.0,0.0015625,0.895010155149401,0.6720876895333224,15,0.6511497162473467,True,True,True
2014_001402,400.0,0.0015625,0.904329561861317,0.7200135589254775,15,0.7020381100648998,True,True,True
2014_001403,400.0,0.0015625,0.9105799935295208,0.6837832128407618,15,0.6616792810167442,True,True,True
2014_001404,400.0,0.002,0.901703119015509,0.6647813850460551,15,0.6395373871755632,True,True,True
2014_001405,400.0,0.001,0.8864162814836894,0.727912715284706,15,0.7142850946662829,True,True,True
2014_001406,400.0,0.000625,0.9271194537038536,0.7550028072891038,15,0.7421762719795536,True,True,True
2014_001407,400.0,0.000625,0.9412611519105263,0.8064214301080848,15,0.797509113362597,True,True,True
2014_001408,400.0,0.0004,0.943429530764683,0.553478485656719,15,0.52279311386358,True,False,False
2014_001409,400.0,0.00125,0.9151012325965425,0.772421135664931,15,0.7592356754727531,True,True,True
2014_001410,400.0,0.001,0.9330488398906694,0.6351810494932174,15,0.6180006136710848,True,True,False
2014_001411,400.0,0.0004,0.8944500191834176,0.6906382278421613,15,0.672767577281414,True,True,True
2014_001412,400.0,0.005,0.8576747384627688,0.2954140148331935,15,0.2598713223934428,True,False,False
2014_001413,400.0,0.001,0.8614509884334401,0.6662455457624475,15,0.6554001816228477,True,True,True
2014_001414,400.0,0.0005,0.9177988490610369,0.6950253399562665,15,0.6781503765138129,True,True,True
2014_001415,400.0,0.0004,0.967998721766421,0.5985880195013237,15,0.5698161564362266,True,False,False
2014_001416,400.0,0.0005,0.9163381995214225,0.5301489052894349,15,0.5024089977333495,True,False,False
2014_001417,400.0,0.0003125,0.90710727446431,0.6619627362526276,15,0.6364236756089041,True,True,True
2014_001418,400.0,0.0003125,0.9412538404012358,0.729162528985797,15,0.7028672021720718,True,True,True
2014_001419,400.0,0.0003125,0.8134955838483885,0.606703836121731,15,0.5850402471736266,True,False,False
2014_001420,400.0,0.0003125,0.914381441357069,0.6894767305640255,15,0.6652423819030149,True,True,True
2014_001421,400.0,0.0003125,0.9003991505761139,0.6616367338157882,15,0.6361215078661926,True,True,True
2014_001422,400.0,0.0003125,0.9370751269558907,0.7247691793694158,15,0.6983075880082655,True,True,True
2014_001423,400.0,0.0003125,0.9417867957281619,0.692661161361788,15,0.6595469640134948,True,True,True
2014_001424,400.0,0.0003125,0.9380687899840419,0.6518978034408541,15,0.6195088499830307,True,True,False
2014_001425,400.0,0.0003125,0.9522694346526215,0.7289719340486991,15,0.6972887271232375,True,True,True
2014_001426,400.0,0.0004,0.9370454678391078,0.6690920361223258,15,0.6378305421818733,True,True,True
2014_001427,400.0,0.0003125,0.9331943678411236,0.706454963911712,15,0.6770063111956804,True,True,True
2014_001428,400.0,0.0003125,0.9438973434353882,0.7241878937268407,15,0.6948950133358625,True,True,True
2014_001429,400.0,0.0005,0.9497427092273065,0.6767389247570513,15,0.6547392129213949,True,True,True
2014_001430,400.0,0.0003125,0.9551136530745846,0.707022452694948,15,0.6692308308749588,True,True,True
2014_001431,400.0,0.000625,0.9427435294382018,0.6876244402358057,15,0.6672453223689885,True,True,True
2014_001432,400.0,0.0005,0.9299073280655217,0.7112030663065494,15,0.6928035499071232,True,True,True
2014_001433,400.0,0.0005,0.8804010573516441,0.703965952655788,15,0.6880315302022338,True,True,True
2014_001434,400.0,0.000625,0.9302394027727887,0.6911483398660498,15,0.6753589909753669,True,True,True
2014_001435,400.0,0.000625,0.9160150060260055,0.6488451863501309,15,0.6283374354893556,True,True,True
2014_001436,400.0,0.000625,0.8746915534470503,0.5860092906563703,15,0.567973697402985,True,False,False
2014_001437,400.0,0.005,0.907652993951523,0.6770187862002326,15,0.6578546181144997,True,True,True
2014_001438,400.0,0.001,0.8453860741276337,0.5360471452728325,15,0.5167967674702112,True,False,False
2014_001439,400.0,0.0008,0.9128756835228488,0.6085230800802762,15,0.5878115983504574,True,False,False
2014_001440,400.0,0.0008,0.9338992882142436,0.6115947814494864,15,0.5962532934838177,True,False,False
2014_001441,400.0,0.0015625,0.8676258265310135,0.5670355109679248,15,0.5480513216730319,True,False,False
2014_001442,400.0,0.00125,0.9184884028722583,0.6566773825028065,15,0.6372742891643267,True,True,True
2014_001443,400.0,0.0005,0.8802317360150242,0.6469743487469313,15,0.627380825703202,True,True,True
2014_001444,400.0,0.001,0.8306168666688036,0.5181238270604164,15,0.49925042571985734,True,False,False
2014_001445,400.0,0.001,0.9593441667043946,0.821623008006144,15,0.8114330359931144,True,True,True
2014_001446,400.0,0.001,0.814564716523284,0.49727598774772797,15,0.4816586039032389,True,False,False
2014_001447,400.0,0.0003125,0.7506456434475163,0.5148284843844337,15,0.5037207733775803,False,False,False
2014_001448,400.0,0.0008,0.8762846363131355,0.49486223959873776,15,0.47505061051515657,True,False,False
2014_001449,400.0,0.000625,0.9035884144054412,0.6553923744180121,15,0.6341730526022199,True,True,True
2014_001450,400.0,0.0005,0.9139806302008789,0.7639042187325991,15,0.7557625433279215,True,True,True
2014_001451,400.0,0.000625,0.855188040452722,0.586095624297145,15,0.5694343056346374,True,False,False
2014_001452,400.0,0.01,0.8989771652890186,0.6493563723810339,15,0.6148427852009104,True,True,False
2014_001453,400.0,0.0008,0.9682843663242953,0.7670275137464636,15,0.7548000678111506,True,True,True
2014_001454,400.0,0.003125,0.7804427288238037,0.4169372062797355,15,0.401524007691873,False,False,False
2014_001455,400.0,0.001,0.9158712543179213,0.7454916490171514,15,0.7333973386436646,True,True,True
2014_001456,400.0,0.0025,0.9236301288378814,0.7618246106889804,15,0.7446762298454322,True,True,True
2014_001457,400.0,0.0025,0.9289840951127394,0.6082788261004193,15,0.5810670821476571,True,False,False
2014_001458,400.0,0.0025,0.8855885525392665,0.736638030885798,15,0.7251118289149786,True,True,True
2014_001459,400.0,0.0008,0.8976209835855378,0.5403176450099486,15,0.525326944258375,True,False,False
2014_001460,400.0,0.003125,0.9182715773792313,0.6616967129767476,15,0.6398967664457738,True,True,True
2014_001461,400.0,0.000625,0.9400247632971156,0.7143862578654491,15,0.6972243693182963,True,True,True
2014_001462,400.0,0.0003125,0.9809066337612948,0.8293114524507353,15,0.810275215123605,True,True,True
2014_001463,400.0,0.0004,0.9424742841412785,0.7762685179463268,15,0.7585424039449434,True,True,True
2014_001464,400.0,0.0005,0.8817771081848917,0.585147234795448,15,0.5757274084276834,True,False,False
2014_001465,400.0,0.002,0.8202939656337583,0.4632681752554732,15,0.41661046029957854,True,False,False
2014_001466,400.0,0.003125,0.9053446637217946,0.3711061875692115,15,0.3393635797942599,True,False,False
2014_001467,400.0,0.0004,0.971958833476369,0.39697302689214425,15,0.3642678609844976,True,False,False
2014_001468,400.0,0.0004,0.9859766904126863,0.3848416632766599,15,0.35383078474222673,True,False,False
2014_001469,400.0,0.0003125,0.9839523111143864,0.5899892301881231,15,0.5694878407535101,True,False,False
2014_001470,400.0,0.0004,0.9754591049522959,0.57017855118767,15,0.5229001841013254,True,False,False
2014_001471,400.0,0.0008,0.9057887243142961,0.3558076185761575,15,0.3368349542026886,True,False,False
2014_001472,400.0,0.0004,0.9914343809803602,0.4716692233541338,15,0.4302779844093837,True,False,False
2014_001473,400.0,0.0005,0.9786432465943238,0.4211616063311557,15,0.3996442888768233,True,False,False
2014_001474,400.0,0.0025,0.8645096777945911,0.5293467046655856,15,0.5046435106348175,True,False,False
2014_001475,400.0,0.002,0.8794844749807588,0.6640161963562412,15,0.6469748444424763,True,True,True
2014_001476,400.0,0.00025,0.9801622642843759,0.5478229712585809,15,0.5191475622849714,True,False,False
2014_001477,400.0,0.0004,0.9058838152430345,0.38573841782574053,15,0.3748542242017732,True,False,False
2014_001478,400.0,0.0004,0.9330994421442336,0.58912242391156,15,0.5764174579344499,True,False,False
2014_001479,400.0,0.0008,0.9782088107569898,0.828780190750255,15,0.8194844121926563,True,True,True
2014_001480,400.0,0.00025,0.9722634383888441,0.6080090851079509,15,0.5839594243454588,True,False,False
2014_001481,400.0,0.0004,0.9459209791903705,0.486329006021379,15,0.4638708171144505,True,False,False
2014_001482,400.0,0.00025,0.9729113537742754,0.6365931621773724,15,0.6220013311077704,True,True,True
2014_001483,400.0,0.0025,0.8146200278845267,0.5613751222302599,15,0.5273961840035082,True,False,False
2014_001484,400.0,0.000625,0.9724477545157038,0.6480526930973735,15,0.636630669806953,True,True,True
2014_001485,400.0,0.00125,0.7573513301659489,0.6503467307722176,15,0.6468884694937396,False,True,True
2014_001486,400.0,0.000625,0.9163997070769792,0.5196709341646919,15,0.49459369653717006,True,False,False
2014_001487,400.0,0.00625,0.93909297959618,0.5911839390677818,15,0.5595355547543647,True,False,False
2014_001488,400.0,0.0003125,0.9300690074291543,0.5112014387728429,15,0.49923691801625286,True,False,False
2014_001489,400.0,0.0008,0.7392124256993686,0.6122799153087638,15,0.5971783439869321,False,False,False
2014_001490,400.0,0.0005,0.8772705747523752,0.5562579745020821,15,0.5385063734880873,True,False,False
2014_001491,400.0,0.0004,0.9361720109806477,0.6126104203134712,15,0.5934384863308649,True,False,False
2014_001492,400.0,0.0003125,0.972435444743,0.7293138400509442,15,0.7130043413015842,True,True,True
2014_001493,400.0,0.00025,0.8623900010277421,0.6101778770417287,15,0.6029291971615812,True,False,False
2014_001494,400.0,0.0005,0.808314202239156,0.5398821351656004,15,0.530849405710611,True,False,False
2014_001495,400.0,0.0004,0.9205520660425088,0.6693712366381135,15,0.6546306969049761,True,True,True
2014_001496,400.0,0.0005,0.8538935728446083,0.7041179246483288,15,0.6949386758517949,True,True,True
2014_001497,400.0,0.0005,0.8131807345613143,0.6482964100737232,15,0.6386303056359592,True,True,True
2014_001498,400.0,0.000625,0.938462496170752,0.6670733986307568,15,0.6455567007958557,True,True,True
2014_001499,400.0,0.000625,0.9445946218355209,0.4070805895207979,15,0.3784438034917455,True,False,False
2014_001500,400.0,0.000625,0.9253930287361317,0.5501575733522006,15,0.5302912938347701,True,False,False
2014_001501,400.0,0.0004,0.8885842885661874,0.5299946613589791,15,0.5086820248568183,True,False,False
2014_001502,400.0,0.000625,0.8889561428409501,0.40901942002960295,15,0.38497525322606924,True,False,False
2014_001503,400.0,0.0004,0.9413608693310193,0.6029573691917287,15,0.5872598892087411,True,False,False
2014_001504,320.0,0.00025,0.9869389180816847,0.8132205554367722,12,0.7502592074621346,True,True,True
2014_001505,400.0,0.0004,0.6980437540543765,0.32634991941642755,15,0.3187131925403769,False,False,False
2014_001506,400.0,0.0008,0.8917759895652783,0.7664076464672935,15,0.7553811882218773,True,True,True
2014_001507,400.0,0.0004,0.8304677862336094,0.5983409978880065,15,0.5949356521089697,True,False,False
2014_001508,400.0,0.0004,0.8127543950845508,0.5523328093280648,15,0.5476744278268939,True,False,False
2014_001509,280.0,0.00025,0.8746640010363341,0.387867636731833,10,0.2912051878834825,True,False,False
2014_001510,400.0,0.00025,0.9261143070622405,0.7256942711804923,15,0.7146066771511782,True,True,True
2014_001511,400.0,0.0004,0.7756992942286829,0.5664993749279176,15,0.5542734986951641,False,False,False
2014_001512,400.0,0.002,0.945382942984107,0.356674177004948,15,0.322677765510231,True,False,False
2014_001513,400.0,0.0004,0.8326851976387708,0.6525058566428655,15,0.6423442218918319,True,True,True
2014_001514,400.0,0.002,0.8345347203335304,0.6280851264568905,15,0.6084287740028176,True,True,False
2014_001515,280.0,0.00025,0.7434393455364764,0.19847583533787105,10,0.14808586339093427,False,False,False
2014_001516,400.0,0.001,0.9197361511752445,0.6325351505972635,15,0.6069914221538236,True,True,False
2014_001517,400.0,0.001,0.9263723992093986,0.7253398488657329,15,0.7082421941996351,True,True,True
2014_001518,400.0,0.0003125,0.9576443027562985,0.648752078203573,15,0.6120193446838801,True,True,False
2014_001519,400.0,0.0003125,0.8356085621161045,0.5836567609072022,15,0.5696028421199775,True,False,False
2014_001520,400.0,0.000625,0.9068738844784837,0.7132477691221992,15,0.6936233477228242,True,True,True
2014_001521,400.0,0.0005,0.9244150627335759,0.7492341916907547,15,0.7366494731912978,True,True,True
2014_001522,400.0,0.0003125,0.8992038220770238,0.612583239674414,15,0.5954728208480293,True,False,False
2014_001523,400.0,0.00025,0.8650688636774463,0.4285740309730404,15,0.4130657001484773,True,False,False
2014_001524,400.0,0.003125,0.852413880334469,0.5608976434964249,15,0.5443265414231286,True,False,False
2014_001525,400.0,0.00125,0.846725567414429,0.6802965316843635,15,0.6644605461044775,True,True,True
2014_001526,400.0,0.002,0.896419128428437,0.596396673420243,15,0.5785625390979862,True,False,False
2014_001527,400.0,0.0004,0.9087707874057641,0.5894211630934177,15,0.5778638149191802,True,False,False
2014_001528,400.0,0.001,0.9068955298506205,0.6996588953722195,15,0.6815520871921854,True,True,True
2014_001529,400.0,0.005,0.9371505966026349,0.3910265392090219,15,0.3516295660582059,True,False,False
2014_001530,400.0,0.0025,0.9247012029869952,0.5984520336901129,15,0.55363677776746,True,False,False
2014_001531,400.0,0.002,0.9230449602468696,0.6198362981985432,15,0.5729467629593817,True,False,False
2014_001532,280.0,0.00025,0.8922147214306698,0.4699040102100064,10,0.337625216825493,True,False,False
2014_001533,400.0,0.0015625,0.8331822976546001,0.6785728743501018,15,0.6490962148357711,True,True,True
2014_001534,400.0,0.002,0.8543817090326634,0.6295702303100642,15,0.5883281544164325,True,True,False
2014_001535,400.0,0.004,0.9237006415291745,0.6322328589306657,15,0.598460006126797,True,True,False
2014_001536,400.0,0.003125,0.8880296878671246,0.7034641435322802,15,0.6818635079184059,True,True,True
2014_001537,400.0,0.0005,0.8428291112740665,0.613664145118506,15,0.6004354767979786,True,False,False
2014_001538,400.0,0.004,0.9449753573221337,0.45538178305653143,15,0.425542150479288,True,False,False
2014_001539,400.0,0.005,0.9355265740729419,0.5444907818804111,15,0.5139641565855962,True,False,False
2014_001540,400.0,0.0004,0.9089539882176474,0.7222256002955667,15,0.7095500868954291,True,True,True
2014_001541,280.0,0.00025,0.9177242468814967,0.5396003735561627,10,0.37095471127221585,True,False,False
2014_001542,400.0,0.000625,0.9483241111931028,0.7700724475562375,15,0.758866299675716,True,True,True
2014_001543,400.0,0.0004,0.8959917975605831,0.6600504667634485,15,0.648943664531761,True,True,True
2014_001544,400.0,0.00025,0.7864886034637222,0.5641598571868088,15,0.5538331558192509,False,False,False
2014_001545,400.0,0.0008,0.8970949266882812,0.7228370820584319,15,0.7110422544101207,True,True,True
2014_001546,400.0,0.001,0.8043038187393404,0.6535112924402133,15,0.6398849936765771,True,True,True
2014_001547,250.0,0.00025,0.9384866200206143,0.48657986927517083,9,0.36702070619431065,True,False,False
2014_001548,400.0,0.004,0.9236097640125696,0.46009039503960775,15,0.4372334603745938,True,False,False
2014_001549,400.0,0.008,0.7802650219708789,0.2753399975743965,15,0.25372362362696466,False,False,False
2014_001550,400.0,0.0005,0.8874191148794254,0.6273447225443325,15,0.6089651991985594,True,True,False
2014_001551,400.0,0.0015625,0.9078062464908886,0.7191859539049408,15,0.6992071101908064,True,True,True
2014_001552,400.0,0.00125,0.8860668574323434,0.7296029957855965,15,0.7169734581472685,True,True,True
2014_001553,400.0,0.0003125,0.9546161399791345,0.49714549589547563,15,0.4628506756825975,True,False,False
2014_001554,400.0,0.002,0.8959167823014219,0.776502734091395,15,0.7654363310466347,True,True,True
2014_001555,400.0,0.000625,0.9229111637576498,0.7149419738794884,15,0.6987531356874025,True,True,True
2014_001556,400.0,0.000625,0.8779732231875801,0.592299543200032,15,0.586143541533173,True,False,False
2014_001557,400.0,0.0005,0.9524383429096205,0.6937987413298718,15,0.663937174224757,True,True,True
2014_001558,400.0,0.002,0.9365831078193989,0.7976259735873585,15,0.7856008127424158,True,True,True
2014_001559,400.0,0.0015625,0.9301076303737115,0.7253067611880963,15,0.6984791812828006,True,True,True
2014_001560,400.0,0.001,0.8989235888621837,0.6847798913501458,15,0.6540556900726392,True,True,True
2014_001561,400.0,0.000625,0.910753858741971,0.6965967361422527,15,0.6756852825679408,True,True,True
2014_001562,400.0,0.0003125,0.787112353691329,0.6338152430345688,15,0.6281120592481753,False,True,True
2014_001563,400.0,0.0003125,0.9620274079980806,0.7771171487195688,15,0.7620756804825828,True,True,True
2014_001564,400.0,0.00125,0.9372912089056,0.7454789261648267,15,0.7272469548596504,True,True,True
2014_001565,400.0,0.001,0.9211010901666892,0.7366651702168933,15,0.719949944663854,True,True,True
2014_001566,400.0,0.0005,0.8844936023880628,0.7356176002982104,15,0.7226831685916728,True,True,True
2014_001567,400.0,0.0015625,0.8764974136258774,0.5036805807304635,15,0.46740743959701936,True,False,False
2014_001568,400.0,0.000625,0.8114182477426851,0.6590190482579441,15,0.6553446224138324,True,True,True
2014_001569,360.0,0.00025,0.8993826442449252,0.5973999198955999,13,0.5494474068678948,True,False,False
2014_001570,400.0,0.0004,0.8265298155913433,0.6278993645513575,15,0.617943030371927,True,True,False
2014_001571,360.0,0.00025,0.9405870472771278,0.6946670760010324,13,0.6432000402504783,True,True,True
2014_001572,220.0,0.00025,0.8586180470851285,0.47204384526235676,8,0.29405688304658445,True,False,False
2014_001573,400.0,0.0004,0.9080420323385164,0.5242568201923894,15,0.5099194048613193,True,False,False
2014_001574,360.0,0.00025,0.8050321194190052,0.48137622267436997,13,0.45242842899871816,True,False,False
2014_001575,400.0,0.001,0.7781055243285722,0.6408224778762817,15,0.6201254952411576,False,True,True
2014_001576,400.0,0.000625,0.8238407085670401,0.6242491038650704,15,0.6057055466018253,True,True,False
2014_001577,280.0,0.00025,0.8655598501148857,0.5003479369647108,10,0.3940399550437187,True,False,False
2014_001578,400.0,0.000625,0.8993326616107924,0.7022056551591497,15,0.6820918170248949,True,True,True
2014_001579,400.0,0.000625,0.955777967720967,0.7435351800085326,15,0.7203978055888681,True,True,True
2014_001580,400.0,0.0008,0.855876602872853,0.633906203167098,15,0.614005101037623,True,True,False
2014_001581,400.0,0.0003125,0.8036858103184645,0.6164017476903066,15,0.6010411754461508,True,False,False
2014_001582,400.0,0.0003125,0.6372622685473576,0.5083776677921159,15,0.5036473691289407,False,False,False
2014_001583,400.0,0.0015625,0.8979804041637104,0.6910104125806208,15,0.6783758766788796,True,True,True
2014_001584,400.0,0.0004,0.9146539499829976,0.7292186665062816,15,0.7148932304842185,True,True,True
2014_001585,400.0,0.0005,0.9025133746919666,0.7323113523202351,15,0.7231937763111065,True,True,True
2014_001586,360.0,0.00025,0.8555926519414246,0.48295257581580747,13,0.440518847831712,True,False,False
2014_001587,280.0,0.00025,0.8969307688469229,0.6169351574048157,10,0.5381419133385392,True,False,False
2014_001588,400.0,0.0005,0.9333415894180237,0.6844135310343414,15,0.6670715397724625,True,True,True
2014_001589,400.0,0.0005,0.9130756553673418,0.7205656398388527,15,0.7057147252310024,True,True,True
2014_001590,360.0,0.00025,0.7884185527606772,0.4057399396110641,13,0.3438846949373953,False,False,False
2014_001591,400.0,0.002,0.915956224795947,0.7878976180507202,15,0.7712295661903914,True,True,True
2014_001592,400.0,0.00025,0.7659397924886263,0.6005875727144057,15,0.5907630109340524,False,False,False
2014_001593,220.0,0.00025,0.9443662714210699,0.5364549787825783,8,0.3293024060070369,True,False,False
2014_001594,400.0,0.0005,0.8180659793903011,0.5924221039235624,15,0.580259222333001,True,False,False
2014_001595,400.0,0.00125,0.9346434924593141,0.7227290204295962,15,0.7076738379491951,True,True,True
2014_001596,400.0,0.0005,0.6848538739102547,0.3391325856702349,15,0.3299760562528523,False,False,False
2014_001597,400.0,0.001,0.7544325508724077,0.6040818958437911,15,0.5953364632651598,False,False,False
2014_001598,400.0,0.0025,0.8968398500223559,0.6262772008799588,15,0.5895964740845412,True,True,False
2014_001599,400.0,0.001,0.9465203990283045,0.7798140629487077,15,0.768440204742088,True,True,True
2014_001600,400.0,0.00025,0.9647448109764177,0.7221874730465547,15,0.7013482257899817,True,True,True
2014_001601,400.0,0.00025,0.9071873706028087,0.6431832692178684,15,0.6258152126319088,True,True,True
2014_001602,400.0,0.0015625,0.9530629606044313,0.8113224958865531,15,0.7951995438940057,True,True,True
2014_001603,400.0,0.00125,0.9095828193245917,0.7274137151026205,15,0.7109047402043125,True,True,True
2014_001604,400.0,0.00125,0.9286761855632969,0.7669916997433288,15,0.7507240459595691,True,True,True
2014_001605,400.0,0.001,0.9187351766378029,0.7399962029721244,15,0.7248890137674481,True,True,True
2014_001606,400.0,0.0005,0.9539735533208131,0.8339362918866866,15,0.821567572721015,True,True,True
2014_001607,400.0,0.000625,0.9416062799338147,0.7124698162720985,15,0.697910948956247,True,True,True
2014_001608,400.0,0.0003125,0.9316459801900232,0.702611051499132,15,0.6809894314405144,True,True,True
2014_001609,400.0,0.002,0.9369944111979607,0.7901155251514267,15,0.77665123621512,True,True,True
2014_001610,400.0,0.0003125,0.9636735715954556,0.811432375065721,15,0.7959200373688349,True,True,True
2014_001611,400.0,0.0003125,0.9209475897795509,0.7575605549939508,15,0.7466200586176506,True,True,True
2014_001612,400.0,0.00025,0.9345140333061142,0.7685348825912055,15,0.7548768180047197,True,True,True
2014_001613,400.0,0.0003125,0.9315235433903791,0.7129925272244255,15,0.6976131185495552,True,True,True
2014_001614,400.0,0.016666666666666666,0.8998705738931697,0.5311186510075342,15,0.5097040664549276,True,False,False
2014_001615,400.0,0.003125,0.965336754073213,0.6693147686539321,15,0.636833739748603,True,True,True
2014_001616,400.0,0.0015625,0.9437081529690016,0.8248774144916923,15,0.8126980097162936,True,True,True
2014_001617,400.0,0.002,0.9346703839426368,0.7677854322349491,15,0.7501504435979434,True,True,True
2014_001618,400.0,0.001,0.9398133078391607,0.802387418453952,15,0.793701510648697,True,True,True
2014_001619,400.0,0.00125,0.9403810857781313,0.7788348577072891,15,0.7686083694557693,True,True,True
2014_001620,400.0,0.0015625,0.9495663242291686,0.8381103788402773,15,0.8291507231702308,True,True,True
2014_001621,400.0,0.001,0.9556670145347848,0.8111475566670886,15,0.8020353506930319,True,True,True
2014_001622,400.0,0.003125,0.8122598148544092,0.5902174153707257,15,0.5743078603103516,True,False,False
2014_001623,400.0,0.0005,0.9426759083042553,0.7344569704872786,15,0.715826253424017,True,True,True
2014_001624,400.0,0.0005,0.9334500641264803,0.7395462766490056,15,0.7308189782657332,True,True,True
2014_001625,400.0,0.0005,0.9283760006027658,0.7371103874323335,15,0.7288361134693367,True,True,True
2014_001626,400.0,0.0005,0.9469746213794811,0.7308452088216623,15,0.7211193317627496,True,True,True
2014_001627,400.0,0.0005,0.9317573051478644,0.7271150172287248,15,0.7172300218998292,True,True,True
2014_001628,400.0,0.0005,0.9495352193337124,0.7526492035329213,15,0.7441132849380265,True,True,True
2014_001629,400.0,0.0015625,0.9324936608801372,0.7106480112199034,15,0.6840927334007258,True,True,True
2014_001630,400.0,0.008,0.9063085850172387,0.4998144446342775,15,0.4768743983495321,True,False,False
2014_001631,400.0,0.005,0.8779012234096517,0.5272879571428241,15,0.5014043880952436,True,False,False
2014_001632,400.0,0.00625,0.9206542619407274,0.6683396115927986,15,0.6511710311557869,True,True,True
2014_001633,400.0,0.0125,0.9721430256793425,0.6385611974153773,15,0.5948524991812761,True,True,False
2014_001634,400.0,0.0125,0.8888990965452994,0.5255558729842954,15,0.49378496925530996,True,False,False
2014_001635,500.0,0.016666666666666666,0.9547794716612509,0.5385187658767152,19,0.629612694895096,True,False,True
2014_001636,400.0,0.0125,0.9804581532168493,0.5746984683999047,15,0.5349887526680813,True,False,False
2014_001637,400.0,0.01,0.9421716207030219,0.7566759449857257,15,0.734656611868075,True,True,True
2014_001638,400.0,0.008,0.9547251103831363,0.6593956116403854,15,0.6431094105816458,True,True,True
2014_001639,400.0,0.0025,0.9275392665226065,0.7275459005813187,15,0.6935172275682069,True,True,True
2014_001640,400.0,0.008,0.8657190510007928,0.5487902384989546,15,0.534439728543901,True,False,False
2014_001641,400.0,0.004,0.9360801833809146,0.5002320268230773,15,0.45177328471992045,True,False,False
2014_001642,400.0,0.003125,0.9402583185147904,0.45109901485467363,15,0.41552017794809143,True,False,False
2014_001643,400.0,0.000625,0.7755411260418281,0.6330075484517611,15,0.6243791000217775,False,True,True
2014_001644,400.0,0.0008,0.7528240188284996,0.6206386227462789,15,0.6119111591311581,False,True,False
2014_001645,400.0,0.004,0.9433436928194535,0.46933020130857017,15,0.4250121693256326,True,False,False
2014_001646,400.0,0.0025,0.9218195595513757,0.6275151178879669,15,0.5930449040680411,True,True,False
2014_001647,400.0,0.0003125,0.8257202621502413,0.6734045460568906,15,0.6622722981205538,True,True,True
2014_001648,400.0,0.0008,0.9537756881823869,0.6384201307248292,15,0.6172494696883827,True,True,False
2014_001649,400.0,0.0003125,0.9595033262823396,0.8867050241387208,15,0.8721003876008699,True,True,True
2014_001650,400.0,0.00125,0.9374072016631577,0.7123469663928335,15,0.6953624542349088,True,True,True
2014_001651,250.0,0.00025,0.8628923884627192,0.6471214463999451,9,0.5265493294726361,True,True,False
2014_001652,400.0,0.002,0.9371816601901289,0.7930033647813602,15,0.776574114249892,True,True,True
2014_001653,400.0,0.00125,0.9204612711418281,0.7499715801220799,15,0.7368581197078304,True,True,True
2014_001654,400.0,0.00625,0.9475828398133409,0.7021636036537389,15,0.669948680640214,True,True,True
2014_001655,400.0,0.003125,0.9098888287077779,0.7972380505153416,15,0.7857815350765734,True,True,True
2014_001656,400.0,0.004,0.9261535083182669,0.8185317266629016,15,0.8048414831739452,True,True,True
2014_001657,400.0,0.004,0.9256980054202656,0.8257859418099694,15,0.8130045147950249,True,True,True
2014_001658,400.0,0.004,0.9237728891548754,0.8251382329643486,15,0.8138653727250466,True,True,True
2014_001659,400.0,0.003125,0.9394626032409896,0.8414648332100153,15,0.8319467352004312,True,True,True
2014_001660,400.0,0.004,0.9230764782219467,0.8209736881500015,15,0.8085679983582563,True,True,True
2014_001661,400.0,0.00625,0.933394504917465,0.640980026443705,15,0.6053682257833725,True,True,False
2014_001662,400.0,0.005,0.9398318964221026,0.7828413582586679,15,0.7585649580922463,True,True,True
2014_001663,400.0,0.004,0.9321758374197924,0.8182748324466441,15,0.8028549419689225,True,True,True
2014_001664,400.0,0.004,0.9293977117371782,0.8116993897326912,15,0.7922007097699278,True,True,True
2014_001665,400.0,0.005,0.9466033454161876,0.6975113770389197,15,0.6679073237694937,True,True,True
2014_001666,400.0,0.00625,0.9420845848268915,0.6916491162905053,15,0.6524783868480736,True,True,True
2014_001667,400.0,0.005,0.9241773767196918,0.738103306917167,15,0.7078203985987017,True,True,True
2014_001668,400.0,0.00625,0.9463489709856179,0.6393796320683293,15,0.6084990801543001,True,True,False
2014_001669,400.0,0.005,0.9406461589708832,0.6943269462411572,15,0.6670479529261073,True,True,True
2014_001670,400.0,0.005,0.9615236160923923,0.7227390582643848,15,0.6928351918060865,True,True,True
2014_001671,400.0,0.00625,0.9388140269281648,0.6214504894332581,15,0.5847919037055225,True,True,False
2014_001672,400.0,0.008,0.9440004481087728,0.6140723090919485,15,0.5835861242920228,True,False,False
2014_001673,400.0,0.00625,0.9434496890501846,0.7176533045873978,15,0.6889052762164286,True,True,True
2014_001674,400.0,0.00625,0.9436469345691795,0.6404889573903414,15,0.6039667705534375,True,True,False
2014_001675,400.0,0.005,0.9229107093700668,0.6909158999633516,15,0.6557736469081321,True,True,True
2014_001676,400.0,0.00625,0.9508573219684665,0.6834599780373827,15,0.654271978562159,True,True,True
2014_001677,400.0,0.008,0.9352881445157402,0.5580430980839385,15,0.5245836900964326,True,False,False
2014_001678,400.0,0.00625,0.9465776931717278,0.6563721992788621,15,0.6247005172748246,True,True,True
2014_001679,400.0,0.00625,0.911856946561707,0.584626795781036,15,0.5517840330516571,True,False,False
2014_001680,400.0,0.005,0.9117137731650921,0.7241123827721344,15,0.6946631517446336,True,True,True
2014_001681,400.0,0.005,0.9651138976177203,0.7577978692361761,15,0.7319619282688891,True,True,True
2014_001682,400.0,0.008,0.9110688319529314,0.5749186811458233,15,0.5454770507833476,True,False,False
2014_001683,400.0,0.005,0.9328238767291099,0.7041147439352476,15,0.6708923610342324,True,True,True
2014_001684,400.0,0.00625,0.953301803241254,0.6912854409922371,15,0.6615893948912295,True,True,True
2014_001685,400.0,0.005,0.963433035332187,0.8150419887173085,15,0.788990420187895,True,True,True
2014_001686,400.0,0.00625,0.9473877423083749,0.7116263903020802,15,0.6745237852898051,True,True,True
2014_001687,400.0,0.005,0.9232114726420672,0.7077826018133865,15,0.6732935928707084,True,True,True
2014_001688,400.0,0.005,0.8882415150967383,0.7297973084392827,15,0.7053293632526352,True,True,True
2014_001689,400.0,0.004,0.9225819806077293,0.7966262382887797,15,0.781757891720926,True,True,True
2014_001690,400.0,0.005,0.9382843762382062,0.7521822583294201,15,0.722521902307661,True,True,True
2014_001691,400.0,0.002,0.9454505641180535,0.844871046456256,15,0.8365176264378889,True,True,True
2014_001692,400.0,0.005,0.9432342267199065,0.8095889659493511,15,0.7908660082067355,True,True,True
2014_001693,400.0,0.008,0.9608225373597471,0.6290241803591545,15,0.5977180325116794,True,True,False
2014_001694,400.0,0.008,0.9534954136595847,0.623806489051242,15,0.5898201566992757,True,True,False
2014_001695,400.0,0.005,0.9595015500399696,0.7874271616704411,15,0.7611145268205989,True,True,True
2014_001696,400.0,0.005,0.9321398994927713,0.7932538562634932,15,0.7726455205150211,True,True,True
2014_001697,400.0,0.004,0.9394025827720682,0.8132818977604805,15,0.7942969236143079,True,True,True
2014_001698,400.0,0.005,0.9149939145110244,0.7558365671959923,15,0.7278305124401406,True,True,True
2014_001699,400.0,0.00625,0.9623968664110419,0.6809873247344477,15,0.6420236307980268,True,True,True
2014_001700,400.0,0.008,0.9529088405978617,0.6389665524473976,15,0.6030067322064301,True,True,False
2014_001701,400.0,0.00625,0.954645179476486,0.7541030372587905,15,0.7191360125787701,True,True,True
2014_001702,400.0,0.005,0.9581770102354521,0.7949146428794491,15,0.7622913906606332,True,True,True
2014_001703,400.0,0.005,0.9348013301824721,0.790054471983453,15,0.7657028500180598,True,True,True
2014_001704,400.0,0.01,0.948654492273924,0.59512905598749,15,0.5637231907195219,True,False,False
2014_001705,400.0,0.008,0.9617660112139551,0.6613592269264463,15,0.6224733158826471,True,True,True
2014_001706,400.0,0.00625,0.938439942023449,0.7630990439354789,15,0.732224399060029,True,True,True
2014_001707,400.0,0.008,0.9635821157673813,0.6305489398559376,15,0.5984921850292675,True,True,False
2014_001708,400.0,0.01,0.9599269394336051,0.5905971181582862,15,0.5596272584302115,True,False,False
2014_001709,400.0,0.005,0.9441008677646213,0.817975514953317,15,0.7979135183114892,True,True,True
2014_001710,400.0,0.00625,0.954743575042192,0.726539142929184,15,0.6860854294921004,True,True,True
2014_001711,400.0,0.00625,0.9569470656641279,0.8155948957899255,15,0.7899189818677874,True,True,True
2014_001712,400.0,0.00625,0.9463575630417332,0.757629332750836,15,0.7241020557816111,True,True,True
2014_001713,400.0,0.0125,0.9449169065557719,0.48516986329708256,15,0.4561031026906024,True,False,False
2014_001714,400.0,0.01,0.9409939720117076,0.5309017842065451,15,0.5015639194448475,True,False,False
2014_001715,400.0,0.008,0.917418898425704,0.631035465033471,15,0.5899428413466924,True,True,False
2014_001716,400.0,0.008,0.9490465048341882,0.7090773998851969,15,0.6709719201692238,True,True,True
2014_001717,400.0,0.008,0.9519039418040212,0.7266279963556463,15,0.689725197956016,True,True,True
2014_001718,400.0,0.00625,0.9544545845393881,0.7967391742571424,15,0.7690984471180426,True,True,True
2014_001719,400.0,0.01,0.9481476848870029,0.5895975893995177,15,0.5497703112075771,True,False,False
2014_001720,400.0,0.00625,0.9515777741353335,0.796813900360569,15,0.7686948270204302,True,True,True
2014_001721,400.0,0.008,0.946227979964647,0.7319587475558079,15,0.6943549530394564,True,True,True
2014_001722,400.0,0.008,0.9477531112330889,0.6945872690182684,15,0.649431800719816,True,True,True
2014_001723,400.0,0.01,0.9639624381743731,0.5278304546089937,15,0.49359119360513093,True,False,False
2014_001724,400.0,0.00625,0.9543616003167164,0.8105936168954192,15,0.7865089682890342,True,True,True
2014_001725,400.0,0.00625,0.956900098511228,0.8119576884196598,15,0.7876339080207174,True,True,True
2014_001726,400.0,0.00625,0.9585451467936265,0.7617435644673537,15,0.7218128098303697,True,True,True
2014_001727,400.0,0.008,0.9551796218900475,0.7632735700753226,15,0.7249988516386539,True,True,True
2014_001728,400.0,0.008,0.9537399154872142,0.7833544857637892,15,0.7482689485405236,True,True,True
2014_001729,400.0,0.008,0.9553003650632458,0.7573664901880371,15,0.7157684222770866,True,True,True
2014_001730,400.0,0.0125,0.9678589356226976,0.61167260565007,15,0.580315070697751,True,False,False
2014_001731,400.0,0.0125,0.9795914708641725,0.5896267115127934,15,0.559739657395067,True,False,False
2014_001732,400.0,0.01,0.9825797714579166,0.6540778724482833,15,0.6171975042720694,True,True,False
2014_001733,400.0,0.01,0.9803069247676262,0.7027766551191635,15,0.6663753353793442,True,True,True
2014_001734,400.0,0.0125,0.976004493975812,0.5793762646432595,15,0.5478842722743271,True,False,False
2014_001735,400.0,0.0125,0.982642476944374,0.569632336004912,15,0.5394167183566966,True,False,False
2014_001736,400.0,0.01,0.9772555469157658,0.6629008400717635,15,0.6208455343284036,True,True,True
2014_001737,450.0,0.016666666666666666,0.941113352022157,0.4690050663389348,17,0.4998862378723954,True,False,False
2014_001738,400.0,0.0125,0.9824152005369374,0.593147678277729,15,0.5572449456403742,True,False,False
2014_001739,400.0,0.0125,0.9818888957919083,0.6576880644113401,15,0.6264338819801781,True,True,True
2014_001740,450.0,0.016666666666666666,0.9592812133701646,0.5266168266826964,17,0.5575625212529465,True,False,False
2014_001741,400.0,0.0125,0.9783339738821322,0.5326178821837437,15,0.49977854801521854,True,False,False
2014_001742,400.0,0.01,0.9851555707421983,0.700509963315225,15,0.6587049012062255,True,True,True
2014_001743,400.0,0.0125,0.9772508378080872,0.5729356924255408,15,0.5416365256236594,True,False,False
2014_001744,400.0,0.0125,0.9850604385054977,0.6460585099193635,15,0.6104824819542036,True,True,False
2014_001745,400.0,0.0125,0.981125689884275,0.5848297417987999,15,0.5497625866186657,True,False,False
2014_001746,400.0,0.016666666666666666,0.9801823399539532,0.5606790417610278,15,0.5259537512751767,True,False,False
2014_001747,720.0,0.016666666666666666,0.8575765907448354,0.3234667062782485,27,0.5239237127860701,True,False,False
2014_001748,400.0,0.0125,0.9834521956173243,0.6029833105919232,15,0.5712061280526997,True,False,False
2014_001749,400.0,0.0125,0.9910167987915603,0.615610493676412,15,0.5798316023094126,True,False,False
2014_001750,640.0,0.016666666666666666,0.8798379472123901,0.3584899097867154,24,0.5215924153294178,True,False,False
2014_001751,400.0,0.016666666666666666,0.9710261410002673,0.6069827887897461,15,0.5764766935520915,True,False,False
2014_001752,450.0,0.016666666666666666,0.9767446087326354,0.5431662007679315,17,0.5773319335992685,True,False,False
2014_001753,400.0,0.016666666666666666,0.9844710151943903,0.5340884456342606,15,0.500148956511308,True,False,False
2014_001754,450.0,0.016666666666666666,0.946850904033012,0.5171264050077147,17,0.5467885785798058,True,False,False
2014_001755,400.0,0.0125,0.9821522753582144,0.6439164442370601,15,0.610823107409624,True,True,False
2014_001756,400.0,0.0125,0.974542729121221,0.6821630732595055,15,0.6451743129907592,True,True,True
2014_001757,400.0,0.016666666666666666,0.9611170218215093,0.5944628824828134,15,0.5625291840752188,True,False,False
2014_001758,400.0,0.0125,0.9442189672282456,0.6229114281286072,15,0.5884288632280157,True,True,False
2014_001759,450.0,0.016666666666666666,0.9423637853426793,0.45649581748622214,17,0.48940620134954765,True,False,False
2014_001760,400.0,0.01,0.9714167490898203,0.7277419068614508,15,0.6874510707189007,True,True,True
2014_001761,400.0,0.0125,0.9794819221487014,0.687831640973665,15,0.6483454839326899,True,True,True
2014_001762,400.0,0.016666666666666666,0.9769475547503991,0.6042479125434436,15,0.5708336128505435,True,False,False
2014_001763,400.0,0.016666666666666666,0.9792406010341531,0.5938327708290442,15,0.5601436492643382,True,False,False
2014_001764,400.0,0.0125,0.9779084192566484,0.6292785134817622,15,0.5934396016458414,True,True,False
2014_001765,400.0,0.0125,0.975198410403526,0.6316017558858062,15,0.5930416407390358,True,True,False
2014_001766,400.0,0.016666666666666666,0.9509607157975857,0.6084698341171382,15,0.578359427848374,True,False,False
2014_001767,400.0,0.0125,0.978559556663123,0.6042744322551074,15,0.5743730855824968,True,False,False
2014_001768,400.0,0.0125,0.9868952968737142,0.6357595261943702,15,0.6016050704366847,True,True,False
2014_001769,400.0,0.0125,0.9660768275220741,0.6537331161966536,15,0.6183466504695393,True,True,False
2014_001770,400.0,0.016666666666666666,0.9780745185722249,0.5759628225036525,15,0.5456819795832919,True,False,False
2014_001771,450.0,0.016666666666666666,0.9756810939405847,0.6052854446273377,17,0.6400513408399263,True,False,True
2014_001772,400.0,0.0125,0.9896958114717829,0.6824321946325426,15,0.6511765251147452,True,True,True
2014_001773,500.0,0.016666666666666666,0.9204704002014507,0.43425854356056787,19,0.514743018210863,True,False,False
2014_001774,500.0,0.016666666666666666,0.982265624406198,0.5726559135982837,19,0.6562772322740099,True,False,True
2014_001775,450.0,0.016666666666666666,0.9624308215558826,0.5276149922787158,17,0.5612823032394365,True,False,False
2014_001776,450.0,0.016666666666666666,0.970067011428426,0.5590042104379602,17,0.5912907201497926,True,False,False
2014_001777,450.0,0.016666666666666666,0.9823524124345558,0.634596500521637,17,0.6669997878423067,True,True,True
2014_001778,400.0,0.016666666666666666,0.9807915084709412,0.634612073623346,15,0.6005127226870929,True,True,False
2014_001779,400.0,0.016666666666666666,0.979052980270326,0.5542773403356388,15,0.5226527081004253,True,False,False
2014_001780,400.0,0.016666666666666666,0.9778853694138003,0.6285212559206702,15,0.5991510883326157,True,True,False
2014_001781,400.0,0.016666666666666666,0.980017355953353,0.6178300944035643,15,0.5834429508954079,True,False,False
2014_001782,400.0,0.016666666666666666,0.9847971002471538,0.6148962377038589,15,0.5832388482547055,True,False,False
2014_001783,400.0,0.016666666666666666,0.9714247215265044,0.6043928621824285,15,0.5730352033062232,True,False,False
2014_001784,450.0,0.016666666666666666,0.9828643420087765,0.5592074043034966,17,0.5935340316471864,True,False,False
2014_001785,400.0,0.0125,0.9842031743681782,0.6014041898170256,15,0.5712791605296804,True,False,False
2014_001786,450.0,0.016666666666666666,0.9767445674246733,0.5736856384773422,17,0.6058772638002466,True,False,False
2014_001787,450.0,0.016666666666666666,0.9812976962384309,0.5604748565044013,17,0.5944005487680148,True,False,False
2014_001788,500.0,0.016666666666666666,0.9672366724817262,0.6464336275231316,19,0.737751280464209,True,True,True
2014_001789,400.0,0.016666666666666666,0.9714143945359811,0.6040691316835043,15,0.5708886763640137,True,False,False
2014_001790,450.0,0.016666666666666666,0.9778401371953084,0.6353809800297483,17,0.6696256936846074,True,True,True
2014_001791,450.0,0.016666666666666666,0.9748888072276376,0.6241852417556744,17,0.6571299938434614,True,True,True
2014_001792,400.0,0.016666666666666666,0.9938397023050835,0.6657643493120241,15,0.6327105028963491,True,True,True
2014_001793,500.0,0.016666666666666666,0.9778752076551255,0.5924302415920948,19,0.6814495608302702,True,False,True
2014_001794,400.0,0.016666666666666666,0.9849912476689917,0.6909446503049684,15,0.6527575460558993,True,True,True
2014_001795,400.0,0.016666666666666666,0.9909024170445244,0.6608408120021771,15,0.6307983986390183,True,True,True
2014_001796,400.0,0.016666666666666666,0.9956796002446753,0.6790134237658255,15,0.6435597499843856,True,True,True
2014_001797,500.0,0.016666666666666666,0.9725887385903278,0.5771157690336349,19,0.6650385684180472,True,False,True
2014_001798,400.0,0.016666666666666666,0.9908555325075487,0.6408097137159948,15,0.6082382203736817,True,True,False
2014_001799,400.0,0.016666666666666666,0.9806914192787894,0.59867596415262,15,0.5691008264566592,True,False,False
2014_001800,450.0,0.016666666666666666,0.994046159499625,0.6918810604976585,17,0.7317756293598489,True,True,True
2014_001801,450.0,0.016666666666666666,0.9932819622009015,0.6754507359591758,17,0.7134741780624319,True,True,True
2014_001802,640.0,0.016666666666666666,0.9756841920377416,0.5195949275144405,24,0.740484173928331,True,False,True
2014_001803,560.0,0.016666666666666666,0.9661225967440734,0.536207420165754,21,0.6788022987715673,True,False,True
2014_001804,400.0,0.016666666666666666,0.9852293054545347,0.6676170527198649,15,0.6349258902113679,True,True,True
2014_001805,450.0,0.016666666666666666,0.9925380884195276,0.5716557239121218,17,0.6052801159002277,True,False,False
2014_001806,800.0,0.016666666666666666,0.8470079486432979,0.32623376142702154,30,0.586779271069787,True,False,False
2014_001807,450.0,0.016666666666666666,0.992413668837703,0.6069627131201688,17,0.6369072266131668,True,False,True
2014_001808,450.0,0.016666666666666666,0.9587740755195467,0.6547159152307743,17,0.6871957875131649,True,True,True
2014_001809,450.0,0.016666666666666666,0.9645905257379997,0.5774608557489612,17,0.6087822462344488,True,False,False
2014_001810,450.0,0.016666666666666666,0.98874928082838,0.603682365234426,17,0.6340522268130974,True,False,True
2014_001811,450.0,0.016666666666666666,0.9709096938551267,0.6505460829972793,17,0.6891014890363711,True,True,True
2014_001812,400.0,0.016666666666666666,0.9923502198079279,0.7084248580080111,15,0.6767260779808404,True,True,True
2014_001813,500.0,0.016666666666666666,0.9845535071946904,0.63342471756094,19,0.7401706464960438,True,True,True
2014_001814,450.0,0.016666666666666666,0.9800471389940223,0.6846376267286969,17,0.724515218018467,True,True,True
2014_001815,400.0,0.0125,0.9822320823409784,0.7519663416115591,15,0.7135647664233021,True,True,True
2014_001816,400.0,0.016666666666666666,0.9735862432589537,0.7270945284795266,15,0.6890111072153113,True,True,True
2014_001817,640.0,0.016666666666666666,0.9728002353562448,0.5223232357947701,24,0.7320225683572418,True,False,True
2014_001818,640.0,0.016666666666666666,0.964251428677177,0.5808233651713074,24,0.7906045288066856,True,False,True
2014_001819,450.0,0.016666666666666666,0.9838542047044151,0.6919603717848773,17,0.7309951980320226,True,True,True
2014_001820,500.0,0.016666666666666666,0.969585525822268,0.6290521458494917,19,0.7435608735609546,True,True,True
2014_001821,640.0,0.016666666666666666,0.9693463527217486,0.5256117626570075,24,0.7424748046216009,True,False,True
2014_001822,560.0,0.016666666666666666,0.9553874835553003,0.6369317635426501,21,0.7699636423840841,True,True,True
2014_001823,800.0,0.016666666666666666,0.9591194100826457,0.4767409323240091,30,0.7678043099736257,True,False,True
2014_001824,800.0,0.016666666666666666,0.9502412137138468,0.4630192121679377,30,0.7645522993498788,True,False,True
2014_001825,450.0,0.016666666666666666,0.9966307986877948,0.7327352133192732,17,0.7732754256289798,True,True,True
2014_001826,500.0,0.016666666666666666,0.9830901726375398,0.6796864543922095,19,0.7845535319794676,True,True,True
2014_001827,560.0,0.016666666666666666,0.9768590317876334,0.6285492214110073,21,0.7672594579536168,True,True,True
2014_001828,450.0,0.016666666666666666,0.9915099745509907,0.6347621867575927,17,0.6657989653842582,True,True,True
2014_001829,560.0,0.016666666666666666,0.9419470706210834,0.5034943644373475,21,0.6358226034524864,True,False,True
2014_001830,500.0,0.016666666666666666,0.991192192398608,0.7165638483951526,19,0.8167741967997235,True,True,True
2014_001831,640.0,0.016666666666666666,0.9631534630447405,0.5359781196681748,24,0.7471687522781341,True,False,True
2014_001832,400.0,0.016666666666666666,0.9957635380236487,0.7202791691217365,15,0.6841177660257544,True,True,True
2014_001833,500.0,0.016666666666666666,0.9910860722439906,0.6532024328076427,19,0.7454469951101287,True,True,True
2014_001834,400.0,0.016666666666666666,0.986062115278295,0.7556076384700721,15,0.7171444318023721,True,True,True
2014_001835,450.0,0.016666666666666666,0.9827250928685604,0.7051842070738398,17,0.7487515081536961,True,True,True
2014_001836,450.0,0.016666666666666666,0.9916948689893197,0.78085609760047,17,0.8193171975621032,True,True,True
2014_001837,500.0,0.016666666666666666,0.9951516844891246,0.6810267325302846,19,0.7872257440472749,True,True,True
2014_001838,450.0,0.016666666666666666,0.9966812770174726,0.7470192174553568,17,0.7880429394613641,True,True,True
2014_001839,560.0,0.016666666666666666,0.9841626099494027,0.613647332777934,21,0.7889586130570833,True,False,True
2014_001840,560.0,0.016666666666666666,0.981824868450664,0.6511562429053576,21,0.8075265420179634,True,True,True
2014_001841,500.0,0.016666666666666666,0.9944914593309895,0.7512003680704654,19,0.8527415350897919,True,True,True
2014_001842,450.0,0.016666666666666666,0.9883505350702946,0.742719595604965,17,0.7791918411156983,True,True,True
2014_001843,720.0,0.016666666666666666,0.9744820890328683,0.5161938364554992,27,0.7875670304300886,True,False,True
2014_001844,560.0,0.016666666666666666,0.9933951460170367,0.6700118818222165,21,0.826933559612842,True,True,True
2014_001845,720.0,0.016666666666666666,0.9801002610332741,0.5546145372302053,27,0.8180098005618543,True,False,True
2014_001846,560.0,0.016666666666666666,0.9938286730792045,0.7405748035971634,21,0.8748564961396883,True,True,True
2014_001847,500.0,0.016666666666666666,0.9785947097388643,0.7271369104486342,19,0.8254361459869646,True,True,True
2014_001848,900.0,0.016666666666666666,0.9639729303967448,0.4670105113892661,34,0.8290672397788404,True,False,True
2014_001849,500.0,0.016666666666666666,0.9874822830150582,0.6263213177834742,19,0.7155306949552404,True,True,True
2014_001850,900.0,0.016666666666666666,0.965898087970097,0.4349478908319787,34,0.8422697188514007,True,False,True
2014_001851,560.0,0.016666666666666666,0.9796713604628606,0.5586832888804584,21,0.6921731904055815,True,False,True
2014_001852,500.0,0.016666666666666666,0.9954296457660495,0.7775457188262854,19,0.8787907903733282,True,True,True
2014_001853,1000.0,0.016666666666666666,0.9483717805813583,0.4601401298259679,37,0.8593575422225204,True,False,True
2014_001854,560.0,0.016666666666666666,0.980008474741503,0.6712453788782806,21,0.8264273718453522,True,True,True
2014_001855,560.0,0.016666666666666666,0.9895126519678618,0.752901347333538,21,0.8900331240286433,True,True,True
2014_001856,800.0,0.016666666666666666,0.9469381464489528,0.5362786350924026,30,0.8376440945641697,True,False,True
2014_001857,500.0,0.016666666666666666,0.993535799627964,0.7696742801096215,19,0.8666362942990716,True,True,True
2014_001858,500.0,0.016666666666666666,0.993591234913093,0.7876580318705798,19,0.8870964996954777,True,True,True
2014_001859,640.0,0.016666666666666666,0.9821868914304485,0.6543500919184773,24,0.8886955722160664,True,True,True
2014_001860,1000.0,0.016666666666666666,0.9361163278477461,0.445863106735478,37,0.847425654755984,True,False,True
2014_001861,640.0,0.016666666666666666,0.9886751743443848,0.6862168714274809,24,0.8822238124869674,True,True,True
2014_001862,500.0,0.016666666666666666,0.9974348168619762,0.8372786430235313,19,0.9270534022724667,True,True,True
2014_001863,500.0,0.016666666666666666,0.9925326357685313,0.8099274433907426,19,0.8976565910488621,True,True,True
2014_001864,560.0,0.016666666666666666,0.9957870422540797,0.7365079108052045,21,0.8976076824217437,True,True,True
2014_001865,560.0,0.016666666666666666,0.9788346676906635,0.7602223987632727,21,0.8900895507048625,True,True,True
2014_001866,560.0,0.016666666666666666,0.9832041413049549,0.7816015823923655,21,0.9125097362866653,True,True,True
2014_001867,900.0,0.016666666666666666,0.9666054042050184,0.488857920768685,34,0.8850550189008711,True,False,True
2014_001868,560.0,0.016666666666666666,0.9903959401213001,0.7670177237594475,21,0.9087419957561852,True,True,True
2014_001869,560.0,0.016666666666666666,0.9883071204021346,0.6788423674947976,21,0.8333299736190831,True,True,True
2014_001870,500.0,0.016666666666666666,0.9967540616466808,0.8300132747266983,19,0.9185052152128302,True,True,True
2014_001871,1000.0,0.016666666666666666,0.9707618939667574,0.5371416823444152,37,0.9186541717241382,True,False,True
2014_001872,560.0,0.016666666666666666,0.9887653083176721,0.7301935757196425,21,0.8711598466119705,True,True,True
2014_001873,560.0,0.016666666666666666,0.994810067642614,0.754517356118585,21,0.8998770179352562,True,True,True
2014_001874,640.0,0.016666666666666666,0.9944618002142066,0.7506544420434421,24,0.9359387449187075,True,True,True
2014_001875,560.0,0.016666666666666666,0.9935819406216221,0.6661099317228956,21,0.8223355703522511,True,True,True
2014_001876,720.0,0.016666666666666666,0.9883158363821363,0.7031281858765764,27,0.9449810578209026,True,True,True
2014_001877,560.0,0.016666666666666666,0.985091130321333,0.8455727861162948,21,0.940067062650299,True,True,True
2014_001878,640.0,0.016666666666666666,0.9954126268856671,0.7201387633585818,24,0.9113442734441687,True,True,True
2014_001879,900.0,0.016666666666666666,0.9370295229657398,0.46490095507312995,34,0.8150667321866023,True,False,True
2014_001880,320.0,0.00025,0.8831007805222053,0.5336330253521834,12,0.4198335553498603,True,False,False
2014_001881,640.0,0.016666666666666666,0.9941058495048497,0.6984857905567355,24,0.8932731140354211,True,True,True
2014_001882,800.0,0.016666666666666666,0.9451658696433074,0.5105152309065512,30,0.7998640802815287,True,False,True
2014_001883,1000.0,0.016666666666666666,0.9296440724231019,0.4327863690995294,37,0.821128675623775,True,False,True
2014_001884,640.0,0.016666666666666666,0.9968672867707782,0.8228954997784241,24,0.9616712920568754,True,True,True
2014_001885,640.0,0.016666666666666666,0.998002223029288,0.8756679084390845,24,0.9793746040631833,True,True,True
2014_001886,800.0,0.016666666666666666,0.9849614646283226,0.6936416471500315,30,0.9534883913060289,True,True,True
2014_001887,720.0,0.016666666666666666,0.9919938973269122,0.77783413101762,27,0.9665923095810348,True,True,True
2014_001888,640.0,0.016666666666666666,0.995844377705465,0.8509902427288899,24,0.9721975934972675,True,True,True
2014_001889,720.0,0.016666666666666666,0.9980406394340346,0.7731391093540724,27,0.97372648379026,True,True,True
2014_001890,800.0,0.016666666666666666,0.9953502518629065,0.6324917772370657,30,0.9436605661966702,True,True,True
2014_001891,640.0,0.016666666666666666,0.9936445221841932,0.7378315005265939,24,0.9183886441438033,True,True,True
2014_001892,1100.0,0.016666666666666666,0.9775098387304113,0.4908282692525671,41,0.9525386799495448,True,False,True
2014_001893,900.0,0.016666666666666666,0.9556407839788557,0.6152676788990007,34,0.926241287737715,True,False,True
2014_001894,640.0,0.016666666666666666,0.9886771571265652,0.8425877488515561,24,0.9469861876088671,True,True,True
2014_001895,1400.0,0.016666666666666666,0.9339289473310265,0.44741987990288334,52,0.9408586471278905,True,False,True
2014_001896,640.0,0.016666666666666666,0.9780948833975369,0.8474031832246053,24,0.9454134695680939,True,True,True
2014_001897,720.0,0.016666666666666666,0.9770235200926884,0.6362093699015647,27,0.871321443359679,True,True,True
2014_001898,640.0,0.016666666666666666,0.9900565539047426,0.882141609642402,24,0.9683995742305731,True,True,True
2014_001899,900.0,0.016666666666666666,0.9859313755782702,0.6525547652699839,34,0.9608851602302804,True,True,True
2014_001900,640.0,0.016666666666666666,0.9911206470082626,0.897475703482856,24,0.9626451272632219,True,True,True
2014_001901,1250.0,0.016666666666666666,0.9532702439582148,0.47982052351397914,47,0.9439132470007942,True,False,True
2014_001902,1000.0,0.016666666666666666,0.9741920658310121,0.6767278129152483,37,0.9588137311631562,True,True,True
2014_001903,900.0,0.016666666666666666,0.991326112811714,0.6612861944494657,34,0.9667008255974536,True,True,True
2014_001904,720.0,0.016666666666666666,0.9869017822237629,0.8227974346764149,27,0.9630002518133369,True,True,True
2014_001905,720.0,0.016666666666666666,0.9856376346598257,0.87154446504702,27,0.9681520569217108,True,True,True
2014_001906,1250.0,0.016666666666666666,0.9575111671944723,0.5066291430646741,47,0.9475799482559943,True,False,True
2014_001907,800.0,0.016666666666666666,0.9975042555462549,0.7702640338844257,30,0.9777509533051492,True,True,True
2014_001908,800.0,0.016666666666666666,0.9982345390081,0.8269958107117164,30,0.9862090476994605,True,True,True
2014_001909,720.0,0.016666666666666666,0.9975910848825746,0.9079964696563276,27,0.9755068156485135,True,True,True
2014_001910,800.0,0.016666666666666666,0.997285323347161,0.829604821597521,30,0.985197126552064,True,True,True
2014_001911,800.0,0.016666666666666666,0.9978630565049961,0.8314233220127486,30,0.9859956094593251,True,True,True
2014_001912,1250.0,0.016666666666666666,0.9837841877086672,0.616256921975208,47,0.9802562398981378,True,False,True
2014_001913,500.0,0.016666666666666666,0.9330620171305771,0.5242174537045146,19,0.6455098162588799,True,False,True
2014_001914,400.0,0.01,0.9713705667882002,0.5833038669870402,15,0.5482857856658728,True,False,False
2014_001915,400.0,0.0125,0.8854493860149746,0.43153316814554676,15,0.40683220474473164,True,False,False
2014_001916,1800.0,0.016666666666666666,0.9641308094278649,0.5590039625901877,67,0.9902725119305656,True,False,True
2014_001917,400.0,0.001,0.9674154120337033,0.8749333289491816,15,0.8638777485904897,True,True,True
2014_001918,400.0,0.001,0.9660382871934412,0.8435272984493652,15,0.8315550944118258,True,True,True
2014_001919,400.0,0.00125,0.9548030585076062,0.816940667886959,15,0.8047933593981066,True,True,True
2014_001920,400.0,0.001,0.9702694617506447,0.8589059222729557,15,0.8459126267204353,True,True,True
2014_001921,400.0,0.0015625,0.9512783740260822,0.800212265094012,15,0.7859082679042753,True,True,True
2014_001922,400.0,0.00125,0.948847772228558,0.7966200007865036,15,0.7828344598289982,True,True,True
2014_001923,400.0,0.0015625,0.9303553129144221,0.7516761944858167,15,0.7350899323904323,True,True,True
2014_001924,400.0,0.001,0.9594545828870696,0.8431388383738411,15,0.831568478191544,True,True,True
2014_001925,400.0,0.00125,0.9551021281531606,0.8175350068455555,15,0.8048352869796312,True,True,True
2014_001926,400.0,0.001,0.954372960006292,0.7968540516997235,15,0.7833579969405671,True,True,True
2014_001927,400.0,0.00125,0.9488729700854348,0.7915776617776766,15,0.7761074168941634,True,True,True
2014_001928,400.0,0.001,0.966843792454258,0.8541734755957517,15,0.8394213696332282,True,True,True
2014_001929,400.0,0.001,0.9550055501377869,0.8183070526570768,15,0.8056461622755201,True,True,True
2014_001930,400.0,0.00125,0.9420618241397782,0.7831315053844102,15,0.7704236478499537,True,True,True
2014_001931,400.0,0.00125,0.9541555975097578,0.8112159213443527,15,0.7985470998340741,True,True,True
2014_001932,400.0,0.00125,0.9576045644967649,0.81893803177805,15,0.805113165640632,True,True,True
2014_001933,400.0,0.00125,0.9610925675079501,0.8230612273223419,15,0.8092033561232114,True,True,True
2014_001934,400.0,0.00125,0.9467596960527103,0.8055429749862114,15,0.7920914915181535,True,True,True
2014_001935,400.0,0.001,0.9586661791225594,0.8382074938591584,15,0.8273278854189834,True,True,True
2014_001936,400.0,0.00125,0.9516871163109941,0.824785504276035,15,0.8131326107854758,True,True,True
2014_001937,400.0,0.00125,0.9449002594470484,0.7869712043848567,15,0.7729413268315702,True,True,True
2014_001938,400.0,0.001,0.9614584734361714,0.8422514194241935,15,0.8304505608134166,True,True,True
2014_001939,400.0,0.001,0.9580114479233827,0.8239580644873468,15,0.8122562623696693,True,True,True
2014_001940,400.0,0.00125,0.9615467485511645,0.8170029189858333,15,0.803072841468964,True,True,True
2014_001941,400.0,0.001,0.9595588028754307,0.8459588916379797,15,0.8341985561380162,True,True,True
2014_001942,400.0,0.001,0.9575190157072699,0.8319225700426067,15,0.8207529384005755,True,True,True
2014_001943,400.0,0.001,0.9662293778260842,0.8370028297606352,15,0.8238446328234389,True,True,True
2014_001944,400.0,0.00125,0.9498037210873181,0.8145269610459308,15,0.8022784067419881,True,True,True
2014_001945,400.0,0.001,0.9659893372583608,0.8416776931386813,15,0.8290909092411198,True,True,True
2014_001946,400.0,0.00125,0.9480494958611074,0.7971440335936175,15,0.7836973005412003,True,True,True
2014_001947,400.0,0.00125,0.9389723190389058,0.7700764544285605,15,0.7527633787401468,True,True,True
2014_001948,400.0,0.001,0.9600198410403525,0.8224558591378665,15,0.8097895161053135,True,True,True
2014_001949,400.0,0.00125,0.9395669884611991,0.7637954135604456,15,0.750825952702053,True,True,True
2014_001950,400.0,0.00125,0.9333622020911082,0.7705456302620147,15,0.7567426573445061,True,True,True
2014_001951,400.0,0.00125,0.9588848634738807,0.8111410300090779,15,0.7981794589714449,True,True,True
2014_001952,400.0,0.001,0.9710291977894623,0.8358444305796564,15,0.822965062386589,True,True,True
2014_001953,400.0,0.00125,0.9397862924319518,0.7883204050427438,15,0.7763602216221736,True,True,True
2014_001954,400.0,0.00125,0.9468468971606889,0.7965882349636539,15,0.784145368006025,True,True,True
2014_001955,400.0,0.00125,0.9524544530148368,0.8009219358827726,15,0.7891364438338944,True,True,True
2014_001956,400.0,0.00125,0.9560083422255606,0.8155640387422419,15,0.8037485984208462,True,True,True
2014_001957,400.0,0.001,0.9573999248525553,0.8113175802390641,15,0.7991157039322867,True,True,True
2014_001958,400.0,0.001,0.9622561301841905,0.8140272173205276,15,0.8006355477815806,True,True,True
2014_001959,400.0,0.001,0.9296923201228268,0.765242224932759,15,0.7529852024965872,True,True,True
2014_001960,400.0,0.001,0.947050421489922,0.7954879147773781,15,0.7835067469120646,True,True,True
2014_001961,400.0,0.00125,0.9546931793284383,0.8108867795023944,15,0.7992839925698543,True,True,True
2014_001962,400.0,0.00125,0.9489214656329321,0.7932433640411216,15,0.7798520249658714,True,True,True
2014_001963,400.0,0.001,0.959282287377179,0.8209635263913265,15,0.8099885791746405,True,True,True
2014_001964,400.0,0.001,0.9551093157385648,0.80024419614871,15,0.7882219681690757,True,True,True
2014_001965,400.0,0.00125,0.9489003572643026,0.7981605812327683,15,0.7853093437618863,True,True,True
2014_001966,400.0,0.00125,0.9467894790933794,0.7925150633614569,15,0.7802410633528648,True,True,True
2014_001967,400.0,0.00125,0.9490998334132504,0.8134913291282929,15,0.8012942032371563,True,True,True
2014_001968,400.0,0.00125,0.9594084418934116,0.8176862352947786,15,0.8067867577248368,True,True,True
2014_001969,400.0,0.00125,0.9520289396973151,0.8174309107810807,15,0.8047608087239773,True,True,True
2014_001970,400.0,0.00125,0.9537427657365987,0.8092935727124229,15,0.795643480562621,True,True,True
2014_001971,400.0,0.00125,0.9483039115996392,0.7936398378612918,15,0.7813994212258816,True,True,True
2014_001972,400.0,0.00125,0.9531113322280425,0.8034290400260934,15,0.7903836964413355,True,True,True
2014_001973,400.0,0.001,0.9576671460593361,0.7875232026823077,15,0.774552833048749,True,True,True
2014_001974,400.0,0.00125,0.9386605678489887,0.7795010725199278,15,0.7666136079662901,True,True,True
2014_001975,400.0,0.0015625,0.9446773616835936,0.7849147701079724,15,0.7702394969549423,True,True,True
2014_001976,400.0,0.00125,0.9414777295557808,0.7740760152423075,15,0.7607385004416647,True,True,True
2014_001977,400.0,0.0015625,0.9255806908079209,0.745424110499129,15,0.730712486339457,True,True,True
2014_001978,400.0,0.001,0.9583236535008829,0.8090049126733159,15,0.796546142150281,True,True,True
2014_001979,400.0,0.00125,0.9542214424013343,0.7984825354893226,15,0.7852035127630037,True,True,True
2014_001980,400.0,0.001,0.9590883878031137,0.7980619378192899,15,0.7860617682914135,True,True,True
2014_001981,400.0,0.00125,0.9480044288744638,0.7781927667445129,15,0.7641947789379624,True,True,True
2014_001982,400.0,0.00125,0.9429781173549289,0.7537017717150174,15,0.7403452139438496,True,True,True
2014_001983,400.0,0.00125,0.9280167452564415,0.7526327216560461,15,0.7386035050301532,True,True,True
2014_001984,400.0,0.001,0.9687796074818302,0.8354257743838421,15,0.8248062821809679,True,True,True
2014_001985,400.0,0.00125,0.9566812902360204,0.8032334055176201,15,0.7912980068743058,True,True,True
2014_001986,400.0,0.00125,0.9462232295490063,0.7811449641793876,15,0.7680922677773772,True,True,True
2014_001987,400.0,0.00125,0.9394992847113284,0.7906734717954191,15,0.7792545466021558,True,True,True
2014_001988,400.0,0.00125,0.9386243820741951,0.7741295916691424,15,0.7600293253484491,True,True,True
2014_001989,400.0,0.0015625,0.9311385118757086,0.7583671755697442,15,0.7430140800667272,True,True,True
2014_001990,400.0,0.0015625,0.9386799412832104,0.7646603196707524,15,0.7492773998191041,True,True,True
2014_001991,400.0,0.0015625,0.9414875608507589,0.781516240142681,15,0.7668360100341997,True,True,True
2014_001992,400.0,0.00125,0.9531371910123128,0.7956161346917153,15,0.7826922778234736,True,True,True
2014_001993,400.0,0.00125,0.9439174604129276,0.7817851549759075,15,0.7685461183568948,True,True,True
2014_001994,400.0,0.00125,0.9489623605154044,0.7831351404850745,15,0.7688811259294704,True,True,True
2014_001995,400.0,0.0015625,0.9330398347549331,0.7494032651796021,15,0.7324563432671822,True,True,True
2014_001996,400.0,0.00125,0.9486746918673875,0.7814254865499624,15,0.7693063500912576,True,True,True
2014_001997,400.0,0.0015625,0.939527911129059,0.7755831362392769,15,0.7617520325995828,True,True,True
2014_001998,400.0,0.0015625,0.9348924142388876,0.7647875068860372,15,0.750029700424745,True,True,True
2014_001999,400.0,0.00125,0.942702799787578,0.7758172697684209,15,0.7619326310098541,True,True,True
2014_002000,400.0,0.00125,0.9504436227281033,0.7920059840366207,15,0.7796521357373025,True,True,True
2014_002001,400.0,0.00125,0.9561245415229287,0.8075125799267758,15,0.794798856661702,True,True,True
2014_002002,400.0,0.0015625,0.9363823511236261,0.7673081600409246,15,0.7523336933184537,True,True,True
2014_002003,400.0,0.001,0.9550748648981792,0.8130504905568346,15,0.8001938004349564,True,True,True
2014_002004,400.0,0.0015625,0.931437085825718,0.7535983778858981,15,0.7380839334829452,True,True,True
2014_002005,400.0,0.0015625,0.9330984094451812,0.7746833249010013,15,0.7606674507468645,True,True,True
2014_002006,400.0,0.00125,0.9246983527376108,0.7614075655036878,15,0.7463913777395027,True,True,True
2014_002007,400.0,0.0015625,0.9351514151612118,0.7569488666912751,15,0.7406284213319604,True,True,True
2014_002008,400.0,0.002,0.9356774307505061,0.7499536524665315,15,0.7329844655625434,True,True,True
2014_002009,400.0,0.001,0.9619624305737081,0.8195041573985369,15,0.8070011460481004,True,True,True
2014_002010,400.0,0.0015625,0.9288059338722315,0.741241844569044,15,0.7236840192052282,True,True,True
2014_002011,400.0,0.0015625,0.9252109845471871,0.7481408112421106,15,0.730674359090445,True,True,True
2014_002012,400.0,0.0015625,0.9461200835676596,0.7733480863343017,15,0.7562945072637572,True,True,True
2014_002013,400.0,0.001,0.9662078976857957,0.8469318593771222,15,0.8354043768594779,True,True,True
2014_002014,400.0,0.00125,0.9454539513709451,0.7702342095357944,15,0.7531535324421168,True,True,True
2014_002015,400.0,0.0015625,0.9284103275192652,0.7418398186283047,15,0.7254381205075526,True,True,True
2014_002016,400.0,0.0008,0.9775528403189503,0.8501919663614393,15,0.8395534311880402,True,True,True
2014_002017,400.0,0.0015625,0.9429759693409001,0.7652025279811874,15,0.7492921880695336,True,True,True
2014_002018,400.0,0.002,0.922621718867263,0.7140929300266254,15,0.6962817216233302,True,True,True
2014_002019,400.0,0.0015625,0.946727186686543,0.7639299535929831,15,0.744344485601862,True,True,True
2014_002020,400.0,0.00125,0.9516357292061501,0.7908988067286374,15,0.7771787388910497,True,True,True
2014_002021,400.0,0.00125,0.9447650584871173,0.7780353421009758,15,0.7652456534936126,True,True,True
2014_002022,400.0,0.00125,0.9376626087927797,0.7783482086058695,15,0.765321205756281,True,True,True
2014_002023,400.0,0.002,0.923930520338223,0.7043071977306397,15,0.6861294637796918,True,True,True
2014_002024,400.0,0.002,0.9179029864334739,0.7058250587977533,15,0.6882336087527937,True,True,True
2014_002025,400.0,0.0015625,0.9477916102537598,0.7663326312081323,15,0.7480155655010441,True,True,True
2014_002026,400.0,0.00125,0.9545486014611122,0.8078854255926288,15,0.794385198729301,True,True,True
2014_002027,400.0,0.00125,0.9620091498788355,0.814778443919154,15,0.8017244669703187,True,True,True
2014_002028,400.0,0.00125,0.9605791095391321,0.7997331340416933,15,0.7855745408785245,True,True,True
2014_002029,400.0,0.00125,0.9558766111344456,0.7918185285046418,15,0.7788559247679566,True,True,True
2014_002030,400.0,0.0015625,0.9315830681637554,0.7396261662476937,15,0.7238863042955984,True,True,True
2014_002031,400.0,0.00125,0.9431629291773338,0.7732175944820494,15,0.7567781408839441,True,True,True
2014_002032,400.0,0.00125,0.9475050982286816,0.8055039389620333,15,0.7927131763476557,True,True,True
2014_002033,400.0,0.002,0.9322544877796177,0.7427510309641179,15,0.7269458198159912,True,True,True
2014_002034,400.0,0.0015625,0.9421548083624499,0.7632948436758006,15,0.7468021028065951,True,True,True
2014_002035,400.0,0.002,0.9305399595049786,0.7414730452328794,15,0.7253203101996628,True,True,True
2014_002036,400.0,0.0015625,0.9382028343210342,0.761134519874252,15,0.7451662661997435,True,True,True
2014_002037,400.0,0.0015625,0.9330470636482994,0.7569555998890963,15,0.7405807519437049,True,True,True
2014_002038,400.0,0.0015625,0.9548499430445818,0.7976165140640392,15,0.7831457153233703,True,True,True
2014_002039,400.0,0.002,0.911711088147556,0.7264844924953346,15,0.7127547999025793,True,True,True
2014_002040,320.0,0.00025,0.9111037371809001,0.5269707946098727,12,0.4014152438276817,True,False,False
2014_002041,400.0,0.002,0.9230378139694275,0.7917452068719265,15,0.7795223874283679,True,True,True
2014_002042,400.0,0.002,0.9246436609957994,0.7106166997846368,15,0.6864275833421182,True,True,True
2014_002043,400.0,0.005,0.8830738890388827,0.37229428717493523,15,0.3496407942232302,True,False,False
2014_002044,400.0,0.005,0.9212906524047347,0.42094354159926584,15,0.3961628125236488,True,False,False
2014_002045,400.0,0.001,0.9169851648237257,0.6500294856233421,15,0.6286305567883688,True,True,True
2014_002046,400.0,0.001,0.9188954515307244,0.6606704579665048,15,0.6386398477752028,True,True,True
2014_002047,400.0,0.00125,0.9073087333954385,0.6341205501823994,15,0.6123470407471652,True,True,False
2014_002048,400.0,0.001,0.9373892740076093,0.7003926900108425,15,0.6813815266167027,True,True,True
2014_002049,400.0,0.00125,0.8952805157613007,0.5776856536786723,15,0.5505624326886758,True,False,False
2014_002050,400.0,0.001,0.9561848511475848,0.7458294655311494,15,0.7274682829205457,True,True,True
2014_002051,400.0,0.00125,0.9019419203443696,0.6358551541266159,15,0.6102501246674296,True,True,False
2014_002052,400.0,0.001,0.9253130152135572,0.6499998265065592,15,0.6268486552275556,True,True,True
2014_002053,400.0,0.0008,0.9422267255244542,0.7345582989182932,15,0.716713878913475,True,True,True
2014_002054,400.0,0.001,0.9341975317005563,0.682506879428007,15,0.6620755896050662,True,True,True
2014_002055,400.0,0.001,0.9451094842750503,0.7071852060655951,15,0.6863763614691226,True,True,True
2014_002056,400.0,0.00125,0.9250563275371102,0.647591407084679,15,0.6233482598277424,True,True,True
2014_002057,400.0,0.00125,0.9140807193930307,0.6636127001825151,15,0.6431228769772882,True,True,True
2014_002058,400.0,0.001,0.9248423522934677,0.6859959151382445,15,0.6655555788716053,True,True,True
2014_002059,400.0,0.00125,0.9009343778409551,0.6555029145245734,15,0.6337610056803404,True,True,True
2014_002060,400.0,0.0015625,0.8885138997987807,0.5655309510646053,15,0.5332961589213137,True,False,False
2014_002061,400.0,0.00125,0.8724447307728785,0.6485720581047709,15,0.6281951708679068,True,True,True
2014_002062,400.0,0.001,0.9338572780167949,0.7082815193795478,15,0.6895892121448052,True,True,True
2014_002063,400.0,0.0008,0.9349794501150179,0.7299940582627326,15,0.7144337620218562,True,True,True
2014_002064,400.0,0.00125,0.9163980960664576,0.6542975481906947,15,0.63244311645772,True,True,True
2014_002065,400.0,0.001,0.9096622132277348,0.641371047612879,15,0.6204266715927789,True,True,True
2014_002066,400.0,0.001,0.893196405149814,0.6833081299687283,15,0.6671678286321017,True,True,True
2014_002067,400.0,0.001,0.9308657554020074,0.718145488955738,15,0.7006677184224589,True,True,True
2014_002068,400.0,0.001,0.9212283186899362,0.6712262532918315,15,0.651381701762462,True,True,True
2014_002069,400.0,0.001,0.9271187514684981,0.6832125020364825,15,0.6610375618256269,True,True,True
2014_002070,400.0,0.00125,0.9196284200101056,0.6549917284936705,15,0.6333952649839676,True,True,True
2014_002071,400.0,0.001,0.9263621135268375,0.6944772659152143,15,0.6739108577482666,True,True,True
2014_002072,400.0,0.00125,0.9155422777078113,0.6399855785642741,15,0.6144354473867096,True,True,False
2014_002073,400.0,0.001,0.9328679110167013,0.7043217794412586,15,0.6847095851986632,True,True,True
2014_002074,400.0,0.00125,0.9136119979471595,0.6636295951390112,15,0.6432360194854614,True,True,True
2014_002075,400.0,0.00125,0.90720298501248,0.6491017914106537,15,0.6275755514365091,True,True,True
2014_002076,400.0,0.00125,0.9187589287160064,0.6743582642856978,15,0.6504405411541312,True,True,True
2014_002077,400.0,0.001,0.9274792460536851,0.680847827746459,15,0.659284575838279,True,True,True
2014_002078,400.0,0.00125,0.9214884762351989,0.694401341880887,15,0.6737103902082284,True,True,True
2014_002079,400.0,0.00125,0.918967533924577,0.6750608301049784,15,0.6567115028794954,True,True,True
2014_002080,400.0,0.001,0.939738953507393,0.7192367213903533,15,0.7008734320736828,True,True,True
2014_002081,400.0,0.0008,0.9434389076720783,0.7528159637758914,15,0.738069186540478,True,True,True
2014_002082,400.0,0.001,0.9365696414237565,0.7281319366395345,15,0.7103548073049661,True,True,True
2014_002083,400.0,0.00125,0.9098562367256864,0.6646874920482173,15,0.6440017038708205,True,True,True
2014_002084,400.0,0.001,0.9242654452948744,0.6679430551567043,15,0.6466003051501775,True,True,True
2014_002085,400.0,0.001,0.9284128473049529,0.6851264651521075,15,0.6625009376907395,True,True,True
2014_002086,400.0,0.001,0.9298505709256056,0.6938307963084561,15,0.6731680579739072,True,True,True
2014_002087,400.0,0.00125,0.9253579582763146,0.6847962079951726,15,0.6649419904026733,True,True,True
2014_002088,400.0,0.00125,0.9133270969326029,0.6230614999548917,15,0.5988640806119924,True,True,False
2014_002089,400.0,0.0015625,0.8805749638720564,0.5868749816179568,15,0.5534068576504494,True,False,False
2014_002090,400.0,0.00125,0.912118054190098,0.6490392924640067,15,0.626463086709378,True,True,True
2014_002091,400.0,0.001,0.9286874626369482,0.6875203028633688,15,0.6687177033698375,True,True,True
2014_002092,400.0,0.001,0.9323764701916789,0.6997852977362246,15,0.6811295067399723,True,True,True
2014_002093,400.0,0.00125,0.9206423652476445,0.6842375178078625,15,0.6657072617084114,True,True,True
2014_002094,400.0,0.001,0.9181334435539916,0.6739350229060911,15,0.6538494394179081,True,True,True
2014_002095,400.0,0.001,0.9255138545252543,0.6848912576159489,15,0.6644184945990665,True,True,True
2014_002096,400.0,0.001,0.9236975847399796,0.6987034009010423,15,0.6793795775418193,True,True,True
2014_002097,400.0,0.001,0.9275899927000569,0.7273013574457271,15,0.7089533933829932,True,True,True
2014_002098,400.0,0.00125,0.91211099052858,0.645755474709448,15,0.6222193958396603,True,True,True
2014_002099,400.0,0.00125,0.9058019015542038,0.6459285550706184,15,0.6239724644429324,True,True,True
2014_002100,400.0,0.001,0.9234551483104548,0.6773783720102536,15,0.6584653563340472,True,True,True
2014_002101,400.0,0.0005,0.9050106475403091,0.7068474721675213,15,0.6930932426452826,True,True,True
2014_002102,400.0,0.001,0.9392017434603713,0.7261014850708069,15,0.7082141047854117,True,True,True
2014_002103,400.0,0.00125,0.8909712691557412,0.624752152227441,15,0.5976954370564145,True,True,False
2014_002104,400.0,0.00125,0.9139122242156527,0.7028783140138748,15,0.6845640159402469,True,True,True
2014_002105,400.0,0.001,0.9123343426796178,0.664218316214763,15,0.6434337193920393,True,True,True
2014_002106,400.0,0.00125,0.9036219564706609,0.64668027736479,15,0.6219835686840705,True,True,True
2014_002107,400.0,0.00125,0.9103032301834966,0.6711934547699295,15,0.6496941888950318,True,True,True
2014_002108,400.0,0.0008,0.9312949451281555,0.7408183553416647,15,0.7239821387676546,True,True,True
2014_002109,400.0,0.001,0.9402384906929857,0.7628885798686142,15,0.7489020343675635,True,True,True
2014_002110,400.0,0.001,0.9068163424872879,0.6722851415921278,15,0.6511816059940827,True,True,True
2014_002111,400.0,0.001,0.898328258512497,0.64512321504165,15,0.625272219470194,True,True,True
2014_002112,400.0,0.001,0.9183765409109099,0.7176065026663463,15,0.6990129627689685,True,True,True
2014_002113,400.0,0.00125,0.9095830671723643,0.6900254655324712,15,0.672562359325735,True,True,True
2014_002114,400.0,0.00125,0.885534191261152,0.6420462675612539,15,0.6199199468217819,True,True,False
2014_002115,400.0,0.000625,0.8731377544529157,0.7444202030963788,15,0.7333974212595888,True,True,True
2014_002116,400.0,0.0005,0.9298669288785946,0.7714294554189602,15,0.7550515093764117,True,True,True
2014_002117,400.0,0.000625,0.9047080254100146,0.7096965649290115,15,0.6953155696979331,True,True,True
2014_002118,400.0,0.000625,0.9015312778932014,0.7112959679132969,15,0.6954470529412756,True,True,True
2014_002119,400.0,0.000625,0.8672051875530188,0.6395962510215459,15,0.6250793112872189,True,True,True
2014_002120,400.0,0.0015625,0.8926766270627957,0.6443324567233004,15,0.6215601207646534,True,True,True
2014_002121,400.0,0.0008,0.9149628922314924,0.7551286313416397,15,0.7434253421373268,True,True,True
2014_002122,400.0,0.001,0.9309421751318798,0.7809072781655035,15,0.7675874431726365,True,True,True
2014_002123,400.0,0.000625,0.9081170889056397,0.6947582013654099,15,0.6783007788037941,True,True,True
2014_002124,400.0,0.0015625,0.871091316702858,0.6102542141556768,15,0.5827812386506375,True,False,False
2014_002125,400.0,0.00125,0.905469909462861,0.6400487384383144,15,0.620848384577788,True,True,True
2014_002126,400.0,0.00125,0.9106310501706679,0.6668956504698698,15,0.6492000630524734,True,True,True
2014_002127,400.0,0.0015625,0.8793667885967553,0.6066047796286315,15,0.5865208897668942,True,False,False
2014_002128,400.0,0.0015625,0.8599544835827287,0.5817748114621994,15,0.5507137024458609,True,False,False
2014_002129,400.0,0.00125,0.9288301816459802,0.7475283380881551,15,0.7313293794453564,True,True,True
2014_002130,400.0,0.0008,0.9169127106582143,0.7475667958008639,15,0.7337501499479024,True,True,True
2014_002131,400.0,0.00125,0.932471437196531,0.7212756410913101,15,0.7046260125820748,True,True,True
2014_002132,400.0,0.00125,0.9133265186211336,0.6798623436948023,15,0.6622522224509766,True,True,True
2014_002133,400.0,0.00125,0.9040478828678036,0.6944841643448838,15,0.6764569566078034,True,True,True
2014_002134,400.0,0.0008,0.9185275628203226,0.7180721673230226,15,0.7032808187965107,True,True,True
2014_002135,400.0,0.001,0.892197041622894,0.6612634337623523,15,0.6462554249746617,True,True,True
2014_002136,400.0,0.0015625,0.8951838138220407,0.6441840785234617,15,0.627195063797669,True,True,True
2014_002137,400.0,0.00125,0.8995114424707317,0.669420227881156,15,0.6518621133616056,True,True,True
2014_002138,400.0,0.001,0.9300707010556002,0.7765063691920592,15,0.7634263682271052,True,True,True
2014_002139,400.0,0.00125,0.920203220302632,0.6960206966108635,15,0.6803104937755511,True,True,True
2014_002140,400.0,0.0015625,0.9005105994578413,0.6817832878560209,15,0.6578992307135604,True,True,True
2014_002141,400.0,0.001,0.937354616627413,0.8039036272025818,15,0.7917837058925973,True,True,True
2014_002142,400.0,0.00125,0.8878498330001708,0.6579689998615357,15,0.6423861494733565,True,True,True
2014_002143,400.0,0.00125,0.9067116681113438,0.6903396125841897,15,0.6754684570749138,True,True,True
2014_002144,400.0,0.00125,0.9249131541404954,0.757697573504214,15,0.7421668950721584,True,True,True
2014_002145,400.0,0.0015625,0.9150514151942581,0.6743054727101427,15,0.6412426211587313,True,True,True
2014_002146,400.0,0.0008,0.913712871990591,0.6900649559442322,15,0.6753948875944259,True,True,True
2014_002147,400.0,0.00125,0.9099888352840054,0.6659368100537632,15,0.6485275694295966,True,True,True
2014_002148,400.0,0.000625,0.9207691393833085,0.7172664555223953,15,0.7029181761972948,True,True,True
2014_002149,400.0,0.0015625,0.9013553059746845,0.6905493331077368,15,0.6661795769469847,True,True,True
2014_002150,400.0,0.001,0.909116948128105,0.6918034015289234,15,0.6760701488507629,True,True,True
2014_002151,400.0,0.00125,0.9152572527693684,0.6775161753717964,15,0.6586928392812943,True,True,True
2014_002152,400.0,0.002,0.8642482810104655,0.5660550251796814,15,0.5344680658058969,True,False,False
2014_002153,400.0,0.0015625,0.897791792008793,0.6421579642907539,15,0.6212820768718043,True,True,True
2014_002154,400.0,0.00125,0.9139875699385106,0.7433493354870754,15,0.7271976331529112,True,True,True
2014_002155,400.0,0.0015625,0.9090542013336854,0.6655806941125579,15,0.6417338554439432,True,True,True
2014_002156,400.0,0.0015625,0.9064354830767889,0.6577758851387502,15,0.6400672030973701,True,True,True
2014_002157,400.0,0.0015625,0.8950448125295971,0.6416722652724623,15,0.6130899231374488,True,True,False
2014_002158,400.0,0.00125,0.9019270907859782,0.7179482021287811,15,0.7018556527963342,True,True,True
2014_002159,400.0,0.00125,0.9168556230546016,0.7213250041060114,15,0.7045891658798877,True,True,True
2014_002160,400.0,0.0015625,0.9136153438920891,0.6965584023534303,15,0.6760726273284885,True,True,True
2014_002161,400.0,0.0015625,0.8949501759884417,0.6749864344652486,15,0.6488462190491833,True,True,True
2014_002162,400.0,0.00125,0.9391832788013157,0.7044056759122698,15,0.6882338566005662,True,True,True
2014_002163,400.0,0.0015625,0.9248742420402035,0.7025408279635736,15,0.6836724661943899,True,True,True
2014_002164,400.0,0.0015625,0.9142959751834983,0.6839429920381381,15,0.6646822872449936,True,True,True
2014_002165,400.0,0.00125,0.927740312374114,0.7133834244697131,15,0.6950648716759896,True,True,True
2014_002166,400.0,0.0015625,0.8950286198084566,0.6526909989289672,15,0.631303677631342,True,True,True
2014_002167,400.0,0.0015625,0.9222642810712708,0.7041479142288084,15,0.6830150499776771,True,True,True
2014_002168,400.0,0.00125,0.9269842527439227,0.6893168274427629,15,0.6721214794463147,True,True,True
2014_002169,400.0,0.0015625,0.9151553460268845,0.6839467510626887,15,0.6636741251221476,True,True,True
2014_002170,400.0,0.0015625,0.9151708365126695,0.6844747494341635,15,0.6615204932104581,True,True,True
2014_002171,400.0,0.0015625,0.9113585659990528,0.6824915541740705,15,0.6521279300976751,True,True,True
2014_002172,400.0,0.0008,0.9142184814466114,0.7113701157052541,15,0.6967794825665529,True,True,True
2014_002173,400.0,0.0015625,0.9172213224430124,0.6823495374003941,15,0.6640418899086631,True,True,True
2014_002174,400.0,0.0015625,0.9207954938631239,0.7619641902928933,15,0.7438788209451856,True,True,True
2014_002175,400.0,0.0008,0.9243544639531852,0.7291505909847521,15,0.7140345205682257,True,True,True
2014_002176,400.0,0.0015625,0.92603871349161,0.7584820943202873,15,0.7372868963543575,True,True,True
2014_002177,400.0,0.0015625,0.9190589897526512,0.7340072920119324,15,0.7101748698220882,True,True,True
2014_002178,400.0,0.000625,0.9124513681362277,0.7211775346813388,15,0.704207108538488,True,True,True
2014_002179,400.0,0.0008,0.9197561442288976,0.7167193728724334,15,0.7016095399581831,True,True,True
2014_002180,400.0,0.001,0.9410261096062161,0.8122672502875861,15,0.8003644023184011,True,True,True
2014_002181,400.0,0.0015625,0.9192605312997038,0.696411098160606,15,0.6781217500960823,True,True,True
2014_002182,400.0,0.0008,0.9338120457983028,0.7494399466499408,15,0.7347631037943512,True,True,True
2014_002183,400.0,0.0015625,0.9090463941288498,0.6685683337789086,15,0.6495463063907383,True,True,True
2014_002184,400.0,0.0015625,0.9192440907307907,0.7142957521205029,15,0.6902174649402802,True,True,True
2014_002185,400.0,0.0015625,0.9146434164526639,0.6943414040278898,15,0.6746535749067019,True,True,True
2014_002186,400.0,0.00125,0.9339250643825897,0.7510243135360244,15,0.7346786703198327,True,True,True
2014_002187,400.0,0.00125,0.9296819931323035,0.7788212673877605,15,0.764136080323828,True,True,True
2014_002188,400.0,0.00125,0.9198075726417037,0.7134757890729535,15,0.6980427213553242,True,True,True
2014_002189,400.0,0.00125,0.9239389058545279,0.7161461835904286,15,0.6981421083121203,True,True,True
2014_002190,400.0,0.00125,0.9333421264215309,0.7649406355015167,15,0.7479727291443535,True,True,True
2014_002191,400.0,0.0015625,0.9143245602932667,0.694290058231008,15,0.6745094927349209,True,True,True
2014_002192,400.0,0.00125,0.9386415248784638,0.7683062430210198,15,0.7528566934265153,True,True,True
2014_002193,400.0,0.00125,0.9308995866229618,0.7596495812529267,15,0.7418999630211124,True,True,True
2014_002194,400.0,0.00125,0.9318268677560292,0.7766771363073524,15,0.7613901748516466,True,True,True
2014_002195,400.0,0.00125,0.9307590982438829,0.7274720419450961,15,0.7102879710222993,True,True,True
2014_002196,400.0,0.001,0.9284481656125425,0.744545366221521,15,0.7309265441990237,True,True,True
2014_002197,400.0,0.0015625,0.9066139747809935,0.68662792695827,15,0.66680882113355,True,True,True
2014_002198,400.0,0.00125,0.9258849239487371,0.7647799475289743,15,0.7489203337947709,True,True,True
2014_002199,400.0,0.0015625,0.9008458135702273,0.6666863017179816,15,0.6473879240634081,True,True,True
2014_002200,400.0,0.0015625,0.9255624326886758,0.7350930717955514,15,0.716025316493344,True,True,True
2014_002201,400.0,0.00125,0.9306100178086886,0.7363766754096346,15,0.7176078245211334,True,True,True
2014_002202,400.0,0.00125,0.9258657570543259,0.763626257455674,15,0.7482431723721775,True,True,True
2014_002203,400.0,0.00125,0.9299327737701711,0.7259583116741919,15,0.7077248945903424,True,True,True
2014_002204,400.0,0.00125,0.9280102599063929,0.7245964294719421,15,0.7053236627538664,True,True,True
2014_002205,400.0,0.0015625,0.898179260693227,0.6664534487356624,15,0.6459127754290989,True,True,True
2014_002206,400.0,0.00125,0.9091758532820498,0.6839890091079099,15,0.6671686547913436,True,True,True
2014_002207,400.0,0.0015625,0.9120208565552926,0.6686924642049985,15,0.6474634350181143,True,True,True
2014_002208,400.0,0.00125,0.9380224424505734,0.756437143656865,15,0.7379021371417732,True,True,True
2014_002209,400.0,0.001,0.9357181190931679,0.7481267252270368,15,0.7349177608044279,True,True,True
2014_002210,400.0,0.00125,0.9328987680643849,0.7801171394665853,15,0.7632415150967383,True,True,True
2014_002211,400.0,0.0015625,0.9256222879257487,0.6962779625987797,15,0.6741564748908726,True,True,True
2014_002212,400.0,0.0015625,0.878377504212586,0.6318391527439557,15,0.6106159892876888,True,True,False
2014_002213,400.0,0.0015625,0.9013993815702379,0.6690512651637398,15,0.6509775033533803,True,True,True
2014_002214,400.0,0.001,0.911381698457825,0.6874260380938721,15,0.6717440072887073,True,True,True
2014_002215,400.0,0.0015625,0.9168946590787795,0.6792010858376147,15,0.659259295365478,True,True,True
2014_002216,400.0,0.0015625,0.9091421459849818,0.6699461195465641,15,0.6518613698182879,True,True,True
2014_002217,400.0,0.0015625,0.9198662299478759,0.6969659053994793,15,0.6801005667121935,True,True,True
2014_002218,400.0,0.0015625,0.9232896686143095,0.696639407267095,15,0.670781366540088,True,True,True
2014_002219,400.0,0.00125,0.9368362430111059,0.7812146507114388,15,0.7653093090631982,True,True,True
2014_002220,400.0,0.0008,0.9305062935158727,0.7452323176311305,15,0.7295257912044444,True,True,True
2014_002221,400.0,0.00125,0.9128234289508009,0.6769415403111183,15,0.6573111705652019,True,True,True
2014_002222,400.0,0.00125,0.927671575925191,0.7204078847316189,15,0.7045103089802518,True,True,True
2014_002223,400.0,0.00125,0.9336785384648176,0.7886992816710624,15,0.77542670298683,True,True,True
2014_002224,400.0,0.00125,0.9008700613439761,0.6635308278016464,15,0.6454453758380146,True,True,True
2014_002225,400.0,0.00125,0.9088209765797074,0.7007118766339364,15,0.6856151796516318,True,True,True
2014_002226,400.0,0.00125,0.9422506841424682,0.7617625248219544,15,0.7461097400539515,True,True,True
2014_002227,400.0,0.00125,0.9408714939041014,0.7907033787599747,15,0.7750477850505494,True,True,True
2014_002228,400.0,0.00125,0.9347150791576216,0.7752073990160774,15,0.7596859735675308,True,True,True
2014_002229,400.0,0.00125,0.9442881993727138,0.7726474619892394,15,0.756461969742083,True,True,True
2014_002230,400.0,0.0015625,0.9172893153486177,0.7061237153636869,15,0.685023401786685,True,True,True
2014_002231,400.0,0.0015625,0.9101048280415631,0.6832283229859643,15,0.6651568331135199,True,True,True
2014_002232,400.0,0.0015625,0.9391300741461397,0.7730700011334904,15,0.7534394248477636,True,True,True
2014_002233,400.0,0.00125,0.9273388402905305,0.7355331255157299,15,0.7177076658655125,True,True,True
2014_002234,400.0,0.00125,0.9383001145717637,0.757492355548535,15,0.7427027832643931,True,True,True
2014_002235,400.0,0.00125,0.9119403473371731,0.6624170412197283,15,0.6452142990980654,True,True,True
2014_002236,400.0,0.0015625,0.9031100682044023,0.6699274896556602,15,0.6494080486416125,True,True,True
2014_002237,400.0,0.0015625,0.8750974041746157,0.6214435910035885,15,0.6032289690424913,True,True,False
2014_002238,400.0,0.0015625,0.8900143289058908,0.6379674780762122,15,0.6199075957411161,True,True,False
2014_002239,400.0,0.0015625,0.8960925063721662,0.6394473358182,15,0.6215482653795326,True,True,True
2014_002240,400.0,0.00125,0.9148472712455937,0.6697092183839598,15,0.6530063026036244,True,True,True
2014_002241,400.0,0.00125,0.8992405035473625,0.6450778175913096,15,0.6245516020714786,True,True,True
2014_002242,400.0,0.00125,0.905113917445542,0.6608095005669105,15,0.6417790050465111,True,True,True
2014_002243,400.0,0.001,0.9304092198049537,0.7687522037797777,15,0.7544740653743113,True,True,True
2014_002244,400.0,0.00125,0.9054265774106253,0.6493170058931591,15,0.6306237485752884,True,True,True
2014_002245,400.0,0.001,0.9219384025583177,0.7188077795119778,15,0.7011915446897623,True,True,True
2014_002246,400.0,0.0015625,0.897822814288325,0.638067567268364,15,0.6210681016281616,True,True,True
2014_002247,400.0,0.0004,0.9242737895032173,0.723501727168511,15,0.7115464180874678,True,True,True
2014_002248,400.0,0.000625,0.9092677634977071,0.7246373243544144,15,0.7082784212823908,True,True,True
2014_002249,400.0,0.0005,0.8878512787788441,0.6935241259978765,15,0.6822338751065332,True,True,True
2014_002250,400.0,0.00125,0.9035685452756744,0.6712909002525073,15,0.6565510627547255,True,True,True
2014_002251,400.0,0.001,0.9098180681687122,0.7156299992961124,15,0.6975892425474653,True,True,True
2014_002252,400.0,0.0004,0.9177853826653946,0.715108031887103,15,0.7032215831788691,True,True,True
2014_002253,400.0,0.0005,0.8849878108465455,0.6762497558699441,15,0.6619416691919601,True,True,True
2014_002254,400.0,0.00125,0.9055140676743386,0.6745655476394813,15,0.6554968009461837,True,True,True
2014_002255,400.0,0.0015625,0.900475900769683,0.690783507944843,15,0.6740912496187275,True,True,True
2014_002256,400.0,0.00125,0.9221621264810144,0.6638171745948763,15,0.64579893068557,True,True,True
2014_002257,400.0,0.00125,0.9158065247413213,0.6579526006005847,15,0.6398217511866126,True,True,True
2014_002258,400.0,0.0008,0.9092130304479337,0.7099798136250843,15,0.6934923601750268,True,True,True
2014_002259,400.0,0.001,0.9256440572217719,0.7212333417381267,15,0.702682018578008,True,True,True
2014_002260,400.0,0.001,0.9286508637825337,0.7229649715090724,15,0.7044577239445072,True,True,True
2014_002261,400.0,0.0005,0.8806624128278076,0.6889522846772906,15,0.6756809865398832,True,True,True
2014_002262,400.0,0.0015625,0.8994700932006764,0.6552331322241429,15,0.6389578777753581,True,True,True
2014_002263,400.0,0.0015625,0.9016871328341789,0.6749551643379441,15,0.6568198536640658,True,True,True
2014_002264,400.0,0.0025,0.9547873614820107,0.5032800587300081,15,0.46239050498487966,True,False,False
2014_002265,400.0,0.0015625,0.9251742617688863,0.7471098471241893,15,0.723734001839361,True,True,True
2014_002266,400.0,0.0015625,0.9249980420025968,0.7110422957180828,15,0.6830680894010048,True,True,True
2014_002267,400.0,0.00125,0.9314272132227778,0.8646734638642904,15,0.847861081984408,True,True,True
2014_002268,400.0,0.0008,0.9471149032187495,0.9036002284825999,15,0.901660984894174,True,True,True
2014_002269,400.0,0.002,0.9525497917913479,0.6518302649228318,15,0.6227799861932267,True,True,True
2014_002270,400.0,0.004,0.9829667031388434,0.2538780327892689,15,0.22496316155940532,True,False,False
2014_002271,400.0,0.004,0.967923789123184,0.2431224721592597,15,0.2165483579093677,True,False,False
2014_002272,400.0,0.003125,0.9850908411655983,0.41294632013802807,15,0.3701567240605,True,False,False
2014_002273,400.0,0.004,0.9865048540160096,0.2510322446647462,15,0.21946825251788551,True,False,False
2014_002274,400.0,0.004,0.9463026234521493,0.2725999991407944,15,0.24486736178603732,True,False,False
2014_002275,400.0,0.003125,0.9886810813829642,0.3124307885095129,15,0.2744299418615218,True,False,False
2014_002276,400.0,0.003125,0.9809982961291795,0.3791964345610831,15,0.3377602525535756,True,False,False
2014_002277,400.0,0.004,0.9626738362968766,0.2566197661572789,15,0.22915670456314186,True,False,False
2014_002278,400.0,0.0005,0.9212796231788559,0.7095298046860413,15,0.6860355294738919,True,True,True
2014_002279,400.0,0.0003125,0.9431389705593197,0.7010221407372182,15,0.6889512932862004,True,True,True
2014_002280,400.0,0.0005,0.8725853017678816,0.6443304326331579,15,0.6326592810233536,True,True,True
2014_002281,400.0,0.0005,0.921050900992746,0.6923597371623942,15,0.6599997818939601,True,True,True
2014_002282,400.0,0.0004,0.916115466989816,0.6855244673668752,15,0.6781870992921137,True,True,True
2014_002283,400.0,0.0004,0.9311243845526728,0.7107083621525215,15,0.7003810411655322,True,True,True
2014_002284,400.0,0.0004,0.9156716955530492,0.7179859989140963,15,0.7118921657301877,True,True,True
2014_002285,400.0,0.0005,0.901942953043422,0.668760911498187,15,0.6493629403470067,True,True,True
2014_002286,400.0,0.0005,0.8849118868122183,0.6634425939946155,15,0.6478146766197926,True,True,True
2014_002287,400.0,0.0005,0.8954996545002051,0.6902379536894785,15,0.6769363355078946,True,True,True
2014_002288,400.0,0.000625,0.8704443927085168,0.6077305455195566,15,0.5872586086619161,True,False,False
2014_002289,400.0,0.0005,0.8788122292056545,0.6472812255973214,15,0.626727746822509,True,True,True
2014_002290,400.0,0.0005,0.8580987646936552,0.629125054402586,15,0.6051316550844649,True,True,False
2014_002291,400.0,0.0004,0.9108517586121317,0.6374973521596299,15,0.6276608936861937,True,True,True
2014_002292,400.0,0.0005,0.8786649250128302,0.6263499855091669,15,0.6124090853062292,True,True,False
2014_002293,400.0,0.0004,0.9170838908531284,0.5900278944406423,15,0.5813314117970914,True,False,False
2014_002294,400.0,0.0004,0.9112346421127734,0.5546991359365722,15,0.5432956186131694,True,False,False
2014_002295,400.0,0.0003125,0.9491102017117359,0.6096188150827597,15,0.5997771104981376,True,False,False
2014_002296,400.0,0.0005,0.8889815472376374,0.6986000070719232,15,0.6792691200511822,True,True,True
2014_002297,400.0,0.0003125,0.9628439011768143,0.6640936487851659,15,0.6542659889076555,True,True,True
2014_002298,400.0,0.0005,0.8607917133584332,0.6430723986476103,15,0.6309741640177248,True,True,True
2014_002299,400.0,0.0003125,0.9194620315387942,0.5656124103658531,15,0.557407988166756,True,False,False
2014_002300,400.0,0.0004,0.9057436160196903,0.645144943029711,15,0.6366415338009835,True,True,True
2014_002301,400.0,0.0003125,0.9421779408212221,0.6219543639548706,15,0.6122114680155755,True,True,False
2014_002302,400.0,0.0003125,0.9502774821045646,0.6791909240789399,15,0.6696708019792131,True,True,True
2014_002303,400.0,0.0004,0.8753437648605393,0.6011341183608604,15,0.5921900357925229,True,False,False
2014_002304,400.0,0.0004,0.9210537512421304,0.6096847425902604,15,0.6002350918738647,True,False,False
2014_002305,400.0,0.0003125,0.9625881635834954,0.7118808473485742,15,0.7011680404593313,True,True,True
2014_002306,400.0,0.0004,0.8875964086527293,0.6820836380484003,15,0.6680273647073364,True,True,True
2014_002307,400.0,0.0003125,0.9555261956920091,0.6111864109362334,15,0.599307315045252,True,False,False
2014_002308,400.0,0.0003125,0.9253010359045502,0.6285426947529965,15,0.6192999969266876,True,True,False
2014_002309,400.0,0.0005,0.8605170567184757,0.6688147770807564,15,0.6496748154608102,True,True,True
2014_002310,400.0,0.00025,0.9584587718448896,0.6730837897312372,15,0.663266828615909,True,True,True
2014_002311,400.0,0.0003125,0.9317007545477588,0.6210665732335642,15,0.6116069259903418,True,True,False
2014_002312,400.0,0.0003125,0.9579379197508568,0.6335942454373703,15,0.6223415021756078,True,True,True
2014_002313,400.0,0.0004,0.9051654697822343,0.5685264392437537,15,0.5591363546086963,True,False,False
2014_002314,400.0,0.0004,0.8758142212408184,0.5795452142082206,15,0.57056692864727,True,False,False
2014_002315,400.0,0.0003125,0.936720126329662,0.6259065032281346,15,0.615399946993623,True,True,False
2014_002316,400.0,0.0003125,0.9448792336943429,0.5757372397226617,15,0.5645543069168365,True,False,False
2014_002317,400.0,0.0003125,0.9409316796048711,0.6080251539052052,15,0.5977906106010771,True,False,False
2014_002318,400.0,0.0003125,0.9438204693179328,0.5951714792645596,15,0.5843540806152969,True,False,False
2014_002319,400.0,0.0003125,0.930642072787273,0.5526543918129602,15,0.5421192917766422,True,False,False
2014_002320,400.0,0.0003125,0.9703428246913222,0.5569162994939609,15,0.5443719801814312,True,False,False
2014_002321,400.0,0.0003125,0.9454602714891455,0.5239780327562226,15,0.5131539422171008,True,False,False
2014_002322,400.0,0.0004,0.8730668286820017,0.6119637441669027,15,0.603263832962498,True,False,False
2014_002323,400.0,0.0004,0.880778736049062,0.6371780829206117,15,0.628345160078267,True,True,True
2014_002324,400.0,0.0004,0.9139003688305319,0.6319686945130799,15,0.6211128381511085,True,True,True
2014_002325,400.0,0.0003125,0.9574638282699135,0.612015337811557,15,0.5986230486531787,True,False,False
2014_002326,400.0,0.0004,0.9006611256717088,0.5733680628647699,15,0.5637055522197081,True,False,False
2014_002327,400.0,0.0004,0.8716165474408726,0.6046585963025739,15,0.5929797614118202,True,False,False
2014_002328,400.0,0.0004,0.9289630280520719,0.5967560526904536,15,0.5865417089797892,True,False,False
2014_002329,400.0,0.0003125,0.9492867519417221,0.6404387682163982,15,0.6279025452644387,True,True,True
2014_002330,400.0,0.0003125,0.9355375206828966,0.5648266503109167,15,0.5533661279998255,True,False,False
2014_002331,400.0,0.0004,0.9064396964889223,0.6255076748541251,15,0.6157444553974801,True,True,False
2014_002332,400.0,0.0003125,0.9459058604762445,0.6567656163098374,15,0.6462527812650878,True,True,True
2014_002333,400.0,0.0003125,0.9447208176597156,0.6432899676839551,15,0.6321405356353875,True,True,True
2014_002334,400.0,0.0004,0.9108489909786716,0.5902879693699808,15,0.5805335072012996,True,False,False
2014_002335,400.0,0.0003125,0.9280422735770151,0.6786896932669013,15,0.6704272746890254,True,True,True
2014_002336,400.0,0.0003125,0.9316016154387352,0.647866270264447,15,0.6406885574631757,True,True,True
2014_002337,400.0,0.0003125,0.9384042519442005,0.5847968193530115,15,0.576632507185107,True,False,False
2014_002338,400.0,0.00025,0.9541165614855798,0.5738864364810772,15,0.5587209204339253,True,False,False
2014_002339,400.0,0.0004,0.912757873214959,0.5338613757666345,15,0.5238137922989401,True,False,False
2014_002340,400.0,0.0003125,0.9352536523673923,0.5571609252454767,15,0.5461675546776971,True,False,False
2014_002341,400.0,0.0003125,0.9407052293566764,0.6310679743996384,15,0.6198847111301165,True,True,False
2014_002342,400.0,0.0003125,0.9215563865248801,0.5485267763167243,15,0.5389047061665517,True,False,False
2014_002343,400.0,0.0003125,0.9358574095413461,0.5298379389507976,15,0.5167546746568382,True,False,False
2014_002344,400.0,0.0003125,0.9446016854970389,0.5536763507951452,15,0.5407802941853921,True,False,False
2014_002345,400.0,0.00025,0.9679129251291535,0.5881376420952588,15,0.5722926926875984,True,False,False
2014_002346,400.0,0.0003125,0.9381035299801622,0.5400352224731176,15,0.5274163422890097,True,False,False
2014_002347,400.0,0.0003125,0.9383162659849421,0.5056372149709307,15,0.4930323381859724,True,False,False
2014_002348,400.0,0.00025,0.9720873425464409,0.5853315922302698,15,0.5696416716043451,True,False,False
2014_002349,400.0,0.0003125,0.9157086661791226,0.5612509091882457,15,0.5507803734966793,True,False,False
2014_002350,400.0,0.0003125,0.9594884967239481,0.6080157769978101,15,0.5937084338631438,True,False,False
2014_002351,400.0,0.0003125,0.9301693857770408,0.5464071408578375,15,0.5366534635404361,True,False,False
2014_002352,400.0,0.0004,0.8812928962532357,0.6154771515747752,15,0.6066785143409679,True,False,False
2014_002353,400.0,0.0005,0.8579809543857655,0.613202652566001,15,0.5961060719069177,True,False,False
2014_002354,400.0,0.0003125,0.939213144457909,0.5746389849344905,15,0.5619894955504715,True,False,False
2014_002355,400.0,0.0004,0.9031595138350279,0.4990393833415233,15,0.48915100075973605,True,False,False
2014_002356,400.0,0.0003125,0.9403917845403135,0.5287933018974235,15,0.5174612060404798,True,False,False
2014_002357,400.0,0.0003125,0.9411492073332538,0.5649718477976743,15,0.5523114531116627,True,False,False
2014_002358,400.0,0.0003125,0.9340533669128511,0.5544762381731174,15,0.5443867684318605,True,False,False
2014_002359,400.0,0.0004,0.9143433554160191,0.5610481697102924,15,0.5519433991694126,True,False,False
2014_002360,400.0,0.0004,0.9273542068524291,0.5944795708994991,15,0.5830822910783724,True,False,False
2014_002361,400.0,0.0004,0.8731867870039203,0.6841180138735269,15,0.6700589315910406,True,True,True
2014_002362,400.0,0.0004,0.9051537383209999,0.6636569410099169,15,0.6528311981523114,True,True,True
2014_002363,400.0,0.0004,0.8560847536938406,0.6061011116468294,15,0.596652452321524,True,False,False
2014_002364,400.0,0.0003125,0.9540877698360007,0.6137358557406997,15,0.6009170037120987,True,False,False
2014_002365,400.0,0.0004,0.9019622851696816,0.6254261329369531,15,0.6139839926689934,True,True,False
2014_002366,400.0,0.0003125,0.9342476382585753,0.5425422440005142,15,0.5301425025553105,True,False,False
2014_002367,400.0,0.0003125,0.9359057811649573,0.5845619422805498,15,0.5742326798193421,True,False,False
2014_002368,400.0,0.00025,0.9576496727913707,0.5603515522375532,15,0.5411710261988314,True,False,False
2014_002369,400.0,0.0003125,0.9301292344378862,0.5369240720001084,15,0.5239814613170762,True,False,False
2014_002370,400.0,0.0003125,0.9513264564939586,0.5360876270756838,15,0.5220993879481872,True,False,False
2014_002371,400.0,0.0003125,0.931496032287625,0.5856605275324177,15,0.5728768698875201,True,False,False
2014_002372,400.0,0.0004,0.8974129153804744,0.6050563093616069,15,0.5937456936449518,True,False,False
2014_002373,400.0,0.0003125,0.9288242746074009,0.5398789957604813,15,0.5278043479769509,True,False,False
2014_002374,400.0,0.0003125,0.9344747907421256,0.5435231428683787,15,0.5287564551952363,True,False,False
2014_002375,400.0,0.0003125,0.9484941760730404,0.6190576018051249,15,0.6066735573855166,True,False,False
2014_002376,400.0,0.00025,0.9518928299622181,0.6125856355362154,15,0.5983792903688668,True,False,False
2014_002377,400.0,0.0003125,0.9312981671491988,0.5237377443407266,15,0.5103603673566639,True,False,False
2014_002378,400.0,0.0003125,0.9422645636177315,0.5460997683119022,15,0.5309921660276049,True,False,False
2014_002379,400.0,0.0004,0.9105094808382278,0.5646616250023545,15,0.5556552087192186,True,False,False
2014_002380,400.0,0.0004,0.9124697088713971,0.6022897499083789,15,0.5940503398653889,True,False,False
2014_002381,400.0,0.0003125,0.9246028487292515,0.5327169386768432,15,0.5189313151034136,True,False,False
2014_002382,400.0,0.0003125,0.9232837615757302,0.5267611567022499,15,0.5142033709940778,True,False,False
2014_002383,400.0,0.00025,0.954188519955546,0.6129785568716456,15,0.5988474335032687,True,False,False
2014_002384,400.0,0.0004,0.8991797808430856,0.5148102675731506,15,0.5029316673777144,True,False,False
2014_002385,400.0,0.0003125,0.9122375168164714,0.495696743048944,15,0.4844033527524817,True,False,False
2014_002386,400.0,0.0003125,0.9306601243667076,0.5441663491461314,15,0.5323214975557252,True,False,False
2014_002387,360.0,0.00025,0.9447629104730885,0.5821474092802799,13,0.5154609092840802,True,False,False
2014_002388,400.0,0.0003125,0.953043339322437,0.5581447982866118,15,0.5483470040656948,True,False,False
2014_002389,400.0,0.0003125,0.9346028454246145,0.5168618275105079,15,0.5013693176354265,True,False,False
2014_002390,400.0,0.0003125,0.915850269873178,0.48381318589805655,15,0.4691308903914706,True,False,False
2014_002391,400.0,0.0004,0.8991895295221396,0.5049325424455834,15,0.4939999771980049,True,False,False
2014_002392,400.0,0.0004,0.8902293781565479,0.5153116223090755,15,0.5055700895325294,True,False,False
2014_002393,400.0,0.0003125,0.9608416629461962,0.5210545030470405,15,0.5038572548843361,True,False,False
2014_002394,400.0,0.0003125,0.9504122699848747,0.50848944713754,15,0.49171159871396747,True,False,False
2014_002395,400.0,0.0003125,0.9317013328592281,0.5145624198005916,15,0.5016770619530206,True,False,False
2014_002396,400.0,0.0004,0.8831094551942449,0.49155454584208924,15,0.4811673283100648,True,False,False
2014_002397,400.0,0.0003125,0.9590579851430131,0.5806785807641709,15,0.5681916382109885,True,False,False
2014_002398,400.0,0.0003125,0.9503130069519647,0.5610099598453562,15,0.5479964233914101,True,False,False
2014_002399,400.0,0.0003125,0.9605819184805544,0.5808337747777549,15,0.5670754970752311,True,False,False
2014_002400,400.0,0.0003125,0.9517706823183086,0.5871951183241789,15,0.5751253861881376,True,False,False
2014_002401,400.0,0.0003125,0.9505484210279338,0.5937703131903593,15,0.5807858575417268,True,False,False
2014_002402,400.0,0.0003125,0.9542397831365036,0.6398928421893748,15,0.6317830565314332,True,True,True
2014_002403,400.0,0.0003125,0.9380185595021366,0.5747128435707132,15,0.5627538580810436,True,False,False
2014_002404,400.0,0.0003125,0.9577697137292134,0.5647156558167724,15,0.5518876334205868,True,False,False
2014_002405,400.0,0.0003125,0.9431188948897424,0.5636538759591295,15,0.5519734300578543,True,False,False
2014_002406,400.0,0.00025,0.9679572485724794,0.5712294670512823,15,0.5557616180295706,True,False,False
2014_002407,400.0,0.0003125,0.9360618426457452,0.5701987920890956,15,0.5583171351044646,True,False,False
2014_002408,400.0,0.0003125,0.9464603785593831,0.5682022543572465,15,0.5552543149471043,True,False,False
2014_002409,400.0,0.0003125,0.942065707088215,0.5224237793745049,15,0.5083155819250899,True,False,False
2014_002410,400.0,0.0003125,0.9210614758310418,0.46018494896483897,15,0.44709185337590146,True,False,False
2014_002411,400.0,0.0003125,0.9263445163349857,0.5368139862811301,15,0.5264800147122438,True,False,False
2014_002412,400.0,0.0004,0.9178770450332794,0.5748272666257112,15,0.5640940536031944,True,False,False
2014_002413,400.0,0.0003125,0.9615131238700207,0.5743521837536777,15,0.5605271110764491,True,False,False
2014_002414,400.0,0.0003125,0.9360043006545494,0.5819600776721873,15,0.5713890810168104,True,False,False
2014_002415,400.0,0.0003125,0.9410603952147535,0.5493204261924204,15,0.5363665384357369,True,False,False
2014_002416,400.0,0.0003125,0.9277452280216031,0.5532779355007565,15,0.5428317301988631,True,False,False
2014_002417,400.0,0.0003125,0.9579417613913315,0.6589985182007838,15,0.6490051720873178,True,True,True
2014_002418,400.0,0.0003125,0.9291257401147568,0.5453137191012313,15,0.5367698693776146,True,False,False
2014_002419,400.0,0.0003125,0.942052860312004,0.5483720366907233,15,0.53716683889333,True,False,False
2014_002420,400.0,0.0003125,0.9603588554852512,0.5792354044925218,15,0.5657082035299471,True,False,False
2014_002421,400.0,0.0003125,0.923288511991371,0.4760331203935426,15,0.46421231003707475,True,False,False
2014_002422,400.0,0.0003125,0.9349464863612675,0.5280767739869553,15,0.5157883988075548,True,False,False
2014_002423,400.0,0.0003125,0.930987035578713,0.5234678381164098,15,0.5099677764849304,True,False,False
2014_002424,400.0,0.0003125,0.9566956654068289,0.5611993155435913,15,0.5508403113496765,True,False,False
2014_002425,400.0,0.0003125,0.9348188860663618,0.5270210250917781,15,0.515179312906491,True,False,False
2014_002426,400.0,0.0003125,0.9405069098306671,0.6031416027026643,15,0.592240142350542,True,False,False
2014_002427,400.0,0.0004,0.8942490559478343,0.5721658772439724,15,0.5650067943336051,True,False,False
2014_002428,400.0,0.0003125,0.9438549201583185,0.5461226116149397,15,0.5336009703735991,True,False,False
2014_002429,400.0,0.0003125,0.9519694562319009,0.6254111794546754,15,0.6130289112774372,True,True,False
2014_002430,400.0,0.0003125,0.9387238103389534,0.5405429386352048,15,0.5286783418389182,True,False,False
2014_002431,400.0,0.00025,0.9642016112748926,0.5814140277212777,15,0.5641309829213057,True,False,False
2014_002432,400.0,0.0003125,0.9505510234295457,0.595361826353885,15,0.5826944919302418,True,False,False
2014_002433,400.0,0.0003125,0.9430340483356031,0.5140212854971711,15,0.4982803082300992,True,False,False
2014_002434,400.0,0.0003125,0.9382124177682398,0.5541684525475612,15,0.5430424008055383,True,False,False
2014_002435,400.0,0.0004,0.9135644111748282,0.5211770637705709,15,0.5131477460227868,True,False,False
2014_002436,400.0,0.0003125,0.9550857288922097,0.574097437551449,15,0.5599167033205984,True,False,False
2014_002437,400.0,0.0004,0.8878994438626447,0.5558596418236177,15,0.5476121354200574,True,False,False
2014_002438,400.0,0.0003125,0.9386467296816875,0.5272987385209305,15,0.5172345905604366,True,False,False
2014_002439,400.0,0.0004,0.9255038993063898,0.6002632225960501,15,0.5909810756659422,True,False,False
2014_002440,400.0,0.0003125,0.9461023624519217,0.5813896560236427,15,0.5699530923305655,True,False,False
2014_002441,400.0,0.0003125,0.9443688325147197,0.5390105371654345,15,0.5270360198820179,True,False,False
2014_002442,400.0,0.0003125,0.9590239886902104,0.5716178858188444,15,0.5604006260965199,True,False,False
2014_002443,400.0,0.00025,0.9592076438896767,0.5480722648098132,15,0.5291834969073554,True,False,False
2014_002444,400.0,0.0004,0.8451970488930953,0.5834246101602385,15,0.576864864471881,True,False,False
2014_002445,400.0,0.00025,0.9501026668089864,0.5712493774890113,15,0.558113817315042,True,False,False
2014_002446,400.0,0.0003125,0.9318699519604924,0.5001660166996524,15,0.48746514021078957,True,False,False
2014_002447,400.0,0.0003125,0.9416580801182796,0.5398829200168801,15,0.5276822003330414,True,False,False
2014_002448,400.0,0.0003125,0.9253684918066484,0.5492398343583766,15,0.5381900784223399,True,False,False
2014_002449,400.0,0.0003125,0.9222879092255881,0.5614932216938842,15,0.5498800251548966,True,False,False
2014_002450,400.0,0.0003125,0.9454279273548265,0.5609572095777632,15,0.548891071234424,True,False,False
2014_002451,400.0,0.0003125,0.9546117200271905,0.6448113399278466,15,0.6342922260728586,True,True,True
2014_002452,400.0,0.0004,0.9107589396213084,0.5907179852553708,15,0.5826111324627378,True,False,False
2014_002453,400.0,0.0004,0.8134165617169044,0.46971903315575314,15,0.46212064006852493,True,False,False
2014_002454,400.0,0.0003125,0.9282792160475815,0.5404117858555589,15,0.5288587750173411,True,False,False
2014_002455,400.0,0.0003125,0.9516376293724065,0.5447612251082351,15,0.5310901072057279,True,False,False
2014_002456,400.0,0.00025,0.9655151218535312,0.6160655834947923,15,0.5988131478947315,True,False,False
2014_002457,400.0,0.0003125,0.952886369066483,0.6098679434021436,15,0.5980185066279451,True,False,False
2014_002458,400.0,0.0003125,0.9392514782467315,0.6261579861013579,15,0.6153132415811895,True,True,False
2014_002459,400.0,0.005,0.9568159541924443,0.3920312727710141,15,0.3621563631941431,True,False,False
2014_002460,400.0,0.00625,0.8821862635494246,0.5424290188764168,15,0.5047817270759812,True,False,False
2014_002461,400.0,0.00625,0.9053299167793273,0.6076028626087266,15,0.5759482821009957,True,False,False
2014_002462,400.0,0.005,0.9104210817993484,0.6238154115710541,15,0.593450052560251,True,True,False
2014_002463,400.0,0.00625,0.8965737028225895,0.5841508041338365,15,0.5524259174746229,True,False,False
2014_002464,400.0,0.008,0.8695703575385875,0.4567376342963156,15,0.41519582782973585,True,False,False
2014_002465,400.0,0.01,0.8879107209362962,0.37538040502291603,15,0.3310358533283147,True,False,False
2014_002466,400.0,0.008,0.8932990554356156,0.46603163661154423,15,0.41797197073016945,True,False,False
2014_002467,400.0,0.01,0.8620976232720466,0.3649543993144861,15,0.32199845607360883,True,False,False
2014_002468,400.0,0.008,0.9010590865785144,0.4936842191357647,15,0.44296969053066193,True,False,False
2014_002469,400.0,0.008,0.9052081409070766,0.5412282377263304,15,0.49089902979163275,True,False,False
2014_002470,400.0,0.00625,0.8822256713452615,0.5619807382625078,15,0.519505165312812,True,False,False
2014_002471,400.0,0.008,0.8894365544400937,0.4999231671905067,15,0.45388829368705286,True,False,False
2014_002472,400.0,0.00625,0.887834838209931,0.5849715107247035,15,0.5545194463014669,True,False,False
2014_002473,400.0,0.00625,0.8971610607355923,0.570605510283865,15,0.5338861192359283,True,False,False
2014_002474,400.0,0.00625,0.901035871503818,0.5915541410240608,15,0.5510185138981465,True,False,False
2014_002475,400.0,0.01,0.9044800467672224,0.33510844661904243,15,0.2849825977817294,True,False,False
2014_002476,400.0,0.008,0.9121415171125669,0.5103670592465229,15,0.4543523886411696,True,False,False
2014_002477,400.0,0.01,0.9054601194758449,0.4337165004819813,15,0.38106607423338207,True,False,False
2014_002478,400.0,0.008,0.9513399641975631,0.5509188790935777,15,0.4893639433043263,True,False,False
2014_002479,400.0,0.002,0.846533609314582,0.41421435065040213,15,0.3937765341694505,True,False,False
2014_002480,400.0,0.00025,0.9598040069384158,0.5645112640203355,15,0.5269677791286399,True,False,False
2014_002481,400.0,0.00025,0.9713305393729319,0.5887554852842863,15,0.5527415929209388,True,False,False
2014_002482,400.0,0.0003125,0.965722074743618,0.5553784453731943,15,0.5215828318822122,True,False,False
2014_002483,400.0,0.0003125,0.8642833514702826,0.644919277632796,15,0.6357632439109585,True,True,True
2014_002484,400.0,0.0004,0.7296345963765978,0.49632239344280715,15,0.47958754660777364,False,False,False
2014_002485,400.0,0.000625,0.8809925047528941,0.46673663960058837,15,0.4492013683840755,True,False,False
2014_002486,400.0,0.004,0.840527844705856,0.4510658858690749,15,0.4253606846018127,True,False,False
2014_002487,400.0,0.003125,0.8919828185314788,0.3199283075533096,15,0.294768701849374,True,False,False
2014_002488,400.0,0.0025,0.9424233514240177,0.6950732571922945,15,0.6671632021403473,True,True,True
2014_002489,400.0,0.0025,0.8973189397667125,0.6180512572326111,15,0.5828317582882774,True,False,False
2014_002490,400.0,0.002,0.9623330043016459,0.7189640888405384,15,0.6932031631324125,True,True,True
2014_002491,400.0,0.0004,0.822619273435907,0.6946194479207389,15,0.6882360046145951,True,True,True
2014_002492,400.0,0.0004,0.7591396757688486,0.5057687808301975,15,0.4974541076802737,False,False,False
2014_002493,400.0,0.0004,0.755640850071595,0.4928013027539853,15,0.4843446128303852,False,False,False
2014_002494,400.0,0.0004,0.7656681513299016,0.4961210171276029,15,0.4875859659999121,False,False,False
2014_002495,320.0,0.00025,0.8996714695158806,0.5510038495716034,12,0.4641598076172543,True,False,False
2014_002496,360.0,0.00025,0.902463061594137,0.605039083941414,13,0.5325922299392839,True,False,False
2014_002497,400.0,0.0005,0.7565913875873209,0.5010994527190719,15,0.49322132211254865,False,False,False
2014_002498,400.0,0.0005,0.786365712276495,0.49565283268523896,15,0.48739223165769513,False,False,False
2014_002499,400.0,0.0005,0.8241880259123194,0.5211205131704654,15,0.5108541214275635,True,False,False
2014_002500,400.0,0.0005,0.8223148750632425,0.5224713661468362,15,0.5124494349236017,True,False,False
2014_002501,400.0,0.0005,0.800399390162294,0.47031002616942014,15,0.4605164040526746,True,False,False
2014_002502,400.0,0.0004,0.7881956963051846,0.5145701030815409,15,0.5059393827136422,False,False,False
2014_002503,400.0,0.0003125,0.7999370301425852,0.49102411030085086,15,0.4818414742514254,False,False,False
2014_002504,400.0,0.0004,0.7652061630818515,0.4910807022089185,15,0.48204541166027937,False,False,False
2014_002505,400.0,0.0004,0.7302696649858181,0.47283369480554027,15,0.46418636863688023,False,False,False
2014_002506,400.0,0.0004,0.7024497025991961,0.4487790357796349,15,0.44020594001885627,False,False,False
2014_002507,400.0,0.0003125,0.7773188141905077,0.48149448736984274,15,0.47259196061137104,False,False,False
2014_002508,400.0,0.0004,0.7367866982413713,0.44756862987438084,15,0.43870195842700604,False,False,False
2014_002509,400.0,0.0004,0.7300111597590391,0.4309692318470508,15,0.42286745993375524,False,False,False
2014_002510,400.0,0.0004,0.7170303805190329,0.4699163612906722,15,0.46105410979524136,False,False,False
2014_002511,400.0,0.0004,0.7486186204396423,0.48018791652883575,15,0.4712399510120616,False,False,False
2014_002512,400.0,0.0004,0.7755129540116805,0.49698782340416603,15,0.4886290333507267,False,False,False
2014_002513,400.0,0.0004,0.7284040734938043,0.478744864181073,15,0.46984948370004337,False,False,False
2014_002514,400.0,0.0005,0.6481277083565347,0.42742286068542795,15,0.4189897989161452,False,False,False
2014_002515,400.0,0.0004,0.795970639622399,0.510965611617253,15,0.5003403776076477,False,False,False
2014_002516,400.0,0.0004,0.7840519707037323,0.5013476309553276,15,0.4929041182716352,False,False,False
2014_002517,400.0,0.0005,0.6511305080449734,0.4195950844846964,15,0.41118932727835716,False,False,False
2014_002518,400.0,0.0005,0.6680857328577741,0.44133158198589517,15,0.43328008186246697,False,False,False
2014_002519,400.0,0.0004,0.7769073042721355,0.5075979386996452,15,0.4989532562405591,False,False,False
2014_002520,400.0,0.0004,0.7377185645582311,0.46691141358820454,15,0.4563835424452529,False,False,False
2014_002521,400.0,0.0004,0.7232536728561415,0.4652937111767118,15,0.45646776937996086,False,False,False
2014_002522,400.0,0.0004,0.7162009579481641,0.4227943035328882,15,0.41456327900620316,False,False,False
2014_002523,400.0,0.0004,0.7678659414530687,0.4734809492635782,15,0.46482647681747596,False,False,False
2014_002524,400.0,0.0004,0.7729984970511072,0.43083960746200245,15,0.4207305990546755,False,False,False
2014_002525,400.0,0.0004,0.786875576452611,0.4770176130541091,15,0.46781382732809196,False,False,False
2014_002526,400.0,0.0004,0.8163015510974534,0.5243864858853998,15,0.514564815662393,True,False,False
2014_002527,400.0,0.0025,0.8969402283702422,0.6248837180867077,15,0.5967495260324429,True,True,False
2014_002528,400.0,0.00125,0.8490444724824532,0.7241501382494875,15,0.7100942779880445,True,True,True
2014_002529,400.0,0.0004,0.8993445169959131,0.4853942068392106,15,0.46790458092081066,True,False,False
2014_002530,400.0,0.00025,0.9722556311840085,0.7627057508283899,15,0.7489338828063373,True,True,True
2014_002531,400.0,0.0003125,0.9477864880664603,0.7187911737112164,15,0.7041724511582917,True,True,True
2014_002532,400.0,0.0004,0.9551518216315588,0.8073700674575545,15,0.7942179840987479,True,True,True
2014_002533,400.0,0.0004,0.9243738373874069,0.7621927885551169,15,0.7365151810065329,True,True,True
2014_002534,400.0,0.00125,0.9069873987583157,0.6777769938444527,15,0.6655329008004162,True,True,True
2014_002535,400.0,0.0015625,0.8070961543609146,0.580747358521056,15,0.5680999345351416,True,False,False
2014_002536,400.0,0.0005,0.9758645839082025,0.6685491255765352,15,0.6398213794149537,True,True,True
2014_002537,400.0,0.0008,0.9458890894436346,0.576823226046091,15,0.5607375338353517,True,False,False
2014_002538,400.0,0.000625,0.9572163522690134,0.6043445318667795,15,0.5892493219711102,True,False,False
2014_002539,400.0,0.00025,0.9093106824703219,0.6044700254556186,15,0.5782889564650431,True,False,False
2014_002540,400.0,0.00025,0.978972801515903,0.6062126018365189,15,0.5919113309722803,True,False,False
2014_002541,320.0,0.00025,0.8828783371463336,0.7589711805914705,12,0.7264557834616799,True,True,True
2014_002542,400.0,0.000625,0.8559375321169406,0.7000306257230958,15,0.6913162567319586,True,True,True
2014_002543,400.0,0.001,0.8136366092309746,0.6382967438420568,15,0.6265006769548828,True,True,True
2014_002544,400.0,0.0008,0.7830775571859165,0.6815457670739852,15,0.6726490234302066,False,True,True
2014_002545,400.0,0.000625,0.8106676820714522,0.597866369403556,15,0.584771745420021,True,False,False
2014_002546,400.0,0.0004,0.8599030138619607,0.6156485796174619,15,0.6068983966231898,True,False,False
2014_002547,400.0,0.0008,0.8933470965955299,0.7140420386173266,15,0.7011715516361092,True,True,True
2014_002548,400.0,0.0005,0.8733862631528682,0.6548299665141136,15,0.6397690422269816,True,True,True
2014_002549,400.0,0.0004,0.7885590824477182,0.585153059218103,15,0.5775282290351352,False,False,False
2014_002550,360.0,0.00025,0.9681435474815197,0.5852220848227607,13,0.5396637812779758,True,False,False
2014_002551,400.0,0.0004,0.7785632165485644,0.5605694104296326,15,0.5535195457710396,False,False,False
2014_002552,400.0,0.0004,0.7391279509168881,0.5866828995942236,15,0.5784390282913275,False,False,False
2014_002553,360.0,0.00025,0.9908486753858412,0.6356909136693334,13,0.5839103917944543,True,True,False
2014_002554,400.0,0.0003125,0.8180208297877333,0.6658132992471045,15,0.6564437446692075,True,True,True
2014_002555,400.0,0.0003125,0.8429879403883147,0.49216416874666025,15,0.4821173288222836,True,False,False
2014_002556,250.0,0.00025,0.9807361144937742,0.5889054744946467,9,0.4427317979769673,True,False,False
2014_002557,360.0,0.00025,0.9125554642007025,0.5955583696375243,13,0.5587984554787742,True,False,False
2014_002558,400.0,0.0008,0.6221800293517855,0.3488026969803219,15,0.3381970016367867,False,False,False
2014_002559,400.0,0.0004,0.7789943477489308,0.5383692723619,15,0.5322815114484191,False,False,False
2014_002560,400.0,0.0005,0.8757171475298995,0.7278514968848839,15,0.7209923097793131,True,True,True
2014_002561,400.0,0.0005,0.8987209733081167,0.6656200606004327,15,0.6544046597364023,True,True,True
2014_002562,400.0,0.002,0.9177390764398882,0.784282345208326,15,0.7712035834822347,True,True,True
2014_002563,400.0,0.0004,0.8680467546647429,0.6079131267120085,15,0.5874922464955151,True,False,False
2014_002564,400.0,0.0003125,0.8829298481750638,0.631885376353538,15,0.6178703696666051,True,True,False
2014_002565,400.0,0.0003125,0.903501378529311,0.6247943689647002,15,0.609073136903509,True,True,False
2014_002566,400.0,0.0003125,0.8946983213435596,0.6213846032337195,15,0.60429066628421,True,True,False
2014_002567,400.0,0.00025,0.9255776753266881,0.6167136641120722,15,0.5995676378223632,True,False,False
2014_002568,400.0,0.00025,0.9190609312268696,0.6319106155183769,15,0.6140709459291995,True,True,False
2014_002569,280.0,0.00025,0.9891205154837113,0.6416072878480898,10,0.5089449087275792,True,True,False
2014_002570,360.0,0.00025,0.9658186527589918,0.6493181212081356,13,0.5944793230517265,True,True,False
2014_002571,400.0,0.00025,0.9083105754000841,0.5639240300312189,15,0.5454967546812661,True,False,False
2014_002572,400.0,0.0003125,0.8817251427685786,0.530088595664779,15,0.5119435363118467,True,False,False
2014_002573,400.0,0.00025,0.9317087269844427,0.6154658745011238,15,0.5988001771946342,True,False,False
2014_002574,400.0,0.0003125,0.908384557960193,0.5751602914161064,15,0.5580052599906611,True,False,False
2014_002575,400.0,0.0003125,0.8988672861098508,0.553775985599714,15,0.5353873745022804,True,False,False
2014_002576,400.0,0.0003125,0.8715488436910019,0.5073736777734413,15,0.48845417674718633,True,False,False
2014_002577,400.0,0.0003125,0.8924099428595222,0.5381937961389283,15,0.5198432709825446,True,False,False
2014_002578,400.0,0.0003125,0.8908797307117428,0.530591809258998,15,0.512100630491687,True,False,False
2014_002579,400.0,0.00025,0.9125529031070527,0.5709095781928328,15,0.5529916300154888,True,False,False
2014_002580,400.0,0.0003125,0.8758639147192165,0.5763304220583195,15,0.5584937266424128,True,False,False
2014_002581,400.0,0.00025,0.9415123043200527,0.6181456046180319,15,0.6004030500477355,True,False,False
2014_002582,250.0,0.00025,0.9954952428098535,0.7157645393286498,9,0.5628490316257062,True,True,False
2014_002583,400.0,0.0003125,0.9154829594742455,0.588700339154892,15,0.5723118595820097,True,False,False
2014_002584,400.0,0.0003125,0.9070248650799342,0.5694639234434582,15,0.5509040495351862,True,False,False
2014_002585,280.0,0.00025,0.9906783213501689,0.7036181809229256,10,0.5831205009433086,True,True,False
2014_002586,320.0,0.00025,0.9768207806147352,0.645171545357299,12,0.5722322591390562,True,True,False
2014_002587,400.0,0.0003125,0.9240151603525519,0.6146212506002047,15,0.5993473837684824,True,False,False
2014_002588,400.0,0.0003125,0.9161637973054652,0.5970952736751628,15,0.5814871428141826,True,False,False
2014_002589,280.0,0.00025,0.9967827706803355,0.6972745171842775,10,0.5786121499604601,True,True,False
2014_002590,400.0,0.0003125,0.9063885985398131,0.5691279657877544,15,0.5526967324741057,True,False,False
2014_002591,400.0,0.0003125,0.9210061231618369,0.5969311158338045,15,0.5808030416539576,True,False,False
2014_002592,400.0,0.00025,0.9541061518791323,0.6267250204970108,15,0.6100138431242567,True,True,False
2014_002593,400.0,0.0003125,0.9271888510801701,0.6108789557743739,15,0.5953220880943514,True,False,False
2014_002594,400.0,0.0003125,0.891172438931135,0.5632879287229462,15,0.545987947658516,True,False,False
2014_002595,400.0,0.0003125,0.8825262280774514,0.6309967181650277,15,0.6175377579558309,True,True,False
2014_002596,400.0,0.00025,0.9223403703374464,0.5671676138306988,15,0.5492495417294685,True,False,False
2014_002597,400.0,0.0003125,0.9061849089787317,0.5583287426418128,15,0.5409009134347041,True,False,False
2014_002598,400.0,0.0003125,0.9016185616171043,0.5562390554554434,15,0.5387092781978889,True,False,False
2014_002599,400.0,0.0003125,0.893778516951631,0.5505610695259266,15,0.5327434996964691,True,False,False
2014_002600,400.0,0.00025,0.9278393275592514,0.5592863438190566,15,0.5391514386241342,True,False,False
2014_002601,400.0,0.0003125,0.9065529629209819,0.5507430310989471,15,0.5334130604540372,True,False,False
2014_002602,400.0,0.0003125,0.8678300944035643,0.4828404246987245,15,0.4645372384668996,True,False,False
2014_002603,400.0,0.00025,0.9281924693271858,0.5845215017856605,15,0.5665190788258361,True,False,False
2014_002604,400.0,0.0005,0.9457723118347973,0.730457161825759,15,0.7164483100251781,True,True,True
2014_002605,400.0,0.0003125,0.8634183627440516,0.4848013962752115,15,0.46764268844113993,True,False,False
2014_002606,400.0,0.00025,0.9040744851953916,0.5115618920500679,15,0.49274884164212696,True,False,False
2014_002607,400.0,0.0008,0.7301240131114777,0.550854686520485,15,0.5394955339483704,False,False,False
2014_002608,400.0,0.0003125,0.904647881017207,0.5242981694624446,15,0.504250961071046,True,False,False
2014_002609,400.0,0.00025,0.9335347454487714,0.6079404312749521,15,0.591212400253664,True,False,False
2014_002610,360.0,0.00025,0.9530886954648153,0.5728890557363375,13,0.5091922194966311,True,False,False
2014_002611,400.0,0.00025,0.9175251838121697,0.4950399464516626,15,0.4759672755019661,True,False,False
2014_002612,400.0,0.00025,0.915212309706611,0.4985006448999042,15,0.47932623243957223,True,False,False
2014_002613,400.0,0.0003125,0.8895903439829665,0.4897350127278093,15,0.4729992158096476,True,False,False
2014_002614,400.0,0.0003125,0.8604567057858575,0.46164749867070975,15,0.44436333855576127,True,False,False
2014_002615,400.0,0.00025,0.914499829976428,0.5034547501017002,15,0.484025302283405,True,False,False
2014_002616,400.0,0.00025,0.9098574346565871,0.500392384331923,15,0.48269365750940746,True,False,False
2014_002617,400.0,0.00025,0.9392437536578201,0.505353140115616,15,0.48576614372989746,True,False,False
2014_002618,400.0,0.0003125,0.8602832536530283,0.4595932950237785,15,0.4424858090627025,True,False,False
2014_002619,400.0,0.00025,0.9005791293669538,0.47242805061778537,15,0.4540272123635722,True,False,False
2014_002620,400.0,0.0003125,0.868068937040387,0.45477608440835926,15,0.43740497103320464,True,False,False
2014_002621,400.0,0.00025,0.9065128941977515,0.4470537261268895,15,0.4285712220316181,True,False,False
2014_002622,400.0,0.0003125,0.8895490360208734,0.4706539562618079,15,0.45263951268501423,True,False,False
2014_002623,400.0,0.00025,0.911990866974813,0.4752619007412631,15,0.45640023086193854,True,False,False
2014_002624,400.0,0.00025,0.9264706708512183,0.4664181965208121,15,0.44678526568124594,True,False,False
2014_002625,400.0,0.00025,0.9115649818856325,0.4412295926274871,15,0.42281669244834275,True,False,False
2014_002626,400.0,0.00025,0.9220752971446945,0.4642881514554778,15,0.44596703756810446,True,False,False
2014_002627,400.0,0.0003125,0.8957691476449009,0.46857294374747815,15,0.45142741315331436,True,False,False
2014_002628,400.0,0.00025,0.9135306212618359,0.4715947450984798,15,0.453243724246551,True,False,False
2014_002629,400.0,0.0003125,0.8968945004562051,0.46911411935886077,15,0.45084501219576273,True,False,False
2014_002630,400.0,0.00025,0.9186366571482106,0.48097921185069253,15,0.4622594761291201,True,False,False
2014_002631,400.0,0.00025,0.9205142692571936,0.47911386820645124,15,0.4606960523798178,True,False,False
2014_002632,320.0,0.00025,0.987290655378908,0.5784284121450696,12,0.48777957641824277,True,False,False
2014_002633,400.0,0.00025,0.9212303014721166,0.46498005982053836,15,0.44540281211387384,True,False,False
2014_002634,400.0,0.00025,0.934568931587736,0.5159715583114759,15,0.4949187075829191,True,False,False
2014_002635,400.0,0.00025,0.9233826941449433,0.4886927302282744,15,0.4695285621425416,True,False,False
2014_002636,400.0,0.00025,0.9254185157487431,0.45669273254152026,15,0.4374395457974766,True,False,False
2014_002637,400.0,0.00025,0.9227250713884201,0.47941512717399676,15,0.46061042097439864,True,False,False
2014_002638,400.0,0.00025,0.9212949484327925,0.4783224076527461,15,0.45959127093363594,True,False,False
2014_002639,400.0,0.0003125,0.8815687508240938,0.4677580202713041,15,0.4500976685455731,True,False,False
2014_002640,400.0,0.0003125,0.8944128420175338,0.4680413515833011,15,0.4505383831931451,True,False,False
2014_002641,400.0,0.0003125,0.8928585060198919,0.4577753729200202,15,0.44042309597558005,True,False,False
2014_002642,400.0,0.00025,0.9245778987201472,0.46486894140250773,15,0.44672123834000155,True,False,False
2014_002643,400.0,0.0003125,0.9104121179715742,0.5129381494231261,15,0.49461740730741155,True,False,False
2014_002644,400.0,0.0003125,0.9155088595664779,0.5225030080457996,15,0.5040265762209559,True,False,False
2014_002645,400.0,0.0003125,0.8940676313783211,0.45997283257949056,15,0.4424530518487626,True,False,False
2014_002646,400.0,0.00025,0.9283969024315849,0.5026902636472419,15,0.4816446005040893,True,False,False
2014_002647,400.0,0.00025,0.9255989902351283,0.47299867880614044,15,0.45389093739662684,True,False,False
2014_002648,400.0,0.00025,0.9242170736712633,0.46319836479953574,15,0.44474283480351123,True,False,False
2014_002649,400.0,0.0003125,0.9060654463523582,0.47040809127142935,15,0.4516882316259706,True,False,False
2014_002650,400.0,0.0003125,0.9290703461375899,0.5187595979049924,15,0.49817001597131044,True,False,False
2014_002651,400.0,0.00025,0.9232028805859518,0.4644878754521983,15,0.44611087189211285,True,False,False
2014_002652,400.0,0.0003125,0.8953654036234022,0.4761718738382136,15,0.4577957377453321,True,False,False
2014_002653,400.0,0.0003125,0.9074060136461679,0.4682791202131094,15,0.44983371066779776,True,False,False
2014_002654,400.0,0.00025,0.914067996540706,0.4536781600838849,15,0.43492426267766143,True,False,False
2014_002655,400.0,0.00025,0.9190945559080135,0.44379221467186114,15,0.4254403263527284,True,False,False
2014_002656,400.0,0.0003125,0.8860524822615349,0.45803755455542555,15,0.4394781350347367,True,False,False
2014_002657,400.0,0.00025,0.9473596115861894,0.5204528525791535,15,0.4999552634770531,True,False,False
2014_002658,400.0,0.00025,0.9238629405122386,0.4565660823297426,15,0.4378689007554731,True,False,False
2014_002659,400.0,0.0003125,0.8865233517214349,0.4587616831309188,15,0.44138301039870115,True,False,False
2014_002660,400.0,0.0003125,0.8828633836640559,0.4691546011617121,15,0.4511888596722263,True,False,False
2014_002661,400.0,0.0003125,0.9035261219986048,0.48866951515357804,15,0.47021018482504096,True,False,False
2014_002662,400.0,0.0003125,0.9301532343638623,0.5213706328809395,15,0.5001638686856236,True,False,False
2014_002663,400.0,0.0003125,0.9054766839686443,0.4672031717244686,15,0.4493354127210678,True,False,False
2014_002664,400.0,0.00025,0.9667829045181328,0.5702084581522254,15,0.5451026767228973,True,False,False
2014_002665,400.0,0.0004,0.8676621775376555,0.5114482538463496,15,0.4970293379060697,True,False,False
2014_002666,400.0,0.0003125,0.9086498376927553,0.4797716148868608,15,0.4634438580182555,True,False,False
2014_002667,400.0,0.0003125,0.9217067475068993,0.5072673510790136,15,0.4862853848134086,True,False,False
2014_002668,400.0,0.0003125,0.9225871854109531,0.5060409589924294,15,0.48458329023535957,True,False,False
2014_002669,400.0,0.0003125,0.8807265640929383,0.46529350463690133,15,0.4481636297603709,True,False,False
2014_002670,400.0,0.0004,0.8672383578465795,0.4724028940688706,15,0.4557474411369802,True,False,False
2014_002671,400.0,0.0003125,0.9049038664582983,0.4906803867482736,15,0.471190464073474,True,False,False
2014_002672,400.0,0.000625,0.9339355979129235,0.6949917978910468,15,0.6807819002389583,True,True,True
2014_002673,400.0,0.0008,0.9308777760189766,0.6970244387817655,15,0.6827289097242578,True,True,True
2014_002674,400.0,0.00025,0.9227851331653035,0.45338582363615154,15,0.4337499599312768,True,False,False
2014_002675,400.0,0.00025,0.9230282305222218,0.48495915138244533,15,0.46403014192424386,True,False,False
2014_002676,400.0,0.00025,0.9261910159478476,0.44529206546750205,15,0.4253130565215193,True,False,False
2014_002677,400.0,0.0003125,0.9467931968099679,0.5490135080340681,15,0.5257476658522939,True,False,False
2014_002678,400.0,0.00025,0.9212710724307026,0.47325924943102415,15,0.4529800555245103,True,False,False
2014_002679,400.0,0.0003125,0.9037169647834752,0.4638961388952136,15,0.4451257183041528,True,False,False
2014_002680,400.0,0.0005,0.9448713851815452,0.7318505620030858,15,0.7182663560528226,True,True,True
2014_002681,400.0,0.0003125,0.8872535525673559,0.46879377611282824,15,0.450361874271121,True,False,False
2014_002682,400.0,0.000625,0.9247684110413209,0.6796639415528687,15,0.6657631926890856,True,True,True
2014_002683,400.0,0.0003125,0.8722853646551231,0.44990310804411426,15,0.43226704540009403,True,False,False
2014_002684,400.0,0.00025,0.9233937646787843,0.458515694216654,15,0.4378652656548089,True,False,False
2014_002685,400.0,0.00025,0.9142020821856605,0.4627839633238171,15,0.442469616341562,True,False,False
2014_002686,400.0,0.0004,0.8605054078731654,0.43564785424964747,15,0.4187113419436751,True,False,False
2014_002687,400.0,0.0003125,0.912553894498143,0.47355022271600844,15,0.4516149926091794,True,False,False
2014_002688,400.0,0.0004,0.8555328380123137,0.4419385611808922,15,0.42486300627451423,True,False,False
2014_002689,400.0,0.00025,0.9464770256681068,0.5203936995774361,15,0.5049441912908936,True,False,False
2014_002690,400.0,0.0003125,0.9153563505704299,0.5083754371621628,15,0.48356281833980985,True,False,False
2014_002691,400.0,0.0003125,0.9215164830334981,0.5261348866889554,15,0.5043035461067906,True,False,False
2014_002692,400.0,0.0005,0.9226320458577862,0.8042042252427338,15,0.7966471401175989,True,True,True
2014_002693,400.0,0.000625,0.9270094506007995,0.822783266045417,15,0.8168364478985979,True,True,True
2014_002694,400.0,0.000625,0.9214938462702711,0.8214096523819328,15,0.8132421181929849,True,True,True
2014_002695,400.0,0.0005,0.9294714877574767,0.8151129144882224,15,0.8075367450846004,True,True,True
2014_002696,400.0,0.000625,0.9281010548070736,0.8242168588698604,15,0.8167409025822764,True,True,True
2014_002697,400.0,0.000625,0.9305320283762567,0.8138792108923478,15,0.8053904659901634,True,True,True
2014_002698,400.0,0.0005,0.9374058385004086,0.8307704496718661,15,0.8231452477172394,True,True,True
2014_002699,400.0,0.000625,0.9272031436350544,0.8284951658118122,15,0.8218898161333038,True,True,True
2014_002700,400.0,0.0008,0.9216292950779745,0.8295904877346747,15,0.8223544893988899,True,True,True
2014_002701,400.0,0.000625,0.9288497203120503,0.8408211725446795,15,0.8342138400839907,True,True,True
2014_002702,400.0,0.000625,0.9222974100568695,0.8267401970422839,15,0.8199699046711374,True,True,True
2014_002703,400.0,0.000625,0.9192184797942929,0.8249789081545552,15,0.8177250647791462,True,True,True
2014_002704,400.0,0.0005,0.9538321148586062,0.8710585181809559,15,0.8639076555550451,True,True,True
2014_002705,400.0,0.000625,0.9227793913585726,0.8310719977951462,15,0.8242330928989631,True,True,True
2014_002706,400.0,0.0008,0.9297627501981957,0.8494972903629185,15,0.8417491559131026,True,True,True
2014_002707,400.0,0.0008,0.9282792160475815,0.8473740198033675,15,0.8408549624576718,True,True,True
2014_002708,400.0,0.000625,0.9186693730541885,0.8227871489938537,15,0.8151183258312567,True,True,True
2014_002709,400.0,0.000625,0.9213279534945049,0.8266774089399022,15,0.8194568597819403,True,True,True
2014_002710,400.0,0.000625,0.9030492628842012,0.8062134445189456,15,0.8003368499076849,True,True,True
2014_002711,400.0,0.0008,0.9316063245464138,0.8320748724988442,15,0.8209134198333075,True,True,True
2014_002712,400.0,0.0008,0.9301531930559003,0.8328486532447734,15,0.8245279904403462,True,True,True
2014_002713,400.0,0.000625,0.9145638160097104,0.8102391119647355,15,0.8032602556929808,True,True,True
2014_002714,400.0,0.0005,0.9291387934307783,0.8251933377857809,15,0.8164588105091422,True,True,True
2014_002715,400.0,0.000625,0.9156699193106792,0.82038517361406,15,0.8130782908153233,True,True,True
2014_002716,400.0,0.0005,0.9238107685561149,0.8225724302068934,15,0.8155905997618679,True,True,True
2014_002717,400.0,0.0005,0.924561458151234,0.8151072139894536,15,0.8070992111501095,True,True,True
2014_002718,400.0,0.0005,0.9421704227721212,0.8502413293761407,15,0.8416298585185775,True,True,True
2014_002719,400.0,0.001,0.8876399885527375,0.7805932963456333,15,0.7721556907005203,True,True,True
2014_002720,400.0,0.0005,0.9304173987814481,0.8248520514029671,15,0.8165388653396787,True,True,True
2014_002721,400.0,0.0005,0.9244986287408904,0.8097595678327959,15,0.8018711515437116,True,True,True
2014_002722,400.0,0.000625,0.905735065271537,0.8015752626112382,15,0.794502224185911,True,True,True
2014_002723,400.0,0.0008,0.8999224980015208,0.8077204828999908,15,0.801008558679282,True,True,True
2014_002724,400.0,0.00125,0.8976935203669734,0.7721583757180563,15,0.7604500469423682,True,True,True
2014_002725,400.0,0.000625,0.9215576670717051,0.8355410649060442,15,0.8295310455772226,True,True,True
2014_002726,400.0,0.001,0.8827823787503912,0.7708310682800785,15,0.7595728310593576,True,True,True
2014_002727,400.0,0.000625,0.9255944050513358,0.8222253194014245,15,0.8141876161373355,True,True,True
2014_002728,400.0,0.0008,0.8796697411907466,0.7732971949250029,15,0.7639933613147961,True,True,True
2014_002729,400.0,0.0008,0.8974511665533726,0.7872173585309699,15,0.779622228772747,True,True,True
2014_002730,400.0,0.0005,0.9141519343196793,0.7901501412236608,15,0.7830971371599488,True,True,True
2014_002731,400.0,0.000625,0.9166360712360764,0.8098317741505348,15,0.8020736844818545,True,True,True
2014_002732,400.0,0.000625,0.9166787836688807,0.8191279657877544,15,0.8098041804318565,True,True,True
2014_002733,400.0,0.001,0.8909028631705149,0.7860292589252461,15,0.7748780093263464,True,True,True
2014_002734,400.0,0.000625,0.9050165958868506,0.8058203992596291,15,0.7987812746711803,True,True,True
2014_002735,400.0,0.000625,0.9205553293715142,0.8311795224204748,15,0.8246728161554449,True,True,True
2014_002736,400.0,0.000625,0.893387041394874,0.7634618104585812,15,0.7531138354905452,True,True,True
2014_002737,400.0,0.0008,0.911523549999653,0.8111417735523955,15,0.8023204995553611,True,True,True
2014_002738,400.0,0.0008,0.922783563462744,0.817758235072707,15,0.8095901225722898,True,True,True
2014_002739,400.0,0.000625,0.9048465310069129,0.7944240282136685,15,0.7861580571510527,True,True,True
2014_002740,400.0,0.0005,0.9206307164023343,0.8100667751468829,15,0.800845846616597,True,True,True
2014_002741,400.0,0.0008,0.9146006214039354,0.8218091829912979,15,0.8157557489943164,True,True,True
2014_002742,400.0,0.000625,0.9350619008073559,0.847472208829263,15,0.8406433004599063,True,True,True
2014_002743,400.0,0.0008,0.8962700066852806,0.7941938602488854,15,0.7857657554350538,True,True,True
2014_002744,400.0,0.000625,0.9210335516486668,0.8081861475566671,15,0.7978465994128981,True,True,True
2014_002745,400.0,0.001,0.900416499920193,0.7863427863575333,15,0.7761714442354078,True,True,True
2014_002746,400.0,0.0008,0.8991249238694259,0.7826156515537908,15,0.7738330005013134,True,True,True
2014_002747,400.0,0.0008,0.9067970929769524,0.7871574619859348,15,0.7782364705684075,True,True,True
2014_002748,400.0,0.000625,0.9095127610208816,0.8016901813617814,15,0.7940077678796557,True,True,True
2014_002749,400.0,0.000625,0.9217564409852973,0.8196246527239627,15,0.8111727545239654,True,True,True
2014_002750,400.0,0.000625,0.8993107270829209,0.7789073944887247,15,0.7689081826446414,True,True,True
2014_002751,400.0,0.000625,0.9044944632459929,0.7918033271745916,15,0.7810519799567158,True,True,True
2014_002752,400.0,0.0008,0.8949949951273128,0.7749277441127066,15,0.7618963626191363,True,True,True
2014_002753,400.0,0.001,0.9001467176197625,0.8005597063631776,15,0.7924429396596422,True,True,True
2014_002754,400.0,0.001,0.8956238262342571,0.7708634950303217,15,0.7565996078717775,True,True,True
2014_002755,400.0,0.0008,0.8917133666947451,0.7886835020295428,15,0.7798801969960188,True,True,True
2014_002756,400.0,0.0008,0.8939494906067347,0.7814482059291136,15,0.7740689928887518,True,True,True
2014_002757,400.0,0.0008,0.8986401749342625,0.7917016269719181,15,0.7837482745664234,True,True,True
2014_002758,400.0,0.000625,0.9010141022077949,0.7922760141848237,15,0.7843496358785758,True,True,True
2014_002759,400.0,0.00125,0.8939955902924306,0.743178031368275,15,0.7206213642797163,True,True,True
2014_002760,400.0,0.0008,0.904986647614333,0.7957495594092763,15,0.7887805344324996,True,True,True
2014_002761,400.0,0.00125,0.9092797841146761,0.7595432545584988,15,0.7365673116546945,True,True,True
2014_002762,400.0,0.0008,0.9252790187607546,0.8307670211110123,15,0.8203262684601151,True,True,True
2014_002763,400.0,0.002,0.9275501718245991,0.6413442800534426,15,0.61415719695405,True,True,False
2014_002764,400.0,0.000625,0.8833106249696386,0.7752651888550457,15,0.7669878994108162,True,True,True
2014_002765,400.0,0.0015625,0.9339325824316906,0.7659195928951628,15,0.7452792434760683,True,True,True
2014_002766,400.0,0.0008,0.9193950713322413,0.8130642874161738,15,0.8029085597037194,True,True,True
2014_002767,400.0,0.0008,0.9091521838197704,0.816779732066644,15,0.8083341126768848,True,True,True
2014_002768,400.0,0.000625,0.9280435128158778,0.8202921480834262,15,0.8118786662881756,True,True,True
2014_002769,400.0,0.000625,0.9124103906378312,0.8096399812825362,15,0.8013810738814382,True,True,True
2014_002770,400.0,0.001,0.9234394925928214,0.8086749033641535,15,0.7943715257938482,True,True,True
2014_002771,400.0,0.0015625,0.9286343819056586,0.7548398060706842,15,0.7356633695202097,True,True,True
2014_002772,400.0,0.00125,0.9230160446734044,0.8069175800407858,15,0.7878666783871124,True,True,True
2014_002773,400.0,0.002,0.8681971982626863,0.630513580240386,15,0.6084416620869906,True,True,False
2014_002774,400.0,0.001,0.919337777188818,0.7962461224215983,15,0.7802337931515364,True,True,True
2014_002775,400.0,0.002,0.9253315211805749,0.6426672088474384,15,0.6161299412997335,True,True,False
2014_002776,400.0,0.000625,0.895840982190981,0.7800800862245878,15,0.7667346816031851,True,True,True
2014_002777,400.0,0.00125,0.9409545642158708,0.7729870134376453,15,0.7512393627866814,True,True,True
2014_002778,400.0,0.002,0.8997202955270748,0.7223235001657276,15,0.7039200595099026,True,True,True
2014_002779,400.0,0.00125,0.930503360650564,0.7895510518494235,15,0.7707497742106793,True,True,True
2014_002780,400.0,0.00125,0.9182733123136392,0.7808721663977243,15,0.7643332019189366,True,True,True
2014_002781,400.0,0.0015625,0.9297950117165904,0.699129781685768,15,0.6745248179888574,True,True,True
2014_002782,400.0,0.001,0.9676945299335669,0.5185512405441944,15,0.47959432111355693,True,False,False
2014_002783,400.0,0.00025,0.9516898426364923,0.38169738381805196,15,0.35225579476353835,True,False,False
2014_002784,400.0,0.00025,0.9284328816665681,0.32828569313603767,15,0.30510663898262125,True,False,False
2014_002785,360.0,0.00025,0.8666678122741487,0.397582525872829,13,0.318671554114587,True,False,False
2014_002786,400.0,0.00025,0.8317602297515805,0.3630058201266271,15,0.34055671897135903,True,False,False
2014_002787,400.0,0.00025,0.9156426973636598,0.33310277982757064,15,0.313555645625272,True,False,False
2014_002788,360.0,0.00025,0.9901741163648596,0.4893042119911396,13,0.3879203456914639,True,False,False
2014_002789,360.0,0.00025,0.9845300855801835,0.3052180052484244,13,0.23186117814934382,True,False,False
2014_002790,360.0,0.00025,0.9911304783032407,0.43874475347573455,13,0.3165261011793919,True,False,False
2014_002791,400.0,0.0003125,0.9444353383336896,0.3672458345877184,15,0.3441702155713833,True,False,False
2014_002792,400.0,0.00025,0.9892595167761548,0.3530266839521211,15,0.31533701018257787,True,False,False
2014_002793,400.0,0.00025,0.9876504890367016,0.33064987173051613,15,0.2901536110924766,True,False,False
2014_002794,400.0,0.0003125,0.9788986124159837,0.2807831477394135,15,0.2500401513391546,True,False,False
2014_002795,400.0,0.0003125,0.9748760017593887,0.26920576520356065,15,0.24341518037865192,True,False,False
2014_002796,400.0,0.00025,0.9894549034368555,0.3381710189286301,15,0.29456815169341166,True,False,False
2014_002797,400.0,0.00025,0.9841403449578345,0.3012911464479614,15,0.2712185782724746,True,False,False
2014_002798,360.0,0.00025,0.9832181860120666,0.3391436148961138,13,0.2605269623677856,True,False,False
2014_002799,400.0,0.00025,0.9686200761322264,0.383528028774135,15,0.3590645035394314,True,False,False
2014_002800,320.0,0.00025,0.9338465792546127,0.2692323262231866,12,0.195641861290507,True,False,False
2014_002801,280.0,0.00025,0.9841746305663718,0.32643406373521133,10,0.1734296612978433,True,False,False
2014_002802,320.0,0.00025,0.9610402716279401,0.2374987235839713,12,0.17469554379618848,True,False,False
2014_002803,320.0,0.00025,0.9658949485649779,0.2819402663735674,12,0.21302788683997725,True,False,False
2014_002804,360.0,0.00025,0.972721419764571,0.2865743587930276,13,0.23459551739213913,True,False,False
2014_002805,280.0,0.00025,0.9920143034601863,0.4059035604489151,10,0.22205264385828263,True,False,False
2014_002806,220.0,0.00025,0.9870225667049234,0.4006668674784397,8,0.20828907873661084,True,False,False
2014_002807,320.0,0.00025,0.9718173123982379,0.28760305097303385,12,0.20543201353843674,True,False,False
2014_002808,400.0,0.00025,0.9587566435595435,0.3179853875562573,15,0.2969880134207917,True,False,False
2014_002809,400.0,0.00025,0.9054602433997312,0.3338758996461064,15,0.31787939132552623,True,False,False
2014_002810,220.0,0.00025,0.976207109529879,0.459067238126522,8,0.23962096144447004,True,False,False
2014_002811,400.0,0.0003125,0.9640166755286015,0.3055839937925699,15,0.2869560443627685,True,False,False
2014_002812,400.0,0.0003125,0.9036901146081147,0.20081803809651588,15,0.19056581498461195,True,False,False
2014_002813,400.0,0.00025,0.9715763630553483,0.23965033140551828,15,0.21736790787729618,True,False,False
2014_002814,320.0,0.00025,0.9817616259606993,0.3396315858523204,12,0.2522723096867832,True,False,False
2014_002815,280.0,0.00025,0.9748826110333236,0.2748148081443439,10,0.15893411908788055,True,False,False
2014_002816,250.0,0.00025,0.9722111425088341,0.3555004525700327,9,0.20998390311333154,True,False,False
2014_002817,280.0,0.00025,0.969229038109404,0.2611578175648725,10,0.1623425629640743,True,False,False
2014_002818,250.0,0.00025,0.9828901594850847,0.40049064771215026,9,0.21485762302089423,True,False,False
2014_002819,280.0,0.00025,0.9686087164426508,0.37889967816140574,10,0.22314081950370301,True,False,False
2014_002820,280.0,0.00025,0.9704931856733413,0.41873885304642916,10,0.31122091960776604,True,False,False
2014_002821,360.0,0.00025,0.9046142976440251,0.27260875642875815,13,0.24127001659919148,True,False,False
2014_002822,200.0,0.00025,0.967369147116159,0.39801204606267376,7,0.26176706869778466,True,False,False
2014_002823,250.0,0.00025,0.9488420717297891,0.28084093757838186,9,0.17098522133301786,True,False,False
2014_002824,220.0,0.00025,0.9921549983790756,0.4400175344037493,8,0.2663574159853882,True,False,False
2014_002825,280.0,0.00025,0.9580160744151371,0.2755001072354696,10,0.1853349051288296,True,False,False
2014_002826,320.0,0.00025,0.9797019696627717,0.32760365737391733,12,0.23404269293544622,True,False,False
2014_002827,280.0,0.00025,0.9825689900798102,0.43066958389002696,10,0.23171284125746724,True,False,False
2014_002828,400.0,0.0003125,0.8559314185385507,0.21413213128265188,15,0.20175700938285573,True,False,False
2014_002829,320.0,0.00025,0.929789517757632,0.2646138482133976,12,0.18908575070281367,True,False,False
2014_002830,250.0,0.00025,0.9389591831069601,0.3943663705601789,9,0.2502135208560596,True,False,False
2014_002831,200.0,0.00025,0.9675548264057677,0.3430084291375129,7,0.19595741281293672,True,False,False
2014_002832,220.0,0.00025,0.9628306000130202,0.33756180910368,8,0.18400214503985557,True,False,False
2014_002833,280.0,0.00025,0.8708147185886821,0.23928884542924095,10,0.1735512306302835,True,False,False
2014_002834,200.0,0.00025,0.9732936176554856,0.38252812824370774,7,0.21161300652236198,True,False,False
2014_002835,400.0,0.0004,0.9496145306209314,0.32864346139572664,15,0.30249015135567775,True,False,False
2014_002836,400.0,0.0003125,0.9766369601834206,0.37291493930538516,15,0.34072827093793195,True,False,False
2014_002837,400.0,0.0003125,0.9609923130839501,0.3789090550688009,15,0.3488768447722791,True,False,False
2014_002838,400.0,0.0003125,0.9856807188642888,0.34787430053227786,15,0.3108095749212422,True,False,False
2014_002839,400.0,0.0005,0.9068663251214206,0.7292642291884703,15,0.7080487903211149,True,True,True
2014_002840,400.0,0.0005,0.9152368879440564,0.7266734351139489,15,0.7014651686306675,True,True,True
2014_002841,400.0,0.0003125,0.9627057673515748,0.6105831907657868,15,0.5975235959341069,True,False,False
2014_002842,400.0,0.000625,0.8995225130045726,0.35817654758627665,15,0.33721742462370924,True,False,False
2014_002843,400.0,0.0015625,0.9743316867428871,0.575509963315225,15,0.531013026548462,True,False,False
2014_002844,400.0,0.0004,0.9655192526497406,0.5089125645932603,15,0.46755912243382547,True,False,False
2014_002845,400.0,0.0015625,0.8803006790037577,0.5140740770727261,15,0.4953333569064104,True,False,False
2014_002846,400.0,0.0005,0.9509663749883924,0.5087883928592083,15,0.4787351568099811,True,False,False
2014_002847,400.0,0.00125,0.9358392340380252,0.25989932919174197,15,0.24018754145253995,True,False,False
2014_002848,400.0,0.0008,0.9291534990652834,0.3863847635086124,15,0.35285339705114027,True,False,False
2014_002849,400.0,0.0008,0.919196751806232,0.3865813481002138,15,0.3565302600650154,True,False,False
2014_002850,400.0,0.001,0.9065594895789926,0.3079956765434555,15,0.28383526913459156,True,False,False
2014_002851,400.0,0.001,0.877676549403827,0.2703851901372449,15,0.2530862830798291,True,False,False
2014_002852,400.0,0.001,0.977303546767718,0.3938444444591317,15,0.3584979235313615,True,False,False
2014_002853,400.0,0.001,0.9102456055763766,0.29239113947517736,15,0.27156585430979185,True,False,False
2014_002854,400.0,0.001,0.956103391846337,0.3132122525363915,15,0.2861216648364486,True,False,False
2014_002855,400.0,0.00125,0.9103275192652074,0.29401119644050944,15,0.27192705113033455,True,False,False
2014_002856,400.0,0.001,0.9561236740557247,0.3292347848730904,15,0.30116321568935883,True,False,False
2014_002857,400.0,0.001,0.8820888180668468,0.2764126827340319,15,0.25778275052205,True,False,False
2014_002858,400.0,0.001,0.9019656311146111,0.29496669091168654,15,0.2768935487207585,True,False,False
2014_002859,400.0,0.00125,0.9061131157406137,0.23829022544563855,15,0.2209858657372265,True,False,False
2014_002860,400.0,0.00125,0.9338178289129958,0.27407956772704756,15,0.25222497076222444,True,False,False
2014_002861,400.0,0.00125,0.9233279197872079,0.2787475739833863,15,0.2557102887558736,True,False,False
2014_002862,400.0,0.0015625,0.8492409744581304,0.21149457659504087,15,0.19635421709680373,True,False,False
2014_002863,400.0,0.00125,0.8936019254136827,0.26640330913127375,15,0.24869400747046233,True,False,False
2014_002864,400.0,0.001,0.9568243397087491,0.4301189074473629,15,0.3980501320037237,True,False,False
2014_002865,400.0,0.001,0.9134138023450364,0.3468301178664867,15,0.3187207518974399,True,False,False
2014_002866,400.0,0.00125,0.941595292015898,0.3412137221084509,15,0.31101045554090134,True,False,False
2014_002867,400.0,0.00125,0.8684908978731687,0.24450980006615883,15,0.22906475303952248,True,False,False
2014_002868,400.0,0.00125,0.8999983394199239,0.23887217201560715,15,0.2205039670514476,True,False,False
2014_002869,400.0,0.0008,0.9110851485979582,0.400019241248743,15,0.3686164740779319,True,False,False
2014_002870,400.0,0.0008,0.9161186477028973,0.4290624976247922,15,0.39863030233132224,True,False,False
2014_002871,400.0,0.00125,0.9088612105347861,0.23796327292567113,15,0.22112424741023862,True,False,False
2014_002872,400.0,0.00125,0.936204933426436,0.2717307970024299,15,0.2506382080143395,True,False,False
2014_002873,400.0,0.00125,0.9400709042907737,0.2572300086812813,15,0.23709882120294734,True,False,False
2014_002874,400.0,0.00125,0.9635957060869099,0.28747602898959734,15,0.26469811645606767,True,False,False
2014_002875,400.0,0.0008,0.9251230812038528,0.3682396215397559,15,0.3363025358792697,True,False,False
2014_002876,400.0,0.001,0.9526017985156232,0.3270573595752352,15,0.3007909070270131,True,False,False
2014_002877,400.0,0.0004,0.9491502291270041,0.6313627480171352,15,0.596321245081461,True,True,False
2014_002878,400.0,0.0004,0.9773852952247004,0.6850404206670674,15,0.6453224846507875,True,True,True
2014_002879,400.0,0.0008,0.9323051726491061,0.3858292953423455,15,0.3630843465625662,True,False,False
2014_002880,400.0,0.0005,0.966539187541783,0.5329192237672135,15,0.5014215308995122,True,False,False
2014_002881,400.0,0.000625,0.9537302907320465,0.4617137153339451,15,0.4294971400019365,True,False,False
2014_002882,400.0,0.001,0.8481598211662659,0.2625086705412434,15,0.24754833114180824,True,False,False
2014_002883,400.0,0.00125,0.885477475429198,0.24369210895652452,15,0.22562801320929488,True,False,False
2014_002884,400.0,0.000625,0.9118091119416031,0.34987393636128405,15,0.3209677811114221,True,False,False
2014_002885,400.0,0.001,0.9502472859842745,0.31907980070395375,15,0.29322469284225544,True,False,False
2014_002886,400.0,0.000625,0.9212201810214038,0.36610193450143436,15,0.33499778258859486,True,False,False
2014_002887,400.0,0.0015625,0.8288709856509359,0.3305672558063298,15,0.3170207227174955,True,False,False
2014_002888,400.0,0.001,0.8565937917107147,0.2548913584073765,15,0.23952153317971178,True,False,False
2014_002889,400.0,0.00125,0.9216528819243298,0.24960336094798138,15,0.23051784322207391,True,False,False
2014_002890,400.0,0.001,0.8570457834319382,0.26484327263486307,15,0.24941078322870303,True,False,False
2014_002891,400.0,0.00125,0.9043758680868234,0.24272864204866343,15,0.22513306120749452,True,False,False
2014_002892,400.0,0.000625,0.90289886059422,0.3444274402513375,15,0.31829800621337845,True,False,False
2014_002893,400.0,0.0008,0.9145819088971071,0.33228950866988033,15,0.3051372481825323,True,False,False
2014_002894,400.0,0.00125,0.9464949533236552,0.2633683718483264,15,0.24336606521172313,True,False,False
2014_002895,400.0,0.000625,0.9672163076564142,0.544938105801918,15,0.5093233309683148,True,False,False
2014_002896,400.0,0.0008,0.9232232867192258,0.3254188379508475,15,0.2995009419867676,True,False,False
2014_002897,400.0,0.001,0.9129361170713911,0.2572248451860197,15,0.23755304355412385,True,False,False
2014_002898,400.0,0.001,0.9397201583846406,0.2721238835697085,15,0.249778754555029,True,False,False
2014_002899,400.0,0.00125,0.9249501660745308,0.25581025402413904,15,0.2361018122298666,True,False,False
2014_002900,400.0,0.000625,0.9191973301177012,0.49032617097332465,15,0.46058555358121855,True,False,False
2014_002901,400.0,0.0008,0.9397594835645533,0.3727791187260228,15,0.3442353995355663,True,False,False
2014_002902,400.0,0.001,0.9209691525357636,0.26983009374263683,15,0.24882065768224,True,False,False
2014_002903,400.0,0.001,0.9694856844778889,0.36059339383242384,15,0.32668521614473783,True,False,False
2014_002904,400.0,0.00125,0.916612443081759,0.26096705739592624,15,0.24093810712377287,True,False,False
2014_002905,400.0,0.001,0.9712187187195457,0.359563999417062,15,0.32578507434276555,True,False,False
2014_002906,400.0,0.001,0.9545858612429202,0.2982731041215102,15,0.2725597651857156,True,False,False
2014_002907,400.0,0.000625,0.8901464317686648,0.45370385363630683,15,0.42087513561403955,True,False,False
2014_002908,400.0,0.001,0.9159146276781192,0.2852195815602579,15,0.2630769854837212,True,False,False
2014_002909,400.0,0.00125,0.9129689569012551,0.24952095156360551,15,0.232288219861463,True,False,False
2014_002910,400.0,0.001,0.9247834884474848,0.30765715779410197,15,0.28272805051864625,True,False,False
2014_002911,400.0,0.0005,0.9840944105039868,0.5773313552877992,15,0.5401035045344577,True,False,False
2014_002912,400.0,0.0008,0.9386387159370414,0.3718314314596813,15,0.3419378093759821,True,False,False
2014_002913,400.0,0.0005,0.9810437348874821,0.5372468524159044,15,0.5037600572495309,True,False,False
2014_002914,400.0,0.0005,0.9823901679119089,0.570620133302446,15,0.5353643659673945,True,False,False
2014_002915,400.0,0.000625,0.9696929678316724,0.46436994122042224,15,0.4304994777021273,True,False,False
2014_002916,400.0,0.000625,0.9778311733675341,0.4610598102940102,15,0.42591627669196586,True,False,False
2014_002917,400.0,0.0008,0.9751432229661694,0.37587651364765495,15,0.34316581247308786,True,False,False
2014_002918,400.0,0.0008,0.9293402523619066,0.34311372313288835,15,0.3124041035660007,True,False,False
2014_002919,400.0,0.0008,0.9761653884881649,0.3928969637326007,15,0.3577252581004087,True,False,False
2014_002920,400.0,0.001,0.952157448767387,0.27068413585891316,15,0.2494508519519334,True,False,False
2014_002921,400.0,0.000625,0.9472715430110068,0.5243369576388501,15,0.48817406745623254,True,False,False
2014_002922,400.0,0.0008,0.9165344949572892,0.39660939290183805,15,0.36901992894369595,True,False,False
2014_002923,400.0,0.0008,0.950895242677668,0.3667059395231607,15,0.3349019481165387,True,False,False
2014_002924,400.0,0.001,0.9209881541983265,0.2794247767139417,15,0.25737545401581136,True,False,False
2014_002925,400.0,0.00125,0.8397552618908274,0.22311710873346152,15,0.20768602379801265,True,False,False
2014_002926,400.0,0.001,0.9650012921130543,0.30931798571801994,15,0.2849481469413437,True,False,False
2014_002927,400.0,0.0008,0.9583495122851532,0.3719778681853016,15,0.3416748015813349,True,False,False
2014_002928,400.0,0.0008,0.9640628991381838,0.4134930723242933,15,0.38196956198028387,True,False,False
2014_002929,400.0,0.001,0.9239593946037261,0.2864224281084489,15,0.2641137740242977,True,False,False
2014_002930,400.0,0.001,0.8789351203928817,0.2595470135830493,15,0.23965314034694063,True,False,False
2014_002931,400.0,0.001,0.8979419464510017,0.2896426316013841,15,0.26744835926426885,True,False,False
2014_002932,400.0,0.0008,0.9247137606074716,0.2971888114245266,15,0.27466667779227777,True,False,False
2014_002933,400.0,0.000625,0.9348816328607813,0.42546519374590847,15,0.39346003256389267,True,False,False
2014_002934,400.0,0.001,0.8818728187330617,0.25949798103204474,15,0.24116497045158855,True,False,False
2014_002935,400.0,0.001,0.9135049690173761,0.2645950943986073,15,0.24529337079910418,True,False,False
2014_002936,400.0,0.001,0.9016364892726527,0.2565588369131915,15,0.23895503578756605,True,False,False
2014_002937,400.0,0.0005,0.9590806632142023,0.46287657577483,15,0.4324136886655248,True,False,False
2014_002938,400.0,0.000625,0.943397971481644,0.45207879840756154,15,0.42622348400605276,True,False,False
2014_002939,400.0,0.0008,0.8677914301510451,0.41221157541627684,15,0.3901854677928429,True,False,False
2014_002940,400.0,0.0008,0.8725515944708137,0.318689316538287,15,0.2924077039679768,True,False,False
2014_002941,400.0,0.0008,0.8714541245339222,0.347499719932017,15,0.31833344844485434,True,False,False
2014_002942,400.0,0.000625,0.8881373777243015,0.4835903294425639,15,0.45619220396483734,True,False,False
2014_002943,400.0,0.001,0.8713873295592176,0.289244009767185,15,0.2670492830424867,True,False,False
2014_002944,400.0,0.0008,0.8233987959885672,0.35208688650653935,15,0.32375664686418043,True,False,False
2014_002945,400.0,0.00125,0.8813765861844364,0.28846498291006994,15,0.26900529766352255,True,False,False
2014_002946,400.0,0.000625,0.8329834824330455,0.4078273961674803,15,0.37892483471032046,True,False,False
2014_002947,400.0,0.000625,0.8442674545141506,0.43336121070001793,15,0.4075774829968166,True,False,False
2014_002948,400.0,0.000625,0.8453063910687559,0.4494249270749237,15,0.4206970569894559,True,False,False
2014_002949,400.0,0.0008,0.8508376924248798,0.37088155487134883,15,0.3426255456368713,True,False,False
2014_002950,400.0,0.0008,0.8454263906986366,0.3836947064011809,15,0.35506122500909604,True,False,False
2014_002951,400.0,0.000625,0.9245980983136107,0.4686785268985883,15,0.4424671791717985,True,False,False
2014_002952,400.0,0.00125,0.8548225889120837,0.28606255314269324,15,0.26716535841596856,True,False,False
2014_002953,400.0,0.000625,0.8185884838028176,0.44035952302191866,15,0.41151202507822904,True,False,False
2014_002954,400.0,0.0008,0.8364781360261277,0.4105546717487577,15,0.38304385815044095,True,False,False
2014_002955,400.0,0.0004,0.9456834171003727,0.6228365367933323,15,0.601529435558092,True,True,False
2014_002956,400.0,0.0003125,0.9395509196639449,0.5586788689285144,15,0.5444634773174676,True,False,False
2014_002957,400.0,0.0005,0.8582118245859042,0.5409490785185048,15,0.5194348178533673,True,False,False
2014_002958,400.0,0.000625,0.8402494290413479,0.5302423438996897,15,0.5094318882926957,True,False,False
2014_002959,400.0,0.001,0.8371733490281559,0.32436726115984166,15,0.29991364983604046,True,False,False
2014_002960,400.0,0.001,0.8547762826865773,0.41922707185040836,15,0.3926367648793758,True,False,False
2014_002961,400.0,0.00125,0.7948603642172587,0.3233433607034382,15,0.29820420244073875,False,False,False
2014_002962,400.0,0.0005,0.9403507244259928,0.48411324693470137,15,0.4592774543456141,True,False,False
2014_002963,360.0,0.00025,0.9750728341987627,0.583348562202025,13,0.4786374221716686,True,False,False
2014_002964,400.0,0.0003125,0.9578877718848757,0.44803239436480086,15,0.4282367514625497,True,False,False
2014_002965,400.0,0.0004,0.897500942647695,0.3511573747435189,15,0.3296320848525025,True,False,False
2014_002966,400.0,0.000625,0.8197498984650292,0.5199384858351693,15,0.48914121077271994,True,False,False
2014_002967,400.0,0.0004,0.8608724291163632,0.31140428565149764,15,0.29492364801518545,True,False,False
2014_002968,400.0,0.0005,0.8302746302028617,0.2956117973556956,15,0.2806349760793853,True,False,False
2014_002969,400.0,0.0003125,0.9130053905238213,0.36339523028527937,15,0.3417826566703602,True,False,False
2014_002970,400.0,0.0004,0.914572986377295,0.6191910678306479,15,0.610525194387008,True,False,False
2014_002971,400.0,0.0008,0.815603983541586,0.4570900325209324,15,0.4268027868664474,True,False,False
2014_002972,400.0,0.0004,0.8685364192473953,0.3179110332244896,15,0.29996272369500715,True,False,False
2014_002973,400.0,0.0004,0.8888759227785652,0.3223447820277979,15,0.30595940055207266,True,False,False
2014_002974,400.0,0.000625,0.8075131582382452,0.5511758146177973,15,0.5231259321141646,True,False,False
2014_002975,400.0,0.000625,0.7903298308587661,0.4898668677428107,15,0.4607946131773721,False,False,False
2014_002976,400.0,0.0004,0.9051845953686835,0.33956536918908503,15,0.3184009869628767,True,False,False
2014_002977,400.0,0.0004,0.9123685043642689,0.33468495739166326,15,0.31519685226719574,True,False,False
2014_002978,400.0,0.0004,0.8911519914898989,0.3277151888715689,15,0.3125625609085901,True,False,False
2014_002979,400.0,0.0004,0.8933276818533462,0.3061770108963795,15,0.2898931230835171,True,False,False
2014_002980,400.0,0.00025,0.9470063045864066,0.4714372791469807,15,0.44673305241716016,True,False,False
2014_002981,400.0,0.00025,0.9513331070758556,0.46394517144621816,15,0.4307280759643509,True,False,False
2014_002982,400.0,0.0003125,0.8751650666165243,0.33960589229989846,15,0.32199333388630924,True,False,False
2014_002983,400.0,0.0004,0.8562930697466764,0.3158365886761327,15,0.3006118370113392,True,False,False
2014_002984,400.0,0.0004,0.8780523279349886,0.3260239582875503,15,0.3092445401614183,True,False,False
2014_002985,400.0,0.0008,0.8076795054015944,0.4506148029230175,15,0.4230359964190954,True,False,False
2014_002986,400.0,0.00025,0.9642106164106289,0.5629621741338794,15,0.5384560190822957,True,False,False
2014_002987,400.0,0.000625,0.7854011713616195,0.5461082364441313,15,0.5263357260006524,False,False,False
2014_002988,320.0,0.00025,0.9547617505455129,0.6197961055514266,12,0.4959283981003625,True,False,False
2014_002989,200.0,0.00025,0.9007743507958061,0.6621598578477362,7,0.39405164519699104,True,True,False
2014_002990,250.0,0.00025,0.9312948625122313,0.673706176796095,9,0.4513804460004144,True,True,False
2014_002991,400.0,0.0004,0.9285965025044192,0.5733537703098858,15,0.5591679551996975,True,False,False
2014_002992,180.0,0.00025,0.9534996270717182,0.7549709175423679,7,0.3815414462611503,True,True,False
2014_002993,400.0,0.0008,0.8036127778414839,0.4786493188647514,15,0.4494359149928405,True,False,False
2014_002994,400.0,0.000625,0.8009145004495959,0.570694652866062,15,0.5476956188114477,True,False,False
2014_002995,400.0,0.0004,0.8621002669816206,0.32400152046346875,15,0.306678696096001,True,False,False
2014_002996,400.0,0.0003125,0.9098983295390594,0.3696419442368949,15,0.3498187076159655,True,False,False
2014_002997,400.0,0.000625,0.8036306641890701,0.5241619771114234,15,0.49779940093541053,True,False,False
2014_002998,400.0,0.000625,0.8044700419788035,0.5452429585621656,15,0.5204195583617064,True,False,False
2014_002999,400.0,0.0004,0.9223183531936507,0.3603367061559769,15,0.3404203200805274,True,False,False
2014_003000,400.0,0.0005,0.8342284631025716,0.6484233081332733,15,0.6350912459836269,True,True,True
2014_003001,280.0,0.00025,0.9776821342403019,0.5880715906638718,10,0.4015057908805899,True,False,False
2014_003002,360.0,0.00025,0.9455204158819531,0.5954214337431855,13,0.5501187851757952,True,False,False
2014_003003,400.0,0.000625,0.8111363209013992,0.5722688993014328,15,0.5497790684955409,True,False,False
2014_003004,400.0,0.0005,0.8196377473479463,0.599508154356949,15,0.5883122095430645,True,False,False
2014_003005,400.0,0.0008,0.8007879741617044,0.4710826089844487,15,0.4428483277380322,True,False,False
2014_003006,400.0,0.0003125,0.9327522487228405,0.5127910517701123,15,0.4908253776952206,True,False,False
2014_003007,400.0,0.0004,0.9083697697097637,0.35305093172586977,15,0.33476013788267284,True,False,False
2014_003008,400.0,0.000625,0.7857154010292622,0.5384028144271197,15,0.5138934373544927,False,False,False
2014_003009,400.0,0.000625,0.8009206966439099,0.54475717692795,15,0.5214528770334671,True,False,False
2014_003010,400.0,0.0008,0.7882672003875678,0.5361652447364569,15,0.511972493193274,False,False,False
2014_003011,400.0,0.000625,0.7931521147528577,0.5560786979465977,15,0.5388326237726991,False,False,False
2014_003012,400.0,0.000625,0.7958552251763107,0.5441697777069852,15,0.5241459909300934,False,False,False
2014_003013,250.0,0.00025,0.9498210704313972,0.6008819332522816,9,0.41614045830688245,True,False,False
2014_003014,400.0,0.0005,0.8572094042697892,0.5809893818709598,15,0.5662290556239798,True,False,False
2014_003015,400.0,0.00025,0.9218162549144082,0.5787333062132793,15,0.5634713773826019,True,False,False
2014_003016,400.0,0.00025,0.9574021141745463,0.41773151708282513,15,0.39426161356831063,True,False,False
2014_003017,400.0,0.0003125,0.9041038964644019,0.3945271824566076,15,0.37474442763852955,True,False,False
2014_003018,400.0,0.0005,0.8193086468139499,0.5835684031762849,15,0.5687602010012389,True,False,False
2014_003019,400.0,0.0008,0.7937983778198054,0.5114046326383792,15,0.4871248865270281,False,False,False
2014_003020,360.0,0.00025,0.9625204185256626,0.5420580733768201,13,0.46085409664278626,True,False,False
2014_003021,400.0,0.0003125,0.935073467036742,0.43747639249966375,15,0.41024002900149403,True,False,False
2014_003022,400.0,0.0003125,0.914217407439597,0.561482936011323,15,0.5514743472598446,True,False,False
2014_003023,280.0,0.00025,0.928416028018034,0.5931727935186816,10,0.4157598054361939,True,False,False
2014_003024,220.0,0.00025,0.9819318147645232,0.5222391740919106,8,0.21135136189046383,True,False,False
2014_003025,400.0,0.000625,0.7753183108942976,0.5336424848755028,15,0.5117864421320064,False,False,False
2014_003026,400.0,0.0004,0.9113116814620772,0.4109364399344228,15,0.39058925312230364,True,False,False
2014_003027,400.0,0.0008,0.7898967168762192,0.46728153292855934,15,0.4416025622172263,False,False,False
2014_003028,400.0,0.0004,0.8687686939182453,0.6020741636542147,15,0.5826128673971457,True,False,False
2014_003029,400.0,0.0003125,0.8553303876900951,0.36786041444774065,15,0.34494065037238303,True,False,False
2014_003030,400.0,0.00025,0.8998186497848185,0.4380161636403352,15,0.40540798882768336,True,False,False
2014_003031,400.0,0.0005,0.8594798550982783,0.6066242356787774,15,0.5890718216579959,True,False,False
2014_003032,360.0,0.00025,0.9344195619968071,0.6625855777050684,13,0.5935953326629326,True,True,False
2014_003033,400.0,0.00125,0.9201849208754248,0.44448701459426826,15,0.41097419541177593,True,False,False
2014_003034,250.0,0.00025,0.9599244196479174,0.5073465797503083,9,0.36603571783819905,True,False,False
2014_003035,400.0,0.00025,0.7523764470592201,0.5322223997546638,15,0.5307841804384659,False,False,False
2014_003036,400.0,0.004,0.723704755802199,0.22878869192885382,15,0.19923338205469768,False,False,False
2014_003037,400.0,0.004,0.7719634434449386,0.24830658009399048,15,0.22514272727062432,False,False,False
2014_003038,400.0,0.0025,0.9407078730662504,0.44732962200570975,15,0.411494717042112,True,False,False
2014_003039,400.0,0.004,0.7401602368895964,0.23621578089728165,15,0.20963237235591867,False,False,False
2014_003040,400.0,0.004,0.8246029643915452,0.21646788999921018,15,0.19184359417604,True,False,False
2014_003041,400.0,0.005,0.6662030811774157,0.22262752676673328,15,0.20000113183816134,False,False,False
2014_003042,320.0,0.00025,0.934542783647731,0.4346491516501209,12,0.350022438485009,True,False,False
2014_003043,400.0,0.000625,0.8228731108629695,0.4740790885546873,15,0.44905637743712845,True,False,False
2014_003044,400.0,0.0004,0.8524491573340964,0.6334155471933554,15,0.6088196299401432,True,True,False
2014_003045,400.0,0.0004,0.8198035161998262,0.5544136979185084,15,0.542120076627922,True,False,False
2014_003046,400.0,0.0008,0.8642113930003162,0.48145772328357983,15,0.4450230680183513,True,False,False
2014_003047,400.0,0.0008,0.8397172998736637,0.5417124909659486,15,0.5148951141272899,True,False,False
2014_003048,250.0,0.00025,0.7573485212245267,0.17601810081852554,9,0.09195139969551075,False,False,False
2014_003049,220.0,0.00025,0.8823590547548604,0.25117612029671676,8,0.07856902444803475,True,False,False
2014_003050,200.0,0.00025,0.9129330602821961,0.30839487668912385,7,0.09065825394218406,True,False,False
2014_003051,220.0,0.00025,0.8144286480961491,0.24970873755928105,8,0.1065255509573368,True,False,False
2014_003052,200.0,0.00025,0.877686298082881,0.3285989727205523,7,0.14082127994538096,True,False,False
2014_003053,200.0,0.00025,0.8613697356720029,0.27693989625422705,7,0.09663134395289438,True,False,False
2014_003054,220.0,0.00025,0.8526891979018199,0.2552856429055558,8,0.09692814166053382,True,False,False
2014_003055,220.0,0.00025,0.8366304384823653,0.2961002226994852,8,0.10362754956872836,True,False,False
2014_003056,200.0,0.00025,0.9549123180673426,0.45379836625357606,7,0.1991826558772473,True,False,False
2014_003057,250.0,0.00025,0.7465742480876892,0.28110964587179793,9,0.1061119343328979,False,False,False
2014_003058,250.0,0.00025,0.6678670485064528,0.35445089986916944,9,0.2503120403456518,False,False,False
2014_003059,250.0,0.00025,0.814538155503658,0.3221371682103177,9,0.1938484348082699,True,False,False
2014_003060,200.0,0.00025,0.8552740023218379,0.3722461633990967,7,0.17217005760973625,True,False,False
2014_003061,250.0,0.00025,0.7286611742498722,0.2598548818245297,9,0.1604185620136607,False,False,False
2014_003062,220.0,0.00025,0.8698466251890665,0.37929082325446595,8,0.2044426878463053,True,False,False
2014_003063,160.0,0.00025,0.9452267575794328,0.2961553275209175,6,0.08751174385362309,True,False,False
2014_003064,220.0,0.00025,0.8091593218356201,0.22373251475272557,8,0.11408618856721185,True,False,False
2014_003065,200.0,0.00025,0.8943926837320323,0.2857512976483212,7,0.10431156811302916,True,False,False
2014_003066,180.0,0.00025,0.9945503231769722,0.356405923099115,7,0.1199581979946802,True,False,False
2014_003067,200.0,0.00025,0.9072392947111598,0.22588118970896393,7,0.04246508072732416,True,False,False
2014_003068,200.0,0.00025,0.8490558321720288,0.21764719100900812,7,0.09804378710074615,True,False,False
2014_003069,220.0,0.00025,0.8228967803252489,0.186140658237419,8,0.050217882976856636,True,False,False
2014_003070,200.0,0.00025,0.8911799156722738,0.27755146063301644,7,0.043906150292906496,True,False,False
2014_003071,320.0,0.00025,0.790294347319328,0.3312451607722408,12,0.2639533338995278,False,False,False
2014_003072,400.0,0.0005,0.8646528511912059,0.7131861376427562,15,0.6674545885049525,True,True,True
2014_003073,400.0,0.000625,0.8027988457564,0.5821185763227388,15,0.5353345003108011,True,False,False
2014_003074,320.0,0.00025,0.9186155487795811,0.4400646667884976,12,0.37169007561339845,True,False,False
2014_003075,400.0,0.0003125,0.856924214099498,0.3926150368913148,15,0.376500759570807,True,False,False
2014_003076,400.0,0.001,0.8222703037721439,0.5184926245459842,15,0.48374544084022375,True,False,False
2014_003077,400.0,0.0003125,0.9029373596148909,0.4343795345815388,15,0.41515877458773826,True,False,False
2014_003078,400.0,0.0005,0.7521345063252404,0.6717708574640678,15,0.6626311403872572,False,True,True
2014_003079,400.0,0.0004,0.8415087848816825,0.7433969222594067,15,0.7353488093888702,True,True,True
2014_003080,400.0,0.0004,0.7997714265225536,0.7081781668583906,15,0.6969736299883909,False,True,True
2014_003081,400.0,0.0003125,0.8220769412015858,0.4848434064726602,15,0.463458274497026,True,False,False
2014_003082,400.0,0.0005,0.812746505263791,0.6065284425146833,15,0.5834756668013857,True,False,False
2014_003083,400.0,0.0003125,0.7880630564389034,0.48043035295836056,15,0.47194858910176996,False,False,False
2014_003084,400.0,0.0015625,0.8419015822932264,0.35451641429704916,15,0.3296209317027373,True,False,False
2014_003085,400.0,0.00125,0.9294340627438202,0.3746472713116864,15,0.3346223758290921,True,False,False
2014_003086,400.0,0.0003125,0.6670615845535981,0.3254385418487659,15,0.31710879129267816,False,False,False
2014_003087,400.0,0.0003125,0.7914792249040086,0.37824507088611525,15,0.3657496602007038,False,False,False
2014_003088,320.0,0.00025,0.8335922791783748,0.39469542978621314,12,0.32493693926506856,True,False,False
2014_003089,400.0,0.00025,0.7585928409666591,0.3134738971682896,15,0.29973751268567517,False,False,False
2014_003090,320.0,0.00025,0.8017960536686262,0.3531245425143198,12,0.2875747963269621,True,False,False
2014_003091,360.0,0.00025,0.8166605585960052,0.4024376158894877,13,0.3531746903803009,True,False,False
2014_003092,250.0,0.00025,0.898259150291915,0.3737812498864031,9,0.22501475520405967,True,False,False
2014_003093,250.0,0.00025,0.9282541008066288,0.4678535655876256,9,0.32970540648521784,True,False,False
2014_003094,360.0,0.00025,0.891851665751833,0.39884390580330603,13,0.3513417321783407,True,False,False
2014_003095,280.0,0.00025,0.9510656793292644,0.6379811923196271,10,0.4906410202603988,True,True,False
2014_003096,280.0,0.00025,0.9228122311884367,0.3100433948403381,10,0.1666978679473677,True,False,False
2014_003097,280.0,0.00025,0.8534570303012078,0.315932505764113,10,0.21626296119926597,True,False,False
2014_003098,320.0,0.00025,0.8854710313871115,0.3623874812420544,12,0.2773587589898518,True,False,False
2014_003099,280.0,0.00025,0.8522381975716866,0.38226545091275727,10,0.2836999029428123,True,False,False
2014_003100,220.0,0.00025,0.9534916959429963,0.2937253866507868,8,0.1303072882776926,True,False,False
2014_003101,400.0,0.00025,0.8563995203649906,0.43769367238027385,15,0.4206056011613816,True,False,False
2014_003102,250.0,0.00025,0.9539893742702948,0.3415060998641464,9,0.16919782581324638,True,False,False
2014_003103,250.0,0.00025,0.928610629827455,0.37686555018405177,9,0.23574400266221554,True,False,False
2014_003104,200.0,0.00025,0.9937937265432737,0.3990309482556639,7,0.1381337426236372,True,False,False
2014_003105,250.0,0.00025,0.9436217780202647,0.29882795266834566,9,0.13012780518239778,True,False,False
2014_003106,250.0,0.00025,0.9168326145197156,0.3141928622485213,9,0.14865132808402767,True,False,False
2014_003107,250.0,0.00025,0.9044547662944213,0.3051450140794058,9,0.14186166227865954,True,False,False
2014_003108,280.0,0.00025,0.8708411143764596,0.3468629576963508,10,0.23418921227699072,True,False,False
2014_003109,250.0,0.00025,0.9016967162813846,0.28429977716832927,9,0.12946282960862193,True,False,False
2014_003110,280.0,0.00025,0.8685138651000925,0.2940539088733138,10,0.17543008197812926,True,False,False
2014_003111,250.0,0.00025,0.9649773748030023,0.3463702363245035,9,0.17286671639043757,True,False,False
2014_003112,280.0,0.00025,0.8973487641153437,0.30717682881088254,10,0.19134013273404843,True,False,False
2014_003113,250.0,0.00025,0.919347938947493,0.3305585398263281,9,0.18235883169186506,True,False,False
2014_003114,280.0,0.00025,0.8594551942449087,0.31111017296139426,10,0.21316593804929262,True,False,False
2014_003115,250.0,0.00025,0.9257091585700307,0.32981165056372147,9,0.19633719821642134,True,False,False
2014_003116,250.0,0.00025,0.9613023293394592,0.3204136347999422,9,0.14262990775766832,True,False,False
2014_003117,220.0,0.00025,0.974535665459703,0.32335657925130806,8,0.1516793669373054,True,False,False
2014_003118,220.0,0.00025,0.9891095275657945,0.366975639207667,8,0.16206183405368912,True,False,False
2014_003119,250.0,0.00025,0.9411854344160095,0.35133822100156276,9,0.18916799485534116,True,False,False
2014_003120,320.0,0.00025,0.7930996123330374,0.3376690032653118,12,0.2795731962217425,False,False,False
2014_003121,280.0,0.00025,0.8530388284929765,0.34954855354387615,10,0.23609607042313563,True,False,False
2014_003122,220.0,0.00025,0.9642996763769017,0.4129734594691233,8,0.2042165267538452,True,False,False
2014_003123,280.0,0.00025,0.9055041124554741,0.45142617391445156,10,0.34007151564861265,True,False,False
2014_003124,320.0,0.00025,0.8366859976913806,0.2946894731780793,12,0.22668004438788375,True,False,False
2014_003125,200.0,0.00025,0.9946295105403048,0.34039764200933825,7,0.1137829468174859,True,False,False
2014_003126,220.0,0.00025,0.9683530201572941,0.3425463582735387,8,0.15627264709021757,True,False,False
2014_003127,250.0,0.00025,0.9388902401182266,0.3821346699047703,9,0.21639964924583227,True,False,False
2014_003128,400.0,0.00025,0.9094941311299777,0.3901618396385256,15,0.3745103354173476,True,False,False
2014_003129,400.0,0.00025,0.8823778085696506,0.6590763010934052,15,0.651006584158694,True,True,True
2014_003130,400.0,0.00025,0.9519255458681959,0.5521833984291739,15,0.5261598366980597,True,False,False
2014_003131,250.0,0.00025,0.9764693737812086,0.4622763297776541,9,0.2459887490329806,True,False,False
2014_003132,360.0,0.00025,0.9246718743339091,0.5927736346809753,13,0.525247591663194,True,False,False
2014_003133,400.0,0.005,0.8282008465818983,0.5168774006122171,15,0.49235794439683933,True,False,False
2014_003134,250.0,0.00025,0.9061048954561572,0.32559617303211347,9,0.24856686156313956,True,False,False
2014_003135,400.0,0.0025,0.9018563302469126,0.5029898289883415,15,0.46485278998932933,True,False,False
2014_003136,400.0,0.003125,0.9840427755513704,0.5522643620348765,15,0.5157014042393866,True,False,False
2014_003137,400.0,0.0015625,0.8857468446500075,0.5099059797736389,15,0.4875442862661601,True,False,False
2014_003138,320.0,0.00025,0.8339957753521008,0.6110122978760106,12,0.534556795308473,True,False,False
2014_003139,360.0,0.00025,0.883070047398408,0.7063652430180456,13,0.6541562749603361,True,True,True
2014_003140,400.0,0.0025,0.8708338441751312,0.4923493523407239,15,0.4704178399504833,True,False,False
2014_003141,400.0,0.0025,0.9023471927604657,0.4485620863627216,15,0.4241231806734255,True,False,False
2014_003142,400.0,0.0003125,0.8820399920556528,0.5969504066521021,15,0.5904057383699085,True,False,False
2014_003143,400.0,0.005,0.945388271711217,0.46131563050325325,15,0.43632538744389965,True,False,False
2014_003144,400.0,0.0003125,0.7993926325101592,0.6280425792559345,15,0.6212692300955932,False,True,True
2014_003145,400.0,0.00025,0.9380756884137115,0.47084149440971085,15,0.45174837601877826,True,False,False
2014_003146,400.0,0.00025,0.9332062645342064,0.5911819975935634,15,0.5832906897471325,True,False,False
2014_003147,400.0,0.0004,0.8528875587357913,0.6820493111319009,15,0.6649718147513046,True,True,True
2014_003148,400.0,0.00025,0.9959913101266303,0.50541873715942,15,0.4774305687511546,True,False,False
2014_003149,400.0,0.003125,0.8837321727227995,0.4407017181798985,15,0.4124852819731062,True,False,False
2014_003150,400.0,0.01,0.9226329546329524,0.2714689458307213,15,0.23563858474295377,True,False,False
2014_003151,400.0,0.0004,0.9011000640769108,0.7149204937392001,15,0.6839028406989835,True,True,True
2014_003152,400.0,0.004,0.8258548434907409,0.3104788633767243,15,0.28928668089202725,True,False,False
2014_003153,400.0,0.004,0.884178463945254,0.33997857273390303,15,0.313180982409087,True,False,False
2014_003154,400.0,0.003125,0.8915285135643781,0.4227588199934502,15,0.39347230102863434,True,False,False
2014_003155,400.0,0.005,0.7546147189852385,0.3753440953242361,15,0.35980482483606524,False,False,False
2014_003156,400.0,0.005,0.8794877383097641,0.5137444808431847,15,0.49790035759476625,True,False,False
2014_003157,400.0,0.0025,0.7822694082155258,0.408065330029137,15,0.3577305455195567,False,False,False
2014_003158,400.0,0.000625,0.8089729403106557,0.6552106193848022,15,0.6501785247505742,True,True,True
2014_003159,400.0,0.01,0.9492501117793454,0.40497252029129716,15,0.38047702269393346,True,False,False
2014_003160,400.0,0.004,0.8441815752609589,0.28648463789936124,15,0.2595174783901527,True,False,False
2014_003161,400.0,0.001,0.9685935151126005,0.549163290704618,15,0.5104930898388692,True,False,False
2014_003162,400.0,0.001,0.9393069135318605,0.5084010480986606,15,0.48233469131881784,True,False,False
2014_003163,400.0,0.001,0.9146417641341802,0.482832204414268,15,0.4570811513090824,True,False,False
2014_003164,400.0,0.008,0.9794426382767508,0.28903883311946826,15,0.2661842530082936,True,False,False
2014_003165,400.0,0.004,0.9181455054789228,0.39232621162035936,15,0.3599948827696559,True,False,False
2014_003166,400.0,0.000625,0.8877639950549412,0.7125371895582725,15,0.704774638629686,True,True,True
2014_003167,400.0,0.0003125,0.9610004094445203,0.575291361579828,15,0.553225804852595,True,False,False
2014_003168,400.0,0.003125,0.8124065407357642,0.2578284371281251,15,0.2304840946170438,True,False,False
2014_003169,400.0,0.003125,0.8286381739765787,0.2919636020675131,15,0.2522219965889537,True,False,False
2014_003170,400.0,0.003125,0.8355696087078506,0.2544631600723187,15,0.21815862488768364,True,False,False
2014_003171,400.0,0.003125,0.8205725052221525,0.24576750358800958,15,0.21167137467279964,True,False,False
2014_003172,400.0,0.003125,0.8501627616322395,0.27683708073657715,15,0.2392172174229714,True,False,False
2014_003173,400.0,0.003125,0.8272328771061691,0.27770268908223955,15,0.24446361776453868,True,False,False
2014_003174,400.0,0.003125,0.8287598259249431,0.29594242628428935,15,0.26550816559271473,True,False,False
2014_003175,400.0,0.003125,0.8229057028450611,0.27288444576776794,15,0.23643339124158846,True,False,False
2014_003176,400.0,0.0025,0.882002897505693,0.31244429621311737,15,0.2734055044016112,True,False,False
2014_003177,400.0,0.003125,0.8445497531270953,0.2731901246872574,15,0.23883883649019796,True,False,False
2014_003178,400.0,0.003125,0.8690080735585752,0.3050597957536076,15,0.26799965532636427,True,False,False
2014_003179,400.0,0.0025,0.8693565062188311,0.31266698743676163,15,0.2715229353371771,True,False,False
2014_003180,400.0,0.003125,0.8246479074543026,0.25432176291807373,15,0.21990054034119055,True,False,False
2014_003181,400.0,0.003125,0.8257616114202966,0.25661418958239635,15,0.22152869366709285,True,False,False
2014_003182,400.0,0.003125,0.8005616065294339,0.25318050654136365,15,0.21801404702035757,True,False,False
2014_003183,400.0,0.003125,0.8005042710780486,0.26104211396304955,15,0.2241141177065423,True,False,False
2014_003184,400.0,0.003125,0.8230885318852855,0.2977958319274857,15,0.26382664237978803,True,False,False
2014_003185,400.0,0.003125,0.8292684095542342,0.29065570937171914,15,0.25660836515974117,True,False,False
2014_003186,400.0,0.003125,0.8048691595085476,0.2649779365912868,15,0.23296401812130726,True,False,False
2014_003187,400.0,0.003125,0.8235895974654757,0.27232034423742363,15,0.2362081389242944,True,False,False
2014_003188,400.0,0.003125,0.8408622739669622,0.2858563851038862,15,0.24901257447412486,True,False,False
2014_003189,400.0,0.003125,0.8648545166621449,0.3400889063006539,15,0.3004311146771816,True,False,False
2014_003190,400.0,0.002,0.9384698489880045,0.4377314691655891,15,0.39674992258887903,True,False,False
2014_003191,400.0,0.003125,0.7861348833843184,0.25126460195152034,15,0.2167037997707243,False,False,False
2014_003192,400.0,0.0025,0.9407403411244556,0.41239299998579004,15,0.3707039719423103,True,False,False
2014_003193,400.0,0.003125,0.8024369880084639,0.27492584394645037,15,0.23954528525791535,True,False,False
2014_003194,400.0,0.003125,0.8882810881244235,0.3304031805808957,15,0.2964294471573678,True,False,False
2014_003195,400.0,0.0025,0.9003674673691884,0.37038718118101777,15,0.32915580404956823,True,False,False
2014_003196,400.0,0.003125,0.7905548353282876,0.2760906458615536,15,0.24376348911502152,False,False,False
2014_003197,400.0,0.003125,0.8476947348210588,0.30493008875263505,15,0.27080169831903034,True,False,False
2014_003198,400.0,0.0025,0.8940490014874171,0.34915616921195314,15,0.3097506866209459,True,False,False
2014_003199,400.0,0.0025,0.9204411128563266,0.404144254343367,15,0.36603852677962134,True,False,False
2014_003200,400.0,0.0025,0.8850340344561278,0.3367911264549077,15,0.2959304882832444,True,False,False
2014_003201,400.0,0.003125,0.8446790057404848,0.25160547525471316,15,0.21588375410725066,True,False,False
2014_003202,400.0,0.003125,0.7855887508174846,0.2694306044412338,15,0.23604641825269965,False,False,False
2014_003203,400.0,0.0025,0.949732299620859,0.41530492215762393,15,0.37171977603814343,True,False,False
2014_003204,400.0,0.003125,0.9010835822000356,0.34644219479446975,15,0.3109586140484744,True,False,False
2014_003205,400.0,0.003125,0.8758681694393121,0.2702790286746654,15,0.23138696274451423,True,False,False
2014_003206,400.0,0.003125,0.8496448424035153,0.2646724642116078,15,0.2285939248875845,True,False,False
2014_003207,400.0,0.003125,0.8864295000315593,0.30736461480655813,15,0.26882432748159235,True,False,False
2014_003208,400.0,0.003125,0.8688367694397748,0.27213813481663063,15,0.23692714531248812,True,False,False
2014_003209,400.0,0.003125,0.8048958444520597,0.2688414289778989,15,0.23322508444173612,True,False,False
2014_003210,400.0,0.0025,0.9389221298649626,0.43204166915891373,15,0.3893111434671788,True,False,False
2014_003211,400.0,0.0025,0.9366797271427348,0.3571976728085548,15,0.3124272360247729,True,False,False
2014_003212,400.0,0.0025,0.8846330993760515,0.3493741926358809,15,0.31364850592405746,True,False,False
2014_003213,400.0,0.003125,0.8219802805702878,0.26479605763419056,15,0.23138212971294933,True,False,False
2014_003214,400.0,0.003125,0.8040667110369257,0.23104794829961559,15,0.19675073222493605,True,False,False
2014_003215,400.0,0.003125,0.82598921829143,0.2587402277754076,15,0.22063925062730272,True,False,False
2014_003216,400.0,0.003125,0.8397927282124459,0.29759755370943847,15,0.263115030116809,True,False,False
2014_003217,400.0,0.003125,0.8310340357779826,0.26104331189395025,15,0.22575631573955626,True,False,False
2014_003218,400.0,0.003125,0.842692381919538,0.274990862678785,15,0.2386831054731067,True,False,False
2014_003219,400.0,0.0025,0.9613381020346319,0.4249415740184154,15,0.3798287355368432,True,False,False
2014_003220,400.0,0.003125,0.9322551900149733,0.3020190753559672,15,0.26321466492137774,True,False,False
2014_003221,400.0,0.003125,0.8497268387082703,0.286518221272543,15,0.2529574022380984,True,False,False
2014_003222,400.0,0.003125,0.7978089678594313,0.22698832570898508,15,0.19433574483708305,False,False,False
2014_003223,400.0,0.003125,0.8469008784055523,0.25467986164145945,15,0.21813850791014427,True,False,False
2014_003224,400.0,0.0025,0.8468002522098934,0.3012988710368728,15,0.2639830343242728,True,False,False
2014_003225,400.0,0.003125,0.8385924840658667,0.24837498607921676,15,0.21126837419461866,True,False,False
2014_003226,400.0,0.0025,0.9000273789172754,0.3279506855634621,15,0.2913017245908942,True,False,False
2014_003227,400.0,0.003125,0.8399542423442301,0.31464473004585847,15,0.2841685417727593,True,False,False
2014_003228,400.0,0.003125,0.8655358501889096,0.32303231174887664,15,0.2868925127170692,True,False,False
2014_003229,400.0,0.003125,0.8315914867264299,0.2518662937273694,15,0.2148516333663907,True,False,False
2014_003230,400.0,0.003125,0.8100772673692546,0.27351910129736745,15,0.240797618744694,True,False,False
2014_003231,400.0,0.003125,0.7890572564705618,0.25324556658166036,15,0.21794828474470523,False,False,False
2014_003232,400.0,0.003125,0.8622419532916001,0.2581375446084683,15,0.2221598380199144,True,False,False
2014_003233,400.0,0.003125,0.8411147895392378,0.25229849893475026,15,0.21513281666435893,True,False,False
2014_003234,400.0,0.003125,0.8574231316656593,0.2992549943804648,15,0.2589329707265344,True,False,False
2014_003235,400.0,0.0025,0.8602658630009871,0.3361550664545971,15,0.2994137408787889,True,False,False
2014_003236,400.0,0.003125,0.7249378810866043,0.20374284835252282,15,0.1794531470223073,False,False,False
2014_003237,400.0,0.003125,0.8179494496292362,0.2691470665894263,15,0.23275371928629093,True,False,False
2014_003238,400.0,0.003125,0.8060332178803331,0.2601477552757703,15,0.22480759577416243,True,False,False
2014_003239,400.0,0.0025,0.8825665859564165,0.34405979938870823,15,0.3027452693295652,True,False,False
2014_003240,400.0,0.003125,0.785932102598403,0.2651004973148172,15,0.23415579413565732,False,False,False
2014_003241,400.0,0.003125,0.838131074129286,0.2578138554175062,15,0.22587268026877275,True,False,False
2014_003242,400.0,0.003125,0.8406279752059698,0.24980147393418023,15,0.2150029031235759,True,False,False
2014_003243,400.0,0.003125,0.8677833750984368,0.26450529088901675,15,0.2265405473998951,True,False,False
2014_003244,400.0,0.0025,0.8526729225647552,0.3442670414345297,15,0.3090116871790991,True,False,False
2014_003245,400.0,0.003125,0.8704533565362911,0.3303886401782389,15,0.29349282282420225,True,False,False
2014_003246,400.0,0.003125,0.8394979132869869,0.258668145381555,15,0.22514000094512618,True,False,False
2014_003247,400.0,0.003125,0.8055249234067767,0.24858354997982518,15,0.2142268917476936,True,False,False
2014_003248,400.0,0.003125,0.8222821178493026,0.233213063824767,15,0.20105547626262743,True,False,False
2014_003249,400.0,0.003125,0.8102511738896667,0.2805189007059035,15,0.25290783268358663,True,False,False
2014_003250,400.0,0.003125,0.8353215543954811,0.24398531287146186,15,0.21205760411837077,True,False,False
2014_003251,400.0,0.003125,0.8178086307864606,0.23051148179591158,15,0.1977994174585954,True,False,False
2014_003252,400.0,0.0025,0.9291140499614845,0.3877614339612915,15,0.3447206854742369,True,False,False
2014_003253,400.0,0.003125,0.8119425283975716,0.2406451923645702,15,0.20477852157812276,True,False,False
2014_003254,400.0,0.0025,0.8975941334101771,0.3379907509820555,15,0.2971774517349509,True,False,False
2014_003255,400.0,0.0025,0.9417913809119542,0.38290047821401557,15,0.3384993346113466,True,False,False
2014_003256,400.0,0.003125,0.8139491452721715,0.24246687349287901,15,0.21042015650099752,True,False,False
2014_003257,400.0,0.003125,0.8461175142124174,0.2346120405769764,15,0.1986460241416949,True,False,False
2014_003258,400.0,0.003125,0.8396971415881622,0.2645508535712055,15,0.2335396032651135,True,False,False
2014_003259,400.0,0.003125,0.809086578514374,0.25080546395285475,15,0.2157221573595422,True,False,False
2014_003260,400.0,0.003125,0.821775558310154,0.27338282633042205,15,0.24127716287663362,True,False,False
2014_003261,400.0,0.003125,0.8485962810937423,0.274954511672143,15,0.23768357671433826,True,False,False
2014_003262,400.0,0.003125,0.8466512543906233,0.2597304622427051,15,0.22374986409680472,True,False,False
2014_003263,400.0,0.003125,0.7758646086929797,0.22464864273602791,15,0.19222602328909857,False,False,False
2014_003264,400.0,0.003125,0.8257810261624804,0.2648464533479442,15,0.23126708703851984,True,False,False
2014_003265,400.0,0.0025,0.9305637528911442,0.3716058073707284,15,0.32783663428012283,True,False,False
2014_003266,400.0,0.003125,0.8205005054442241,0.21107546601164356,15,0.18016570936841447,True,False,False
2014_003267,400.0,0.003125,0.8363986181990984,0.25327629970545773,15,0.220086508786534,True,False,False
2014_003268,400.0,0.003125,0.8073962980134836,0.24734274141447055,15,0.21712782600161068,True,False,False
2014_003269,400.0,0.003125,0.8098487517229551,0.23856360153877115,15,0.20427745599793262,True,False,False
2014_003270,400.0,0.0025,0.9496184548773302,0.4051410154686752,15,0.3622924729292401,True,False,False
2014_003271,400.0,0.00125,0.7181972065242787,0.5595632723969292,15,0.5362574854158109,False,False,False
2014_003272,400.0,0.01,0.8533258362135998,0.4242891560651159,15,0.40880090091013005,True,False,False
2014_003273,400.0,0.00625,0.9233187081116611,0.5433541106874934,15,0.5304129457831345,True,False,False
2014_003274,400.0,0.01,0.7277617346832556,0.4211650348920094,15,0.4071451538655495,False,False,False
2014_003275,400.0,0.01,0.6362071392716118,0.3597878059556828,15,0.3429997544654733,False,False,False
2014_003276,400.0,0.008,0.8539597068919196,0.45028169551669817,15,0.4336928310197019,True,False,False
2014_003277,400.0,0.01,0.6380567032743334,0.3678235677455535,15,0.3487924112977607,False,False,False
2014_003278,400.0,0.01,0.6957426114100522,0.38708055482210973,15,0.37067699784306346,False,False,False
2014_003279,400.0,0.01,0.6613051134961043,0.3660713666094854,15,0.3444629650987376,False,False,False
2014_003280,400.0,0.008,0.7638662154074733,0.47821979867490666,15,0.45949651046859424,False,False,False
2014_003281,400.0,0.008,0.7950592207467753,0.49490462156784537,15,0.48210460596995885,False,False,False
2014_003282,400.0,0.0125,0.6386153934616435,0.363028415581892,15,0.3477660736715938,False,False,False
2014_003283,400.0,0.00625,0.9189838505696037,0.5012620408578705,15,0.4859457507490786,True,False,False
2014_003284,400.0,0.008,0.8242686590543252,0.4009083125168743,15,0.3849129608192327,True,False,False
2014_003285,400.0,0.01,0.7365645853291963,0.40718811414612643,15,0.39135493750766265,False,False,False
2014_003286,400.0,0.00625,0.8645589581933681,0.4372668372079651,15,0.42353206373587227,True,False,False
2014_003287,400.0,0.0125,0.6318081304644237,0.343777252927991,15,0.3248192941890272,False,False,False
2014_003288,400.0,0.01,0.6689939297123545,0.3991833746357877,15,0.3856092891362373,False,False,False
2014_003289,400.0,0.01,0.6417944955322961,0.34275839204296293,15,0.3273365600910229,False,False,False
2014_003290,400.0,0.008,0.7816998953421472,0.42409571087863357,15,0.41057491265018337,False,False,False
2014_003291,400.0,0.0125,0.6015964370726071,0.3123093844089211,15,0.2979324786660899,False,False,False
2014_003292,400.0,0.01,0.7553041075646114,0.4209819166960504,15,0.4037623622338156,False,False,False
2014_003293,400.0,0.0125,0.6510727595139673,0.36950426479923837,15,0.3468110335879997,False,False,False
2014_003294,400.0,0.008,0.810912762210551,0.4188050284017024,15,0.4040185129067554,True,False,False
2014_003295,400.0,0.01,0.6716459834946602,0.3680884343984949,15,0.34846835033513973,False,False,False
2014_003296,400.0,0.0125,0.6295866708789772,0.33590007240459596,15,0.31921454727630166,False,False,False
2014_003297,400.0,0.01,0.764024796673949,0.4109138444791578,15,0.3953169906918291,False,False,False
2014_003298,400.0,0.0125,0.6275716684880724,0.30241517740447865,15,0.28567120150982256,False,False,False
2014_003299,400.0,0.008,0.858082241508818,0.46125057046295653,15,0.44462485926377315,True,False,False
2014_003300,400.0,0.01,0.7121999926637059,0.4173764338406722,15,0.3986215037353964,False,False,False
2014_003301,400.0,0.01,0.7325796888419924,0.40621105691873666,15,0.3917482306147517,False,False,False
2014_003302,400.0,0.01,0.773258241516749,0.432067941022805,15,0.415940279922579,False,False,False
2014_003303,400.0,0.01,0.7575367616077852,0.43340264258599737,15,0.41435826759033473,False,False,False
2014_003304,400.0,0.01,0.7214365356036629,0.40957141832705396,15,0.3914317703171559,False,False,False
2014_003305,400.0,0.00625,0.8866707385301834,0.511617368643159,15,0.49291609758064225,True,False,False
2014_003306,400.0,0.0125,0.6135610817530834,0.32634070774088075,15,0.3091914594301286,False,False,False
2014_003307,400.0,0.008,0.8185214409803404,0.4361654430146749,15,0.42174677492216756,True,False,False
2014_003308,400.0,0.01,0.7145976720154419,0.41068685722745585,15,0.39298416484057935,False,False,False
2014_003309,400.0,0.00625,0.9204118255112026,0.49383218425598246,15,0.47725339890173696,True,False,False
2014_003310,400.0,0.01,0.6531928493604371,0.38160976963045234,15,0.36682061042593134,False,False,False
2014_003311,400.0,0.01,0.6667684219466229,0.3821049281720632,15,0.36854207843820214,False,False,False
2014_003312,400.0,0.008,0.8158815730468522,0.46608893075496743,15,0.45094464700033143,True,False,False
2014_003313,400.0,0.01,0.6854268979604111,0.38279274704887656,15,0.36796000794434724,False,False,False
2014_003314,400.0,0.008,0.82469285051706,0.4887436629455353,15,0.4728771507816623,True,False,False
2014_003315,400.0,0.0125,0.6239738689136436,0.3489090649827118,15,0.32895004909038217,False,False,False
2014_003316,400.0,0.00625,0.8727965506860261,0.5170423019968929,15,0.5018592300658515,True,False,False
2014_003317,400.0,0.0125,0.6328527262098359,0.3549167297576941,15,0.3380120658904956,False,False,False
2014_003318,400.0,0.0004,0.9595593811869,0.5181916134262112,15,0.47988624448166933,True,False,False
2014_003319,400.0,0.0004,0.9604184215665896,0.4865165028613199,15,0.45319345245668363,True,False,False
2014_003320,400.0,0.0004,0.9569152585333162,0.47582319333018513,15,0.44088405152457777,True,False,False
2014_003321,400.0,0.0004,0.9594190993476316,0.4611727875703351,15,0.4289269662011645,True,False,False
2014_003322,400.0,0.0004,0.9688503267129338,0.5226462640583387,15,0.4831981103424893,True,False,False
2014_003323,400.0,0.0003125,0.9702782190386084,0.6690223495902746,15,0.6346686242234516,True,True,True
2014_003324,400.0,0.0004,0.9676576006154556,0.5395720362941668,15,0.505619576471117,True,False,False
2014_003325,400.0,0.0004,0.9547552238875022,0.4701035689748785,15,0.4353895142547168,True,False,False
2014_003326,400.0,0.0004,0.9520208020287827,0.47019808159214765,15,0.4390898401910609,True,False,False
2014_003327,400.0,0.0004,0.9690009355427255,0.5195884421643918,15,0.4797451777911212,True,False,False
2014_003328,400.0,0.00025,0.966625686414406,0.6722109938001706,15,0.6359322347838817,True,True,True
2014_003329,400.0,0.00025,0.9810205611207478,0.7464657733792326,15,0.717458702777977,True,True,True
2014_003330,320.0,0.00025,0.9709822306365623,0.8017053826918317,12,0.6772243759275703,True,True,True
2014_003331,400.0,0.0004,0.9570288554290725,0.4505565586964661,15,0.4212652067000854,True,False,False
2014_003332,400.0,0.0003125,0.9791415032330916,0.5904401065943701,15,0.5506403808131456,True,False,False
2014_003333,400.0,0.0004,0.9535675373613994,0.40648802680457136,15,0.37483559431086916,True,False,False
2014_003334,400.0,0.0003125,0.9742548952413558,0.5743295056824885,15,0.5303513143036915,True,False,False
2014_003335,400.0,0.0004,0.9634157272960701,0.5228562324296583,15,0.48795348293865504,True,False,False
2014_003336,400.0,0.0004,0.9702936682164313,0.5101551080930229,15,0.4790980472569696,True,False,False
2014_003337,400.0,0.0004,0.9558847074950158,0.4822676071883785,15,0.4489424087697134,True,False,False
2014_003338,400.0,0.0003125,0.9686110296885281,0.5966289067831309,15,0.5599759389382399,True,False,False
2014_003339,400.0,0.0004,0.9629550195948449,0.4578886393520797,15,0.42606291995739665,True,False,False
2014_003340,400.0,0.0004,0.9643430084291376,0.5242396360801586,15,0.48641207633314837,True,False,False
2014_003341,400.0,0.0004,0.9510515933141906,0.4264941337736872,15,0.3983682446198032,True,False,False
2014_003342,400.0,0.0003125,0.9728370820584319,0.5950727945431191,15,0.5495296923283844,True,False,False
2014_003343,400.0,0.00025,0.97837201851522,0.6355954509689361,15,0.6007197995010659,True,True,False
2014_003344,400.0,0.0004,0.9692724114696017,0.5115107941009587,15,0.47847214901533386,True,False,False
2014_003345,400.0,0.0004,0.9682285592675074,0.4926048833942323,15,0.4600638753279439,True,False,False
2014_003346,400.0,0.0004,0.9674222691554109,0.5193911140294727,15,0.4897019250501726,True,False,False
2014_003347,400.0,0.0004,0.9642732805891242,0.532632587818249,15,0.5000134663956424,True,False,False
2014_003348,400.0,0.0004,0.9684374536318126,0.5394926423910238,15,0.5034567328838807,True,False,False
2014_003349,400.0,0.0003125,0.9704296540276419,0.5413329947181987,15,0.5069667117308995,True,False,False
2014_003350,400.0,0.00025,0.9803643841428978,0.7148319707764343,15,0.6921527842723074,True,True,True
2014_003351,400.0,0.0004,0.9634536480052716,0.47735200100725333,15,0.44159231784262726,True,False,False
2014_003352,400.0,0.0004,0.9631376420952588,0.43161128150186495,15,0.39315228824629855,True,False,False
2014_003353,400.0,0.0004,0.9685240351203598,0.4509380790343586,15,0.4240779071469714,True,False,False
2014_003354,400.0,0.0004,0.953713684931285,0.4426184076210216,15,0.4080339772859083,True,False,False
2014_003355,400.0,0.0004,0.9541711293035048,0.43454914507389336,15,0.3998160886911688,True,False,False
2014_003356,400.0,0.0004,0.9684436085181645,0.5265799799805092,15,0.49008708048872934,True,False,False
2014_003357,400.0,0.0003125,0.97020621926068,0.5421645239951343,15,0.5055174631888226,True,False,False
2014_003358,400.0,0.0004,0.9545086979697301,0.43492306474676073,15,0.404440432431575,True,False,False
2014_003359,400.0,0.0004,0.9703672376969192,0.5440361877575758,15,0.5069157377056764,True,False,False
2014_003360,400.0,0.0003125,0.9546554651590472,0.49977582168972035,15,0.46533712584487175,True,False,False
2014_003361,400.0,0.0003125,0.965110675596677,0.6468317949697477,15,0.6084880922363833,True,True,False
2014_003362,400.0,0.0004,0.9643195041987065,0.4871245147553693,15,0.4552177078310974,True,False,False
2014_003363,400.0,0.0004,0.9622184160147995,0.49551779695715636,15,0.46197870591077284,True,False,False
2014_003364,400.0,0.0004,0.9564131602540737,0.45281519544779647,15,0.42079776580103906,True,False,False
2014_003365,400.0,0.0004,0.9666206055350687,0.5576067620803483,15,0.5203887013140228,True,False,False
2014_003366,400.0,0.0004,0.9674348267758871,0.5230819804424975,15,0.4897826821160648,True,False,False
2014_003367,400.0,0.0004,0.9544117068747354,0.4972255094180501,15,0.46696296592489683,True,False,False
2014_003368,400.0,0.0004,0.967943740868875,0.5322993151800812,15,0.494812256964605,True,False,False
2014_003369,400.0,0.0003125,0.9699213595540855,0.5341621390386349,15,0.49127228853710664,True,False,False
2014_003370,400.0,0.0003125,0.978559597971085,0.6640906746118952,15,0.6313415570325814,True,True,True
2014_003371,400.0,0.0004,0.9637280154894944,0.47995568316594794,15,0.4476865641061568,True,False,False
2014_003372,400.0,0.0004,0.962266498482676,0.5269504297845607,15,0.4941778905907402,True,False,False
2014_003373,400.0,0.0004,0.9609159759700018,0.4692815405292244,15,0.43678531029384504,True,False,False
2014_003374,400.0,0.0004,0.9677948669734912,0.5771059377386567,15,0.5370858752876273,True,False,False
2014_003375,400.0,0.0004,0.9493145935081728,0.43856217228328276,15,0.4078854751621833,True,False,False
2014_003376,400.0,0.0004,0.9662587064791703,0.6069350367855664,15,0.5678581177250482,True,False,False
2014_003377,400.0,0.002,0.9126049511392901,0.4901261991288316,15,0.47029990571870733,True,False,False
2014_003378,400.0,0.002,0.9258221771543176,0.5323615249709935,15,0.5164158667517501,True,False,False
2014_003379,400.0,0.002,0.9202897191752551,0.5397289652421589,15,0.521567671860124,True,False,False
2014_003380,400.0,0.002,0.9204214502663702,0.5224510013215243,15,0.502713354798052,True,False,False
2014_003381,400.0,0.0025,0.8905179142717687,0.5135345537798273,15,0.4950967448995407,True,False,False
2014_003382,400.0,0.002,0.9161936216540963,0.5106358501558632,15,0.4924969869972449,True,False,False
2014_003383,400.0,0.0015625,0.9451552534970494,0.5388169267471037,15,0.5132520073191099,True,False,False
2014_003384,400.0,0.0025,0.8556742764745208,0.49279849381256297,15,0.47156731661164997,True,False,False
2014_003385,400.0,0.0025,0.8727838691416635,0.5215035205949933,15,0.5036258889886522,True,False,False
2014_003386,400.0,0.0025,0.8876067769512146,0.5204702019232326,15,0.4977003857502732,True,False,False
2014_003387,400.0,0.0025,0.8872845748468879,0.507183289376154,15,0.4861678223532915,True,False,False
2014_003388,400.0,0.002,0.8893661243647248,0.4889619342172356,15,0.47037830823076016,True,False,False
2014_003389,400.0,0.002,0.907493834373578,0.4972115473268626,15,0.4735079646707871,True,False,False
2014_003390,400.0,0.0025,0.8651044711407706,0.4659301429486813,15,0.44749828241493617,True,False,False
2014_003391,400.0,0.0025,0.8919350665272991,0.4829857461093683,15,0.465515039237607,True,False,False
2014_003392,400.0,0.002,0.8926955048014723,0.5185268275385974,15,0.4996978735652505,True,False,False
2014_003393,400.0,0.0025,0.8901028931766186,0.495985816167672,15,0.4757759370215505,True,False,False
2014_003394,400.0,0.0025,0.9201762048954231,0.41837117087583786,15,0.395833051062259,True,False,False
2014_003395,400.0,0.002,0.922736555001882,0.5700081558440356,15,0.5511331434929551,True,False,False
2014_003396,400.0,0.0025,0.8773200203830008,0.48852171526520866,15,0.47014310069460163,True,False,False
2014_003397,400.0,0.0025,0.8859131918133567,0.4934545881744888,15,0.4721218346947887,True,False,False
2014_003398,400.0,0.0025,0.888013949533567,0.4698616282408988,15,0.44865775560292936,True,False,False
2014_003399,400.0,0.0015625,0.9623389113402253,0.6565957579697104,15,0.625657498832637,True,True,True
2014_003400,400.0,0.002,0.9026049544439271,0.5172290552935161,15,0.4976797730771887,True,False,False
2014_003401,400.0,0.0025,0.8926111952508401,0.5145288364274099,15,0.49544616895088683,True,False,False
2014_003402,400.0,0.0025,0.8657295019152024,0.4835849594074918,15,0.4630016975920102,True,False,False
2014_003403,400.0,0.0025,0.8681057011266499,0.49592199536623804,15,0.47614911315110026,True,False,False
2014_003404,400.0,0.0015625,0.942114450483485,0.5487457498237802,15,0.5205199780175549,True,False,False
2014_003405,400.0,0.0025,0.9067199297037625,0.4795264521318378,15,0.4626254646732656,True,False,False
2014_003406,400.0,0.002,0.9063788498607591,0.4977023685324537,15,0.4756207843159286,True,False,False
2014_003407,400.0,0.002,0.9041603231406212,0.5444883034026855,15,0.5252657671665151,True,False,False
2014_003408,400.0,0.0015625,0.9225635985645979,0.5355781346712266,15,0.5119306482276736,True,False,False
2014_003409,400.0,0.002,0.880021065408349,0.47591853210669616,15,0.45871318758342144,True,False,False
2014_003410,400.0,0.002,0.8977953858014951,0.476513903764345,15,0.454441655147253,True,False,False
2014_003411,400.0,0.0015625,0.9335313581958797,0.5037390728047875,15,0.4722934279693237,True,False,False
2014_003412,400.0,0.0025,0.8890076951776424,0.4792127181597402,15,0.4557970933074162,True,False,False
2014_003413,400.0,0.0025,0.9049324515680668,0.5320519631030673,15,0.5136410870140655,True,False,False
2014_003414,400.0,0.002,0.9202372580633968,0.5381980508590238,15,0.5156314285516007,True,False,False
2014_003415,400.0,0.002,0.9169110170317685,0.5389075977238983,15,0.5170988525969985,True,False,False
2014_003416,400.0,0.002,0.9069438188583074,0.49308223820418096,15,0.4754869052107846,True,False,False
2014_003417,400.0,0.002,0.8890931613512132,0.4882231000072372,15,0.47124982361500184,True,False,False
2014_003418,400.0,0.002,0.8873887122193248,0.49307067197479487,15,0.47121434007556384,True,False,False
2014_003419,400.0,0.002,0.887559066254997,0.5381417067987287,15,0.5153472710803618,True,False,False
2014_003420,400.0,0.002,0.8934772992920477,0.48614142656551396,15,0.4670700774706044,True,False,False
2014_003421,400.0,0.002,0.9087376584201654,0.491191779318987,15,0.47510976351687395,True,False,False
2014_003422,400.0,0.0025,0.9082506375470869,0.49305856874190157,15,0.47413059958341747,True,False,False
2014_003423,400.0,0.002,0.879658835888754,0.4987250297499943,15,0.48447576561003103,True,False,False
2014_003424,400.0,0.0025,0.85611019939849,0.46457900081657577,15,0.43923041118606393,True,False,False
2014_003425,400.0,0.002,0.8890134782923355,0.519908165790993,15,0.5018645587929615,True,False,False
2014_003426,400.0,0.002,0.8970592366090328,0.5136110974335859,15,0.49545509147069894,True,False,False
2014_003427,400.0,0.002,0.8972801515903069,0.5086009373272294,15,0.4918166035536083,True,False,False
2014_003428,400.0,0.0015625,0.9209831146269511,0.5402369292520186,15,0.5144237076638827,True,False,False
2014_003429,400.0,0.0025,0.8921522224840229,0.5219798427058896,15,0.5037377096420385,True,False,False
2014_003430,400.0,0.0025,0.8947960559818721,0.5001232216509239,15,0.48059199101403116,True,False,False
2014_003431,400.0,0.0025,0.8836374535657198,0.4999187059306006,15,0.4767275485442909,True,False,False
2014_003432,400.0,0.002,0.8919374623891005,0.4884657429765724,15,0.47292168076479874,True,False,False
2014_003433,400.0,0.00025,0.9519528091231774,0.5694120819510312,15,0.5353183902055848,True,False,False
2014_003434,400.0,0.0015625,0.8209390720777674,0.7627269005049816,15,0.7523080410739938,True,True,True
2014_003435,400.0,0.0005,0.9420544300145636,0.44871843699924424,15,0.43903448752185603,True,False,False
2014_003436,360.0,0.00025,0.9803429040026094,0.626780497090102,13,0.45985374172477594,True,True,False
2014_003437,400.0,0.0004,0.9846911866323469,0.3332487621656079,15,0.3044066755649525,True,False,False
2014_003438,400.0,0.0004,0.9760125490284202,0.4001257744829813,15,0.37433927914631976,True,False,False
2014_003439,400.0,0.0004,0.9888971633326735,0.455759792217646,15,0.42304748003255727,True,False,False
2014_003440,400.0,0.0004,0.9768042161219358,0.36190450854926104,15,0.33408008490273294,True,False,False
2014_003441,400.0,0.0005,0.9667647290148117,0.34064259822455073,15,0.3123834908929162,True,False,False
2014_003442,400.0,0.0004,0.98443805144064,0.43770160350899573,15,0.4023364939982836,True,False,False
2014_003443,400.0,0.0004,0.9897519076843054,0.47770402746021134,15,0.4448337536280783,True,False,False
2014_003444,400.0,0.0004,0.9867773626419383,0.45965467865544896,15,0.43014513800329207,True,False,False
2014_003445,400.0,0.0004,0.9752883791449648,0.3458463274412758,15,0.3183428666602116,True,False,False
2014_003446,400.0,0.0004,0.9714805285832923,0.349138365480291,15,0.3281688742192382,True,False,False
2014_003447,400.0,0.0003125,0.9911809979408807,0.4514755369291529,15,0.42657336244498195,True,False,False
2014_003448,400.0,0.0005,0.963800139191309,0.3821858917777658,15,0.3544084352841376,True,False,False
2014_003449,400.0,0.0003125,0.989953944926903,0.4835590180072973,15,0.44891295619274096,True,False,False
2014_003450,400.0,0.0004,0.983595245090053,0.4136929615528621,15,0.39117128230819637,True,False,False
2014_003451,400.0,0.0004,0.9860730205802877,0.44882245044779484,15,0.4307064305922141,True,False,False
2014_003452,400.0,0.0004,0.9879270045349533,0.42414499127741073,15,0.39982001294756764,True,False,False
2014_003453,400.0,0.0004,0.9811908325404959,0.39015646960345346,15,0.3665385596607592,True,False,False
2014_003454,400.0,0.0004,0.9885661626324209,0.3811517469467633,15,0.35906983226654143,True,False,False
2014_003455,400.0,0.0004,0.974340567954737,0.4011160502582409,15,0.3810061363803849,True,False,False
2014_003456,400.0,0.0004,0.9822809496601346,0.43642167630353884,15,0.4106165923839354,True,False,False
2014_003457,400.0,0.0003125,0.9924787288779997,0.578964135105456,15,0.5506704117015874,True,False,False
2014_003458,400.0,0.0003125,0.9927659431384336,0.5181100715090393,15,0.4898280382584431,True,False,False
2014_003459,400.0,0.0004,0.984853526923373,0.45497956742963025,15,0.43056986646953405,True,False,False
2014_003460,400.0,0.0005,0.932805288146168,0.39758504565851666,15,0.37902599790948666,True,False,False
2014_003461,400.0,0.0004,0.980644699973662,0.4360712608611025,15,0.41471322690860135,True,False,False
2014_003462,400.0,0.0003125,0.9928541356375025,0.48741040716101613,15,0.4563848643000399,True,False,False
2014_003463,400.0,0.0004,0.9887484959771002,0.3798926389542014,15,0.3570028231513613,True,False,False
2014_003464,400.0,0.0004,0.98242255335419,0.41982814400682605,15,0.39692874475678036,True,False,False
2014_003465,400.0,0.0003125,0.9926346251269393,0.6304563687128869,15,0.6005037588593186,True,True,False
2014_003466,400.0,0.0004,0.9527577360725249,0.45159917165969776,15,0.4314816984247787,True,False,False
2014_003467,400.0,0.0003125,0.9868711317158898,0.4673914947236514,15,0.4452212636204743,True,False,False
2014_003468,400.0,0.00025,0.9925758438968808,0.4817760424394698,15,0.4481137710501244,True,False,False
2014_003469,400.0,0.0004,0.9547220949019035,0.3931923569695289,15,0.376018406497445,True,False,False
2014_003470,400.0,0.0003125,0.989247661391034,0.44893204047122803,15,0.4277783156992397,True,False,False
2014_003471,400.0,0.0003125,0.9912439099671486,0.4523003330082672,15,0.4278610555473123,True,False,False
2014_003472,400.0,0.0003125,0.989837291241952,0.44350524825919985,15,0.42110369256830105,True,False,False
2014_003473,400.0,0.0004,0.9776003444753575,0.42525836477970796,15,0.4038066443691795,True,False,False
2014_003474,400.0,0.0003125,0.9896561558281735,0.4273623032129994,15,0.4042904019132526,True,False,False
2014_003475,400.0,0.0003125,0.9869827045215034,0.4182773604939243,15,0.39613431002980454,True,False,False
2014_003476,400.0,0.0004,0.9535311863547574,0.37609205859385714,15,0.3547234084950981,True,False,False
2014_003477,400.0,0.0004,0.9833157554185307,0.46081555631415333,15,0.44222858438274837,True,False,False
2014_003478,400.0,0.0004,0.9849052857998758,0.37531530367465715,15,0.35394913205362366,True,False,False
2014_003479,400.0,0.0003125,0.9908947337635751,0.5403546569439841,15,0.5145876589654306,True,False,False
2014_003480,400.0,0.0003125,0.9929381560324,0.5499366170629643,15,0.5207233784229016,True,False,False
2014_003481,400.0,0.0004,0.9415133783270672,0.4236034852023314,15,0.4048936633916613,True,False,False
2014_003482,400.0,0.0003125,0.9882137644078041,0.38748289437289724,15,0.36787685501665374,True,False,False
2014_003483,400.0,0.0004,0.9680427973619744,0.4072267370906835,15,0.3872854010061298,True,False,False
2014_003484,400.0,0.0003125,0.9840003522743007,0.3645720115093896,15,0.34567845188332913,True,False,False
2014_003485,400.0,0.0004,0.9217964684005656,0.3309574508162619,15,0.31680216229006053,True,False,False
2014_003486,400.0,0.0003125,0.9843387057918059,0.36887762301428495,15,0.35086697977000386,True,False,False
2014_003487,400.0,0.0004,0.9492607692335655,0.6094630014497442,15,0.6032854783346349,True,False,False
2014_003488,400.0,0.0004,0.9829645138168523,0.6563201099386626,15,0.6474417896459775,True,True,True
2014_003489,400.0,0.0003125,0.9893137954383452,0.6027560754924487,15,0.577649591827765,True,False,False
2014_003490,360.0,0.00025,0.9904230794523953,0.7147773203425851,13,0.6231069800211563,True,True,True
2014_003491,400.0,0.00025,0.9930422107889126,0.6357323455553129,15,0.6102631366754889,True,True,False
2014_003492,400.0,0.0003125,0.9884636362705057,0.6075916268430374,15,0.5855539116822552,True,False,False
2014_003493,400.0,0.00025,0.9924098271972284,0.6773793220933818,15,0.6503142627140124,True,True,True
2014_003494,400.0,0.00025,0.9944952183555399,0.6353140611311574,15,0.6071937072441939,True,True,False
2014_003495,400.0,0.00025,0.9954572394847278,0.6715107825347293,15,0.6425815774420193,True,True,True
2014_003496,360.0,0.00025,0.9898518316446088,0.7189823882677456,13,0.6433851825365798,True,True,True
2014_003497,400.0,0.00025,0.9893960395908727,0.6201360287714913,15,0.5953091173942541,True,True,False
2014_003498,400.0,0.00025,0.9946003884270291,0.6691463560924783,15,0.6441909356451693,True,True,True
2014_003499,400.0,0.0003125,0.989114608445132,0.5876089001804662,15,0.5668119522770766,True,False,False
2014_003500,400.0,0.0003125,0.9927666453737891,0.6251877859956756,15,0.6010011067229204,True,True,False
2014_003501,400.0,0.00025,0.9955920686729999,0.635884069700081,15,0.6081147508749852,True,True,False
2014_003502,400.0,0.0003125,0.9825510624242618,0.606125318112616,15,0.589818091301171,True,False,False
2014_003503,400.0,0.0004,0.9508612875328274,0.5710131785617625,15,0.5566796874870913,True,False,False
2014_003504,400.0,0.00025,0.9905063976119372,0.6462128364657437,15,0.6174466325914534,True,True,False
2014_003505,400.0,0.0003125,0.9887824924299029,0.5817628734611545,15,0.558663130594957,True,False,False
2014_003506,400.0,0.0004,0.9792012758542404,0.556876891698124,15,0.5389491535337639,True,False,False
2014_003507,400.0,0.0003125,0.987429863211162,0.5993156592535949,15,0.581239914661055,True,False,False
2014_003508,400.0,0.00025,0.9853702482211966,0.701641429704919,15,0.6769191100877018,True,True,True
2014_003509,400.0,0.0003125,0.9869312348007353,0.6048169710292391,15,0.5864094821931289,True,False,False
2014_003510,400.0,0.0003125,0.9894295403481302,0.621748856843457,15,0.5985514619548712,True,True,False
2014_003511,400.0,0.0003125,0.9762690301650567,0.5737900650055138,15,0.5576806207165709,True,False,False
2014_003512,400.0,0.0004,0.9771559121111971,0.6154007731528649,15,0.5979787270604494,True,False,False
2014_003513,400.0,0.0004,0.9833965951003469,0.6000311131570486,15,0.5820417848212076,True,False,False
2014_003514,400.0,0.0004,0.9820316974168645,0.5901251746913717,15,0.5712509884995329,True,False,False
2014_003515,400.0,0.0005,0.9291065732203456,0.6722931140288118,15,0.6501452305331271,True,True,True
2014_003516,400.0,0.0004,0.9856290839116724,0.6433672135730694,15,0.6266532272588928,True,True,True
2014_003517,400.0,0.00025,0.9905357262650233,0.7251852331636182,15,0.7072286620417171,True,True,True
2014_003518,400.0,0.0004,0.9710651770244454,0.6558936052300507,15,0.6467356300339948,True,True,True
2014_003519,400.0,0.0004,0.969100033343787,0.6487282022014831,15,0.6393067235152349,True,True,True
2014_003520,400.0,0.0004,0.9803920191695381,0.6570478736148201,15,0.645776707001964,True,True,True
2014_003521,400.0,0.00025,0.9786073499752648,0.7407733709709453,15,0.7213149249632607,True,True,True
2014_003522,400.0,0.0003125,0.9818054537084802,0.6577449454751424,15,0.6432042949705739,True,True,True
2014_003523,400.0,0.00025,0.9891657063942412,0.716759111131967,15,0.6921346913849106,True,True,True
2014_003524,400.0,0.0004,0.9807632538248694,0.6641183096385355,15,0.6527012019956042,True,True,True
2014_003525,400.0,0.0004,0.9745855241699496,0.5541389586626266,15,0.5413718242025664,True,False,False
2014_003526,400.0,0.00025,0.990050109862656,0.6810669664853632,15,0.6561969709036629,True,True,True
2014_003527,400.0,0.0004,0.9676031980293789,0.6005946776838857,15,0.5902509987439075,True,False,False
2014_003528,400.0,0.0004,0.9803714478044158,0.5761824156301397,15,0.5624732944025068,True,False,False
2014_003529,400.0,0.00025,0.9931746441153834,0.6954591561741689,15,0.6645022258382294,True,True,True
2014_003530,400.0,0.0004,0.9677907361772818,0.5720031238733253,15,0.5573768006553756,True,False,False
2014_003531,400.0,0.0004,0.9812869974762487,0.5807640056297796,15,0.5669086129083747,True,False,False
2014_003532,400.0,0.0004,0.9631482169335547,0.5403540786325148,15,0.5289759243978374,True,False,False
2014_003533,400.0,0.0003125,0.9877631358493297,0.650988449963335,15,0.6282598591365446,True,True,True
2014_003534,400.0,0.0003125,0.985585008316119,0.6148113911497195,15,0.5955414746810281,True,False,False
2014_003535,400.0,0.00025,0.9876663926021075,0.6756066322081155,15,0.6477857610463273,True,True,True
2014_003536,400.0,0.0004,0.9530480897380778,0.5380524816006075,15,0.5265431745862842,True,False,False
2014_003537,400.0,0.0004,0.9808509093204312,0.5635727471215786,15,0.5477125963838679,True,False,False
2014_003538,400.0,0.0003125,0.986791861736633,0.5809682735023303,15,0.5663234443173628,True,False,False
2014_003539,400.0,0.0004,0.9804412582603532,0.5290960479516043,15,0.5156879378437442,True,False,False
2014_003540,400.0,0.00025,0.991456893819701,0.6885456490984455,15,0.6646496952629021,True,True,True
2014_003541,400.0,0.0005,0.9678901644420401,0.5703064406383105,15,0.5541739051985575,True,False,False
2014_003542,400.0,0.0003125,0.9848669933190154,0.7111475897134583,15,0.6933170491839034,True,True,True
2014_003543,400.0,0.0003125,0.9840550027081499,0.5916911182263617,15,0.5764900773318097,True,False,False
2014_003544,400.0,0.0005,0.9456286014346751,0.637984662188443,15,0.6270977009310154,True,True,True
2014_003545,400.0,0.0003125,0.9856351148741379,0.538029183909987,15,0.5220860041684691,True,False,False
2014_003546,400.0,0.0004,0.9773484485225133,0.5368804094841759,15,0.5237313829145642,True,False,False
2014_003547,400.0,0.0004,0.9765568227369599,0.5648119446764116,15,0.5518705319242801,True,False,False
2014_003548,400.0,0.0003125,0.9850468894939312,0.5372485047343881,15,0.5220333365168003,True,False,False
2014_003549,400.0,0.0004,0.9796414534983052,0.5347242164788366,15,0.5207723696659442,True,False,False
2014_003550,400.0,0.0004,0.9799714628074676,0.5501617041484099,15,0.5359850594058064,True,False,False
2014_003551,400.0,0.0004,0.9796951538490264,0.562883482466092,15,0.5499349647444806,True,False,False
2014_003552,400.0,0.0003125,0.9861893851095042,0.549311379748722,15,0.5336084884227,True,False,False
2014_003553,400.0,0.0003125,0.9829809130778033,0.5880044239175083,15,0.5735394909074566,True,False,False
2014_003554,400.0,0.0003125,0.986448675187563,0.5831198813238773,15,0.566213606446157,True,False,False
2014_003555,400.0,0.0003125,0.9929228307784634,0.5892494872029586,15,0.5712093087657809,True,False,False
2014_003556,400.0,0.00025,0.9957819200667801,0.6573022893533519,15,0.6277219055462052,True,True,True
2014_003557,400.0,0.0003125,0.9843900515886878,0.5687661080398182,15,0.5519919360248721,True,False,False
2014_003558,400.0,0.0003125,0.9895511509885325,0.5270957925031666,15,0.5084108380856767,True,False,False
2014_003559,400.0,0.0003125,0.992206137636147,0.5850532178737239,15,0.5664709550499976,True,False,False
2014_003560,400.0,0.0003125,0.9957607703901884,0.5965954886417975,15,0.5742695265215292,True,False,False
2014_003561,400.0,0.0003125,0.9904084151258521,0.5817691109634305,15,0.5593092697380183,True,False,False
2014_003562,400.0,0.0003125,0.9869377614587461,0.5365688235261071,15,0.5221401589067732,True,False,False
2014_003563,400.0,0.0003125,0.9885820661978268,0.5470112698034502,15,0.5296621322641291,True,False,False
2014_003564,400.0,0.0003125,0.9866456728587852,0.569620811083488,15,0.5538271248567853,True,False,False
2014_003565,400.0,0.0004,0.9815741704287204,0.5306364631660206,15,0.5187831434433855,True,False,False
2014_003566,400.0,0.0003125,0.979417481727836,0.5229692923219074,15,0.5101255729001263,True,False,False
2014_003567,360.0,0.00025,0.995764570722701,0.74599643231393,13,0.660910374610342,True,True,True
2014_003568,400.0,0.0004,0.9761824899844715,0.5299890847840965,15,0.5173438914281352,True,False,False
2014_003569,400.0,0.0004,0.9739086519030908,0.5628962053184167,15,0.5483962018485479,True,False,False
2014_003570,400.0,0.0003125,0.9840907754033227,0.5068898376134441,15,0.48979631374355553,True,False,False
2014_003571,400.0,0.0003125,0.9938235095839429,0.6039235211171259,15,0.5769114598531221,True,False,False
2014_003572,400.0,0.0004,0.9743376763973906,0.5119994672925209,15,0.4985567411124267,True,False,False
2014_003573,400.0,0.0003125,0.9848207697094332,0.5448307051004758,15,0.5228844457677679,True,False,False
2014_003574,400.0,0.0003125,0.9873736017667911,0.6012640732096055,15,0.5772923605715832,True,False,False
2014_003575,400.0,0.0003125,0.9785147375242519,0.5557324133003707,15,0.5436408292523821,True,False,False
2014_003576,400.0,0.0003125,0.9889515246107882,0.5653510548896896,15,0.5502777795218917,True,False,False
2014_003577,400.0,0.0003125,0.9815969311158338,0.5466803930270838,15,0.534492974507039,True,False,False
2014_003578,400.0,0.0003125,0.9804511308632935,0.5242897426381776,15,0.4872514128149195,True,False,False
2014_003579,400.0,0.0003125,0.9860494750418946,0.6162359788384267,15,0.5766960388308062,True,False,False
2014_003580,400.0,0.0003125,0.978433236915042,0.45787521426439937,15,0.42261589444460784,True,False,False
2014_003581,400.0,0.0003125,0.9793406902263049,0.5395027628417366,15,0.5015755269821957,True,False,False
2014_003582,400.0,0.0003125,0.9791614962867446,0.5441815504761817,15,0.5020337562056951,True,False,False
2014_003583,400.0,0.0003125,0.9747491863157627,0.5419454265641921,15,0.49937728247144547,True,False,False
2014_003584,400.0,0.000625,0.9338407548319576,0.6091441452903471,15,0.5943256574327399,True,False,False
2014_003585,400.0,0.000625,0.9548797260852511,0.5079967670736547,15,0.46880464010685874,True,False,False
2014_003586,400.0,0.000625,0.9568205806841986,0.45673193379754673,15,0.41619948738471363,True,False,False
2014_003587,400.0,0.0008,0.9410137585255502,0.4328209851717635,15,0.39998569918352334,True,False,False
2014_003588,400.0,0.000625,0.9432943711127142,0.40774672171751236,15,0.37076936244630376,True,False,False
2014_003589,400.0,0.0005,0.9794087244398723,0.612143888189591,15,0.5728102814526259,True,False,False
2014_003590,400.0,0.000625,0.9578274622602196,0.5005521635292994,15,0.46358690749098413,True,False,False
2014_003591,400.0,0.000625,0.9525426868218678,0.45142679353388293,15,0.4130576450958692,True,False,False
2014_003592,400.0,0.000625,0.9570153890334301,0.49281419083815836,15,0.4589775172328556,True,False,False
2014_003593,400.0,0.0005,0.9694570580601582,0.6103961070054669,15,0.5735350296475505,True,False,False
2014_003594,400.0,0.000625,0.9491489898881413,0.4382109306816045,15,0.40011449740932986,True,False,False
2014_003595,400.0,0.000625,0.9568481744028768,0.41285226190834196,15,0.3871223171717859,True,False,False
2014_003596,400.0,0.000625,0.9537189723504329,0.42083543866246803,15,0.39571201873332607,True,False,False
2014_003597,400.0,0.000625,0.9577649220056106,0.39201479089413893,15,0.3644481702390343,True,False,False
2014_003598,400.0,0.000625,0.9523315618276097,0.41536056398256344,15,0.3869815809449345,True,False,False
2014_003599,400.0,0.0003125,0.9868518822055544,0.8485424155111728,15,0.8267547787529027,True,True,True
2014_003600,400.0,0.000625,0.9579323018680121,0.4464683096881051,15,0.41900851142297335,True,False,False
2014_003601,400.0,0.0005,0.9828461665054554,0.6626187066906671,15,0.6238494080238568,True,True,True
2014_003602,400.0,0.0008,0.9357156819234045,0.3771912221571943,15,0.34979404676259584,True,False,False
2014_003603,400.0,0.0008,0.9418331845695925,0.3963044988336284,15,0.3683303338245125,True,False,False
2014_003604,400.0,0.000625,0.955475552130483,0.4283880212197349,15,0.3948020456363756,True,False,False
2014_003605,400.0,0.0008,0.9485788987032935,0.42843424482931713,15,0.39964536288383773,True,False,False
2014_003606,400.0,0.000625,0.9624893136302065,0.46148383652489666,15,0.4301409245911586,True,False,False
2014_003607,400.0,0.0008,0.9549459014405243,0.4748936815671646,15,0.44497804233966975,True,False,False
2014_003608,400.0,0.0008,0.9417739489519509,0.41470521316395526,15,0.38383783848983377,True,False,False
2014_003609,400.0,0.0008,0.9509043717372906,0.4495671916963726,15,0.417567854937012,True,False,False
2014_003610,400.0,0.000625,0.9605069445293553,0.5591551497314486,15,0.5247946085508803,True,False,False
2014_003611,400.0,0.000625,0.9604011548384347,0.4752559937026838,15,0.43629271284588395,True,False,False
2014_003612,400.0,0.0005,0.9860008968784729,0.6786156693988303,15,0.6417596316122894,True,True,True
2014_003613,400.0,0.00625,0.948466995433983,0.3165041666515204,15,0.2849092348410519,True,False,False
2014_003614,400.0,0.005,0.9879420406331553,0.4082009027607268,15,0.373801160324132,True,False,False
2014_003615,400.0,0.008,0.9527949132384087,0.34327804620609503,15,0.3144084071947234,True,False,False
2014_003616,400.0,0.00625,0.9634553416317174,0.2956914804145733,15,0.26432795580775076,True,False,False
2014_003617,400.0,0.00625,0.9696863585577374,0.44049282381559335,15,0.40600881313632853,True,False,False
2014_003618,400.0,0.00625,0.9631592048514714,0.32983313070400994,15,0.29604466349046993,True,False,False
2014_003619,400.0,0.00625,0.9796668578949925,0.34400977544661343,15,0.3118381018694001,True,False,False
2014_003620,400.0,0.005,0.9836507629911062,0.4476286916512643,15,0.4112889620829259,True,False,False
2014_003621,400.0,0.008,0.9424855199069678,0.3479878974280341,15,0.32342928126459203,True,False,False
2014_003622,400.0,0.00625,0.9670262910307856,0.3300706101780836,15,0.3012172465037767,True,False,False
2014_003623,400.0,0.00625,0.9826213272677823,0.33179893531206184,15,0.29748209795538805,True,False,False
2014_003624,400.0,0.00625,0.9671604592916643,0.313544988171052,15,0.2849835478648575,True,False,False
2014_003625,400.0,0.00625,0.9669940295123909,0.38102133771043517,15,0.3464963082248118,True,False,False
2014_003626,400.0,0.008,0.9133049145569588,0.29288534793366006,15,0.2693595134384715,True,False,False
2014_003627,400.0,0.00625,0.9657141849228582,0.40550353414400486,15,0.37351423521943283,True,False,False
2014_003628,400.0,0.005,0.985965000259414,0.44519094357629796,15,0.407809509819894,True,False,False
2014_003629,400.0,0.00625,0.9621597174006651,0.3875137514205808,15,0.35528065290373495,True,False,False
2014_003630,400.0,0.008,0.9526991200743147,0.3456848546174536,15,0.3229995958428989,True,False,False
2014_003631,400.0,0.00625,0.9695507858261476,0.343435883929253,15,0.3126896241999887,True,False,False
2014_003632,400.0,0.008,0.9049555014109147,0.3376390136848321,15,0.3113872254631531,True,False,False
2014_003633,400.0,0.00625,0.9655322233498378,0.33736749644999375,15,0.3045605064157874,True,False,False
2014_003634,400.0,0.005,0.9732851908312187,0.4086495898449828,15,0.3720523051329935,True,False,False
2014_003635,400.0,0.00625,0.9475669775558971,0.38036714351476564,15,0.34618463965081886,True,False,False
2014_003636,400.0,0.00625,0.9683124970464807,0.3156526443209318,15,0.28535829369696675,True,False,False
2014_003637,400.0,0.005,0.9746289388381094,0.3971023208134959,15,0.3621083633421909,True,False,False
2014_003638,400.0,0.004,0.988032381146253,0.4493085212377452,15,0.40915850393797065,True,False,False
2014_003639,400.0,0.005,0.9638860184445007,0.40617834101275885,15,0.37737913207675616,True,False,False
2014_003640,400.0,0.005,0.9852369887354839,0.3944543152114753,15,0.36023612126828003,True,False,False
2014_003641,400.0,0.00625,0.9464405507375785,0.30609129687503617,15,0.27893829284437044,True,False,False
2014_003642,400.0,0.00625,0.9582364937008663,0.3846957635545468,15,0.3512277635109256,True,False,False
2014_003643,400.0,0.00625,0.9681213237979135,0.3262799024206796,15,0.294978422372921,True,False,False
2014_003644,400.0,0.00625,0.9864055496751377,0.4116336770265934,15,0.3832360640980605,True,False,False
2014_003645,400.0,0.00625,0.9744875416838645,0.4025445622033469,15,0.3701277258711106,True,False,False
2014_003646,400.0,0.00625,0.9656863433564075,0.32163953119098126,15,0.29033656405658725,True,False,False
2014_003647,400.0,0.00625,0.9809526921390287,0.34463071673279794,15,0.31081209470692994,True,False,False
2014_003648,400.0,0.005,0.9769195479520999,0.4271728648988401,15,0.3904008888151588,True,False,False
2014_003649,400.0,0.00625,0.9495193983842308,0.35747864956671255,15,0.32614837786937495,True,False,False
2014_003650,400.0,0.00625,0.9723411799735034,0.39323378885550836,15,0.36067737291935925,True,False,False
2014_003651,400.0,0.005,0.9922977173881075,0.45501439004167477,15,0.41867292553892843,True,False,False
2014_003652,400.0,0.00625,0.9686842273973572,0.374275995348393,15,0.34180570651320813,True,False,False
2014_003653,400.0,0.00625,0.9842206476361436,0.44710585677505105,15,0.4107683165287036,True,False,False
2014_003654,400.0,0.004,0.9923654211379782,0.5353994364272116,15,0.4995995606154688,True,False,False
2014_003655,400.0,0.005,0.988897782952105,0.4224655747705508,15,0.38609465769083207,True,False,False
2014_003656,400.0,0.00625,0.9428505996759473,0.3791301765898856,15,0.34969275963954344,True,False,False
2014_003657,400.0,0.004,0.9918191646472581,0.6326473017143465,15,0.590752229555946,True,True,False
2014_003658,400.0,0.005,0.9898099453710463,0.39744178964597754,15,0.3612524623676204,True,False,False
2014_003659,400.0,0.00625,0.9564368710243152,0.3491616631709115,15,0.3222965756360352,True,False,False
2014_003660,400.0,0.00625,0.9844466434967554,0.4119141993971681,15,0.3754634340267233,True,False,False
2014_003661,400.0,0.005,0.9876187645218141,0.5154513671448366,15,0.4803296028388153,True,False,False
2014_003662,400.0,0.005,0.9929765311291845,0.5091212937257171,15,0.4746536823074033,True,False,False
2014_003663,400.0,0.005,0.9920689125860734,0.5185375676087416,15,0.48371421202088133,True,False,False
2014_003664,400.0,0.005,0.6555065909331997,0.3085779535771208,15,0.2799171676220923,False,False,False
2014_003665,400.0,0.004,0.8285590279212082,0.4199772657499824,15,0.38391008611553473,True,False,False
2014_003666,400.0,0.004,0.8016373071703021,0.4092550406453824,15,0.3806111083388879,True,False,False
2014_003667,400.0,0.004,0.7923646610714756,0.4252076386022575,15,0.39463776387113103,False,False,False
2014_003668,400.0,0.005,0.7316018467633228,0.3843311794811125,15,0.3537639897675221,False,False,False
2014_003669,400.0,0.004,0.8317349905867416,0.43514228610158917,15,0.40914280691237526,True,False,False
2014_003670,400.0,0.004,0.8508358748745477,0.41957558712658843,15,0.3953978303736454,True,False,False
2014_003671,400.0,0.004,0.792545259481747,0.4289758748282828,15,0.3982194533403436,False,False,False
2014_003672,400.0,0.004,0.7713860407508003,0.39371424176261405,15,0.3705676969753649,False,False,False
2014_003673,400.0,0.005,0.7531928576220295,0.3802390062163526,15,0.348976562192772,False,False,False
2014_003674,400.0,0.003125,0.8686649696254293,0.46900907321125784,15,0.44626862699934666,True,False,False
2014_003675,400.0,0.004,0.8089285342514055,0.46384917174231366,15,0.43285374238570334,True,False,False
2014_003676,400.0,0.005,0.7335351833131696,0.38304993042086866,15,0.3550442061287136,False,False,False
2014_003677,400.0,0.005,0.7445113284607563,0.29536754337583865,15,0.2635950699442937,False,False,False
2014_003678,400.0,0.004,0.7553807338342943,0.3971710159544568,15,0.3693454769929522,False,False,False
2014_003679,400.0,0.005,0.6991861257460631,0.3470587161287103,15,0.3163535578217287,False,False,False
2014_003680,400.0,0.004,0.793160211113428,0.41929279281809856,15,0.3938996318964882,False,False,False
2014_003681,400.0,0.005,0.7863316745157303,0.4113132924725988,15,0.3841511180743484,False,False,False
2014_003682,400.0,0.004,0.8172352762726074,0.43333659115461043,15,0.4122410693012114,True,False,False
2014_003683,400.0,0.005,0.7379590595135376,0.4081360905682026,15,0.37608656463489876,False,False,False
2014_003684,400.0,0.004,0.8141495301962856,0.4426575262611238,15,0.41726510888283114,True,False,False
2014_003685,400.0,0.004,0.7913828534284452,0.45192211730734216,15,0.4275175798425076,False,False,False
2014_003686,400.0,0.0025,0.8290817388735352,0.35014607321555385,15,0.3223016152074106,True,False,False
2014_003687,400.0,0.003125,0.8140446079725688,0.4053255794433075,15,0.3840346296212456,True,False,False
2014_003688,400.0,0.005,0.6459188476995266,0.35801226582103207,15,0.3440474070000803,False,False,False
2014_003689,400.0,0.003125,0.8685623606475898,0.44501815237086223,15,0.4217347129972363,True,False,False
2014_003690,400.0,0.003125,0.8337934489537685,0.4163667846311909,15,0.3948471952389434,True,False,False
2014_003691,400.0,0.004,0.6268664176512557,0.3186362771149594,15,0.3065446930669708,False,False,False
2014_003692,400.0,0.004,0.7034415067690531,0.3819761712542188,15,0.36664624951793606,False,False,False
2014_003693,400.0,0.002,0.9434775306166353,0.44837128488581324,15,0.4325859015594912,True,False,False
2014_003694,400.0,0.0025,0.8929837930689205,0.45472771278474816,15,0.4326165520673644,True,False,False
2014_003695,400.0,0.004,0.6879696921829804,0.37870738959786204,15,0.36533728281512773,False,False,False
2014_003696,400.0,0.003125,0.8974956965365092,0.4896896152774689,15,0.46880278124856456,True,False,False
2014_003697,400.0,0.0025,0.9441073118067078,0.5439519608228678,15,0.5240595333654324,True,False,False
2014_003698,400.0,0.004,0.6981610686667211,0.39584672399771187,15,0.3818786844636789,False,False,False
2014_003699,400.0,0.005,0.6591130238717061,0.3777392135823223,15,0.3638595730871687,False,False,False
2014_003700,400.0,0.0025,0.9107272977223451,0.4503745971234457,15,0.4257848347565854,True,False,False
2014_003701,400.0,0.002,0.9731709330080689,0.4861525797152791,15,0.46827346102230266,True,False,False
2014_003702,400.0,0.003125,0.760351568760738,0.43082411697621753,15,0.4134106216319553,False,False,False
2014_003703,400.0,0.004,0.7038146415906408,0.3614505753538192,15,0.3440897889691879,False,False,False
2014_003704,400.0,0.002,0.9810407607142113,0.4860762012933688,15,0.47163113741308393,True,False,False
2014_003705,400.0,0.005,0.6814206039488429,0.39322660127010417,15,0.379805561770109,False,False,False
2014_003706,400.0,0.003125,0.8434266309457441,0.4000717849765255,15,0.3755776092339488,True,False,False
2014_003707,400.0,0.003125,0.8536686922989731,0.4360715500168371,15,0.4138264688863473,True,False,False
2014_003708,400.0,0.003125,0.8461340787052168,0.4229145097025794,15,0.3998927562688137,True,False,False
2014_003709,400.0,0.004,0.70074628616636,0.35688158428261785,15,0.3403446025860106,False,False,False
2014_003710,400.0,0.004,0.6555823910436407,0.3781368440254312,15,0.3678854470727691,False,False,False
2014_003711,400.0,0.002,0.937592674412956,0.4921885404442952,15,0.4767316793405002,True,False,False
2014_003712,400.0,0.005,0.7026554575583822,0.3997326052997785,15,0.38295384810103994,False,False,False
2014_003713,400.0,0.000625,0.9982927006187272,0.6951761140179065,15,0.6526757975989169,True,True,True
2014_003714,400.0,0.001,0.987221464542402,0.4615257641064212,15,0.42192212722125305,True,False,False
2014_003715,400.0,0.0004,0.8442943046895112,0.6782350578361039,15,0.6503991092681518,True,True,True
2014_003716,280.0,0.00025,0.9648423803828818,0.6488833135991429,10,0.597511244853441,True,True,False
2014_003717,400.0,0.0015625,0.9340859175869806,0.5850924604377123,15,0.5495631104697178,True,False,False
2014_003718,220.0,0.00025,0.8410737707328793,0.28833473890559014,8,0.09945201683646442,True,False,False
2014_003719,400.0,0.0005,0.9434935167979654,0.6762948228565877,15,0.6438343240084189,True,True,True
2014_003720,400.0,0.004,0.7837430284552376,0.3340682295176122,15,0.3048169875524239,False,False,False
2014_003721,400.0,0.004,0.8488977879090603,0.2622550809619534,15,0.2393400259942744,True,False,False
2014_003722,400.0,0.004,0.8255523039763705,0.20616849319459585,15,0.1915102802299102,True,False,False
2014_003723,320.0,0.00025,0.8973241445699361,0.5005915300171742,12,0.4296467161326759,True,False,False
2014_003724,400.0,0.000625,0.8548060657272465,0.6082802305711305,15,0.587215524457453,True,False,False
2014_003725,400.0,0.0005,0.8691105999204904,0.4322704739609478,15,0.4069922317898806,True,False,False
2014_003726,400.0,0.00625,0.9830317631791401,0.3109744349979561,15,0.2890366437974773,True,False,False
2014_003727,400.0,0.00625,0.9221294518829987,0.3452117132196384,15,0.3238676000503627,True,False,False
2014_003728,320.0,0.00025,0.6754138066410645,0.25889905688965587,12,0.22366571977802094,False,False,False
2014_003729,400.0,0.001,0.8520766834399024,0.6214953498800913,15,0.6094279722978893,True,True,False
2014_003730,220.0,0.00025,0.9726233546625619,0.41038563956787244,8,0.1034906136743895,True,False,False
2014_003731,180.0,0.00025,0.9904188660402617,0.5443581833220921,7,0.16311093236696936,True,False,False
2014_003732,220.0,0.00025,0.9815999052891045,0.348788115269703,8,0.10547397416633097,True,False,False
2014_003733,220.0,0.00025,0.9806033507036068,0.35688563246290295,8,0.12976999561474675,True,False,False
2014_003734,220.0,0.00025,0.9772208895355696,0.3839370602147816,8,0.09830035085330684,True,False,False
2014_003735,200.0,0.00025,0.9735031729471842,0.3856194095869501,7,0.07876486549631848,True,False,False
2014_003736,200.0,0.00025,0.9660585280948669,0.34214001185042814,7,0.0950435898139192,True,False,False
2014_003737,220.0,0.00025,0.9421226707679414,0.29053252902875726,8,0.0948875283331312,True,False,False
2014_003738,200.0,0.00025,0.9938949310504019,0.3476316162549805,7,0.08627159621566192,True,False,False
2014_003739,250.0,0.00025,0.9550428512275569,0.3365222116216812,9,0.1110787623870186,True,False,False
2014_003740,220.0,0.00025,0.9850928652557409,0.3577659051351084,8,0.10124197344988567,True,False,False
2014_003741,220.0,0.00025,0.9882932822348335,0.36473563234724066,8,0.083859748232928,True,False,False
2014_003742,220.0,0.00025,0.9842388644474267,0.3581851809503541,8,0.0821661630950701,True,False,False
2014_003743,250.0,0.00025,0.9403929824712142,0.32026653714692843,9,0.10636899378100369,True,False,False
2014_003744,250.0,0.00025,0.9412789143342264,0.29600628839368537,9,0.0927990390776626,True,False,False
2014_003745,220.0,0.00025,0.9866690944732921,0.3529240749742817,8,0.08084629109026913,True,False,False
2014_003746,220.0,0.00025,0.9818840214523813,0.34205235635486647,8,0.07237113650761338,True,False,False
2014_003747,250.0,0.00025,0.9636199538606587,0.3103959169888412,9,0.10719102222665777,True,False,False
2014_003748,250.0,0.00025,0.950158349941888,0.2796580840838439,9,0.0721938427343095,True,False,False
2014_003749,360.0,0.00025,0.8107090726494696,0.24865079934211287,13,0.17420939039031397,True,False,False
2014_003750,280.0,0.00025,0.9305201316831739,0.2938067220281482,10,0.11990491072358,True,False,False
2014_003751,220.0,0.00025,0.9760927690908051,0.33439902367805435,8,0.07187478003510185,True,False,False
2014_003752,250.0,0.00025,0.9482059704215163,0.3108940083957607,9,0.11614766241547152,True,False,False
2014_003753,220.0,0.00025,0.9770236853245369,0.3388518980678118,8,0.06820361751999553,True,False,False
2014_003754,220.0,0.00025,0.9760379947330696,0.3477672302945324,8,0.08574178029385493,True,False,False
2014_003755,250.0,0.00025,0.9456755685875751,0.31195078998999026,9,0.11608107398057732,True,False,False
2014_003756,250.0,0.00025,0.950668214118004,0.32579585572087183,9,0.12056534242152561,True,False,False
2014_003757,220.0,0.00025,0.9675351638158114,0.3122999661935638,8,0.08174676335593815,True,False,False
2014_003758,220.0,0.00025,0.9736089626381049,0.3164692201155896,8,0.1084864399178996,True,False,False
2014_003759,220.0,0.00025,0.9672534848222981,0.34705136331145775,8,0.1243674098685052,True,False,False
2014_003760,220.0,0.00025,0.9424167008421206,0.31298464566525813,8,0.1261788466222149,True,False,False
2014_003761,200.0,0.00025,0.982256288806765,0.34494763141797674,7,0.09692021053181192,True,False,False
2014_003762,220.0,0.00025,0.9920342965138393,0.3708053003733248,8,0.12500297417327072,True,False,False
2014_003763,200.0,0.00025,0.9969372211506019,0.3837088750321789,7,0.07710052639562255,True,False,False
2014_003764,200.0,0.00025,0.9907865895188152,0.44740335671804604,7,0.12044571456330379,True,False,False
2014_003765,250.0,0.00025,0.963416140375691,0.37920040012544404,9,0.14853665718125703,True,False,False
2014_003766,250.0,0.00025,0.9387416140706155,0.29123559054358306,9,0.09293684243920541,True,False,False
2014_003767,250.0,0.00025,0.9767698065895122,0.36866790249073794,9,0.1304386475971489,True,False,False
2014_003768,200.0,0.00025,0.971746427935286,0.35841163119854885,7,0.07077086605612397,True,False,False
2014_003769,250.0,0.00025,0.9446850036565808,0.37965573779159706,9,0.14678747152642174,True,False,False
2014_003770,250.0,0.00025,0.9103970818733722,0.30722053263477717,9,0.10308406071146851,True,False,False
2014_003771,250.0,0.00025,0.9493552405428726,0.3785026260297662,9,0.1340204609902477,True,False,False
2014_003772,180.0,0.00025,0.9941410438885531,0.40583416307259856,7,0.12179665015559883,True,False,False
2014_003773,220.0,0.00025,0.9558075029138636,0.46159792911619796,8,0.17569189184187575,True,False,False
2014_003774,200.0,0.00025,0.9531033184833964,0.5686820050289966,7,0.24501061779857644,True,False,False
2014_003775,250.0,0.00025,0.9626681771060699,0.4605597774128724,9,0.277330917423401,True,False,False
2014_003776,250.0,0.00025,0.9387553696219925,0.47601957138197604,9,0.2737501780373166,True,False,False
2014_003777,280.0,0.00025,0.9277572899465343,0.46170999761735676,10,0.3018946557741426,True,False,False
2014_003778,200.0,0.00025,0.9305709404765484,0.4196073942574002,7,0.1724224905660876,True,False,False
2014_003779,280.0,0.00025,0.8288135262756642,0.2507777050023281,10,0.14127368474622537,True,False,False
2014_003780,180.0,0.00025,0.8937063932498164,0.5483943842982157,7,0.2730191097241917,True,False,False
2014_003781,360.0,0.00025,0.8288420287695085,0.39880548939855937,13,0.332712336969866,True,False,False
2014_003782,400.0,0.003125,0.861579951891095,0.41851099832752325,15,0.3926029749663836,True,False,False
2014_003783,400.0,0.0015625,0.9083111124035913,0.4534306840829847,15,0.4349376877653417,True,False,False
2014_003784,400.0,0.0008,0.9555805982780858,0.8142290067153528,15,0.7682144567292488,True,True,True
2014_003785,250.0,0.00025,0.9737457746085575,0.7390811489958364,9,0.594547357265294,True,True,False
2014_003786,220.0,0.00025,0.9567466394320518,0.34161519419203445,8,0.05952299713388836,True,False,False
2014_003787,180.0,0.00025,0.9729962416363769,0.40032636594690574,7,0.1006019478852141,True,False,False
2014_003788,220.0,0.00025,0.9680888970476704,0.2714592384596294,8,0.07312413934860978,True,False,False
2014_003789,200.0,0.00025,0.9885236154314649,0.2814893486593584,7,0.021902390276964927,True,False,False
2014_003790,220.0,0.00025,0.9629456013794877,0.34707164552084546,8,0.08193174041019137,True,False,False
2014_003791,280.0,0.00025,0.8780182488662617,0.2197168851417243,10,0.0853239915652446,True,False,False
2014_003792,280.0,0.00025,0.8753062985389208,0.34424518952258243,10,0.14748227144882886,True,False,False
2014_003793,320.0,0.00025,0.8087188137278585,0.3021474191941907,12,0.19533143195537683,True,False,False
2014_003794,220.0,0.00025,0.9430063720010007,0.39695918872484304,8,0.08886131628316905,True,False,False
2014_003795,250.0,0.00025,0.908100813568575,0.2793208458813153,9,0.10027090587699942,True,False,False
2014_003796,280.0,0.00025,0.8876489523805118,0.2829157538983976,10,0.12016734020675791,True,False,False
2014_003797,220.0,0.00025,0.9792532412705536,0.3560630257057796,8,0.11763660790911984,True,False,False
2014_003798,250.0,0.00025,0.9095329606143452,0.2834855972354729,9,0.10444020110698729,True,False,False
2014_003799,250.0,0.00025,0.9181353024122858,0.30033928707744845,9,0.10342914742679486,True,False,False
2014_003800,250.0,0.00025,0.9237845380001857,0.3329986837630959,9,0.1368019739257534,True,False,False
2014_003801,220.0,0.00025,0.9905917398616216,0.40583056927989647,8,0.1397952727829108,True,False,False
2014_003802,250.0,0.00025,0.9031279958599508,0.314140855524246,9,0.10757890399071265,True,False,False
2014_003803,200.0,0.00025,0.9758991586724745,0.3895907983705496,7,0.11258728785469908,True,False,False
2014_003804,280.0,0.00025,0.859332550905454,0.34387457448668246,10,0.19124144801260784,True,False,False
2014_003805,250.0,0.00025,0.8707819613747422,0.27878086820083336,9,0.10338759161692912,True,False,False
2014_003806,400.0,0.0003125,0.8308666972235431,0.2836711939091575,15,0.2687201488011934,True,False,False
2014_003807,280.0,0.00025,0.6136745960329155,0.4474333049905636,10,0.31272002686008926,False,False,False
2014_003808,200.0,0.00025,0.8104323506114074,0.5761347875498464,7,0.2669488633866382,True,False,False
2014_003809,200.0,0.00025,0.6509596583137561,0.374406363276759,7,0.10515643986172077,False,False,False
2014_003810,200.0,0.00025,0.8624524999743891,0.5002384295572018,7,0.22113193069118794,True,False,False
2014_003811,400.0,0.0005,0.7588838968675676,0.5043105684603465,15,0.49330356626507615,False,False,False
2014_003812,400.0,0.00125,0.8859528061490041,0.5899179326455503,15,0.5753371308018272,True,False,False
2014_003813,320.0,0.00025,0.917153329537407,0.39403408931310147,12,0.2791585468982512,True,False,False
2014_003814,400.0,0.0003125,0.9379541190812712,0.6302249615092409,15,0.6133185627076345,True,True,False
2014_003815,360.0,0.00025,0.8592533635421215,0.5023281993594952,13,0.43720764289828556,True,False,False
2014_003816,400.0,0.00025,0.8629022197576974,0.5328851860064486,15,0.5068167638285013,True,False,False
2014_003817,360.0,0.00025,0.8675544463725166,0.5117399293666894,13,0.42205398223625445,True,False,False
2014_003818,400.0,0.00025,0.8265885142054777,0.47121190290580034,15,0.4472843071712935,True,False,False
2014_003819,360.0,0.00025,0.8557390473590828,0.5889327377496282,13,0.5326327117421352,True,False,False
2014_003820,400.0,0.0003125,0.8052948793658798,0.5141774295938832,15,0.48237149671304286,True,False,False
2014_003821,400.0,0.0003125,0.7840538708699887,0.46264372279251076,15,0.4295387784277264,False,False,False
2014_003822,400.0,0.0003125,0.7842165829326736,0.46446730408707587,15,0.43113859449163283,False,False,False
2014_003823,400.0,0.0004,0.7884894785315911,0.4320508395264984,15,0.41252390491766333,False,False,False
2014_003824,400.0,0.0003125,0.7962590931216955,0.5018268033156084,15,0.4637213235996353,False,False,False
2014_003825,400.0,0.0004,0.8701838633915951,0.505777868581858,15,0.4756227670981091,True,False,False
2014_003826,400.0,0.0004,0.8471250567158319,0.4334805907104672,15,0.40778080078623924,True,False,False
2014_003827,400.0,0.0004,0.8713981935532481,0.5750833759906888,15,0.5380772663778635,True,False,False
2014_003828,400.0,0.0005,0.8984759757849422,0.5109563999417062,15,0.4764394668166531,True,False,False
2014_003829,400.0,0.0004,0.8942898682143824,0.5066935421775773,15,0.47894809935457133,True,False,False
2014_003830,400.0,0.0004,0.8254259429203276,0.4585071847764628,15,0.43524101213099187,True,False,False
2014_003831,400.0,0.0003125,0.83542218059114,0.49443598273789835,15,0.46426278836675255,True,False,False
2014_003832,400.0,0.0003125,0.890768075290205,0.5184079845316553,15,0.49299053452833413,True,False,False
2014_003833,400.0,0.0003125,0.8027049940665243,0.48922192653065,15,0.4550923794741067,True,False,False
2014_003834,400.0,0.0004,0.7945418385215582,0.4398301614876947,15,0.41317438139674445,False,False,False
2014_003835,400.0,0.0004,0.8425610226000818,0.4640560833244384,15,0.434645640473343,True,False,False
2014_003836,400.0,0.0004,0.8931164742431638,0.5152328067174017,15,0.48935758187816397,True,False,False
2014_003837,400.0,0.000625,0.8837299007848843,0.4720842444492839,15,0.4453128020644728,True,False,False
2014_003838,400.0,0.0003125,0.9049639282351818,0.5212209328263139,15,0.4933404542752254,True,False,False
2014_003839,400.0,0.00025,0.8303470430604111,0.48005969661449854,15,0.447231309055928,True,False,False
2014_003840,400.0,0.0003125,0.7844217182724283,0.4593918360926501,15,0.42491307152457114,False,False,False
2014_003841,400.0,0.0004,0.8830086637667376,0.47536628596147257,15,0.44950882354593497,True,False,False
2014_003842,400.0,0.00025,0.8592799245617473,0.5327986871338256,15,0.5021238901789824,True,False,False
2014_003843,400.0,0.0003125,0.8139698818691423,0.48883020312612047,15,0.4585901311643459,True,False,False
2014_003844,400.0,0.0003125,0.8811806212122664,0.5374042357514794,15,0.5113527498379902,True,False,False
2014_003845,400.0,0.0004,0.8068136905161215,0.4349698666678123,15,0.41604540868610607,True,False,False
2014_003846,400.0,0.0003125,0.8178416771561352,0.4838554439432779,15,0.45114366876169637,True,False,False
2014_003847,400.0,0.00025,0.843040401500173,0.5506441811456582,15,0.5373409106455905,True,False,False
2014_003848,400.0,0.0004,0.8216871592712747,0.4374568538335937,15,0.4090178503270434,True,False,False
2014_003849,400.0,0.00025,0.8655099500966772,0.521689612964223,15,0.4923084161502896,True,False,False
2014_003850,400.0,0.00025,0.8592681517925508,0.5406886318175074,15,0.5121641208294242,True,False,False
2014_003851,360.0,0.00025,0.8853704464994145,0.5513226644230385,13,0.4597029263551738,True,False,False
2014_003852,360.0,0.00025,0.8868094919748544,0.5735458110256568,13,0.48358409194028784,True,False,False
2014_003853,400.0,0.00025,0.8508345117117987,0.5359384640245654,15,0.5057848083194897,True,False,False
2014_003854,400.0,0.00025,0.8517976894639251,0.5648122338321463,15,0.5330848686952071,True,False,False
2014_003855,400.0,0.0003125,0.8130410723414774,0.5086803312303725,15,0.4787622135251521,True,False,False
2014_003856,400.0,0.00025,0.8122764619631329,0.5273825523760175,15,0.5012881061819513,True,False,False
2014_003857,400.0,0.00025,0.8682953046726576,0.5338375823804689,15,0.507636437720316,True,False,False
2014_003858,400.0,0.0003125,0.8285400675666075,0.5045533766615301,15,0.476501924455338,True,False,False
2014_003859,400.0,0.0003125,0.8025548809322778,0.4723637754287684,15,0.4388811110586041,True,False,False
2014_003860,400.0,0.0003125,0.8243153370514905,0.5071199642702651,15,0.47354609191979913,True,False,False
2014_003861,400.0,0.0003125,0.8011725099808298,0.5258268119076644,15,0.49173700311065477,True,False,False
2014_003862,400.0,0.00025,0.8137182750720329,0.4983291342412934,15,0.46827701350704265,True,False,False
2014_003863,400.0,0.0004,0.8521265421501488,0.4368577231513943,15,0.41502592818164663,True,False,False
2014_003864,400.0,0.0004,0.8389672712059381,0.4540935529506938,15,0.42496412816571827,True,False,False
2014_003865,400.0,0.00025,0.8107450105764906,0.4822133285261881,15,0.45273315783507945,True,False,False
2014_003866,400.0,0.0003125,0.9404314401839229,0.5926290155056871,15,0.5667521383479657,True,False,False
2014_003867,400.0,0.0004,0.8499712992279377,0.45328829553764954,15,0.4253022338354509,True,False,False
2014_003868,400.0,0.0003125,0.8073936956118717,0.49463306302504484,15,0.45657562446898614,True,False,False
2014_003869,360.0,0.00025,0.8535717425119405,0.5492849839609445,13,0.4626919291842735,True,False,False
2014_003870,400.0,0.0003125,0.851349869846873,0.5373230656059663,15,0.5046878340781434,True,False,False
2014_003871,400.0,0.00025,0.852701672906372,0.5214074382751646,15,0.49151712082843285,True,False,False
2014_003872,400.0,0.00025,0.8705559242061683,0.5682850768212433,15,0.5392118721726765,True,False,False
2014_003873,400.0,0.0005,0.9213433613643657,0.5412534355832073,15,0.516790488659973,True,False,False
2014_003874,400.0,0.0008,0.9143780541041774,0.5426161026367368,15,0.5135988289688442,True,False,False
2014_003875,400.0,0.0008,0.9359440323378555,0.6060636866331731,15,0.5800686687038652,True,False,False
2014_003876,400.0,0.00125,0.955755785345323,0.7328811130413863,15,0.7052130400313809,True,True,True
2014_003877,400.0,0.001,0.9390800915120069,0.745738422782696,15,0.7256594898764099,True,True,True
2014_003878,400.0,0.0008,0.9473473844294098,0.766641077761082,15,0.7492089525259158,True,True,True
2014_003879,400.0,0.001,0.9467602330562175,0.7463092988188236,15,0.7252714428805066,True,True,True
2014_003880,400.0,0.001,0.9394407926370044,0.7767597935395009,15,0.7567135765391925,True,True,True
2014_003881,400.0,0.0008,0.9709595938733353,0.8515931737436018,15,0.8409404286312425,True,True,True
2014_003882,400.0,0.001,0.9469627246863982,0.7955980418043186,15,0.7753582970016037,True,True,True
2014_003883,400.0,0.0008,0.9680615511767647,0.8381457384558291,15,0.8232623144818114,True,True,True
2014_003884,400.0,0.0008,0.9722436105670393,0.8435394429902205,15,0.8298594438758633,True,True,True
2014_003885,400.0,0.0008,0.9703567454745475,0.8339047326036475,15,0.8202290708253099,True,True,True
2014_003886,400.0,0.0008,0.9684555465192094,0.836167871922846,15,0.8220711167789307,True,True,True
2014_003887,400.0,0.000625,0.9720303375587523,0.8795347054626641,15,0.8695464402285354,True,True,True
2014_003888,400.0,0.0008,0.9567458545807721,0.8422671164497888,15,0.8284688939479209,True,True,True
2014_003889,400.0,0.0008,0.9756359030300547,0.843924474504891,15,0.8309966933802504,True,True,True
2014_003890,400.0,0.0008,0.9598557245069564,0.853379577872283,15,0.8423953776720882,True,True,True
2014_003891,400.0,0.0004,0.7504310898924044,0.5221868369039385,15,0.5104241468501357,False,False,False
2014_003892,400.0,0.0008,0.975071181880279,0.8736431573691257,15,0.8583679686826163,True,True,True
2014_003893,400.0,0.0008,0.9696306341168738,0.8534118393906778,15,0.8397320055081688,True,True,True
2014_003894,400.0,0.000625,0.975925141380631,0.8618865808937126,15,0.8490729749762975,True,True,True
2014_003895,400.0,0.0008,0.981718954835857,0.8787287458142642,15,0.8656564694382216,True,True,True
2014_003896,400.0,0.0008,0.9614769794031892,0.8554630275563763,15,0.84128159109017,True,True,True
2014_003897,400.0,0.001,0.9631560654463523,0.7773307521915527,15,0.7513645672197858,True,True,True
2014_003898,400.0,0.0008,0.976030641915817,0.8820714274148056,15,0.8702657357724638,True,True,True
2014_003899,400.0,0.0008,0.9673433709478129,0.869451349299797,15,0.8593480000832768,True,True,True
2014_003900,400.0,0.001,0.964219538930441,0.8249865501275425,15,0.8000379041860167,True,True,True
2014_003901,400.0,0.000625,0.9611470114019889,0.8598620776715263,15,0.8492825302679962,True,True,True
2014_003902,400.0,0.001,0.964548061152968,0.8186103357147649,15,0.7928465184492925,True,True,True
2014_003903,400.0,0.00125,0.9595022522753252,0.7883925287445585,15,0.7632877800142827,True,True,True
2014_003904,400.0,0.001,0.9564711979408146,0.7896942252460385,15,0.7720002075312016,True,True,True
2014_003905,400.0,0.0008,0.9731154564149778,0.8341595201138381,15,0.81670703005336,True,True,True
2014_003906,400.0,0.001,0.9700202508153366,0.8622572785455367,15,0.8397658780370852,True,True,True
2014_003907,400.0,0.004,0.9278762981853247,0.6037646920028776,15,0.5824768815859349,True,False,False
2014_003908,400.0,0.002,0.9485993048365675,0.6347149304489581,15,0.6072439790340612,True,True,False
2014_003909,400.0,0.002,0.951670675742081,0.7438029795267826,15,0.7141669538946964,True,True,True
2014_003910,400.0,0.002,0.9430407815334243,0.6914629413053515,15,0.6699165843536675,True,True,True
2014_003911,400.0,0.0008,0.9723799681499089,0.8871933668665862,15,0.8755882253802068,True,True,True
2014_003912,400.0,0.0015625,0.9491224288685154,0.7131978691039906,15,0.6839386547021183,True,True,True
2014_003913,400.0,0.001,0.9616951680589653,0.8187251718493839,15,0.7944853705373769,True,True,True
2014_003914,400.0,0.001,0.950862857235387,0.8338867636401369,15,0.8144034089313101,True,True,True
2014_003915,400.0,0.001,0.9588619375549189,0.8255921248518283,15,0.8033272158995337,True,True,True
2014_003916,400.0,0.001,0.9536056646104114,0.7782823637142929,15,0.7538864183055738,True,True,True
2014_003917,400.0,0.00125,0.957204703423703,0.7435755378874976,15,0.7144920062484076,True,True,True
2014_003918,400.0,0.00125,0.9272436254379057,0.6942728328108152,15,0.6571753912938018,True,True,True
2014_003919,400.0,0.00125,0.9548927380933104,0.7509123276507897,15,0.720707656612529,True,True,True
2014_003920,400.0,0.002,0.9351878900917401,0.6459738285970725,15,0.6258150474000603,True,True,True
2014_003921,400.0,0.0015625,0.9273853943638095,0.6813189037461695,15,0.6536478978708554,True,True,True
2014_003922,400.0,0.00125,0.9468396682673227,0.7553729266294587,15,0.7232091841809672,True,True,True
2014_003923,400.0,0.00125,0.9626614439082487,0.8110056638172985,15,0.7855927163818455,True,True,True
2014_003924,400.0,0.00125,0.9598879860253512,0.7518456397463229,15,0.7203064736846801,True,True,True
2014_003925,400.0,0.0005,0.8604530706851934,0.5328409038710847,15,0.5205410450782224,True,False,False
2014_003926,400.0,0.00025,0.9509099070042111,0.5187622416145663,15,0.49145825698245005,True,False,False
2014_003927,400.0,0.00025,0.953239262986645,0.5422435461266185,15,0.51274127567579,True,False,False
2014_003928,400.0,0.0003125,0.9744489187393074,0.6279648376712752,15,0.5990562865596119,True,True,False
2014_003929,400.0,0.0005,0.9608809468181468,0.5567794462155463,15,0.5333209436985695,True,False,False
2014_003930,400.0,0.0005,0.8507684189724496,0.44914171968681293,15,0.42788885580580105,True,False,False
2014_003931,400.0,0.0003125,0.8816564063196556,0.4862379632729257,15,0.47413588700256537,True,False,False
2014_003932,400.0,0.0003125,0.9327399389501366,0.5170938956415474,15,0.5058117824187365,True,False,False
2014_003933,400.0,0.0003125,0.9355821745899193,0.5259734964810573,15,0.5069255276926925,True,False,False
2014_003934,320.0,0.00025,0.980372480503468,0.6078505451494374,12,0.4746710316514824,True,False,False
2014_003935,400.0,0.0003125,0.9224899877761479,0.472208003103715,15,0.4419958966322775,True,False,False
2014_003936,400.0,0.0003125,0.8896050909254338,0.5135936654735825,15,0.5023995795179923,True,False,False
2014_003937,400.0,0.0003125,0.9150144858761469,0.538324907610612,15,0.5295006181323447,True,False,False
2014_003938,400.0,0.0003125,0.9211172415798676,0.49182622830877604,15,0.46117026778464737,True,False,False
2014_003939,400.0,0.0003125,0.8765787490032388,0.4884852816426425,15,0.47597557840234683,True,False,False
2014_003940,360.0,0.00025,0.9249283141625835,0.6215911843521474,13,0.5470754210685808,True,True,False
2014_003941,400.0,0.0004,0.882418290372502,0.5117446384743681,15,0.49836288284632346,True,False,False
2014_003942,400.0,0.0003125,0.9406369886032985,0.5443174949794303,15,0.5303920026463533,True,False,False
2014_003943,400.0,0.0005,0.91109485596905,0.6145675915574457,15,0.5983557448304738,True,False,False
2014_003944,400.0,0.0003125,0.9523656822042986,0.6601112720836496,15,0.6475025123502545,True,True,True
2014_003945,320.0,0.00025,0.9730988093062543,0.6977544330878759,12,0.5943351169560592,True,True,False
2014_003946,400.0,0.0003125,0.8897340130751267,0.5532224589076654,15,0.5400235323198452,True,False,False
2014_003947,400.0,0.0004,0.9125288205651524,0.5886395338346908,15,0.5719392617639293,True,False,False
2014_003948,400.0,0.0004,0.9336093476283116,0.6202639182221318,15,0.6105331255157299,True,True,False
2014_003949,400.0,0.0003125,0.8830186189856021,0.4532022923605716,15,0.42708929889152564,True,False,False
2014_003950,400.0,0.0005,0.9327512573317502,0.6488172621677559,15,0.6311748794055355,True,True,True
2014_003951,400.0,0.0003125,0.9499309909185272,0.5887828724631541,15,0.577059053201681,True,False,False
2014_003952,400.0,0.0003125,0.9601613208105217,0.5962881574038243,15,0.5855787790754353,True,False,False
2014_003953,400.0,0.0003125,0.9421142852516365,0.5764877227779703,15,0.5629776646196644,True,False,False
2014_003954,400.0,0.00025,0.9584334500641265,0.5990814431085266,15,0.5794557824702888,True,False,False
2014_003955,400.0,0.0004,0.9163313837076771,0.5617525530799051,15,0.5536610255412087,True,False,False
2014_003956,400.0,0.0003125,0.9678511284178621,0.6292729369068796,15,0.6142479918547308,True,True,False
2014_003957,400.0,0.00025,0.9826920464988859,0.635428690725966,15,0.6166551307297861,True,True,False
2014_003958,400.0,0.0003125,0.9508374941466617,0.5996491797395351,15,0.5760068980992059,True,False,False
2014_003959,400.0,0.0004,0.8889257814888116,0.5584028491258078,15,0.5416060816555966,True,False,False
2014_003960,400.0,0.0003125,0.9493381803545281,0.5919138507579681,15,0.5761830765575332,True,False,False
2014_003961,400.0,0.0004,0.8918432802355281,0.5688137361201117,15,0.5547195420698462,True,False,False
2014_003962,400.0,0.000625,0.8656570064417288,0.47865035156380376,15,0.45321844377375003,True,False,False
2014_003963,400.0,0.0005,0.8803453742187425,0.5708614131090322,15,0.5563431515199182,True,False,False
2014_003964,400.0,0.0003125,0.9789865570672801,0.6942902647708185,15,0.6814691821122645,True,True,True
2014_003965,400.0,0.00025,0.9737168590350923,0.616659054986185,15,0.5952167527910137,True,False,False
2014_003966,400.0,0.0003125,0.9483265070549042,0.5552726969902357,15,0.537080877024214,True,False,False
2014_003967,400.0,0.0003125,0.939707889919899,0.5555870505817648,15,0.5423438418585808,True,False,False
2014_003968,400.0,0.0003125,0.9666406398966838,0.73787503911864,15,0.7264359143319131,True,True,True
2014_003969,400.0,0.0005,0.8972046406356007,0.5775789139046236,15,0.5564842182104663,True,False,False
2014_003970,400.0,0.0004,0.8950907056754827,0.5868404481616469,15,0.5685023153938913,True,False,False
2014_003971,400.0,0.0003125,0.9564525267419485,0.6129938408176201,15,0.5928851248706648,True,False,False
2014_003972,400.0,0.0004,0.9169437742457084,0.6178218741191077,15,0.5994297518448962,True,False,False
2014_003973,400.0,0.0004,0.8775853001155631,0.5692143407364912,15,0.5518222842245554,True,False,False
2014_003974,360.0,0.00025,0.9495204310832831,0.5285891579487589,13,0.42476047991259896,True,False,False
2014_003975,400.0,0.0003125,0.9051975660687808,0.48143450820888345,15,0.4585487405863285,True,False,False
2014_003976,400.0,0.0003125,0.9297121479446314,0.5008361970766521,15,0.4755771217999961,True,False,False
2014_003977,400.0,0.0003125,0.8709536785731635,0.46875213768703833,15,0.4535621260183652,True,False,False
2014_003978,400.0,0.0008,0.9088627802373457,0.4244905323803201,15,0.3939115698975331,True,False,False
2014_003979,400.0,0.001,0.8517020202237173,0.37998806034663657,15,0.3592201519405985,True,False,False
2014_003980,400.0,0.000625,0.9673386205321721,0.5110367439279774,15,0.4855889738804799,True,False,False
2014_003981,400.0,0.0003125,0.9305242624793832,0.5031012365621068,15,0.4875334635800917,True,False,False
2014_003982,400.0,0.0008,0.8837293637813771,0.431697739066526,15,0.4075029634332006,True,False,False
2014_003983,320.0,0.00025,0.9700699442937346,0.5426118892246032,12,0.4135388002383304,True,False,False
2014_003984,400.0,0.0003125,0.9457346389733683,0.4246531618270809,15,0.3909758956474957,True,False,False
2014_003985,400.0,0.00025,0.966428358279487,0.46536376948042185,15,0.4298563953482608,True,False,False
2014_003986,360.0,0.00025,0.9622338651926223,0.4749855504748598,13,0.35801073742643463,True,False,False
2014_003987,360.0,0.00025,0.9759116336770266,0.48436493634773503,13,0.3786944602057269,True,False,False
2014_003988,360.0,0.00025,0.9729945893178932,0.5837353286511033,13,0.488582148813751,True,False,False
2014_003989,400.0,0.000625,0.9797160143698834,0.5559980648045919,15,0.5239880292830491,True,False,False
2014_003990,360.0,0.00025,0.9761659667996342,0.537638162740813,13,0.4339331194351979,True,False,False
2014_003991,360.0,0.00025,0.9757589181411681,0.5280359204124452,13,0.4234169384455186,True,False,False
2014_003992,400.0,0.00025,0.9408676109556646,0.4905432856220863,15,0.4599719238043245,True,False,False
2014_003993,360.0,0.00025,0.9749901769666143,0.47442999969266875,13,0.3625901381040835,True,False,False
2014_003994,280.0,0.00025,0.940116301741114,0.5766117705881362,10,0.4455316929556045,True,False,False
2014_003995,400.0,0.0003125,0.9393473540267497,0.4889599514350551,15,0.47074190091310425,True,False,False
2014_003996,400.0,0.0003125,0.9287474417979076,0.5250483633620187,15,0.5019979008945983,True,False,False
2014_003997,320.0,0.00025,0.9168127453899488,0.49422299888534593,12,0.3988148249979924,True,False,False
2014_003998,360.0,0.00025,0.9389673207754925,0.5108080630498296,13,0.4416390784557167,True,False,False
2014_003999,280.0,0.00025,0.9334285839861919,0.5902462070203047,10,0.4401293963650976,True,False,False
2014_004000,400.0,0.0003125,0.9096034733056383,0.4893927349539053,15,0.46293106097683084,True,False,False
2014_004001,360.0,0.00025,0.9316029372935222,0.5711930334287162,13,0.4974432436862432,True,False,False
2014_004002,360.0,0.00025,0.9496652981063439,0.5252646105435764,13,0.44795692471805665,True,False,False
2014_004003,400.0,0.0004,0.9181008515719001,0.4789301716990229,15,0.4605590751775168,True,False,False
2014_004004,400.0,0.0003125,0.8923181565677512,0.45397223146602617,15,0.4338961488091245,True,False,False
2014_004005,400.0,0.0003125,0.8981737667342685,0.47421953562580405,15,0.45683565809036264,True,False,False
2014_004006,400.0,0.00025,0.9628115983504574,0.6325724516870337,15,0.5985372933238733,True,True,False
2014_004007,400.0,0.0003125,0.8684426501734439,0.4432097310983853,15,0.42231665956720493,True,False,False
2014_004008,360.0,0.00025,0.9152365161723977,0.5275916945880952,13,0.45784832278107673,True,False,False
2014_004009,320.0,0.00025,0.9224747864460976,0.5379322754309164,12,0.4286139757723845,True,False,False
2014_004010,360.0,0.00025,0.9069719495804929,0.5802840897261811,13,0.5099289056926006,True,False,False
2014_004011,320.0,0.00025,0.9635012347776029,0.6753994727782182,12,0.5947591844949077,True,True,False
2014_004012,320.0,0.00025,0.930945810232544,0.577047528280257,12,0.4652296838354674,True,False,False
2014_004013,320.0,0.00025,0.9622777755563273,0.6470772055725432,12,0.5410004243153866,True,True,False
2014_004014,280.0,0.00025,0.9075269633591767,0.535288772396764,10,0.33342998019531067,True,False,False
2014_004015,360.0,0.00025,0.9084615146935726,0.5086302246723535,13,0.43799964045549794,True,False,False
2014_004016,360.0,0.00025,0.9564022549520811,0.5649507394290446,13,0.48929438069616144,True,False,False
2014_004017,400.0,0.0003125,0.9213408002707159,0.5023668636120144,15,0.48237699067200124,True,False,False
2014_004018,400.0,0.0003125,0.9058809236856881,0.5233159074318311,15,0.4982226836229793,True,False,False
2014_004019,400.0,0.0003125,0.8808797753243418,0.46082505714543476,15,0.43665143118870103,True,False,False
2014_004020,360.0,0.00025,0.8899786801346045,0.49455932831270855,13,0.42412082611958624,True,False,False
2014_004021,320.0,0.00025,0.8864929077533723,0.5200666644415445,12,0.43076591405762826,True,False,False
2014_004022,280.0,0.00025,0.9225371201608962,0.5311586784228025,10,0.3751105401065613,True,False,False
2014_004023,320.0,0.00025,0.897722188092666,0.5099753771499556,12,0.41533487043014145,True,False,False
2014_004024,400.0,0.00025,0.8774222575891815,0.4579451899521852,15,0.4363692564996426,True,False,False
2014_004025,250.0,0.00025,0.9414769033965389,0.562957547642125,9,0.37616682600524576,True,False,False
2014_004026,320.0,0.00025,0.8729401784702241,0.4854532772250038,12,0.3633069138623242,True,False,False
2014_004027,400.0,0.00025,0.8856934747629832,0.47299715041154294,15,0.4475633424552329,True,False,False
2014_004028,400.0,0.00025,0.8320314165227222,0.5242894534824429,15,0.5076192123001232,True,False,False
2014_004029,360.0,0.00025,0.907436622846079,0.49819451159283173,13,0.403377702490804,True,False,False
2014_004030,280.0,0.00025,0.9171275533690608,0.5828638545748237,10,0.3583834591684013,True,False,False
2014_004031,360.0,0.00025,0.8443409000707522,0.5198992432711809,13,0.4612372279912004,True,False,False
2014_004032,320.0,0.00025,0.921818774700096,0.531667427283942,12,0.39776713115542334,True,False,False
2014_004033,280.0,0.00025,0.9367069903977163,0.6018701436294365,10,0.3778404593974127,True,False,False
2014_004034,280.0,0.00025,0.8893139111006391,0.5534617559320713,10,0.4169568688696919,True,False,False
2014_004035,400.0,0.0003125,0.9381762733014083,0.5426703812989272,15,0.5198351746219743,True,False,False
2014_004036,250.0,0.00025,0.9004063794694802,0.48294621438964513,9,0.31162924881305704,True,False,False
2014_004037,280.0,0.00025,0.8978803975874828,0.4833999410452765,10,0.34323417715035204,True,False,False
2014_004038,360.0,0.00025,0.9241125645271676,0.5490655560663056,13,0.4765758243995227,True,False,False
2014_004039,100.0,0.0003125,0.9196074768733243,0.6820125883536001,4,0.31774518175668554,True,True,False
2014_004040,100.0,0.0003125,0.8965647389948154,0.6950338080884956,4,0.29854627367483233,True,True,False
2014_004041,100.0,0.00025,0.7425897233721441,0.39982604391003324,4,0.09765255939176173,False,False,False
2014_004042,100.0,0.0004,0.7889466337480763,0.6280948751359445,4,0.23444478463846116,False,True,False
2014_004043,100.0,0.00025,0.913935439290349,0.743583716863992,4,0.40299023380637006,True,True,False
2014_004044,100.0,0.000625,0.766757690138071,0.5099947918921393,4,0.20556452948083162,False,False,False
2014_004045,110.0,0.002,0.8891112129306479,0.40965614095730707,4,0.046096050595313826,True,False,False
2014_004046,100.0,0.002,0.8444255813930432,0.42286440314456036,4,0.1127879206265856,True,False,False
2014_004047,100.0,0.0015625,0.7990671670768272,0.4003391714151546,4,0.13913393230979915,False,False,False
2014_004048,450.0,0.002,0.809321579510722,0.4952370680467712,17,0.5174078774614176,True,False,False
2014_004049,110.0,0.002,0.8828902751473785,0.5231111025557732,4,0.185398023694908,True,False,False
2014_004050,200.0,0.002,0.9012550928586465,0.5194106113875807,7,0.36318840131907887,True,False,False
2014_004051,100.0,0.002,0.8858679595948648,0.567097638142913,4,0.24560384144219644,True,False,False
2014_004052,100.0,0.0015625,0.7217834398693215,0.4417637045773518,4,0.21861887820132575,False,False,False
2014_004053,140.0,0.002,0.905566570094159,0.4818515533941761,5,0.18425461930416903,True,False,False
2014_004054,100.0,0.00125,0.8441500985938439,0.5247010460167393,4,0.19229178556475088,True,False,False
2014_004055,110.0,0.002,0.9607417802938549,0.5882252149748963,4,0.24223782084307238,True,False,False
2014_004056,180.0,0.002,0.8080100104063018,0.4109424708968884,7,0.22391013898972623,True,False,False
2014_004057,125.0,0.002,0.9030313352286528,0.6147175394598439,5,0.2760668111674258,True,False,False
2014_004058,100.0,0.002,0.9387987842901524,0.5205930931104598,4,0.1468234094534428,True,False,False
2014_004059,160.0,0.002,0.9072179798027198,0.4757771762604133,6,0.24041200891855424,True,False,False
2014_004060,180.0,0.002,0.8347050330612406,0.5495724460691509,7,0.3309190344115152,True,False,False
2014_004061,180.0,0.002,0.8427590942783185,0.41049688190978934,7,0.2716177371101809,True,False,False
2014_004062,110.0,0.002,0.8787385771092424,0.3912304353099138,4,0.14722645123958586,True,False,False
2014_004063,125.0,0.002,0.8948158424957147,0.352276903132168,5,0.17952337055786569,True,False,False
2014_004064,360.0,0.002,0.8749138315910736,0.516102380627425,13,0.46170024893830275,True,False,False
2014_004065,220.0,0.002,0.8191551464268118,0.4720848227607532,8,0.24130046056725415,True,False,False
2014_004066,250.0,0.002,0.8996023199873366,0.43607671351209876,9,0.2980128639603232,True,False,False
2014_004067,110.0,0.002,0.9173823408792515,0.42255351942184716,4,0.06395282168079784,True,False,False
2014_004068,250.0,0.002,0.8739006298968524,0.48107843357564034,9,0.30383274273962996,True,False,False
2014_004069,100.0,0.002,0.9509354353247846,0.5129880907492967,4,0.21000868789058744,True,False,False
2014_004070,100.0,0.001,0.8220586004664164,0.542314265357722,4,0.18999415409720458,True,False,False
2014_004071,100.0,0.001,0.8641427804752795,0.5048122949679301,4,0.10249331554557409,True,False,False
2014_004072,220.0,0.002,0.8262407837805774,0.40231608786500955,8,0.214561362316762,True,False,False
2014_004073,360.0,0.002,0.8001491878358957,0.511996864890909,13,0.4519250501726508,True,False,False
2014_004074,125.0,0.002,0.9033513067030264,0.5121442103916953,5,0.2506231719161376,True,False,False
2014_004075,560.0,0.002,0.8588965866735226,0.4308479516703453,21,0.5403928668089203,True,False,False
2014_004076,400.0,0.001,0.857121500926455,0.4994864181072956,15,0.48457792020028745,True,False,False
2014_004077,400.0,0.001,0.8635665757120419,0.5170478785717756,15,0.5048381537522004,True,False,False
2014_004078,400.0,0.0008,0.9639274916384423,0.3828843268008371,15,0.3620684598508089,True,False,False
2014_004079,400.0,0.0008,0.9393799047008792,0.5944153370184442,15,0.56868621844113,True,False,False
2014_004080,400.0,0.00025,0.6249223823392269,0.46511315407440257,15,0.44554648120603385,False,False,False
2014_004081,400.0,0.001,0.8569269404249962,0.4219550909750034,15,0.4023413683378106,True,False,False
2014_004082,400.0,0.0008,0.9815276163554415,0.4253174764734633,15,0.4037564965031984,True,False,False
2014_004083,400.0,0.0015625,0.9094166787010529,0.41897980238931865,15,0.3941077001015515,True,False,False
2014_004084,500.0,0.002,0.8658628853248012,0.6034072128989234,19,0.6345793577173683,True,False,True
2014_004085,400.0,0.001,0.7411010670342304,0.3503600071512344,15,0.33473204846844945,False,False,False
2014_004086,500.0,0.002,0.7251114158353577,0.3975493555792682,19,0.43727699896664,False,False,False
2014_004087,400.0,0.001,0.8630210627646394,0.41992777881139476,15,0.4026357288756865,True,False,False
2014_004088,400.0,0.00125,0.8955543049340543,0.43485676546760116,15,0.40940862364844477,True,False,False
2014_004089,400.0,0.00125,0.9127871605600831,0.43636004482409585,15,0.416211177537986,True,False,False
2014_004090,400.0,0.0005,0.901397192248247,0.5775269484883103,15,0.5491838207617783,True,False,False
2014_004091,400.0,0.001,0.9742042516798296,0.40866313885654937,15,0.38914050027577196,True,False,False
2014_004092,450.0,0.002,0.8784409945503232,0.5031840177181416,17,0.5303214899550602,True,False,False
2014_004093,400.0,0.0003125,0.8310006176366492,0.589265597308175,15,0.5747010294935545,True,False,False
2014_004094,400.0,0.0003125,0.9446682739319331,0.7754290162327072,15,0.7403562844776905,True,True,True
2014_004095,100.0,0.00025,0.8628792525307736,0.6121701600534822,4,0.20723163621498777,True,False,False
2014_004096,400.0,0.0005,0.8907418447342758,0.5498412369784911,15,0.5134702785908103,True,False,False
2014_004097,250.0,0.00025,0.8131356675746707,0.603011565237995,9,0.48422713298619224,True,False,False
2014_004098,400.0,0.0003125,0.8872260001566398,0.5809004458285733,15,0.5672808389547962,True,False,False
2014_004099,220.0,0.00025,0.937651662182825,0.7978942688011537,8,0.40298614431812285,True,True,False
2014_004100,400.0,0.0003125,0.9119634797959453,0.6201015366231435,15,0.5901928784412424,True,True,False
2014_004101,100.0,0.00025,0.768402573188621,0.41528435079250153,4,0.11442408769713398,False,False,False
2014_004102,400.0,0.000625,0.88408267078116,0.5631592131130638,15,0.5474233580332916,True,False,False
2014_004103,320.0,0.00025,0.8313577662769067,0.5628383741714862,12,0.4408076317947054,True,False,False
2014_004104,140.0,0.00025,0.8459628572023407,0.6026004683992437,5,0.17246900333140452,True,False,False
2014_004105,400.0,0.0005,0.8850900893606882,0.44975316014171607,15,0.4207448089936356,True,False,False
2014_004106,400.0,0.0003125,0.8205604432972213,0.4568739918791851,15,0.43452679746640094,True,False,False
2014_004107,400.0,0.0003125,0.8892391849972126,0.4268450862196308,15,0.40168804160934496,True,False,False
2014_004108,100.0,0.00025,0.7789826989036206,0.505094221809216,4,0.09933135627919028,False,False,False
2014_004109,400.0,0.0005,0.8663333003971182,0.4321457652233885,15,0.40907134413795404,True,False,False
2014_004110,400.0,0.00025,0.837267861645425,0.4836268869890164,15,0.45710230098567406,True,False,False
2014_004111,400.0,0.0004,0.9532719375846607,0.5419310100854215,15,0.4953103483715245,True,False,False
2014_004112,140.0,0.00025,0.8606882369133898,0.7130857592948698,5,0.34191273544299156,True,True,False
2014_004113,400.0,0.0005,0.9528926478767212,0.6328576005493628,15,0.6132404080433542,True,True,False
2014_004114,400.0,0.0004,0.9323823359222961,0.48238525226441986,15,0.45605658992528547,True,False,False
2014_004115,220.0,0.00025,0.8634308790565658,0.6353267839834821,8,0.373801160324132,True,True,False
2014_004116,125.0,0.00025,0.673565647109054,0.5878675706390937,5,0.2998067448301433,False,False,False
2014_004117,180.0,0.00025,0.8600987722943202,0.6908555490307334,7,0.3259409705917052,True,True,False
2014_004118,400.0,0.0003125,0.9438966825079947,0.6957076648741214,15,0.6792520185548756,True,True,True
2014_004119,280.0,0.00025,0.9581148417525018,0.5153545412816902,10,0.3109844728327447,True,False,False
2014_004120,400.0,0.0004,0.8797334380682943,0.3836090336877997,15,0.36377472653302934,True,False,False
2014_004121,400.0,0.00025,0.9176083367398633,0.39958298786107704,15,0.37831500526593903,True,False,False
2014_004122,280.0,0.00025,0.9856261510463638,0.5620609583248928,10,0.29780632414985736,True,False,False
2014_004123,180.0,0.00025,0.8344895294230005,0.6572862618640598,7,0.2976994604519223,True,True,False
2014_004124,400.0,0.0003125,0.9119191563526193,0.41590483769110304,15,0.38728304645229045,True,False,False
2014_004125,400.0,0.0003125,0.9016934942603413,0.43983280519726864,15,0.4193543416816174,True,False,False
2014_004126,280.0,0.00025,0.9515770718999779,0.7575636943990699,10,0.6128157208850743,True,True,False
2014_004127,360.0,0.00025,0.9383430748523406,0.5006696846814545,13,0.41706765682402575,True,False,False
2014_004128,125.0,0.00025,0.9108262302915582,0.4150348507014588,5,0.08842663259806262,True,False,False
2014_004129,400.0,0.0005,0.9104767236242879,0.5154209231767739,15,0.4885216739572466,True,False,False
2014_004130,400.0,0.0008,0.7365366611468214,0.39834903641742986,15,0.38839125645932604,False,False,False
2014_004131,400.0,0.00025,0.9479004980418374,0.43535576564968664,15,0.402417374988062,True,False,False
2014_004132,400.0,0.0004,0.9114655536208742,0.45789066344222223,15,0.43617667878036426,True,False,False
2014_004133,400.0,0.000625,0.9652460004804942,0.5376869474440451,15,0.504751076568108,True,False,False
2014_004134,400.0,0.0005,0.8943762431631191,0.5068688531687007,15,0.48928285577473746,True,False,False
2014_004135,400.0,0.000625,0.9106462515007183,0.496351598172007,15,0.47525574585491126,True,False,False
2014_004136,400.0,0.001,0.8799220502232117,0.5874138852914244,15,0.5713895767123555,True,False,False
2014_004137,400.0,0.001,0.8481273118000986,0.4911758757535811,15,0.47692140681039413,True,False,False
2014_004138,400.0,0.000625,0.9373216941816248,0.4108628704539348,15,0.3888091691118226,True,False,False
2014_004139,400.0,0.0008,0.8720207458499543,0.4161906061728636,15,0.3921526355636438,True,False,False
2014_004140,400.0,0.0008,0.9134406112124349,0.5402942647034039,15,0.5135293076686414,True,False,False
2014_004141,400.0,0.001,0.900134531770945,0.46724654508466645,15,0.4457186114840761,True,False,False
2014_004142,400.0,0.001,0.8649805472544911,0.49692160674093067,15,0.47877212743605446,True,False,False
2014_004143,400.0,0.0005,0.9553089984273233,0.5418169174941202,15,0.50864199744155,True,False,False
2014_004144,400.0,0.0015625,0.7870836446576743,0.464966139037313,15,0.45302103302290675,False,False,False
2014_004145,400.0,0.00125,0.7697475604343748,0.3642057751174716,15,0.34709560413885954,False,False,False
2014_004146,450.0,0.002,0.7482790689912364,0.41390714333631523,17,0.4330994008362714,False,False,False
2014_004147,400.0,0.0005,0.966290017914437,0.5521157359872653,15,0.5307814541129677,True,False,False
2014_004148,400.0,0.001,0.8237757724506295,0.409437084834327,15,0.3925243659145203,True,False,False
2014_004149,400.0,0.0005,0.876934410556861,0.5577829405386756,15,0.5176480006450651,True,False,False
2014_004150,400.0,0.0003125,0.8037076622304119,0.5026488317612624,15,0.47712282443356047,True,False,False
2014_004151,400.0,0.00125,0.8423138357549163,0.392323402678937,15,0.369862363522624,True,False,False
2014_004152,100.0,0.00025,0.806363929424851,0.5195695231177532,4,0.16753712181321465,True,False,False
2014_004153,400.0,0.000625,0.9117622687125895,0.5175571231284601,15,0.49021558955880123,True,False,False
2014_004154,400.0,0.0004,0.93375318195232,0.6780850273177815,15,0.6412425385428071,True,True,True
2014_004155,400.0,0.001,0.9175624849019398,0.5994382612850874,15,0.5751201813849138,True,False,False
2014_004156,400.0,0.0005,0.9353175970927126,0.5845813570227336,15,0.5581024576254663,True,False,False
2014_004157,220.0,0.00025,0.702829570618605,0.5301862063792051,8,0.3362173175534715,False,False,False
2014_004158,400.0,0.0005,0.8792678560275422,0.2716109626043976,15,0.25371263570904784,True,False,False
2014_004159,100.0,0.00025,0.898083550145057,0.6583941000994366,4,0.3822144355795722,True,True,False
2014_004160,400.0,0.0008,0.9128618453555476,0.4435339986008167,15,0.42210788912678604,True,False,False
2014_004161,400.0,0.0008,0.867244760580704,0.5428845217744183,15,0.5196180599732126,True,False,False
2014_004162,400.0,0.000625,0.8447209746299715,0.41783218458644616,15,0.394404539117153,True,False,False
2014_004163,180.0,0.00025,0.8071280441076505,0.6958971031882807,7,0.3466225866649306,True,True,False
2014_004164,400.0,0.001,0.8683688741531455,0.4182074261141005,15,0.39258719532486397,True,False,False
2014_004165,400.0,0.0004,0.945047274484138,0.5577907064355492,15,0.5281999543299171,True,False,False
2014_004166,400.0,0.0004,0.703837774049413,0.504081557118502,15,0.4775851431453072,False,False,False
2014_004167,400.0,0.001,0.8947480148219578,0.4285188848436461,15,0.40897555097386,True,False,False
2014_004168,180.0,0.00025,0.8889187591352559,0.6317184921866816,7,0.38380152879115387,True,True,False
2014_004169,400.0,0.0005,0.8422560459159478,0.36195787843628546,15,0.3420519432752455,True,False,False
2014_004170,200.0,0.00025,0.7543068920517202,0.5707614478407668,7,0.25994472664208235,False,False,False
2014_004171,400.0,0.000625,0.7646541647844005,0.27281624632235213,15,0.2474964896493813,False,False,False
2014_004172,400.0,0.0004,0.7846594042863124,0.45472287975318326,15,0.43418133897941574,False,False,False
2014_004173,250.0,0.00025,0.8780396050826639,0.668287439636675,9,0.5137033381129399,True,True,False
2014_004174,140.0,0.00025,0.6618192323923159,0.5071001364484604,5,0.14957237171481907,False,False,False
2014_004175,400.0,0.0003125,0.8309774851778771,0.5035219168480637,15,0.467118201246443,True,False,False
2014_004176,100.0,0.00025,0.6796174287875518,0.4701901917713879,4,0.24582380634034257,False,False,False
2014_004177,140.0,0.00025,0.8161086429144783,0.6087926558408963,5,0.34517680799166967,True,False,False
2014_004178,180.0,0.00025,0.7985995609459325,0.6159774736116477,7,0.39438194366188806,False,False,False
2014_004179,180.0,0.00025,0.8216275105740122,0.614558875577444,7,0.38261983191955456,True,False,False
2014_004180,125.0,0.00025,0.7307040595151899,0.5277875356363789,5,0.22198361825362495,False,False,False
2014_004181,320.0,0.00025,0.7000060061776884,0.5200967366379483,12,0.42757962440157155,False,False,False
2014_004182,320.0,0.00025,0.9199929214676157,0.6963080761031456,12,0.5188433704521173,True,True,False
2014_004183,160.0,0.00025,0.9425597503148493,0.7878901413095813,6,0.5521912056340095,True,True,False
2014_004184,100.0,0.00025,0.9274065440404011,0.7808009927790378,4,0.47214591723668903,True,True,False
2014_004185,400.0,0.0004,0.7911257526723773,0.38796045572265636,15,0.36926583524203654,False,False,False
2014_004186,400.0,0.00025,0.7384533505879445,0.537293199949373,15,0.49592315198917664,False,False,False
2014_004187,160.0,0.00025,0.8961998244576843,0.7616256715435398,6,0.49345177923306643,True,True,False
2014_004188,400.0,0.000625,0.8634676018348666,0.41452081442117134,15,0.38978659811087124,True,False,False
2014_004189,110.0,0.00025,0.8634946998579998,0.6554338476119537,4,0.12931341870973093,True,True,False
2014_004190,220.0,0.00025,0.9458414613633412,0.7851068108237436,8,0.5468240621192438,True,True,False
2014_004191,400.0,0.00025,0.9079615231203968,0.6313815431398876,15,0.6047277871390799,True,True,False
2014_004192,280.0,0.00025,0.8813379632398793,0.5288755047419889,10,0.3704082482416853,True,False,False
2014_004193,400.0,0.0005,0.8772267056966323,0.40543839148778393,15,0.38427685951095997,True,False,False
2014_004194,320.0,0.00025,0.7642892502472695,0.5383024360792333,12,0.37016114401244393,False,False,False
2014_004195,360.0,0.00025,0.7855438903706514,0.5516349939244249,13,0.40072428554574924,False,False,False
2014_004196,200.0,0.00025,0.7514915478952602,0.5800735843513543,7,0.26820619513683014,False,False,False
2014_004197,220.0,0.00025,0.8325920894922128,0.6392657047088763,8,0.2034978508293482,True,True,False
2014_004198,280.0,0.00025,0.881940357251084,0.6417219587508605,10,0.3104648599775747,True,True,False
2014_004199,180.0,0.00025,0.745064111609487,0.5647275525098553,7,0.26206531218409734,False,False,False
2014_004200,200.0,0.00025,0.8185881120311588,0.6101555294342362,7,0.24006560034844093,True,False,False
2014_004201,360.0,0.00025,0.8928304579136307,0.38474277201540885,13,0.3059011976334834,True,False,False
2014_004202,280.0,0.00025,0.8494378482054664,0.4517329681489175,10,0.28419093068821377,True,False,False
2014_004203,400.0,0.0005,0.9504477122163506,0.5601867747767635,15,0.5299406718525234,True,False,False
2014_004204,140.0,0.00025,0.8836063073623016,0.6635720118398534,5,0.213986314176463,True,True,False
2014_004205,110.0,0.00025,0.8792050679251605,0.6083051392722727,4,0.1189656502815055,True,False,False
2014_004206,110.0,0.00025,0.8603115082991001,0.6216822684085629,4,0.16083622681838475,True,True,False
2014_004207,400.0,0.0004,0.9091839496426201,0.4227645618001812,15,0.39637013718539443,True,False,False
2014_004208,400.0,0.0004,0.9324253788187972,0.7029640280352182,15,0.6675210117079983,True,True,True
2014_004209,400.0,0.0008,0.8474949695163763,0.37765292124950967,15,0.35535029812782404,True,False,False
2014_004210,125.0,0.00025,0.9378525428024842,0.6941286267151479,5,0.3274031898338792,True,True,False
2014_004211,160.0,0.00025,0.9630609745176139,0.7766616045136053,6,0.33991260391844025,True,True,False
2014_004212,400.0,0.00025,0.9351337353534359,0.6524826002602071,15,0.6279728514159213,True,True,True
2014_004213,250.0,0.00025,0.93993624033435,0.7085470056519206,9,0.537122102370383,True,True,False
2014_004214,180.0,0.00025,0.9304323935716879,0.7704725977850341,7,0.3829247259877642,True,True,False
2014_004215,400.0,0.0003125,0.7820993846435503,0.5807032829255026,15,0.5509617154502684,False,False,False
2014_004216,400.0,0.0004,0.8196199436162841,0.29904568693653877,15,0.27751465523879143,True,False,False
2014_004217,280.0,0.00025,0.9539166309490488,0.6919468227733109,10,0.3949005238180057,True,True,False
2014_004218,400.0,0.00025,0.8817003579913227,0.6269590301022686,15,0.601608746845311,True,True,False
2014_004219,400.0,0.0005,0.9422291213862556,0.607683660982581,15,0.5838408704942514,True,False,False
2014_004220,400.0,0.00025,0.9541272602477618,0.6961158288475641,15,0.6623628038655,True,True,True
2014_004221,400.0,0.0005,0.9443420649552833,0.6413064006522031,15,0.6167107725547256,True,True,False
2014_004222,400.0,0.001,0.747241412983456,0.363518741091938,15,0.35064267753583794,False,False,False
2014_004223,400.0,0.0008,0.8139070524587986,0.456302000528081,15,0.44203133886375345,True,False,False
2014_004224,400.0,0.0003125,0.9065090938652389,0.666745454719699,15,0.6444135442528893,True,True,True
2014_004225,400.0,0.0004,0.8374492862149382,0.3830279958929972,15,0.3588602356668807,True,False,False
2014_004226,400.0,0.000625,0.8121097843360868,0.3777098436212741,15,0.3476874646197305,True,False,False
2014_004227,400.0,0.0008,0.8547783067767198,0.3210899287553316,15,0.29306623549966604,True,False,False
2014_004228,400.0,0.00125,0.8139341504819317,0.29676478519364013,15,0.2757195351301085,True,False,False
2014_004229,400.0,0.00025,0.9056134133231727,0.5375974743981513,15,0.5106235816911215,True,False,False
2014_004230,400.0,0.0015625,0.72439687070707,0.37940867487031776,15,0.36380265071540435,False,False,False
2014_004231,400.0,0.001,0.9307232842407481,0.5106017297791743,15,0.4915160881293805,True,False,False
2014_004232,250.0,0.00025,0.8467529959012587,0.6797482097955388,9,0.3943130832890787,True,True,False
2014_004233,400.0,0.0003125,0.9897033295208838,0.6126100898497745,15,0.5656184413283186,True,False,False
2014_004234,400.0,0.001,0.8687685286863969,0.3867735540478333,15,0.36856079094503036,True,False,False
2014_004235,360.0,0.00025,0.9035985348561542,0.5836814630685339,13,0.49690413347296525,True,False,False
2014_004236,400.0,0.0005,0.9068994954149815,0.6117495210754875,15,0.5803160620888412,True,False,False
2014_004237,400.0,0.0008,0.8055403312766375,0.3053677879189743,15,0.28596188563907216,True,False,False
2014_004238,400.0,0.000625,0.8574064019410116,0.42247119265339544,15,0.4066227320689572,True,False,False
2014_004239,400.0,0.0005,0.8128620436337656,0.42564124828034955,15,0.4066251279307586,True,False,False
2014_004240,220.0,0.00025,0.7830771027983335,0.5629098369459073,8,0.3449974901282232,False,False,False
2014_004241,400.0,0.00125,0.897892872592035,0.3896889873964451,15,0.3701734950931098,True,False,False
2014_004242,400.0,0.001,0.909785145722924,0.4547789759657058,15,0.43301294327161044,True,False,False
2014_004243,400.0,0.00025,0.9061220382604259,0.4832591222025009,15,0.4451491399186597,True,False,False
2014_004244,400.0,0.0008,0.9324092274056187,0.5393619026909989,15,0.5194964080248482,True,False,False
2014_004245,400.0,0.0005,0.9352786023764966,0.4079331032424767,15,0.380532251439252,True,False,False
2014_004246,400.0,0.0004,0.9335725009261245,0.3889774577493902,15,0.3662031803165247,True,False,False
2014_004247,400.0,0.00125,0.6870867758012009,0.4896331886012496,15,0.484388853657787,False,False,False
2014_004248,400.0,0.001,0.7860654860080019,0.5254607407475949,15,0.5177176458691543,False,False,False
2014_004249,400.0,0.000625,0.891447343418865,0.4447517573233234,15,0.42462275916698033,True,False,False
2014_004250,400.0,0.0008,0.7486011058637148,0.32618976844739234,15,0.31159781345390414,False,False,False
2014_004251,280.0,0.00025,0.8655333717111839,0.6428277315881326,10,0.47427038572714075,True,True,False
2014_004252,400.0,0.0005,0.9136002251779629,0.45211919759448865,15,0.4268819329218179,True,False,False
2014_004253,320.0,0.00025,0.8979578913243697,0.4608767334060133,12,0.36350849671733887,True,False,False
2014_004254,400.0,0.000625,0.9100800845722693,0.3539229841136187,15,0.33662841439222274,True,False,False
2014_004255,400.0,0.000625,0.9255687941148382,0.5529145906661851,15,0.5387669028050089,True,False,False
2014_004256,400.0,0.0004,0.9060183552755721,0.4101953750944713,15,0.36296000959666574,True,False,False
2014_004257,400.0,0.0005,0.9067471103428197,0.4553959929954915,15,0.43097654335634134,True,False,False
2014_004258,400.0,0.000625,0.923897680508359,0.5154056392307995,15,0.48980407964042905,True,False,False
2014_004259,400.0,0.0003125,0.8888458092741993,0.5507741359944033,15,0.5229027865029373,True,False,False
