dataset,stem,label,w,h,mean8,dark16,dark24,dark32,dark48,dark50,dark64,p10,p25,p50,p75,p90,logmean,entropy,s4_dark16,s4_dark24,s4_dark32,s4_dark48,s4_dark50,s4_dark64,s4_p10,s4_p25,s4_p50,s4_p75,s4_p90,s4_logmean,s4_entropy,s8_dark16,s8_dark24,s8_dark32,s8_dark48,s8_dark50,s8_dark64,s8_p10,s8_p25,s8_p50,s8_p75,s8_p90,s8_logmean,s8_entropy,s16_dark16,s16_dark24,s16_dark32,s16_dark48,s16_dark50,s16_dark64,s16_p10,s16_p25,s16_p50,s16_p75,s16_p90,s16_logmean,s16_entropy,ph16_dark16_std,ph16_dark32_std,ph16_dark50_std,ph16_p50_std,ph16_p90_std,ph16_logmean_std,y50_ratio
coco,000000000632,0,640,482,22.93622925311203,0.5949786047717842,0.711144968879668,0.7914743257261411,0.883107494813278,0.8913284491701244,0.928698781120332,0.0,2.0,11.0,27.0,52.0,3.326697108097296,5.680411230019713,0.5950671487603306,0.7111053719008265,0.7926652892561984,0.8845428719008265,0.892032541322314,0.9284478305785124,0.0,2.0,11.0,27.0,52.0,3.321083460550082,5.672390427464737,0.5934170081967213,0.7109118852459017,0.7944415983606558,0.8879098360655737,0.8948258196721312,0.9301229508196721,0.0,2.0,11.0,27.0,51.0,3.330046110524509,5.671988884612915,0.5969262295081967,0.711577868852459,0.7964139344262295,0.890061475409836,0.8968237704918033,0.9332991803278688,0.0,2.0,11.0,27.0,51.0,3.3172913420476395,5.648930924938296,0.0033498708465323802,0.0022549381930873696,0.0028728306267521613,0.0,0.7905694150420949,0.013788458821191004,0.9077314574688796
coco,000000001532,0,640,480,77.59687174479167,0.25313151041666665,0.32400065104166664,0.37484049479166665,0.45150390625,0.4589029947916667,0.5653092447916667,7.0,15.0,57.0,152.0,183.0,5.514854243918824,6.874695015398392,0.2522786458333333,0.3225911458333333,0.37307291666666664,0.44962239583333335,0.4571223958333333,0.5643619791666666,7.0,15.0,57.0,152.0,183.0,5.520973590402256,6.868364729360733,0.25223958333333335,0.32208333333333333,0.3725,0.44890625,0.456171875,0.563828125,7.0,15.0,57.0,152.0,183.0,5.523194236197967,6.862176169383846,0.25114583333333335,0.323125,0.3720833333333333,0.4490104166666667,0.4566145833333333,0.56265625,7.0,15.0,57.0,152.0,183.0,5.5239555288058835,6.856862397202857,0.003071971683354027,0.0036291222646619666,0.0025387933050406808,0.42847841252506524,0.0,0.0096482749601107,0.4717252604166667
coco,000000002153,0,640,480,27.0731640625,0.4006803385416667,0.513828125,0.7111848958333333,0.8932454427083333,0.900703125,0.9225944010416667,5.0,9.0,23.0,34.0,49.0,4.276726325542745,5.951592904107135,0.40141927083333334,0.515390625,0.7107942708333334,0.8945703125,0.9020182291666666,0.9248046875,5.0,8.0,22.0,34.0,49.0,4.270104807611933,5.951047980827564,0.4038802083333333,0.5190104166666667,0.7102864583333334,0.891015625,0.8984114583333334,0.9212239583333334,5.0,9.0,22.0,34.0,50.0,4.268420171131782,5.968290021767803,0.40401041666666665,0.5155729166666667,0.6983854166666666,0.8869270833333334,0.8953645833333334,0.9175,5.0,9.0,22.0,34.0,51.0,4.288041669927362,5.9876402314842405,0.007895682783880744,0.014810446695692696,0.004402274235685514,0.9270248108869579,1.346291201783626,0.03610092711796677,0.8896940104166666
coco,000000002431,0,456,640,57.1320586622807,0.24908854166666666,0.31916803728070176,0.39214295504385965,0.5329872532894737,0.5469366776315789,0.6301466557017544,1.0,16.0,44.0,84.0,136.0,4.9025082316386985,6.998253913262877,0.24965734649122806,0.31966831140350876,0.39198190789473686,0.5325794956140351,0.5469983552631579,0.6304824561403509,1.0,16.0,44.0,84.0,136.0,4.897322713616464,6.993536737227455,0.25476973684210524,0.3243969298245614,0.39629934210526313,0.5348135964912281,0.5491502192982456,0.6324561403508772,1.0,15.0,43.0,84.0,137.0,4.880291048630457,6.9854841185340915,0.25411184210526316,0.3229714912280702,0.3943530701754386,0.5334978070175439,0.5484649122807017,0.6328399122807018,1.0,15.0,44.0,84.0,137.0,4.882990677321149,6.978430515418663,0.003965453126546953,0.004012446252179593,0.002823589662015836,0.4841229182759271,0.49607837082461076,0.016938812490201984,0.5267098410087719
coco,000000002923,0,500,374,63.798770053475934,0.1296524064171123,0.17785026737967916,0.2661069518716577,0.483379679144385,0.5012352941176471,0.5810962566844919,7.0,30.0,49.0,101.0,122.0,5.503421611283251,6.961839111691984,0.13034042553191488,0.17793617021276595,0.26668085106382977,0.48438297872340424,0.5021063829787235,0.5817446808510638,7.0,30.0,49.0,100.0,122.0,5.499608591154649,6.961685523872836,0.13131914893617022,0.1777872340425532,0.26548936170212767,0.4808510638297872,0.4976595744680851,0.5783404255319149,7.0,31.0,50.0,101.0,122.0,5.499407537049145,6.957648454733208,0.13112124282337048,0.17688280986153326,0.2672239108409321,0.48362039851401556,0.5,0.5790273556231003,7.0,30.0,49.0,101.0,122.0,5.494259471422145,6.95373664905159,0.0014572262083619083,0.002752682094507367,0.003258254472270017,0.4841229182759271,0.3903123748998999,0.006953678220378318,0.45989839572192515
coco,000000003156,0,442,640,72.09909502262444,0.41889493778280545,0.45542986425339366,0.49082296380090495,0.549452064479638,0.5553733031674208,0.5899639423076923,0.0,2.0,34.0,129.0,226.0,4.35240361513541,6.405484313186779,0.4181587837837838,0.4546171171171171,0.48982263513513513,0.548803490990991,0.5548704954954955,0.5885557432432432,0.0,2.0,34.0,129.0,226.0,4.362217380466579,6.40621165939022,0.4156813063063063,0.45188626126126125,0.4856981981981982,0.5453547297297298,0.551295045045045,0.5842623873873873,0.0,2.0,35.0,131.0,228.0,4.381923584487292,6.410192199015787,0.4142299107142857,0.45078125,0.4842075892857143,0.546484375,0.551953125,0.5849888392857143,0.0,2.0,35.0,131.0,228.0,4.391715610031839,6.42147264675417,0.0030555873941449448,0.00392089857595442,0.003912326261089862,0.8267972847076845,2.6918569334197535,0.02085878375393612,0.5456447963800904
coco,000000003661,0,640,384,73.36765950520834,0.21304524739583333,0.25125732421875,0.30460205078125,0.47760416666666666,0.493359375,0.60023193359375,2.0,23.0,50.0,102.0,193.0,5.263123892242608,7.1542513765126525,0.21341145833333333,0.2517903645833333,0.3048014322916667,0.47779947916666665,0.49322916666666666,0.599951171875,2.0,23.0,50.0,102.0,193.0,5.261352003837061,7.146162418175555,0.21474609375,0.25244140625,0.30634765625,0.47955729166666666,0.4947591145833333,0.5995442708333333,2.0,23.0,50.0,102.0,193.0,5.25944512878944,7.1417885491169155,0.21588541666666666,0.2537760416666667,0.3083984375,0.48053385416666666,0.4944661458333333,0.600390625,2.0,23.0,50.0,101.0,193.0,5.2531046074082814,7.136396740550168,0.0014714972952485405,0.0020181922499038795,0.00186770680830482,0.0,0.7071067811865476,0.006850988925939083,0.5138712565104167
coco,000000003845,0,500,374,47.79563101604278,0.3920534759358289,0.4737219251336898,0.5467379679144385,0.6548395721925133,0.6638128342245989,0.7220427807486631,1.0,6.0,26.0,71.0,126.0,4.330778125415219,6.685383007661502,0.39393617021276595,0.4766170212765957,0.5488297872340425,0.656595744680851,0.6656170212765957,0.7229148936170213,1.0,5.0,26.0,70.0,126.0,4.325383551226479,6.679316287463164,0.393531914893617,0.476,0.5483404255319149,0.6575744680851063,0.6666808510638298,0.7256170212765958,1.0,5.0,26.0,70.0,125.0,4.323842353302306,6.670973905169664,0.3937014522120905,0.4771192164809186,0.5491388044579534,0.6589834515366431,0.666919959473151,0.7286389733198244,1.0,5.0,26.0,69.0,124.0,4.322896373259971,6.65924049587465,0.003539832321468984,0.0038009349641597344,0.004502398976757,0.4330127018922193,1.4017288432503627,0.013552822658671415,0.6669197860962567
coco,000000004395,0,424,640,75.178125,0.47048938679245284,0.5072449882075472,0.5466612617924528,0.5961858785377359,0.6006338443396226,0.6293079304245283,0.0,0.0,22.0,150.0,255.0,3.916170754409436,5.486779483045028,0.47032724056603775,0.506751179245283,0.547155070754717,0.5963885613207547,0.6008991745283019,0.6292305424528302,0.0,0.0,22.0,150.0,255.0,3.9163604565815673,5.485522152077952,0.4715507075471698,0.507311320754717,0.5477594339622641,0.5974056603773585,0.6018867924528302,0.6303950471698113,0.0,0.0,22.0,150.0,255.0,3.9060226012366352,5.470733372031056,0.4702240566037736,0.5066037735849057,0.5465801886792453,0.596933962264151,0.6012971698113208,0.6294811320754717,0.0,0.0,22.0,150.0,255.0,3.918419105907948,5.48281887797468,0.0027532915226675743,0.002507705627969198,0.0026920406438378616,0.5,0.0,0.0201845070491362,0.5876842570754717
coco,000000004495,0,500,374,50.79861497326203,0.30018716577540105,0.3785828877005348,0.43935828877005345,0.5707754010695187,0.583903743315508,0.6519090909090909,4.0,13.0,39.0,79.0,119.0,4.929800278221742,6.861524185126133,0.3002127659574468,0.37857446808510636,0.43838297872340426,0.5687446808510638,0.5818936170212766,0.6512127659574468,4.0,12.0,39.0,79.0,119.0,4.932336397520051,6.862909762452473,0.3018723404255319,0.38046808510638297,0.43842553191489364,0.5691063829787234,0.5823404255319149,0.6501702127659574,4.0,12.0,39.0,79.0,121.0,4.927200793071219,6.853298780692296,0.29922323539344814,0.37723741979061126,0.434903748733536,0.565096251266464,0.5780141843971631,0.6480074299223235,4.0,12.0,40.0,79.0,121.0,4.939414808236003,6.857818162027951,0.0031586904315707535,0.0030178215766382276,0.003067273897843206,0.6123724356957945,0.7806247497997998,0.008625388620471686,0.49462032085561497
coco,000000005060,0,480,640,50.97807942708334,0.340205078125,0.4252799479166667,0.504521484375,0.6369010416666666,0.6483561197916666,0.7296451822916666,1.0,9.0,31.0,67.0,136.0,4.5649203752487955,6.7727002795170925,0.340625,0.425,0.5045703125,0.6365104166666666,0.6479427083333333,0.73125,1.0,9.0,31.0,66.0,134.0,4.5617320468182845,6.768942851456176,0.34109375,0.42546875,0.5052864583333333,0.638125,0.6495833333333333,0.7311979166666667,1.0,9.0,31.0,66.0,134.0,4.563305343337243,6.7691133129283125,0.34598958333333335,0.4313020833333333,0.5107291666666667,0.6447395833333334,0.65625,0.7396875,1.0,9.0,31.0,65.0,129.0,4.535203810373808,6.7440533738047375,0.005929913051483123,0.005512050143777397,0.0059168755221330515,0.6614378277661477,4.659918856589672,0.03163632682355603,0.688681640625
coco,000000005586,0,320,240,57.672877604166665,0.3200911458333333,0.3791015625,0.41888020833333334,0.4715494791666667,0.47986979166666666,0.6008984375,1.0,8.0,53.0,87.0,127.0,4.80528481574604,6.824675211110369,0.32609375,0.38536458333333334,0.42302083333333335,0.47671875,0.4845833333333333,0.6028645833333334,1.0,8.0,52.0,87.0,127.0,4.77667012086964,6.807861238707928,0.3278125,0.38708333333333333,0.425625,0.4813541666666667,0.488125,0.6069791666666666,1.0,7.0,52.0,85.0,126.0,4.7202888490526265,6.75628433903192,0.328125,0.3879166666666667,0.42645833333333333,0.4795833333333333,0.48625,0.6035416666666666,1.0,7.0,53.0,85.0,126.0,4.711840216895129,6.73472068508675,0.008220251219438311,0.007261049933525648,0.006825450785759093,0.8660254037844386,1.818954026356906,0.05721846144422588,0.3965755208333333
coco,000000007088,0,478,640,95.85474960774059,0.24035368723849374,0.294057269874477,0.341991370292887,0.4124803870292887,0.41978621861924686,0.46962931485355647,2.0,17.0,72.0,167.0,255.0,5.503518867814199,7.040363190379189,0.24049479166666668,0.293671875,0.33986979166666664,0.4106901041666667,0.41825520833333335,0.46796875,2.0,17.0,73.0,167.0,255.0,5.5118807563976135,7.036979692545363,0.23911458333333332,0.293046875,0.33953125,0.4098177083333333,0.41723958333333333,0.46817708333333335,3.0,17.0,72.0,169.0,255.0,5.517627289488584,7.032734921017749,0.23854166666666668,0.2946875,0.3416666666666667,0.4113541666666667,0.4190625,0.4715625,3.0,17.0,71.0,167.0,255.0,5.516993224182411,7.030019970316914,0.002414184597122439,0.002878423946231038,0.003390175509093235,1.3792547806696194,1.4563975247163805,0.015814596875908585,0.4056387290794979
coco,000000007281,0,640,360,93.35362847222223,0.08681423611111111,0.12587239583333334,0.16322916666666668,0.25158854166666667,0.2670138888888889,0.38148003472222225,18.0,47.0,82.0,145.0,171.0,6.094314576285695,7.237223888454875,0.08673611111111111,0.12550347222222222,0.16265625,0.2510763888888889,0.266875,0.38223958333333335,19.0,47.0,82.0,145.0,171.0,6.095663883366474,7.2343548553920725,0.08586805555555556,0.124375,0.1617361111111111,0.24913194444444445,0.26375,0.3785763888888889,19.0,48.0,83.0,146.0,171.0,6.1025846449305625,7.221183610948103,0.08611111111111111,0.12333333333333334,0.1620138888888889,0.24770833333333334,0.2620138888888889,0.3776388888888889,19.0,48.0,83.0,146.0,171.0,6.102265011036666,7.2143569520044295,0.0018598077616519765,0.00208029292030215,0.0027571936985002323,0.82915619758885,0.6614378277661477,0.009195804144468777,0.19278645833333333
coco,000000007977,0,428,640,91.34875511098132,0.2017267815420561,0.24162529205607478,0.2706483644859813,0.3095757885514019,0.3146101051401869,0.3704767815420561,5.0,26.0,88.0,126.0,208.0,5.758165591832917,7.3882702001245,0.20248247663551402,0.2421875,0.2725321261682243,0.3113901869158878,0.3165157710280374,0.3713931074766355,5.0,25.0,88.0,126.0,206.0,5.75624212858852,7.384601796680245,0.1998539719626168,0.2397196261682243,0.2705023364485981,0.3108352803738318,0.3157126168224299,0.3700058411214953,5.0,26.0,88.0,126.0,206.0,5.761484115887497,7.387822276182291,0.1988425925925926,0.24033564814814815,0.2711226851851852,0.31197916666666664,0.31666666666666665,0.37135416666666665,5.0,26.0,88.0,126.0,208.0,5.76497082055235,7.384279064405991,0.002671250402509385,0.0024533266016086934,0.0021475191929552994,0.46351240544347894,0.9682458365518543,0.007879334267436368,0.3113609813084112
coco,000000009483,0,640,480,45.516083984375,0.42742838541666667,0.4949609375,0.5503190104166666,0.6148307291666667,0.62111328125,0.6882389322916667,1.0,5.0,24.0,74.0,127.0,4.362358443432675,6.580845510818628,0.42638020833333334,0.49333333333333335,0.5480989583333333,0.6133723958333334,0.619609375,0.6870833333333334,1.0,5.0,24.0,74.0,127.0,4.368929998210384,6.584029826713534,0.421328125,0.4892708333333333,0.543828125,0.6091666666666666,0.6153645833333333,0.6833072916666667,1.0,5.0,25.0,75.0,127.0,4.3875010782526,6.596341799206564,0.4225,0.4906770833333333,0.5452083333333333,0.6102083333333334,0.61640625,0.6833333333333333,1.0,5.0,25.0,74.0,127.0,4.3801230172579055,6.586526257692607,0.0047780559567240245,0.005216200926183937,0.005055165612316467,0.6959705453537527,0.33071891388307384,0.02253426027127173,0.618076171875
coco,000000009772,0,550,640,50.4151875,0.39704829545454545,0.46593181818181817,0.525715909090909,0.6257244318181818,0.6365284090909091,0.71740625,0.0,5.0,28.0,71.0,139.0,4.288764251124099,6.6032593156738635,0.3957427536231884,0.46474184782608696,0.5250452898550725,0.6257359601449275,0.6363564311594203,0.7179913949275363,0.0,5.0,28.0,71.0,139.0,4.291514108799763,6.601129936249867,0.39562952898550724,0.4637001811594203,0.5259057971014492,0.6259510869565217,0.6364583333333333,0.7199501811594203,0.0,5.0,28.0,71.0,139.0,4.287238752794445,6.594101054969403,0.39619565217391306,0.4635416666666667,0.5262228260869565,0.6263134057971015,0.6375,0.7217391304347827,0.0,5.0,28.0,70.0,140.0,4.2883199732505215,6.590704713178999,0.0021508522529132225,0.0019803600347242886,0.0027357459485244044,0.33071891388307384,1.3635890143294642,0.009698124446592562,0.65665625
coco,000000011149,0,500,374,66.21344385026738,0.22165775401069518,0.29464705882352943,0.365524064171123,0.48171657754010694,0.49370588235294116,0.5815133689839572,6.0,19.0,50.0,95.0,154.0,5.310618458494084,7.248481429303921,0.22240425531914892,0.29506382978723406,0.3658723404255319,0.481531914893617,0.49419148936170215,0.5830212765957447,6.0,19.0,50.0,95.0,154.0,5.312794221160079,7.24736213412541,0.22225531914893618,0.2938723404255319,0.36425531914893616,0.48093617021276597,0.49361702127659574,0.5819148936170213,6.0,19.0,50.0,95.0,154.0,5.317336804570595,7.24513577660266,0.2186761229314421,0.2922998986828774,0.36322188449848025,0.48286052009456265,0.49569402228976694,0.58451536643026,6.0,19.0,50.0,94.0,152.0,5.320309017612088,7.229005009398267,0.0028332021163289807,0.002653152710877362,0.004787698541306865,0.8660254037844386,1.7275343701356567,0.010998002853099181,0.4384491978609626
coco,000000011197,0,640,426,39.193100792253524,0.44298342136150237,0.48556704812206575,0.5254474765258216,0.6307621772300469,0.6457159624413146,0.7430531103286385,0.0,2.0,27.0,65.0,99.0,3.8909111568178893,6.160823241702202,0.4432096962616822,0.4859375,0.5244596962616822,0.6302716121495328,0.6455899532710281,0.7420998831775701,0.0,2.0,27.0,65.0,99.0,3.893584788137804,6.163029179353311,0.44311342592592595,0.4847222222222222,0.522800925925926,0.6292824074074074,0.6449363425925926,0.73984375,0.0,2.0,27.0,65.0,99.0,3.898656775471525,6.166353459075227,0.4420138888888889,0.4837962962962963,0.5217592592592593,0.6290509259259259,0.6443865740740741,0.7407407407407407,0.0,2.0,27.0,65.0,99.0,3.898212248816127,6.161671494648775,0.0013615285464141631,0.002210089785143976,0.002451832224065436,0.4841229182759271,0.6959705453537527,0.00843487185939899,0.5889781396713615
coco,000000011699,0,480,640,36.231214192708336,0.5757291666666666,0.6308203125,0.6762434895833334,0.751103515625,0.7584309895833333,0.805048828125,0.0,2.0,9.0,47.0,111.0,3.478469477867946,5.946644988266229,0.5759505208333333,0.6314322916666667,0.6762109375,0.7509114583333333,0.7588151041666666,0.8054166666666667,0.0,2.0,9.0,47.0,110.0,3.474002613396689,5.9436122673879055,0.57484375,0.6304947916666667,0.675390625,0.74984375,0.7580208333333334,0.8047135416666666,0.0,2.0,9.0,48.0,111.0,3.4855884913494903,5.952478483441264,0.5768229166666666,0.6321354166666666,0.6769270833333333,0.7509895833333333,0.759375,0.8052604166666667,0.0,2.0,9.0,47.0,111.0,3.473247264662265,5.937476703400152,0.0021532852504467853,0.001736012095700739,0.0015164519999967868,0.0,0.9333240326917549,0.014533440891850269,0.7716959635416667
coco,000000012280,0,480,640,77.84029622395833,0.17055338541666668,0.23025065104166667,0.2957356770833333,0.43559895833333334,0.44924479166666664,0.5370703125,8.0,26.0,57.0,108.0,193.0,5.619071144105855,7.353697409076211,0.1696875,0.22845052083333334,0.294296875,0.43438802083333333,0.4484635416666667,0.5373697916666667,8.0,27.0,57.0,108.0,192.0,5.621866887026645,7.353624528358538,0.16934895833333333,0.22833333333333333,0.29408854166666665,0.43471354166666665,0.4491145833333333,0.5367708333333333,9.0,27.0,57.0,108.0,193.0,5.623710806260954,7.3493984274109545,0.16526041666666666,0.22197916666666667,0.2878125,0.43125,0.44598958333333333,0.5347916666666667,9.0,27.0,57.0,108.0,191.0,5.62973795633877,7.344349885198868,0.004021177181635592,0.004031703979269058,0.0035341429736443397,0.7473912964438374,5.326818938165629,0.00869847697753183,0.399140625
coco,000000012670,0,640,428,31.38238901869159,0.5530264310747663,0.631848714953271,0.6931658878504673,0.7760002920560748,0.7842143691588785,0.8359594042056074,1.0,3.0,12.0,42.0,89.0,3.664404939588922,6.081988318404883,0.5537967289719626,0.6316734813084112,0.6937646028037383,0.7763288551401869,0.7849883177570094,0.8366384345794392,1.0,3.0,12.0,42.0,89.0,3.6646729483233123,6.080267812889136,0.5519386574074074,0.6310763888888888,0.6930844907407407,0.7759837962962963,0.7850405092592593,0.836574074074074,1.0,3.0,12.0,42.0,89.0,3.6692535917538645,6.081761319244622,0.5493634259259259,0.6295138888888889,0.6920717592592592,0.7757523148148148,0.7844328703703703,0.835300925925926,1.0,3.0,12.0,42.0,89.0,3.6782129024848866,6.083903255018535,0.002485588177108689,0.0018036650052888612,0.0011103155537387404,0.4330127018922193,0.6959705453537527,0.007108484638784212,0.7843421436915888
coco,000000013177,0,640,426,51.163387617370894,0.38400088028169016,0.4740426936619718,0.5513460974178404,0.6585827464788733,0.668981073943662,0.7301533157276995,1.0,8.0,26.0,69.0,146.0,4.491407113527718,6.808773495885228,0.3844334112149533,0.4744158878504673,0.5523364485981308,0.6597254672897196,0.6700934579439253,0.7313084112149533,1.0,8.0,26.0,69.0,146.0,4.4869422741946146,6.801329510391166,0.38666087962962964,0.47664930555555557,0.5528935185185185,0.6600983796296296,0.6704282407407407,0.7324942129629629,1.0,7.0,26.0,69.0,146.0,4.481080365155919,6.79500181496928,0.38472222222222224,0.47673611111111114,0.5526620370370371,0.6620370370370371,0.6727430555555556,0.731712962962963,1.0,8.0,26.0,69.0,146.0,4.490606012787116,6.799253304176461,0.0032363954758711953,0.001947654799595757,0.0017463980317261648,0.0,2.0463381929681126,0.010158245498236953,0.6541043133802817
coco,000000013546,0,640,424,44.65882222877359,0.45034271816037735,0.5394678655660378,0.5923496462264151,0.6458210495283019,0.6520489386792453,0.7095039799528302,1.0,5.0,20.0,70.0,124.0,4.197021091659923,6.491361843117244,0.45126768867924527,0.5411556603773585,0.594251179245283,0.6483343160377358,0.6542158018867924,0.7116155660377359,1.0,5.0,20.0,70.0,124.0,4.190646426333455,6.486986681258771,0.45681014150943394,0.545813679245283,0.600501179245283,0.6545695754716981,0.6604068396226415,0.7180719339622641,1.0,5.0,19.0,69.0,124.0,4.160981972409621,6.465249089480032,0.45577830188679247,0.5454009433962265,0.5998820754716981,0.6551297169811321,0.6608490566037736,0.7201061320754717,1.0,5.0,19.0,69.0,124.0,4.1608282163727655,6.457213552480461,0.006413932424102374,0.006734212711788239,0.006796488013160472,0.46351240544347894,0.4841229182759271,0.03454433857098665,0.6428029186320755
coco,000000013923,0,640,426,127.86299882629108,0.19987896126760563,0.22488996478873238,0.24931778169014085,0.28735328638497654,0.2910321302816901,0.3176899941314554,3.0,32.0,133.0,226.0,255.0,6.008288208582357,6.632861982068675,0.2005695093457944,0.22555490654205607,0.2495911214953271,0.2876314252336449,0.2915595794392523,0.3185163551401869,3.0,32.0,132.0,224.0,255.0,5.997999978301286,6.6373765764859805,0.2009548611111111,0.2261863425925926,0.2504340277777778,0.28833912037037035,0.29270833333333335,0.3193576388888889,3.0,31.0,132.0,223.0,255.0,5.992620830783781,6.645684056793786,0.20324074074074075,0.22824074074074074,0.25266203703703705,0.2899305555555556,0.2949074074074074,0.321412037037037,2.0,31.0,131.0,222.0,255.0,5.9758071395951475,6.639277885308365,0.0031032833818519846,0.0033265876937853944,0.002963729602912733,1.0288798520721456,0.0,0.020018479912397077,0.2709176936619718
coco,000000014380,0,640,426,76.0885379988263,0.2759719776995305,0.333149941314554,0.37925102699530516,0.4626430457746479,0.47055457746478874,0.5260673415492958,3.0,13.0,57.0,125.0,179.0,5.26129019493506,7.280496782514101,0.27786214953271027,0.3365216121495327,0.38235981308411215,0.4646320093457944,0.47232768691588783,0.5270297897196262,3.0,13.0,56.0,125.0,179.0,5.254121440332353,7.273221549916023,0.2765914351851852,0.334375,0.37997685185185187,0.4635416666666667,0.4708043981481482,0.5240451388888889,3.0,13.0,57.0,126.0,179.0,5.2661943501740875,7.273082133247765,0.2736689814814815,0.3280092592592593,0.37517361111111114,0.4601851851851852,0.4681134259259259,0.5232060185185186,3.0,13.0,57.0,126.0,179.0,5.2751785146471155,7.272942718113232,0.003444584503211704,0.004501364443640704,0.0030691247885101377,0.7261843774138906,0.9921567416492215,0.014944396518044932,0.4405699823943662
coco,000000014439,0,640,404,53.45601794554455,0.32202970297029704,0.39345219678217824,0.4619159962871287,0.5489982982673267,0.5579788056930693,0.6188698948019802,0.0,6.0,39.0,91.0,126.0,4.4945805250037,6.598282630339234,0.3213490099009901,0.39350247524752474,0.462082301980198,0.5505569306930693,0.5594832920792079,0.6209777227722773,0.0,6.0,38.0,91.0,126.0,4.495150716090674,6.600806621068548,0.3248468137254902,0.39767156862745096,0.46590073529411763,0.5569546568627451,0.5659926470588236,0.6257046568627451,0.0,6.0,37.0,89.0,124.0,4.483247506473367,6.599085147758347,0.3272671568627451,0.40042892156862747,0.4676470588235294,0.5573529411764706,0.5661764705882353,0.6254901960784314,0.0,6.0,37.0,89.0,124.0,4.4734158472107515,6.587540707151783,0.0036057707671323146,0.004115731052310142,0.004891809473576447,1.0532687216470449,0.8660254037844386,0.0170504555482676,0.45221998762376237
coco,000000015440,0,404,640,75.38194616336634,0.18885751856435642,0.27464805074257426,0.3607093131188119,0.47696086014851485,0.489217202970297,0.5685643564356435,5.0,21.0,51.0,114.0,191.0,5.4290693889253605,7.2962664680285805,0.18926361386138613,0.27564975247524753,0.3609839108910891,0.4771813118811881,0.4889696782178218,0.5702506188118812,5.0,21.0,51.0,113.0,191.0,5.423849360022764,7.28986447607253,0.18703589108910892,0.27518564356435643,0.35894183168316834,0.4738242574257426,0.48558168316831685,0.565625,5.0,22.0,52.0,114.0,191.0,5.437219613211053,7.294963994243167,0.18670343137254902,0.2745710784313726,0.35888480392156863,0.47095588235294117,0.48308823529411765,0.562561274509804,6.0,22.0,52.0,115.0,189.0,5.441160644523225,7.301004622686801,0.002280401372058854,0.0020618897074742098,0.003282941789466091,0.6123724356957945,1.8540496217739157,0.012527909009262147,0.45160117574257425
coco,000000017182,0,640,428,37.29964223130841,0.4909280081775701,0.6227402161214953,0.7146612149532711,0.8031761098130841,0.8083820093457944,0.8402562792056075,2.0,6.0,16.0,37.0,114.0,4.041195002993252,6.281307181906965,0.4920414719626168,0.6234959112149533,0.7151139018691589,0.8028183411214953,0.8081629672897196,0.8408294392523364,2.0,6.0,16.0,37.0,114.0,4.038484760291549,6.277569279792739,0.4917824074074074,0.6227719907407407,0.7138599537037037,0.8033854166666666,0.8082754629629629,0.8407986111111111,2.0,6.0,16.0,37.0,115.0,4.0404142331447845,6.276765103207307,0.4908564814814815,0.6240162037037037,0.7162615740740741,0.8054976851851852,0.8101851851851852,0.8413194444444444,2.0,6.0,16.0,36.0,115.0,4.035859372791702,6.267639244299329,0.002693754410293973,0.003824649389455986,0.0036666754576833013,0.0,1.589762167747113,0.013748635329877627,0.8239778037383177
coco,000000017899,0,480,640,71.18938151041667,0.2899251302083333,0.3497135416666667,0.41646158854166665,0.5078483072916666,0.5171647135416667,0.5876627604166667,1.0,12.0,46.0,110.0,193.0,4.969824107847281,7.081639885235635,0.2896223958333333,0.3493880208333333,0.4153645833333333,0.5062630208333333,0.5161067708333333,0.5870963541666666,1.0,12.0,46.0,110.0,193.0,4.975002986450357,7.085995542802055,0.2896875,0.3483072916666667,0.41354166666666664,0.5046354166666667,0.5145833333333333,0.58625,1.0,12.0,47.0,111.0,193.0,4.979982257049383,7.084492780684996,0.289375,0.3485416666666667,0.41390625,0.50453125,0.5149479166666666,0.5843229166666667,1.0,12.0,47.0,111.0,192.0,4.981038841547206,7.078934167274626,0.0011450886473935275,0.0024984715345761858,0.002988612780606327,0.6123724356957945,1.8864235340983213,0.00823536388866019,0.5008463541666667
coco,000000018491,0,640,426,32.79207746478873,0.39794600938967134,0.5145099765258216,0.6449420481220657,0.782537411971831,0.7942855046948357,0.8602662852112676,5.0,8.0,22.0,43.0,76.0,4.38346588505544,6.376314670084619,0.39877336448598133,0.516866238317757,0.6455461448598131,0.7842289719626169,0.7953709112149533,0.8598714953271028,5.0,8.0,22.0,43.0,76.0,4.384011661721704,6.3721616623874775,0.4013599537037037,0.5209780092592593,0.6503761574074074,0.7862268518518518,0.7969907407407407,0.8616608796296297,5.0,8.0,22.0,42.0,76.0,4.367884426552273,6.354232072382031,0.402662037037037,0.5199074074074074,0.65,0.7850694444444445,0.7961805555555556,0.860011574074074,5.0,8.0,22.0,42.0,76.0,4.372389033666431,6.358191280726319,0.002988139773156893,0.003971300999016639,0.00233388063672549,0.4330127018922193,0.5,0.0124228092056074,0.8153352406103287
coco,000000018575,0,640,480,52.969524739583335,0.2786360677083333,0.34574544270833335,0.413046875,0.5350651041666666,0.5483626302083333,0.6456770833333333,2.0,13.0,43.0,82.0,119.0,4.841775216506386,6.956504377562728,0.27694010416666665,0.34401041666666665,0.4117578125,0.5340755208333333,0.5468619791666667,0.6444140625,2.0,13.0,43.0,82.0,119.0,4.847762467725418,6.957815744681712,0.278046875,0.346015625,0.4130729166666667,0.5333333333333333,0.5461979166666666,0.6441666666666667,2.0,13.0,43.0,82.0,119.0,4.843434046308885,6.9557503627026245,0.2758333333333333,0.34625,0.4128645833333333,0.5325520833333334,0.5448958333333334,0.64359375,2.0,13.0,43.0,82.0,119.0,4.853102325342058,6.956141706159666,0.0029174930673324545,0.002430540054514062,0.0019586699717238166,0.33071891388307384,0.9662265521087692,0.016445479926040958,0.508583984375
coco,000000019042,0,640,370,90.15169341216216,0.23147804054054055,0.29408361486486484,0.33613175675675677,0.39252533783783783,0.3978631756756757,0.4339358108108108,6.0,17.0,85.0,144.0,204.0,5.64143211002239,7.300906501071106,0.23061155913978496,0.29292674731182794,0.3356182795698925,0.3916162634408602,0.3967741935483871,0.4317708333333333,6.0,17.0,85.0,145.0,204.0,5.6470678765350355,7.297578567088838,0.23184840425531916,0.2946808510638298,0.3368351063829787,0.39212101063829785,0.3972074468085106,0.4309840425531915,6.0,17.0,85.0,146.0,204.0,5.645318519902825,7.288802681290709,0.23424202127659574,0.2961436170212766,0.33670212765957447,0.391688829787234,0.39694148936170215,0.43164893617021277,6.0,17.0,85.0,145.0,204.0,5.639092341472074,7.283171529815871,0.003272975234605806,0.0028473699733414454,0.004032987929306921,0.8660254037844386,0.0,0.01976640984882132,0.4021706081081081
coco,000000019221,0,640,478,34.23621208158996,0.5994116108786611,0.6858623169456067,0.7532590219665272,0.8123561715481171,0.8163245292887029,0.8367122123430962,0.0,1.0,10.0,31.0,119.0,3.2248073836159477,5.523380517372493,0.5984895833333334,0.685859375,0.752578125,0.8126692708333333,0.8170703125,0.8369270833333333,0.0,1.0,10.0,31.0,119.0,3.228095937913155,5.52590683160509,0.5986197916666667,0.68734375,0.7542447916666667,0.81375,0.8186458333333333,0.8384895833333333,0.0,1.0,10.0,31.0,119.0,3.224614754556876,5.522246729281133,0.598125,0.6860416666666667,0.7543229166666666,0.8141145833333333,0.81953125,0.8382291666666667,0.0,1.0,10.0,31.0,119.0,3.224981779574276,5.511556531858931,0.001228339115241275,0.0014218765602289757,0.0016629177860871004,0.0,1.5194057226429023,0.0052281576523340425,0.7892063284518829
coco,000000021465,0,500,280,62.05392142857143,0.30520714285714284,0.3959714285714286,0.47641428571428573,0.5880714285714286,0.5979714285714286,0.6605285714285715,3.0,11.0,35.0,90.0,175.0,4.909848838230432,7.028706918804487,0.3062285714285714,0.39494285714285715,0.47422857142857144,0.5872,0.5976285714285714,0.6592571428571429,3.0,11.0,35.0,91.0,175.0,4.908021066440455,7.02736035382081,0.308,0.39194285714285715,0.4702857142857143,0.5876571428571429,0.5974857142857143,0.6593142857142857,3.0,11.0,35.0,91.0,172.0,4.8979875758036835,7.022259348335361,0.30714285714285716,0.3930839002267574,0.46984126984126984,0.5867346938775511,0.5964852607709751,0.6594104308390023,3.0,11.0,35.0,89.0,171.0,4.88956435681158,7.0126383693380125,0.0025086595678108065,0.004369313896538659,0.003100787428282658,0.6123724356957945,2.3642850399222173,0.012521248645792656,0.5604428571428571
coco,000000022371,0,424,282,141.29548039609261,0.11636892814130871,0.1597333734778536,0.18172922521075874,0.2101732905125117,0.21356884785226818,0.23601632543824436,13.0,71.0,141.0,237.0,255.0,6.570460931223313,6.695870633008315,0.11716051023119851,0.16011161307467447,0.18223491894764815,0.21066967844804677,0.2146558596864204,0.23561652936486846,13.0,71.0,141.0,237.0,255.0,6.566553664685824,6.696542466568808,0.11346960167714884,0.15710167714884696,0.17878668763102726,0.20748165618448638,0.21147798742138366,0.2315251572327044,14.0,72.0,141.0,237.0,255.0,6.582861601072153,6.697098987543842,0.11517295597484277,0.1609014675052411,0.182520964360587,0.20938155136268344,0.21357442348008385,0.23283542976939203,13.0,71.0,139.0,237.0,255.0,6.571706884548312,6.686386248421249,0.0032017203824284963,0.003759775610964844,0.004098771241348993,1.8666480653835098,0.0,0.015928267336962825,0.2009400508497257
coco,000000025181,0,640,426,66.53685079225352,0.34365096830985914,0.4164355927230047,0.46846390845070424,0.5780223004694836,0.5880648474178404,0.6483348004694836,0.0,8.0,36.0,90.0,210.0,4.685505794847715,6.598220141364179,0.3433995327102804,0.41666179906542056,0.46904205607476634,0.5792348130841122,0.5894567757009346,0.6501168224299065,0.0,8.0,36.0,89.0,209.0,4.685140148517413,6.595585930233792,0.34091435185185187,0.4150173611111111,0.46770833333333334,0.5804108796296297,0.590943287037037,0.6518229166666667,0.0,8.0,36.0,89.0,212.0,4.692574886948035,6.594548768925689,0.3443865740740741,0.4185763888888889,0.4724537037037037,0.5841435185185185,0.5943287037037037,0.6553240740740741,0.0,8.0,36.0,88.0,212.0,4.672008628202993,6.576767791427075,0.003190029188746443,0.0031238138825658234,0.0022536264577731084,0.0,2.962658223622833,0.012057055694117186,0.5516835387323944
coco,000000029393,0,500,374,49.131026737967915,0.4173743315508021,0.4794812834224599,0.5358449197860963,0.6372780748663102,0.6487326203208557,0.7233048128342247,0.0,3.0,26.0,70.0,144.0,4.10459800546171,6.454353288906709,0.4178085106382979,0.4791063829787234,0.5346808510638298,0.6357234042553191,0.6468936170212766,0.7225744680851064,0.0,3.0,26.0,70.0,145.0,4.112943054164091,6.460359334948183,0.418468085106383,0.48119148936170214,0.5356595744680851,0.6378297872340426,0.6488510638297872,0.7251063829787234,0.0,3.0,26.0,69.0,143.0,4.099500319009502,6.442109021054412,0.41860857818304625,0.4807497467071935,0.5343633907463695,0.6350894967916244,0.6452212090509963,0.7240797028031071,0.0,3.0,26.0,69.0,142.0,4.102688491107526,6.437047810765336,0.004032230651278384,0.004917268483250469,0.004789186593265581,0.5590169943749475,1.8666480653835098,0.02375076968545745,0.6449251336898396
coco,000000029397,0,640,448,57.6188232421875,0.21371023995535715,0.30916922433035715,0.39530203683035714,0.5261335100446428,0.5404610770089285,0.6341727120535714,8.0,19.0,44.0,83.0,131.0,5.279921941607463,7.1090743499193945,0.21318359375,0.30796595982142855,0.3952566964285714,0.5257114955357143,0.5398577008928571,0.6334821428571429,8.0,19.0,44.0,83.0,131.0,5.281052540550976,7.110173500061193,0.2138671875,0.3102957589285714,0.3962332589285714,0.5248046875,0.5390904017857143,0.6317801339285715,8.0,19.0,45.0,83.0,131.0,5.280530675009117,7.106787198051715,0.21344866071428573,0.30848214285714287,0.3957589285714286,0.5239955357142857,0.5374441964285714,0.6316964285714286,8.0,19.0,45.0,84.0,132.0,5.28511616862464,7.107863691973267,0.0016326382177758339,0.002343685123298243,0.003478865356090285,0.6091746465505602,0.33071891388307384,0.007375420620506833,0.4887904575892857
coco,000000031118,0,640,426,18.556708480046947,0.7339788732394367,0.7914539319248827,0.8309749119718309,0.8807328345070422,0.8855083626760564,0.9134352992957746,0.0,0.0,4.0,17.0,56.0,2.5270611360551882,4.939801053257778,0.7369742990654206,0.7928446261682243,0.8326956775700934,0.8810455607476636,0.8860835280373832,0.9142523364485982,0.0,0.0,4.0,17.0,56.0,2.516234089987399,4.925297925985464,0.7374131944444444,0.79375,0.8343460648148148,0.8826678240740741,0.8877604166666667,0.9151909722222222,0.0,0.0,4.0,17.0,55.0,2.5107005252122923,4.917253373035178,0.7379050925925926,0.7933449074074074,0.8336805555555555,0.8815393518518518,0.8861689814814815,0.9144675925925926,0.0,0.0,3.0,17.0,56.0,2.4994328921194113,4.896939324211599,0.003774176434433007,0.003169166708387629,0.002963786040191985,0.33071891388307384,1.4577379737113252,0.021483484261987467,0.8854790199530517
coco,000000031248,0,500,332,53.27627108433735,0.30178313253012046,0.3736807228915663,0.4566566265060241,0.5858012048192771,0.599710843373494,0.6835963855421687,1.0,10.0,37.0,76.0,130.0,4.697665764809578,6.922166397860456,0.30057831325301204,0.3710843373493976,0.4547710843373494,0.5841927710843373,0.5978313253012049,0.6821686746987952,1.0,10.0,37.0,76.0,130.0,4.703701325246023,6.922201215005426,0.30247619047619045,0.37233333333333335,0.4564761904761905,0.5839047619047619,0.5976190476190476,0.6836666666666666,1.0,10.0,37.0,76.0,129.0,4.704419113831373,6.920144036989719,0.3073507180650038,0.3773620559334845,0.46078987150415723,0.5850340136054422,0.598167044595616,0.6865079365079365,1.0,10.0,37.0,76.0,131.0,4.686168501077683,6.907989729070606,0.006778514487787219,0.006302498642235551,0.0030617668850486937,0.8660254037844386,0.9270248108869579,0.028237034659589273,0.5730662650602409
coco,000000031620,0,480,640,63.6928515625,0.17088216145833332,0.2807259114583333,0.36246419270833335,0.5008365885416667,0.5153938802083333,0.6288151041666666,10.0,21.0,47.0,85.0,143.0,5.416236144199635,7.1526522896091285,0.1691015625,0.279609375,0.36149739583333335,0.49890625,0.5134765625,0.6272395833333333,10.0,21.0,48.0,85.0,145.0,5.424252586381437,7.153911744058752,0.16950520833333332,0.27872395833333335,0.36028645833333334,0.4968489583333333,0.5109375,0.625390625,10.0,21.0,48.0,85.0,145.0,5.427925683902377,7.152315429279163,0.1675,0.2759375,0.35864583333333333,0.4953125,0.5091145833333334,0.6239583333333333,10.0,21.0,48.0,87.0,146.0,5.436511849851333,7.149132561564155,0.0031219857831901866,0.0034234996792135543,0.004081152456824039,0.49607837082461076,1.4238482187368147,0.015005697284551768,0.494873046875
coco,000000033005,0,640,426,25.982265991784036,0.6582232981220657,0.6809088908450704,0.7003667840375587,0.7700594190140845,0.7853213028169014,0.8619058098591549,0.0,1.0,3.0,45.0,104.0,2.9040452179267446,5.032628265086999,0.6579877336448599,0.680651285046729,0.7000292056074766,0.7690128504672897,0.7838346962616822,0.8616822429906542,0.0,1.0,3.0,45.0,104.0,2.9020194930252408,5.024258966993683,0.6587673611111111,0.679224537037037,0.697019675925926,0.7663773148148149,0.7816550925925926,0.8604456018518518,0.0,1.0,3.0,45.0,105.0,2.893744852239374,4.9998171929652715,0.6607060185185185,0.6803819444444444,0.6979166666666666,0.7663773148148149,0.7820601851851852,0.8610532407407407,0.0,1.0,3.0,46.0,105.0,2.8983020402565365,4.996734073052602,0.005087208917345524,0.0041340131627595885,0.00350406376880794,0.33071891388307384,0.9921567416492215,0.02832595931032573,0.7481183978873239
coco,000000033104,0,428,500,68.85451869158878,0.37770093457943926,0.4386915887850467,0.48320093457943925,0.5383130841121495,0.5451822429906542,0.59403738317757,1.0,5.0,36.0,116.0,189.0,4.729600765018335,6.897078046937146,0.3786168224299065,0.43996261682242993,0.48362616822429905,0.5388971962616822,0.5460373831775701,0.5959065420560747,1.0,5.0,36.0,115.0,188.0,4.724937944299127,6.8908583359901785,0.3781338080403501,0.44047619047619047,0.4852766651832072,0.5414626909954012,0.5480269989615784,0.5973520249221184,1.0,5.0,35.0,116.0,189.0,4.722557322303099,6.883203371384573,0.3852880658436214,0.44598765432098764,0.48743386243386244,0.5438712522045855,0.5512933568489125,0.600382128159906,1.0,5.0,34.0,115.0,188.0,4.70277293542417,6.860024082600743,0.00494478365482089,0.0036013337535297013,0.003930054161074077,1.224744871391589,1.3693063937629153,0.01941006017048475,0.5282196261682243
coco,000000037988,0,640,480,48.732555338541665,0.185380859375,0.22850260416666668,0.4963020833333333,0.58541015625,0.5896484375,0.6195084635416667,4.0,26.0,32.0,85.0,91.0,4.965795774719207,5.846234150319739,0.18765625,0.23075520833333332,0.4979427083333333,0.5870963541666666,0.5913932291666667,0.6211197916666666,4.0,26.0,32.0,85.0,91.0,4.9561585967021315,5.837505956639766,0.19106770833333334,0.23432291666666666,0.49828125,0.58953125,0.5939583333333334,0.6236197916666667,4.0,25.0,32.0,85.0,91.0,4.940783462742176,5.847181735830492,0.19208333333333333,0.23442708333333334,0.4971875,0.5897395833333333,0.59390625,0.6236979166666666,4.0,25.0,32.0,85.0,91.0,4.938236847644701,5.852838424487699,0.004255152502359025,0.003533711193681126,0.0030322331148446378,0.24206145913796356,0.0,0.01880647900155376,0.29884765625
coco,000000038678,0,480,640,72.30863606770833,0.354443359375,0.4138541666666667,0.46246744791666666,0.5399088541666667,0.548251953125,0.6071223958333334,3.0,8.0,39.0,112.0,230.0,4.997077463263516,6.782041034374458,0.3563671875,0.4158072916666667,0.4642578125,0.5411979166666666,0.5494270833333333,0.6082552083333334,3.0,8.0,39.0,111.0,230.0,4.990095317156951,6.7752755807893035,0.35796875,0.41822916666666665,0.46625,0.5416145833333333,0.550390625,0.6080989583333334,3.0,8.0,38.0,111.0,230.0,4.9860072653290795,6.769540877528472,0.3609895833333333,0.42104166666666665,0.4690625,0.5454166666666667,0.5538541666666666,0.6113541666666666,3.0,8.0,38.0,110.0,226.0,4.970390390882015,6.763417957321385,0.0036426101242264418,0.0037830787068861916,0.003265814427383272,0.7473912964438374,2.345207879911715,0.015972703657421993,0.5333333333333333
coco,000000039484,0,640,436,87.23428899082569,0.3626684346330275,0.41421301605504585,0.45765481651376144,0.5226383314220183,0.5293147935779816,0.5619516915137615,0.0,4.0,42.0,157.0,255.0,4.817424635714372,6.266442147399507,0.36043577981651376,0.4124426605504587,0.45437213302752294,0.5186496559633027,0.5254730504587156,0.5583572247706422,0.0,4.0,42.0,157.0,255.0,4.833190003573494,6.269409053749662,0.3577556818181818,0.41071022727272727,0.4527556818181818,0.5175284090909091,0.5244602272727272,0.5572443181818182,0.0,4.0,43.0,157.0,255.0,4.850619588920147,6.274882231206752,0.35204545454545455,0.40443181818181817,0.4472159090909091,0.5117613636363636,0.5185227272727273,0.5526136363636364,0.0,5.0,44.0,158.0,255.0,4.8908275065894635,6.299365735124633,0.007230536536617799,0.005645425832588999,0.00538318161335739,1.260890062614501,0.0,0.041416907120923004,0.5261002006880734
coco,000000039956,0,640,426,38.617440580985914,0.5390514964788733,0.6022630575117371,0.6451767899061033,0.7043463908450704,0.7121772300469483,0.7536678403755869,0.0,1.0,12.0,62.0,117.0,3.525596611065961,5.972992419109816,0.5384345794392523,0.6002628504672897,0.6430782710280374,0.7040741822429907,0.7119889018691589,0.7532564252336449,0.0,1.0,12.0,62.0,117.0,3.528844994854362,5.974015327583734,0.538425925925926,0.6003472222222223,0.6433159722222223,0.7051215277777778,0.7134259259259259,0.7548032407407408,0.0,1.0,12.0,62.0,116.0,3.5230935768608718,5.968170937483274,0.5342592592592592,0.5973958333333333,0.6399305555555556,0.6997106481481481,0.7084490740740741,0.7521412037037037,0.0,1.0,12.0,63.0,115.0,3.53277069743895,5.972733829396861,0.00465964480247237,0.0035493861956724273,0.003398828131257415,0.42847841252506524,0.6091746465505602,0.023780274176661422,0.694718309859155
coco,000000040083,0,500,332,79.02159036144579,0.3226385542168675,0.3897289156626506,0.4495301204819277,0.5291144578313253,0.5356746987951807,0.5824819277108434,1.0,9.0,41.0,130.0,242.0,4.933805309704955,6.743445715745819,0.3216867469879518,0.389710843373494,0.4476867469879518,0.5271325301204819,0.5336626506024097,0.5801927710843373,1.0,9.0,41.0,130.0,242.0,4.939810209752948,6.7436521003280925,0.3249047619047619,0.39266666666666666,0.45004761904761903,0.5277142857142857,0.5333809523809524,0.5794285714285714,1.0,9.0,41.0,131.0,242.0,4.933142938831035,6.732262170421321,0.3232237339380197,0.39200680272108845,0.4492630385487528,0.527588813303099,0.5332577475434618,0.5771919879062736,1.0,8.0,41.0,132.0,242.0,4.9430814106716525,6.720122533569612,0.004702168930175625,0.003965342083436115,0.002848921394006856,0.75,2.6339134382131846,0.01528829160457573,0.5191867469879518
coco,000000043314,0,500,376,68.87049468085107,0.3835904255319149,0.4286117021276596,0.4641223404255319,0.5710265957446808,0.5859893617021277,0.6446914893617022,0.0,6.0,39.0,117.0,210.0,4.564933735638319,6.638510870746101,0.38085106382978723,0.4272340425531915,0.46117021276595743,0.5682127659574469,0.5834468085106383,0.6435531914893617,0.0,7.0,40.0,119.0,210.0,4.589342670485453,6.649755682248069,0.3850212765957447,0.43229787234042555,0.466,0.5741702127659575,0.5903404255319149,0.6504255319148936,0.0,6.0,39.0,117.0,210.0,4.5596059106438585,6.63060967505651,0.388129010469436,0.43684566024991556,0.47011144883485306,0.5792806484295846,0.5942249240121581,0.6534954407294833,0.0,6.0,38.0,116.0,208.0,4.535829846515625,6.605232786575909,0.005822143655048496,0.006909032155912975,0.008466262058823006,1.5499495959546556,1.4947825928876748,0.04696399578693583,0.6149734042553191
coco,000000045472,0,640,428,25.146082797897197,0.6479337032710281,0.7049905081775701,0.7544246495327103,0.8159316588785047,0.8214807242990654,0.8580315420560748,0.0,0.0,4.0,31.0,84.0,2.769556272432635,5.19945659620823,0.6470940420560748,0.7046290887850467,0.7535484813084112,0.815026285046729,0.820589953271028,0.857257593457944,0.0,0.0,4.0,31.0,85.0,2.7761984652769196,5.205236498460067,0.6504918981481481,0.7073495370370371,0.7552372685185185,0.816869212962963,0.8222800925925926,0.858912037037037,0.0,0.0,4.0,31.0,84.0,2.765071707832333,5.191626032681825,0.6535300925925925,0.7110532407407407,0.757175925925926,0.8178240740740741,0.8233217592592592,0.8602430555555556,0.0,0.0,4.0,30.0,84.0,2.7612393692608284,5.184909418794443,0.0031109970376802893,0.0022353108561839518,0.00201428860494902,0.0,0.7680128579652817,0.010481303765946949,0.8123211156542056
coco,000000046048,0,640,480,22.1676953125,0.59474609375,0.70208984375,0.7884993489583333,0.8895865885416666,0.8957096354166667,0.9285416666666667,1.0,3.0,10.0,28.0,51.0,3.411278107763966,5.697449705669298,0.5944401041666667,0.702890625,0.7890234375,0.8891276041666667,0.8951302083333333,0.9285807291666667,1.0,3.0,10.0,28.0,51.0,3.4107217114873336,5.6928216940017515,0.5940104166666667,0.704453125,0.7897395833333334,0.8889583333333333,0.8951822916666666,0.9289583333333333,1.0,3.0,10.0,28.0,51.0,3.410758763813402,5.68613514130474,0.5969270833333333,0.7044791666666667,0.7906770833333333,0.8882291666666666,0.8936979166666666,0.9282291666666667,1.0,3.0,10.0,28.0,51.0,3.405692404115984,5.681523841841016,0.0016702105673540833,0.001310547845255479,0.0013435929080898293,0.0,0.4841229182759271,0.004056069573325144,0.9076497395833333
coco,000000047112,0,640,480,41.94013671875,0.312197265625,0.40207356770833336,0.48670572916666666,0.6405924479166667,0.6581315104166666,0.7835221354166667,2.0,10.0,33.0,60.0,93.0,4.557351415076913,6.683227749653813,0.31268229166666667,0.4032291666666667,0.4874088541666667,0.6405598958333333,0.6576953125,0.7833463541666666,2.0,10.0,33.0,60.0,93.0,4.554472700823548,6.678617525719889,0.31322916666666667,0.4046354166666667,0.4867447916666667,0.6404166666666666,0.6573697916666666,0.783671875,2.0,10.0,33.0,60.0,93.0,4.547978829739703,6.667512411802814,0.3113020833333333,0.40239583333333334,0.48484375,0.63984375,0.65625,0.7816666666666666,2.0,11.0,33.0,60.0,93.0,4.552803748725037,6.6677888095918005,0.002722769191399509,0.0021174373315082013,0.0018061801449571209,0.0,0.6584783595532961,0.007833217246539119,0.690126953125
coco,000000047740,0,640,358,44.31256983240223,0.3277278282122905,0.4182568086592179,0.5049493715083799,0.648345844972067,0.6635605796089385,0.7721761522346369,1.0,9.0,31.0,60.0,98.0,4.531295161045395,6.715168447413965,0.3271527777777778,0.4175347222222222,0.5030208333333334,0.6459895833333333,0.6608506944444444,0.7700173611111111,2.0,9.0,31.0,61.0,99.0,4.53700359036395,6.719473644357363,0.3234375,0.411875,0.4968402777777778,0.6395833333333333,0.6553125,0.7638194444444445,2.0,10.0,32.0,62.0,102.0,4.5608913936863145,6.738405054256932,0.3232638888888889,0.4106944444444444,0.49659722222222225,0.6404166666666666,0.6550694444444445,0.7645138888888889,1.0,10.0,32.0,62.0,102.0,4.558011173864584,6.729577860097672,0.003556716202098515,0.005381545678944873,0.004234560880505374,0.6343057228182637,2.633171804117612,0.019312380733962548,0.6847809008379888
coco,000000048396,0,640,426,20.844626613849766,0.5576107687793427,0.668918720657277,0.766743691314554,0.8553257042253521,0.8630941901408451,0.9185152582159625,0.0,1.0,10.0,30.0,59.0,3.0301266510158564,5.340742708133146,0.5595794392523364,0.671232476635514,0.7679030373831776,0.8560747663551402,0.8635221962616823,0.9192610981308411,0.0,1.0,10.0,30.0,59.0,3.0212416651706824,5.330808261927993,0.5610821759259259,0.6728877314814815,0.7691550925925926,0.855931712962963,0.8634837962962963,0.919068287037037,0.0,1.0,10.0,30.0,59.0,3.0137349447219623,5.324000334607305,0.5607638888888888,0.6726273148148149,0.7696180555555555,0.8545138888888889,0.8629050925925926,0.9186342592592592,0.0,1.0,10.0,30.0,59.0,3.009483673213198,5.313055587047929,0.0028199821859851482,0.0016045444817775524,0.0017692434759015816,0.24206145913796356,0.42847841252506524,0.0129701043669772,0.8867847711267606
coco,000000048564,0,426,640,29.185911825117373,0.7564590669014084,0.7834470363849765,0.7998716255868544,0.8263827758215962,0.8296654929577465,0.8469960387323944,0.0,0.0,1.0,14.0,127.0,2.235630833253957,4.340371299956113,0.7545560747663551,0.7819947429906542,0.7982476635514019,0.8249415887850468,0.8282710280373832,0.8455753504672897,0.0,0.0,1.0,15.0,128.0,2.245725921255883,4.352073156360627,0.7533586448598131,0.7813960280373832,0.7976343457943925,0.8248831775700934,0.8279205607476635,0.8452978971962617,0.0,0.0,1.0,15.0,128.0,2.2536483742178435,4.359042361175854,0.7491319444444444,0.7776041666666667,0.7945601851851852,0.8221643518518519,0.8245370370370371,0.8417824074074074,0.0,0.0,1.0,16.0,131.0,2.275582274245029,4.377566988038925,0.0032090391072892668,0.0029652638293288223,0.0032068337548791024,0.0,3.0149367737980843,0.021706084540327096,0.8311069542253521
coco,000000050006,0,640,480,93.35070963541666,0.181396484375,0.2527311197916667,0.31412109375,0.38865234375,0.39818359375,0.462841796875,5.0,23.0,72.0,148.0,237.0,5.664518800484531,7.26790737317808,0.18221354166666667,0.253671875,0.31428385416666665,0.38861979166666666,0.39795572916666666,0.4625520833333333,5.0,23.0,72.0,148.0,237.0,5.664515486259217,7.261315214196522,0.17580729166666667,0.24510416666666668,0.305,0.3801041666666667,0.38953125,0.4540625,6.0,24.0,74.0,150.0,242.0,5.698391627240053,7.262164928245302,0.17901041666666667,0.24864583333333334,0.30859375,0.38125,0.3910416666666667,0.45625,5.0,24.0,73.0,149.0,242.0,5.682499062219601,7.253372145909841,0.0056687516135470834,0.007589747025746121,0.007025433430361443,1.2854352375751958,2.6860461183680373,0.02969759046967101,0.36366861979166665
coco,000000050326,0,500,374,98.67224598930481,0.07550802139037432,0.08793048128342246,0.10363636363636364,0.17331016042780747,0.18124064171122994,0.25675935828877006,30.0,62.0,99.0,132.0,157.0,6.242839207567371,7.223802846971239,0.07504255319148936,0.08759574468085106,0.1026595744680851,0.17229787234042554,0.18063829787234043,0.25768085106382976,31.0,62.0,99.0,132.0,157.0,6.245888128611589,7.220832154810546,0.07497872340425532,0.08817021276595745,0.10217021276595745,0.17259574468085107,0.18025531914893617,0.259063829787234,31.0,62.0,99.0,133.0,157.0,6.245767248804255,7.22522644380648,0.07480580884836203,0.08848362039851401,0.10190813914218169,0.17299898682877407,0.18101992570077677,0.2604694360013509,31.0,61.0,99.0,132.0,157.0,6.243208168882658,7.217646034851009,0.0007603417630858978,0.001361533919220864,0.001151464321725584,0.5,0.9270248108869579,0.004459468920494377,0.11559893048128342
coco,000000050896,0,640,640,34.0255126953125,0.45375,0.55775146484375,0.6476171875,0.7683984375,0.779697265625,0.84311279296875,0.0,3.0,19.0,45.0,85.0,3.7881176816490596,6.183321586811156,0.452294921875,0.55791015625,0.6496484375,0.771962890625,0.78310546875,0.845615234375,0.0,3.0,19.0,44.0,85.0,3.783426198186754,6.174975317074616,0.453515625,0.55892578125,0.651796875,0.77419921875,0.7855078125,0.84728515625,0.0,3.0,19.0,44.0,84.0,3.7768950845621054,6.16537464355469,0.4528125,0.5587890625,0.651875,0.7751953125,0.7859765625,0.848359375,0.0,3.0,19.0,44.0,84.0,3.778964576449876,6.159189182068133,0.0023187961954208997,0.003096334591550482,0.0036999348608933043,0.0,1.3169567191065923,0.010262984553056435,0.77408447265625
coco,000000051610,0,640,426,208.00133142605634,0.07228213028169014,0.08202758215962441,0.09022887323943662,0.10263350938967136,0.10390258215962442,0.11330325704225352,44.0,193.0,255.0,255.0,255.0,7.278500909287332,3.5074849583851524,0.07205023364485981,0.08170268691588785,0.08958820093457943,0.10178154205607477,0.10305198598130841,0.11267523364485982,45.0,193.0,255.0,255.0,255.0,7.281330789087355,3.513159394565287,0.07300347222222223,0.08232060185185185,0.0902488425925926,0.10245949074074075,0.10355902777777778,0.11313657407407407,44.0,194.0,255.0,255.0,255.0,7.279252731352763,3.5069945602876826,0.07355324074074074,0.08287037037037037,0.09085648148148148,0.10306712962962963,0.10405092592592592,0.11331018518518518,44.0,193.0,255.0,255.0,255.0,7.277346746823588,3.5153897773537093,0.0009410908848876433,0.0013555801627710188,0.0010533623449151311,0.0,0.0,0.0051400042271248,0.09783597417840376
coco,000000051712,0,640,368,98.14399201766304,0.30404636548913044,0.3573114809782609,0.3975670855978261,0.44920601222826084,0.45394021739130436,0.48435377038043476,2.0,10.0,71.0,164.0,255.0,5.383429499229172,6.736200692920791,0.3021229619565217,0.3555197010869565,0.39651834239130435,0.4481148097826087,0.45295516304347827,0.48464673913043477,2.0,10.0,71.0,163.0,255.0,5.39095576589739,6.747560964937063,0.30519701086956524,0.35849184782608695,0.4,0.44962635869565215,0.45478940217391306,0.48746603260869564,2.0,10.0,70.0,163.0,254.0,5.378898174949626,6.758845049948238,0.30217391304347824,0.3574048913043478,0.39578804347826085,0.4434782608695652,0.44789402173913045,0.48192934782608693,2.0,10.0,73.0,163.0,254.0,5.40169296629728,6.765577554211289,0.005428833400490167,0.005251792539199488,0.00540722036102902,2.7436005084559962,0.4330127018922193,0.026074032827077244,0.44302394701086956
coco,000000052017,0,640,424,120.69345518867925,0.08036925117924529,0.08746314858490566,0.09212853773584906,0.09986364976415095,0.10065964033018868,0.11410672169811321,48.0,85.0,115.0,173.0,191.0,6.493998465692581,6.926736411270863,0.08032134433962264,0.08769162735849056,0.09267393867924528,0.10019162735849056,0.10089917452830188,0.11388561320754717,47.0,85.0,115.0,171.0,191.0,6.493266731131342,6.921571131707233,0.08048349056603774,0.08838443396226416,0.09286556603773585,0.09985259433962264,0.10053066037735849,0.11314858490566038,48.0,85.0,114.0,171.0,191.0,6.4914079704541,6.909870055259145,0.08095518867924528,0.08879716981132076,0.0932193396226415,0.09994103773584906,0.10070754716981133,0.11279481132075472,48.0,85.0,114.0,171.0,191.0,6.490152407533712,6.900140488158093,0.0005801377254323856,0.00091676366777513,0.0009179997425376816,0.49607837082461076,0.0,0.005403229640874104,0.10103552476415094
coco,000000055002,0,500,374,75.81001604278075,0.12377005347593582,0.1943903743315508,0.2510534759358289,0.37571657754010696,0.3915347593582888,0.49614973262032086,13.0,31.0,64.0,105.0,155.0,5.768895153868188,7.3242834531177925,0.12351063829787234,0.19391489361702127,0.2504468085106383,0.37448936170212765,0.390468085106383,0.49527659574468086,13.0,31.0,64.0,105.0,155.0,5.770618717094059,7.324307772544458,0.124,0.19370212765957448,0.2491063829787234,0.3728936170212766,0.3893191489361702,0.4951063829787234,13.0,32.0,64.0,105.0,155.0,5.773418203933094,7.322270909986682,0.12386018237082067,0.1928402566700439,0.2478047956771361,0.36870989530563997,0.3846673421141506,0.4924856467409659,13.0,32.0,65.0,105.0,155.0,5.77930224960051,7.317395897119105,0.0015536444388084413,0.002599710812829366,0.0035811072882105427,0.42847841252506524,0.4841229182759271,0.005409412249086978,0.3285935828877005
coco,000000055150,0,640,426,62.56731954225352,0.4322293133802817,0.4910321302816901,0.5360035211267605,0.6016651995305164,0.6085020539906103,0.6525344776995305,0.0,4.0,25.0,104.0,183.0,4.346286231881213,6.518704018015212,0.43275408878504673,0.4917494158878505,0.5360689252336449,0.6017377336448598,0.6088492990654205,0.6523802570093458,0.0,4.0,25.0,104.0,183.0,4.347550017586011,6.515992733327149,0.43258101851851855,0.49244791666666665,0.5358506944444444,0.6012152777777777,0.6083043981481482,0.6513020833333333,0.0,4.0,25.0,105.0,183.0,4.354205816887571,6.515755200198196,0.4321759259259259,0.49149305555555556,0.536863425925926,0.6014467592592593,0.6094328703703704,0.6520254629629629,0.0,4.0,25.0,105.0,183.0,4.353337466885521,6.511475513591643,0.002202874590736337,0.002363526762121714,0.0020953428124542,0.5555121510822243,1.8614090764794289,0.012451223833604745,0.5883032570422535
coco,000000055950,0,426,640,51.988651701877934,0.15509463028169015,0.2769476232394366,0.40929430751173707,0.5372322476525822,0.5510086561032864,0.6496185446009389,12.0,22.0,42.0,75.0,92.0,5.226688666420219,6.748287457315277,0.1548627336448598,0.27666471962616823,0.40860105140186914,0.5367552570093458,0.5508469626168224,0.6495765186915888,12.0,22.0,42.0,75.0,92.0,5.226359911934052,6.748321203690474,0.15540303738317757,0.2761682242990654,0.40773948598130844,0.536857476635514,0.5513726635514019,0.6489485981308412,12.0,22.0,42.0,75.0,92.0,5.223782675478641,6.74136190838922,0.1544560185185185,0.2730324074074074,0.40607638888888886,0.5362847222222222,0.5513310185185185,0.6491898148148149,12.0,22.0,42.0,75.0,92.0,5.227456835629093,6.7459190358248415,0.000809172029913263,0.0014140740452142973,0.0012123682785697334,0.24206145913796356,0.24206145913796356,0.0031442303194523253,0.5515331572769953
coco,000000056350,0,612,612,70.81869419881242,0.2785493827160494,0.3328767781622453,0.39023185526934084,0.4927511854414969,0.5036951599812038,0.5703869238327139,0.0,11.0,49.0,109.0,175.0,4.9197921968894,6.993060557813799,0.28002050493399977,0.33432654107394594,0.3916869580076039,0.494638814131317,0.505361185868683,0.5719167841428511,0.0,11.0,49.0,109.0,175.0,4.910889721869662,6.987294074077187,0.2803454715219421,0.3347763347763348,0.3937271878448349,0.49651982004923184,0.5069391392920805,0.5738265002970885,0.0,11.0,48.0,108.0,175.0,4.906301695523007,6.984009829957304,0.2814977230561646,0.3352588969472086,0.3949232585596222,0.4988615280823073,0.5090656097149604,0.5745066621689998,0.0,11.0,48.0,108.0,175.0,4.899107519425915,6.975294095386914,0.0024332433556779804,0.0027922802878549056,0.0024663819294049975,0.3903123748998999,0.4841229182759271,0.01344294616388839,0.46571030372933486
coco,000000057232,0,612,612,61.32954472638729,0.4125069417745312,0.47508436925968645,0.5271183091973173,0.6021348626596608,0.609557221581443,0.6542862787816651,0.0,2.0,27.0,102.0,179.0,4.250506707206952,6.449057122090222,0.4120957751292238,0.4743154342346961,0.526560297321543,0.6008052458456149,0.607757700029903,0.652719039685591,0.0,2.0,27.0,103.0,179.0,4.254723143711862,6.449897397682291,0.41301672184025123,0.4741532976827095,0.5259952465834818,0.6000976148034971,0.6072489601901366,0.6519183430948137,0.0,2.0,27.0,103.0,181.0,4.248261426250872,6.438175502344774,0.41507842806544104,0.4750379490639231,0.5283353010625738,0.6009023444088379,0.6082813290605499,0.6541996964074887,0.0,2.0,27.0,103.0,179.0,4.238891353001576,6.4288949304149465,0.002445231322288822,0.002587175209094292,0.0026747116493393234,0.46351240544347894,2.222048604328897,0.015443806551928613,0.5886384510231107
coco,000000057238,0,374,500,42.78912834224599,0.2708235294117647,0.356951871657754,0.4454385026737968,0.6082834224598931,0.6253903743315508,0.74375935828877,2.0,14.0,37.0,64.0,93.0,4.72322499213051,6.652120195439304,0.2693617021276596,0.35748936170212764,0.44580851063829785,0.608404255319149,0.6256170212765958,0.7441489361702127,2.0,14.0,37.0,64.0,93.0,4.725285172964155,6.650096099527907,0.269419115163796,0.3577760891590679,0.44685072610604526,0.6090847686592368,0.6264775413711584,0.7450607902735562,2.0,14.0,37.0,64.0,93.0,4.724351447066942,6.648600189962503,0.272289766970618,0.36127997298210063,0.4479061127997298,0.6100135089496792,0.6279128672745694,0.7454407294832827,2.0,14.0,37.0,64.0,92.0,4.714542079855083,6.645709155553889,0.0020864344249665813,0.0024265140908366132,0.002866075600001552,0.3535533905932738,0.49607837082461076,0.008367133801347456,0.6071069518716578
coco,000000057672,0,640,480,58.64585286458333,0.18335611979166666,0.30099934895833336,0.39532877604166666,0.534228515625,0.5472298177083333,0.6287532552083334,10.0,20.0,43.0,85.0,139.0,5.3399811510487245,7.082564359798197,0.1840625,0.3011328125,0.39477864583333333,0.5345052083333334,0.547109375,0.6286197916666667,10.0,20.0,43.0,85.0,139.0,5.340361706010509,7.080550029586865,0.18315104166666665,0.30291666666666667,0.39705729166666665,0.5384635416666667,0.5514322916666666,0.6330208333333334,10.0,20.0,43.0,84.0,139.0,5.331650622130389,7.072050337014367,0.18125,0.3021875,0.39489583333333333,0.53796875,0.5514583333333334,0.6333854166666667,10.0,20.0,43.0,85.0,139.0,5.337675386939515,7.065398241850067,0.0022010191704893837,0.002235849506036744,0.0031205055978084416,0.4330127018922193,1.4947825928876748,0.006960352380177324,0.5318001302083334
coco,000000058393,0,640,486,92.54714184670782,0.3045460390946502,0.3292148919753086,0.3583204732510288,0.4326003086419753,0.43923289609053495,0.49018454218106994,0.0,4.0,65.0,154.0,255.0,4.9872053916076995,5.854272824641356,0.30608350409836066,0.3322745901639344,0.3617699795081967,0.43417008196721313,0.4411629098360656,0.4909707991803279,0.0,3.0,65.0,152.0,255.0,4.965182341170829,5.834941109544265,0.31142418032786884,0.3353483606557377,0.36065573770491804,0.42789446721311475,0.4346311475409836,0.48376024590163935,0.0,3.0,67.0,154.0,255.0,4.9724241964063385,5.842180776887498,0.3144467213114754,0.33954918032786885,0.3650614754098361,0.4315061475409836,0.4378586065573771,0.48806352459016394,0.0,3.0,66.0,152.0,255.0,4.950355992450798,5.829443168261035,0.007665511849461929,0.0064934450378719005,0.006957973673070262,1.6944302139657448,0.0,0.036426520347676385,0.4093524948559671
coco,000000059635,0,486,640,68.04967528292181,0.3837127057613169,0.4462545010288066,0.499389146090535,0.5737590020576132,0.5811406893004115,0.6254115226337449,0.0,5.0,32.0,114.0,206.0,4.591882332793068,6.741363844236181,0.3837090163934426,0.4474513319672131,0.5012551229508196,0.5751024590163935,0.5823130122950819,0.6272797131147541,0.0,5.0,31.0,114.0,206.0,4.589588050622925,6.736525987514193,0.3862704918032787,0.4492571721311475,0.5025102459016394,0.576921106557377,0.5841444672131147,0.6298411885245901,0.0,5.0,31.0,113.0,204.0,4.574711149888031,6.729344548547742,0.3860655737704918,0.44754098360655736,0.501280737704918,0.5747950819672131,0.5822233606557377,0.6272540983606557,0.0,5.0,31.0,114.0,204.0,4.586042038514212,6.733130816266008,0.003425718213956943,0.002631143980519158,0.003193332981341182,0.6817945071647321,1.541103500742244,0.020811109826748397,0.5742316100823045
coco,000000060507,0,640,426,63.19454958920188,0.08976305751173709,0.2061656396713615,0.30243177816901406,0.43213028169014084,0.4513350938967136,0.5798195422535212,17.0,27.0,54.0,86.0,113.0,5.597300664570262,7.048442573596164,0.08960280373831776,0.2066734813084112,0.3039719626168224,0.43291471962616823,0.4515625,0.5795268691588785,17.0,27.0,54.0,87.0,113.0,5.596738116297933,7.047058196264519,0.09016203703703704,0.20625,0.30515046296296294,0.43093171296296295,0.44971064814814815,0.5764756944444445,17.0,27.0,54.0,87.0,113.0,5.598602998800474,7.044831412709711,0.0894675925925926,0.20543981481481483,0.3045717592592593,0.4313078703703704,0.4508101851851852,0.577488425925926,17.0,27.0,54.0,87.0,113.0,5.600753661189321,7.036858641014065,0.0019670242943592414,0.0027266136105845175,0.0021186132408746545,0.33071891388307384,0.6817945071647321,0.007216818449770512,0.3524794600938967
coco,000000062808,0,640,480,28.744996744791667,0.5838736979166667,0.6607161458333334,0.7211490885416667,0.7974479166666667,0.8041861979166667,0.8485872395833334,0.0,2.0,10.0,37.0,83.0,3.379477778011248,5.852204092684579,0.5837369791666667,0.6602604166666667,0.721015625,0.7979036458333333,0.8045442708333334,0.848984375,0.0,2.0,10.0,37.0,83.0,3.38103383112219,5.852087733571225,0.5840625,0.6601822916666666,0.7207552083333333,0.7971354166666667,0.8040364583333334,0.8477604166666667,0.0,2.0,10.0,37.0,84.0,3.374941562195839,5.8445033330497065,0.5886458333333333,0.6644791666666666,0.7236979166666667,0.7984895833333333,0.805625,0.8496875,0.0,2.0,9.0,36.0,83.0,3.3530876214668965,5.817735995558574,0.004253763963032062,0.0035949041752253697,0.0027012424075159025,0.49607837082461076,0.7680128579652817,0.01965832108903244,0.8021516927083333
coco,000000063602,0,640,424,40.98938310731132,0.45095813679245284,0.4888045400943396,0.5133254716981132,0.5629127358490567,0.5705962558962264,0.6397995283018868,0.0,3.0,27.0,79.0,91.0,4.053158915119733,6.018124758248647,0.4485701650943396,0.48648290094339625,0.5114681603773585,0.5618514150943397,0.5693985849056604,0.6388119103773585,0.0,3.0,28.0,79.0,91.0,4.064011931790413,6.022838319744797,0.4490860849056604,0.4861438679245283,0.5104952830188679,0.5597877358490566,0.5673938679245283,0.6358195754716981,0.0,3.0,28.0,79.0,91.0,4.066268725960267,6.012853484938288,0.44675707547169813,0.4842570754716981,0.5082547169811321,0.5584316037735849,0.5659787735849057,0.6345518867924528,0.0,3.0,29.0,79.0,91.0,4.07503567347903,6.014719413464625,0.003214761662697342,0.0034201289906132352,0.003457454282761987,1.2975337182516684,0.4841229182759271,0.013952765198682075,0.5357127063679246
coco,000000063965,0,640,426,17.454566461267607,0.7820679284037558,0.8220620598591549,0.8491307218309859,0.8859961854460094,0.8889231220657277,0.9037228579812207,0.0,0.0,1.0,12.0,60.0,2.1050009213091263,4.388611920579899,0.781848714953271,0.8213200934579439,0.8488901869158878,0.8855286214953271,0.8885221962616823,0.9036068925233645,0.0,0.0,1.0,11.0,60.0,2.1021750751489545,4.383109009763502,0.7831597222222222,0.8221932870370371,0.8504050925925926,0.8866030092592593,0.8897569444444444,0.9044270833333333,0.0,0.0,1.0,11.0,59.0,2.0933619988899856,4.369628120419599,0.7841435185185185,0.8218171296296296,0.8511574074074074,0.8868634259259259,0.8900462962962963,0.9045717592592593,0.0,0.0,1.0,11.0,59.0,2.089758766640023,4.360866450356165,0.001601594215151604,0.0017186754617172814,0.0018066577076708515,0.0,1.8360538526960477,0.008622877649873083,0.8810959507042253
coco,000000066817,0,612,612,68.04371982997992,0.2998446110470332,0.39005831090606174,0.4466871716006664,0.5208093041138023,0.527385300525439,0.5828901277286513,6.0,12.0,42.0,101.0,185.0,5.235531242830657,7.094282835151798,0.2993506770900081,0.3898714169763766,0.4467939681319151,0.5215088213934811,0.5282904011277714,0.5834935281302064,6.0,12.0,42.0,101.0,185.0,5.236645077475561,7.092809878368358,0.30109922756981583,0.39211442152618625,0.4496859349800526,0.524212715389186,0.5313428401663696,0.5859434682964094,6.0,12.0,42.0,101.0,185.0,5.227757351206116,7.084131982547985,0.30612244897959184,0.3967363805026143,0.45403946702648,0.5280823073030865,0.5352082981953111,0.5892224658458425,6.0,12.0,41.0,100.0,183.0,5.20829616279104,7.069092882376881,0.004374695421255538,0.00480493601405575,0.004960631767342512,1.0734727523323542,1.3228756555322954,0.019837982455450858,0.5254976718356188
coco,000000069213,0,640,426,81.3608017899061,0.4454958920187793,0.4834617077464789,0.5085203931924883,0.535475352112676,0.5381272007042254,0.5569175469483568,1.0,3.0,28.0,144.0,249.0,4.579991540910964,6.3233486484799855,0.44550233644859816,0.48216997663551403,0.507169976635514,0.5335134345794392,0.536258761682243,0.5554614485981308,1.0,3.0,29.0,144.0,249.0,4.583972384535252,6.3146348270773345,0.4447048611111111,0.48038194444444443,0.5062210648148148,0.5315104166666667,0.5341724537037037,0.5545138888888889,1.0,3.0,29.0,145.0,249.0,4.588393402146254,6.315954027977157,0.44600694444444444,0.48246527777777776,0.5083912037037037,0.5326967592592593,0.5354745370370371,0.555787037037037,1.0,3.0,29.0,144.0,249.0,4.582199997676333,6.312657133799201,0.004718625245458274,0.004688049457603416,0.004996327021109149,1.5811388300841898,1.6909686573085854,0.025593794817618167,0.5299699237089202
coco,000000073153,0,426,640,19.701969630281692,0.6928697183098591,0.7658597417840376,0.8160394659624414,0.8727516138497653,0.8775931631455399,0.9066204518779343,0.0,1.0,6.0,21.0,60.0,2.8957918272353673,5.329661746132482,0.693428738317757,0.7658294392523365,0.8159608644859813,0.8726927570093458,0.8777015186915887,0.9066880841121495,0.0,1.0,6.0,21.0,60.0,2.8932328563107683,5.326945734517366,0.6919684579439253,0.764661214953271,0.8142815420560747,0.8715829439252336,0.8763142523364486,0.9058411214953271,0.0,1.0,6.0,21.0,61.0,2.8954101055693844,5.327093309545228,0.6917824074074074,0.7664351851851852,0.8141203703703703,0.872800925925926,0.8771412037037037,0.90625,0.0,1.0,6.0,21.0,60.0,2.891976395078012,5.318282167994052,0.0022934742808649352,0.001961130701098865,0.001375865805552352,0.0,0.5994789404140899,0.008247870666780613,0.8710827464788733
coco,000000074200,0,640,480,36.63853190104167,0.5252408854166667,0.5800748697916667,0.6269205729166667,0.6977962239583333,0.7066569010416667,0.7736197916666666,0.0,1.0,12.0,59.0,104.0,3.450080644837383,5.870389746184672,0.527421875,0.5815104166666667,0.6287760416666667,0.6999348958333333,0.7089453125,0.7755338541666666,0.0,1.0,12.0,59.0,104.0,3.4359497198901536,5.853936472255073,0.5323697916666666,0.586171875,0.63375,0.7037239583333333,0.7127604166666667,0.7792708333333334,0.0,1.0,11.0,57.0,102.0,3.4015374900758153,5.812120043805702,0.5318229166666667,0.5860416666666667,0.633125,0.7041666666666667,0.7145833333333333,0.7781770833333334,0.0,1.0,12.0,57.0,102.0,3.400543556967349,5.8033240345750485,0.005329542561253996,0.0043756151523753955,0.0036792192892398947,0.6959705453537527,1.197327753791751,0.031972070750153174,0.7006673177083333
coco,000000074646,0,480,640,59.493570963541664,0.20934244791666667,0.30263671875,0.39061848958333334,0.523330078125,0.5373828125,0.6368424479166667,7.0,19.0,44.0,86.0,140.0,5.260721160808665,7.185624031629611,0.20986979166666667,0.3032682291666667,0.3911848958333333,0.5247005208333333,0.538671875,0.6378645833333333,7.0,19.0,44.0,85.0,140.0,5.258078628566454,7.181527511117542,0.21125,0.3046875,0.39296875,0.526171875,0.5406770833333333,0.6391927083333333,7.0,19.0,44.0,85.0,140.0,5.252098620945885,7.179540142517092,0.21208333333333335,0.30645833333333333,0.395,0.5282291666666666,0.5422916666666666,0.6414583333333334,7.0,19.0,43.0,85.0,139.0,5.244613509428453,7.174210859250927,0.0021146631084859573,0.0033428247742359612,0.003128280613081888,0.6614378277661477,0.82915619758885,0.011316850126608187,0.530078125
coco,000000076416,0,640,480,79.60963216145834,0.18693033854166666,0.26135091145833333,0.34014322916666667,0.4597981770833333,0.4718098958333333,0.5583365885416667,7.0,22.0,54.0,124.0,199.0,5.546797263030927,7.283812057613119,0.18552083333333333,0.2581640625,0.3380078125,0.45765625,0.4698307291666667,0.5569401041666666,8.0,23.0,54.0,124.0,199.0,5.557763913641158,7.2815082076006,0.18583333333333332,0.25828125,0.338984375,0.4598697916666667,0.47192708333333333,0.5595052083333333,7.0,23.0,54.0,124.0,199.0,5.553572967181616,7.280723421810269,0.18302083333333333,0.25442708333333336,0.33588541666666666,0.456875,0.4689583333333333,0.55875,8.0,23.0,54.0,125.0,199.0,5.563053131460997,7.2826340122343804,0.002721912868161884,0.0033000299625770453,0.002549191867537116,0.5555121510822243,1.5612494995995996,0.010272463539764604,0.4379654947916667
coco,000000076547,0,640,480,46.57393880208333,0.49975260416666667,0.6036686197916666,0.6705598958333333,0.7462141927083333,0.7521321614583333,0.7843880208333334,1.0,4.0,16.0,49.0,167.0,4.043667463178997,6.321716685900805,0.5018619791666666,0.6049479166666667,0.6718229166666667,0.7481119791666667,0.7538541666666667,0.7861458333333333,1.0,4.0,15.0,48.0,167.0,4.0393109767314295,6.314255784752935,0.50328125,0.6054427083333334,0.671875,0.7457552083333333,0.7511458333333333,0.7824479166666667,1.0,4.0,15.0,49.0,169.0,4.042623686331294,6.315598263415149,0.5046875,0.6071354166666667,0.6719270833333333,0.7453645833333333,0.75109375,0.7813020833333333,1.0,4.0,15.0,49.0,169.0,4.0387888843756805,6.309892624626173,0.0033552087780062685,0.0020667881427462636,0.0032824624057026706,0.49607837082461076,2.6190408549696205,0.011298662010115236,0.7422623697916667
coco,000000078032,0,640,382,71.96550638089005,0.2681896269633508,0.32419420811518324,0.3592482002617801,0.4370337041884817,0.44734947643979056,0.5074157395287958,5.0,14.0,61.0,121.0,154.0,5.39178070475938,7.180704969808629,0.2689453125,0.32439778645833334,0.357958984375,0.435400390625,0.44581705729166665,0.5059895833333333,5.0,14.0,62.0,121.0,154.0,5.3935167184280965,7.172933275349921,0.2701497395833333,0.32431640625,0.35696614583333336,0.4354166666666667,0.44554036458333335,0.5058268229166667,5.0,14.0,62.0,122.0,155.0,5.39513214059485,7.17442986322473,0.27220052083333335,0.32545572916666665,0.35865885416666665,0.434765625,0.4446614583333333,0.505078125,5.0,13.0,62.0,122.0,155.0,5.387134822278869,7.167779641375168,0.004776831344178939,0.0055558700148225955,0.004526374452854429,1.1021995055342748,0.49607837082461076,0.017998813741117465,0.3968586387434555
coco,000000078843,0,640,480,28.22693359375,0.537568359375,0.62537109375,0.682509765625,0.765244140625,0.7752571614583333,0.8459440104166667,0.0,1.0,12.0,45.0,80.0,3.4037468331177427,5.854602575631706,0.5379036458333334,0.6268359375,0.6837760416666666,0.7659895833333333,0.7764322916666667,0.8472395833333334,0.0,1.0,12.0,44.0,80.0,3.39970203913259,5.8495775986743235,0.5395833333333333,0.6277083333333333,0.6840885416666667,0.7664322916666667,0.77703125,0.84765625,0.0,1.0,12.0,44.0,80.0,3.3948440552561756,5.841918980751181,0.53875,0.6265625,0.6832291666666667,0.7683854166666667,0.7788020833333333,0.8474479166666666,0.0,1.0,12.0,44.0,80.0,3.402663402279695,5.84491360076722,0.002065739409278799,0.0017880044813600063,0.002299087531384874,0.4841229182759271,0.6614378277661477,0.00952100753926505,0.765732421875
coco,000000079014,0,290,454,53.4768038888045,0.308840953972353,0.3835713200668388,0.44228315357739634,0.558499164514659,0.5756114233632083,0.6801610208111804,2.0,11.0,40.0,79.0,152.0,4.767583143867292,6.740748398768484,0.3066570535928863,0.382690459024273,0.44099975967315547,0.5558159096371065,0.5738103821196827,0.6784126411920212,2.0,11.0,40.0,80.0,152.0,4.774429100443761,6.7418291090030085,0.30317231434751263,0.3795361691900985,0.43709444844989187,0.5525114155251142,0.5698149483297285,0.6738163902907954,2.0,11.0,41.0,80.0,154.0,4.793468816341817,6.749589810802582,0.30014224751066854,0.37790422000948315,0.4307728781412992,0.5521574205784732,0.5692271218587008,0.671882408724514,2.0,11.0,41.0,80.0,154.0,4.805859231742619,6.756863792411229,0.0036217770678105615,0.00480084720298736,0.003768046766351914,0.6614378277661477,2.715695122800054,0.016482790577279322,0.5703630563572839
coco,000000080153,0,428,640,169.05572064836448,0.08255330023364486,0.09373539719626169,0.10498685747663551,0.12444509345794393,0.1263179030373832,0.13944947429906543,28.0,114.0,181.0,254.0,255.0,6.885412366744602,6.230688639484093,0.08287091121495327,0.09411507009345794,0.1051839953271028,0.12473714953271028,0.1263872663551402,0.13910630841121496,28.0,114.0,181.0,254.0,255.0,6.887436911176763,6.223500784565038,0.08186331775700935,0.09304906542056075,0.10391355140186916,0.12380257009345795,0.1254964953271028,0.1391355140186916,28.0,114.0,181.0,254.0,255.0,6.89309131247499,6.20073198641473,0.08182870370370371,0.09189814814814815,0.10335648148148148,0.12251157407407408,0.12407407407407407,0.13738425925925926,29.0,114.0,181.0,254.0,255.0,6.898096170423473,6.200626127015724,0.0012722527683532191,0.0013741182542314886,0.0014817476835660313,0.0,0.0,0.006077183968560141,0.11806731892523364
coco,000000080273,0,640,428,152.7176401869159,0.08464880257009345,0.10248247663551402,0.11325569509345794,0.14422459112149533,0.14819655373831775,0.19321334696261683,22.0,120.0,154.0,249.0,255.0,6.8183428044855985,6.166669276540029,0.08495911214953271,0.10232184579439252,0.11311331775700935,0.1430928738317757,0.1471086448598131,0.19274240654205607,22.0,120.0,154.0,247.0,255.0,6.819074767487914,6.165797525212054,0.0849537037037037,0.10245949074074075,0.11374421296296296,0.14291087962962962,0.1472800925925926,0.19273726851851852,22.0,120.0,154.0,247.0,255.0,6.81918721951988,6.1813985664141144,0.08443287037037037,0.10231481481481482,0.11325231481481482,0.14299768518518519,0.14733796296296298,0.19293981481481481,22.0,120.0,154.0,247.0,255.0,6.820254241876342,6.179047674682122,0.0010007829135100445,0.0011384623758330492,0.0013837813358508356,0.9499177595981665,0.0,0.004631507663554637,0.1267231308411215
coco,000000080340,0,640,426,48.47346317488263,0.35308465375586856,0.41604680164319247,0.4798048708920188,0.6076254401408451,0.6228506455399061,0.7118581279342723,1.0,5.0,34.0,71.0,114.0,4.459769873660592,6.684019540768323,0.352803738317757,0.4171144859813084,0.47971670560747665,0.6082359813084112,0.6232914719626168,0.7122809579439252,1.0,5.0,34.0,71.0,114.0,4.458350833740739,6.6816289801746285,0.3511574074074074,0.41498842592592594,0.476244212962963,0.60546875,0.6208333333333333,0.7109085648148148,1.0,5.0,35.0,71.0,114.0,4.462595391128924,6.682152991320815,0.3472222222222222,0.4125578703703704,0.47453703703703703,0.6041666666666666,0.6196180555555556,0.7101851851851851,1.0,6.0,35.0,71.0,114.0,4.475754779705348,6.683036485488243,0.003052477145660579,0.003070695182928338,0.0032050840616151418,0.49607837082461076,0.9013878188659973,0.012564369263242002,0.5516762030516432
coco,000000082807,0,640,600,38.160807291666664,0.6002239583333333,0.6328255208333333,0.6601536458333334,0.7047473958333333,0.7098697916666666,0.7465546875,0.0,0.0,3.0,65.0,122.0,2.9111067805993414,5.033813963933935,0.6017916666666666,0.63415625,0.6606979166666667,0.7053958333333333,0.7107291666666666,0.74678125,0.0,0.0,3.0,65.0,122.0,2.9028653206877637,5.02203030162423,0.6049375,0.6371875,0.6630625,0.707125,0.7122708333333333,0.7480416666666667,0.0,0.0,3.0,64.0,122.0,2.8862728757301306,4.999226791145141,0.605625,0.637125,0.663625,0.7077083333333334,0.7125,0.7490833333333333,0.0,0.0,3.0,64.0,122.0,2.8870093324513975,4.9982677499872485,0.003087056978730791,0.0024943390225244384,0.0015783828172241227,0.0,0.46351240544347894,0.01810954894173062,0.6803671875
coco,000000085089,0,640,428,56.036076226635515,0.4793990946261682,0.593593019859813,0.6571079147196262,0.7025481892523364,0.7067903037383177,0.7317282418224299,0.0,0.0,17.0,76.0,219.0,3.721822326624781,5.6977659965181795,0.4800963785046729,0.5942610981308412,0.6567757009345795,0.7011536214953271,0.7056220794392524,0.7305636682242991,0.0,0.0,17.0,77.0,219.0,3.717900867576591,5.6920227038619515,0.48009259259259257,0.5932581018518519,0.6560185185185186,0.7008680555555555,0.7051504629629629,0.7300925925925926,0.0,0.0,17.0,77.0,219.0,3.7201094481070633,5.692759065757523,0.4832175925925926,0.5976851851851852,0.6601851851851852,0.7045138888888889,0.7086805555555555,0.7335648148148148,0.0,0.0,17.0,76.0,219.0,3.6965070180344166,5.659462060455798,0.0024531602961185063,0.0031007445877468255,0.0028277976302854366,0.0,0.6959705453537527,0.016847702627943828,0.6956009053738318
coco,000000085195,0,640,480,132.75432291666667,0.22161458333333334,0.25030598958333333,0.26814127604166665,0.28814778645833333,0.2906315104166667,0.308876953125,2.0,23.0,145.0,244.0,255.0,6.002099005353355,6.176287432973371,0.223671875,0.2522265625,0.26983072916666667,0.28951822916666664,0.291875,0.30981770833333333,2.0,23.0,145.0,244.0,255.0,5.992887128896685,6.172111838860696,0.223671875,0.25263020833333333,0.26958333333333334,0.28856770833333334,0.29098958333333336,0.30822916666666667,2.0,23.0,145.0,242.0,255.0,5.992857482644836,6.184187791733875,0.22390625,0.2536979166666667,0.27088541666666666,0.28973958333333333,0.29229166666666667,0.31,2.0,23.0,145.0,242.0,255.0,5.991438160049757,6.179519925654176,0.003364972323360058,0.003429832770173075,0.002894486148246613,0.0,0.0,0.018730025541284154,0.285751953125
coco,000000088040,0,426,640,44.17786091549296,0.5864656690140845,0.632412705399061,0.6656726819248826,0.7102112676056338,0.714950117370892,0.7456646126760563,0.0,1.0,7.0,65.0,152.0,3.3791778705692765,5.78802900802928,0.5870765186915888,0.6326518691588785,0.6661653037383177,0.7110689252336448,0.7159900700934579,0.7473130841121496,0.0,1.0,7.0,64.0,152.0,3.3775629993836933,5.7871218457616305,0.585660046728972,0.6310455607476636,0.664427570093458,0.7091121495327103,0.7141939252336449,0.7451810747663551,0.0,1.0,7.0,65.0,154.0,3.387500695105548,5.790645780635769,0.5848958333333333,0.630150462962963,0.6637152777777777,0.7097800925925926,0.7149884259259259,0.7462962962962963,0.0,1.0,7.0,65.0,152.0,3.3877416134788527,5.787294963093196,0.002371892896615044,0.0023271443604602434,0.002289385353227678,0.0,1.3693063937629153,0.015444502731535588,0.6948283450704226
coco,000000088970,0,332,500,24.117301204819277,0.5972951807228916,0.6824457831325301,0.7860060240963855,0.8924397590361446,0.9004277108433735,0.9287951807228916,0.0,1.0,6.0,29.0,49.0,3.0026629531021682,5.331775724992182,0.597710843373494,0.6819518072289157,0.7856144578313253,0.8920722891566265,0.9000963855421686,0.9283373493975904,0.0,1.0,6.0,29.0,49.0,2.999857882944456,5.3271188033276,0.5984891948747371,0.6844999043794224,0.7860489577357047,0.8925224708357239,0.9017976668579079,0.9290017211703959,0.0,1.0,6.0,28.0,49.0,2.991329163541714,5.316611202696875,0.598167044595616,0.685374149659864,0.7888321995464853,0.8945578231292517,0.9031557067271353,0.9300831443688586,0.0,1.0,6.0,28.0,49.0,2.99089513762865,5.30560005641661,0.002005188428993983,0.003428250871819611,0.0023219435987594716,0.4330127018922193,0.582961190818051,0.008493352891625802,0.9198072289156627
coco,000000090108,0,640,480,56.60647786458333,0.23997721354166668,0.335498046875,0.39428059895833334,0.49317057291666666,0.5090364583333333,0.6216276041666666,6.0,16.0,48.0,80.0,122.0,5.17385150758504,7.016198679919738,0.2380859375,0.3316796875,0.3908203125,0.49029947916666666,0.5065755208333333,0.6196223958333333,6.0,16.0,49.0,80.0,122.0,5.185109751604187,7.021425352249513,0.23705729166666667,0.32875,0.387109375,0.4872135416666667,0.5038541666666667,0.617578125,6.0,16.0,49.0,80.0,122.0,5.193678750164862,7.023874842626948,0.23479166666666668,0.32609375,0.38416666666666666,0.4852604166666667,0.501875,0.6170833333333333,6.0,17.0,49.0,80.0,122.0,5.202374758463848,7.020347327634566,0.003401851571250585,0.00563211532607393,0.004587585326465785,0.6959705453537527,0.998044963916957,0.015234525807859051,0.49414388020833333
coco,000000090208,0,640,428,57.66441661799065,0.4034535630841122,0.4895772488317757,0.5531176985981309,0.6342983352803738,0.6420195677570093,0.6903658002336449,1.0,6.0,24.0,84.0,177.0,4.483745044661844,6.710342960856828,0.4030373831775701,0.4901285046728972,0.5533148364485981,0.633732476635514,0.6410776869158878,0.6898072429906542,1.0,6.0,24.0,84.0,179.0,4.488201818545664,6.707755286845158,0.3966145833333333,0.4844907407407407,0.5477430555555556,0.6275173611111111,0.6348090277777778,0.6841145833333333,1.0,6.0,25.0,86.0,181.0,4.517234247394284,6.7230107167742155,0.3950810185185185,0.48865740740740743,0.5502314814814815,0.6298032407407408,0.6369212962962963,0.6849537037037037,1.0,6.0,25.0,87.0,181.0,4.521967696556784,6.720535879492861,0.005426163602055639,0.00575811721257278,0.0052600057611708415,0.82915619758885,1.9364916731037085,0.028660039448533355,0.627734375
coco,000000091500,0,640,480,46.99958984375,0.276171875,0.37878255208333333,0.478564453125,0.613779296875,0.6268391927083333,0.7141145833333333,2.0,14.0,34.0,69.0,116.0,4.737018373948938,6.802988878544498,0.27608072916666665,0.3777083333333333,0.47751302083333336,0.6117708333333334,0.6249088541666666,0.7132942708333333,2.0,14.0,34.0,70.0,116.0,4.739303352001302,6.804186119494172,0.27486979166666664,0.37723958333333335,0.47588541666666667,0.6112239583333333,0.624375,0.7121354166666667,2.0,14.0,34.0,70.0,116.0,4.742798014871787,6.804560823877567,0.27453125,0.37604166666666666,0.4727604166666667,0.6105208333333333,0.6233333333333333,0.7121354166666667,2.0,14.0,34.0,70.0,116.0,4.743231207132176,6.802783318507339,0.002269438242141825,0.002774688486326608,0.0023859566822736706,0.3903123748998999,0.7806247497997998,0.007919737825114034,0.5957161458333333
coco,000000091615,0,640,424,64.95118661556604,0.19547464622641508,0.26051739386792455,0.3236954599056604,0.4383254716981132,0.45283387382075474,0.5531213148584906,4.0,22.0,56.0,98.0,132.0,5.282542398535391,7.190065927312724,0.19389740566037736,0.2587116745283019,0.3225088443396226,0.43688089622641507,0.45191627358490566,0.5535966981132076,4.0,22.0,56.0,98.0,132.0,5.286830897075527,7.187656031162749,0.19622641509433963,0.2624115566037736,0.3256485849056604,0.4400353773584906,0.45539504716981133,0.5571344339622641,4.0,22.0,56.0,96.0,131.0,5.278818191352591,7.185230524862409,0.1956367924528302,0.2633254716981132,0.3252358490566038,0.4383844339622642,0.4543632075471698,0.5553655660377359,4.0,22.0,56.0,96.0,131.0,5.281784950628689,7.18325670320975,0.002653260940459735,0.0028619388822849192,0.0033590039590094462,0.5,0.4330127018922193,0.01259777952027301,0.42655144457547167
coco,000000092091,0,640,480,49.765445963541666,0.40637369791666667,0.48374348958333335,0.5493619791666666,0.6517415364583333,0.662177734375,0.7316243489583333,1.0,5.0,25.0,68.0,141.0,4.399330115947786,6.687697451611075,0.4046875,0.4825130208333333,0.5482161458333333,0.6505598958333333,0.6608072916666666,0.7310677083333333,1.0,5.0,26.0,68.0,141.0,4.404218762769898,6.68871913574003,0.40515625,0.48216145833333335,0.5478385416666667,0.6497135416666666,0.6602604166666667,0.7306510416666666,1.0,5.0,26.0,68.0,143.0,4.4055743746509055,6.688242014271868,0.40197916666666667,0.4786458333333333,0.5443229166666667,0.6466666666666666,0.6569270833333334,0.7297395833333333,1.0,5.0,26.0,68.0,143.0,4.419807485981726,6.685642400560759,0.002953857187579266,0.0034087487251326883,0.002718219807692708,0.5,1.3228756555322954,0.012312806292016447,0.66291015625
coco,000000093437,0,640,360,47.39174479166667,0.26522135416666665,0.4102777777777778,0.6113107638888889,0.7949913194444445,0.8049826388888889,0.848125,8.0,15.0,27.0,42.0,116.0,4.8267066202958215,6.255419557585559,0.26394097222222224,0.40960069444444447,0.6117013888888889,0.7949479166666666,0.8043576388888889,0.8473784722222222,8.0,15.0,27.0,42.0,116.0,4.82753237708127,6.254170393851652,0.2610763888888889,0.4082986111111111,0.6104513888888888,0.7939236111111111,0.8040625,0.8469097222222223,8.0,15.0,27.0,42.0,116.0,4.8392392373943,6.2567590307883,0.2648611111111111,0.4131944444444444,0.6118055555555556,0.7948611111111111,0.804375,0.8464583333333333,8.0,15.0,27.0,42.0,116.0,4.827313135095707,6.253473888834368,0.004538741595294461,0.0035666732751052986,0.002015609298675581,0.0,3.1017887984193897,0.011948989148738851,0.8182508680555556
coco,000000094326,0,374,500,50.55829411764706,0.3300053475935829,0.41593582887700536,0.5016470588235294,0.6338342245989305,0.6450695187165776,0.7193048128342246,2.0,9.0,31.0,70.0,126.0,4.6098775018167,6.848271052479413,0.328531914893617,0.4158085106382979,0.5011489361702127,0.6344042553191489,0.6451914893617021,0.7185106382978723,2.0,9.0,31.0,70.0,126.0,4.61245852052614,6.8466226017299805,0.33476865923674437,0.42131036811887873,0.5077676460655184,0.6415906788247214,0.6522711921648092,0.7240797028031071,2.0,9.0,31.0,69.0,124.0,4.58740347017214,6.824270506866859,0.335612968591692,0.4197061803444782,0.5113981762917933,0.6413373860182371,0.6525667004390409,0.7241641337386018,2.0,9.0,31.0,69.0,123.0,4.5862692288223705,6.814856775472713,0.005192122385521418,0.006539339718926815,0.0061023232736678095,0.6123724356957945,1.14564392373896,0.024523802557441524,0.6386203208556149
coco,000000094614,0,640,426,114.04351892605634,0.08616857394366197,0.09039759389671362,0.09346390845070422,0.09910504694835681,0.09982761150234742,0.11240463615023474,50.0,82.0,103.0,163.0,173.0,6.434049826005692,6.643545331224475,0.08573306074766356,0.08977803738317756,0.09299065420560748,0.09842289719626168,0.09921144859813084,0.11251460280373832,51.0,82.0,103.0,163.0,173.0,6.434860849514978,6.649865812221581,0.08576388888888889,0.08984375,0.09311342592592593,0.09861111111111111,0.09956597222222222,0.11359953703703704,50.0,82.0,103.0,163.0,173.0,6.4310641515673,6.650505467749616,0.08512731481481481,0.08923611111111111,0.0921875,0.09809027777777778,0.09890046296296297,0.11313657407407407,52.0,82.0,103.0,163.0,173.0,6.435836069408832,6.645884932671832,0.0007825436809494918,0.0007757888952477711,0.0008630851406178861,0.0,0.0,0.004922420219819472,0.09525014671361502
coco,000000094944,0,640,426,44.01442561619718,0.263325264084507,0.3757592429577465,0.46725718896713614,0.5929100645539906,0.6082819835680752,0.7070165786384977,4.0,15.0,36.0,70.0,93.0,4.8087245863084,6.728568043475026,0.26330315420560746,0.3745619158878505,0.4665303738317757,0.59375,0.6094334112149533,0.7079585280373831,4.0,15.0,36.0,69.0,93.0,4.8077440850379105,6.725225488464211,0.26142939814814814,0.3723958333333333,0.4652777777777778,0.5923032407407407,0.6073495370370371,0.7073495370370371,4.0,15.0,36.0,69.0,93.0,4.815785661650163,6.72492958255801,0.26024305555555555,0.37320601851851853,0.46458333333333335,0.592650462962963,0.6076967592592593,0.7085648148148148,4.0,15.0,36.0,69.0,93.0,4.81587291372482,6.7194503928759275,0.0018209401641895709,0.0024369916315846226,0.0024967923199466753,0.33071891388307384,0.6959705453537527,0.007563766616885603,0.5293207159624413
coco,000000096493,0,426,640,61.35111502347418,0.25552743544600937,0.335999853286385,0.3931704812206573,0.4702904929577465,0.4790162852112676,0.5409991197183098,0.0,15.0,54.0,98.0,136.0,4.961453005025511,6.917440364782536,0.2561477803738318,0.33710572429906543,0.3949182242990654,0.4722108644859813,0.4813230140186916,0.5444363317757009,0.0,15.0,54.0,98.0,136.0,4.957204667068025,6.916480318276253,0.2573306074766355,0.33837616822429906,0.39643691588785046,0.4747663551401869,0.4842581775700935,0.5470210280373832,0.0,15.0,53.0,96.0,136.0,4.95235181306084,6.913521751932178,0.2583912037037037,0.3372685185185185,0.39739583333333334,0.4761574074074074,0.48483796296296294,0.5484953703703703,0.0,15.0,53.0,96.0,136.0,4.952036724820391,6.915138941586704,0.001943130545708853,0.003225713849393791,0.0031467928138327068,0.8816709987291178,0.24206145913796356,0.009196218775142475,0.4712551349765258
coco,000000097679,0,640,480,81.69506184895833,0.19700520833333332,0.274091796875,0.339423828125,0.42133463541666666,0.42797200520833334,0.4716438802083333,8.0,21.0,72.0,130.0,187.0,5.644418466821371,7.212620392428377,0.19533854166666667,0.2715625,0.337421875,0.4188151041666667,0.425546875,0.469140625,8.0,21.0,72.0,130.0,187.0,5.653633337511622,7.211113482512012,0.19520833333333334,0.27057291666666666,0.335234375,0.41518229166666665,0.4219791666666667,0.4647135416666667,8.0,21.0,74.0,130.0,187.0,5.660225034558894,7.211149529234908,0.19369791666666666,0.2694270833333333,0.3353125,0.41442708333333333,0.42130208333333335,0.46411458333333333,8.0,21.0,74.0,130.0,187.0,5.662330110617288,7.212844106304244,0.0024274688982016046,0.0027997800680100516,0.0038801414262093622,1.4361406616345072,0.9921567416492215,0.01121264126873887,0.42440104166666665
coco,000000098853,0,426,640,59.304379401408454,0.35704592136150237,0.41889304577464787,0.4678330399061033,0.5369608274647887,0.5441864730046948,0.5887287265258216,1.0,5.0,38.0,105.0,139.0,4.701011669938531,6.869360000649971,0.3576226635514019,0.41984521028037386,0.4698598130841122,0.5386098130841122,0.5457797897196262,0.5902891355140187,1.0,5.0,38.0,105.0,139.0,4.690489125018905,6.860598953420157,0.3576226635514019,0.4197429906542056,0.4713200934579439,0.5395735981308412,0.5464953271028037,0.5930198598130841,1.0,5.0,38.0,105.0,139.0,4.681722412453564,6.853603305646999,0.35758101851851853,0.4205439814814815,0.47303240740740743,0.5398148148148149,0.5467013888888889,0.5927083333333333,1.0,5.0,37.0,105.0,138.0,4.677600458154862,6.843142631608394,0.0019497604273371698,0.0033784109544772395,0.002985261355739551,0.8637671850678283,0.998044963916957,0.012934603156405395,0.4587037852112676
coco,000000099039,0,640,480,97.829609375,0.19545572916666668,0.233154296875,0.2730436197916667,0.3443782552083333,0.35198893229166667,0.4036002604166667,3.0,27.0,87.0,155.0,221.0,5.679023014584118,7.1787565173509735,0.194140625,0.23147135416666667,0.2716927083333333,0.34307291666666667,0.3501692708333333,0.40236979166666664,4.0,27.0,88.0,155.0,223.0,5.688727057156079,7.178571733186859,0.19450520833333335,0.23171875,0.2721354166666667,0.3435416666666667,0.3504947916666667,0.40166666666666667,4.0,27.0,88.0,157.0,226.0,5.6921596112484725,7.174379758415405,0.19098958333333332,0.22932291666666665,0.27,0.34208333333333335,0.34890625,0.39989583333333334,4.0,28.0,88.0,158.0,226.0,5.709025677678005,7.185105121976864,0.00276970601871779,0.002198552863684957,0.002469995369643016,0.46351240544347894,2.3443749166888814,0.01637850764515032,0.2888411458333333
coco,000000099242,0,640,426,180.8855156983568,0.022183098591549297,0.02554650821596244,0.028128667840375588,0.031778169014084506,0.032284330985915495,0.03677009976525822,113.0,121.0,157.0,242.0,249.0,7.336130794088313,5.611917798840685,0.022240070093457943,0.025744742990654206,0.028402453271028038,0.03173189252336449,0.03228679906542056,0.036419392523364486,113.0,121.0,157.0,242.0,249.0,7.3372757403185735,5.599507009469949,0.02175925925925926,0.024797453703703703,0.02722800925925926,0.030787037037037036,0.03127893518518519,0.03570601851851852,113.0,121.0,157.0,242.0,249.0,7.341821763082985,5.598976144819917,0.021180555555555557,0.024074074074074074,0.02662037037037037,0.030150462962962962,0.030555555555555555,0.03530092592592592,113.0,121.0,157.0,242.0,249.0,7.344102957249651,5.597002659542235,0.0008123550046365136,0.0010310075034460013,0.0010100395844985111,0.24206145913796356,0.0,0.004567190499651181,0.030798855633802816
coco,000000099810,0,500,332,44.42548795180723,0.2655120481927711,0.37566265060240966,0.4627409638554217,0.6320120481927711,0.6492409638554217,0.7363192771084337,6.0,15.0,35.0,65.0,96.0,4.916986952450808,6.7363710495971425,0.266,0.37616867469879517,0.4629397590361446,0.6322168674698795,0.6487469879518072,0.7366746987951808,6.0,15.0,35.0,65.0,96.0,4.917237207414511,6.73327364301681,0.2682380952380952,0.3782857142857143,0.4655714285714286,0.6331904761904762,0.6502380952380953,0.7382857142857143,6.0,15.0,35.0,65.0,96.0,4.906511970816904,6.731661612526756,0.27031368102796677,0.3776455026455027,0.4656084656084656,0.6329365079365079,0.6495653817082389,0.7375283446712018,6.0,15.0,35.0,65.0,96.0,4.903637743309465,6.723248338301997,0.0037199900032974594,0.0027924667231742466,0.001741201734491916,0.0,0.8637671850678283,0.011182466623822222,0.5910240963855422
coco,000000100238,0,640,480,81.54219401041667,0.246162109375,0.33471028645833334,0.40638671875,0.50486328125,0.5145865885416666,0.5789583333333334,6.0,16.0,47.0,117.0,255.0,5.405890927533007,6.856983293953713,0.24653645833333335,0.333984375,0.405234375,0.5045572916666666,0.5140234375,0.577890625,6.0,16.0,47.0,119.0,255.0,5.409954469060397,6.8528251240709395,0.24411458333333333,0.3309635416666667,0.40307291666666667,0.503125,0.512734375,0.5761979166666666,6.0,16.0,47.0,121.0,255.0,5.425507400366754,6.843228463943965,0.24421875,0.3321875,0.40484375,0.5045833333333334,0.5141145833333334,0.5766666666666667,6.0,16.0,47.0,121.0,255.0,5.424550387037264,6.8350238792864,0.0022889809331729854,0.002691181352480738,0.0021338654132745465,0.4841229182759271,0.0,0.01358192465257691,0.5036165364583334
coco,000000100510,0,600,400,46.273404166666666,0.4380625,0.5223583333333334,0.5840083333333334,0.6661166666666667,0.6740583333333333,0.7260208333333333,2.0,7.0,21.0,70.0,126.0,4.400575680795742,6.687016872025358,0.43956666666666666,0.5253333333333333,0.5862333333333334,0.6674666666666667,0.6758833333333333,0.7275333333333334,2.0,7.0,21.0,70.0,126.0,4.390114585262705,6.67769770565904,0.4432,0.5271666666666667,0.5862666666666667,0.6674,0.6763666666666667,0.7274333333333334,2.0,6.0,20.0,70.0,126.0,4.365102145212423,6.665677613873914,0.4458666666666667,0.5282666666666667,0.5858666666666666,0.6671333333333334,0.6767333333333333,0.7286,2.0,6.0,20.0,70.0,124.0,4.356387290392568,6.64864975583573,0.009482775869672578,0.0074742102890168,0.005732212826552127,0.9499177595981665,2.2325713874364688,0.04846825656846535,0.630325
coco,000000100582,0,640,426,69.54097344483569,0.30578785211267606,0.3633949530516432,0.4200667546948357,0.5094116784037559,0.5182181631455399,0.5785908157276995,1.0,9.0,46.0,117.0,171.0,4.898060064676916,7.0353307212747325,0.30478971962616824,0.3627044392523365,0.4196553738317757,0.5085426401869159,0.5178738317757009,0.5781834112149533,1.0,9.0,46.0,117.0,171.0,4.901578535316907,7.0363145786808765,0.3023148148148148,0.3599247685185185,0.41652199074074076,0.5042245370370371,0.5134548611111112,0.5737268518518519,1.0,10.0,47.0,119.0,171.0,4.923354580011621,7.049816428627121,0.30214120370370373,0.35868055555555556,0.4160300925925926,0.5043981481481481,0.5137152777777778,0.5740162037037037,1.0,10.0,47.0,119.0,171.0,4.922550821673131,7.038327410160285,0.0029384802836054723,0.0027892475705082386,0.003415599345214946,0.8076779989575054,0.9682458365518543,0.01690130618238368,0.4400931631455399
coco,000000100723,0,500,332,51.209722891566265,0.5194638554216867,0.5726626506024096,0.6090301204819277,0.6602289156626506,0.664698795180723,0.7032951807228915,0.0,1.0,13.0,88.0,157.0,3.785788888043512,6.1974421221706795,0.5146987951807229,0.5696144578313252,0.6056867469879518,0.657012048192771,0.6616144578313253,0.7010120481927711,0.0,1.0,14.0,88.0,159.0,3.804485956818952,6.208187430116362,0.5119047619047619,0.5665238095238095,0.6024761904761905,0.6531904761904762,0.6573333333333333,0.6982380952380952,0.0,1.0,14.0,90.0,161.0,3.8236996445431393,6.218903442740059,0.5090702947845805,0.5619803476946335,0.5984504913076342,0.6489040060468632,0.6528722600151171,0.6926492819349962,0.0,1.0,15.0,93.0,163.0,3.851908067461712,6.224445747916313,0.004870934601648497,0.005321119369068648,0.00547810190853212,0.6091746465505602,2.4238399287081647,0.027576401887188656,0.6424156626506025
coco,000000107087,0,640,426,27.332962881455398,0.6015881748826291,0.742800029342723,0.8233861502347418,0.8906103286384977,0.8941241197183099,0.9102589495305164,1.0,5.0,12.0,24.0,53.0,3.656655111998555,5.713288295070436,0.6027891355140187,0.7429322429906542,0.8242260514018691,0.8906834112149533,0.8943779205607477,0.9108936915887851,1.0,5.0,12.0,24.0,53.0,3.6529909158748253,5.708116398394772,0.6010706018518519,0.7420138888888889,0.8230613425925926,0.8891782407407407,0.893287037037037,0.9097511574074074,1.0,5.0,12.0,24.0,54.0,3.661140693046209,5.712021472938785,0.6021412037037037,0.74375,0.8248842592592592,0.8904513888888889,0.8944444444444445,0.9108217592592592,1.0,5.0,12.0,24.0,53.0,3.6479519705951327,5.699124573039679,0.0024434667077343837,0.0021472736822897884,0.0017714907166172255,0.0,1.1709371246996996,0.012498414963518735,0.8971317488262911
coco,000000107226,0,480,640,57.98735677083334,0.39843098958333334,0.4909765625,0.5854850260416666,0.6707389322916667,0.6773470052083334,0.7181087239583334,3.0,6.0,24.0,77.0,192.0,4.650357147437115,6.448963743394295,0.3970442708333333,0.48923177083333336,0.5825130208333333,0.6678776041666666,0.6744140625,0.7156770833333334,3.0,6.0,24.0,79.0,192.0,4.660468819108454,6.451975712454355,0.3958333333333333,0.48911458333333335,0.5823958333333333,0.6655729166666666,0.6722135416666667,0.7127083333333334,3.0,6.0,24.0,81.0,194.0,4.671668032368446,6.450467672944637,0.39359375,0.48833333333333334,0.5813541666666666,0.66421875,0.6706770833333333,0.7105208333333334,3.0,6.0,24.0,81.0,194.0,4.678188246146548,6.451234867852136,0.0034147306089698996,0.004116960957210236,0.00455835064891106,0.0,1.197327753791751,0.017845580254835923,0.6721744791666666
coco,000000107339,0,240,180,47.923287037037035,0.36118055555555556,0.4569675925925926,0.5087268518518518,0.6101851851851852,0.6235185185185185,0.7241898148148148,0.0,8.0,30.0,68.0,120.0,4.394420538485987,6.65755749720271,0.35768518518518516,0.45092592592592595,0.502962962962963,0.6047222222222223,0.6184259259259259,0.7206481481481481,0.0,8.0,31.0,69.0,122.0,4.418140105513173,6.674372716670593,0.35579710144927534,0.44764492753623186,0.5005434782608695,0.6021739130434782,0.6173913043478261,0.7193840579710145,0.0,8.0,31.0,69.0,124.0,4.44407266928811,6.6865551775589775,0.3539855072463768,0.44130434782608696,0.49492753623188407,0.5967391304347827,0.6105072463768116,0.717391304347826,0.0,8.0,33.0,69.0,126.0,4.466393185885915,6.67481036412427,0.00426159124810619,0.005613883682299375,0.0053215508036332584,1.0307764064044151,3.53055856062465,0.029800254900133813,0.6771296296296296
coco,000000111086,0,500,336,66.81070238095238,0.5111964285714286,0.55625,0.5870059523809524,0.6325773809523809,0.6362916666666667,0.6595,0.0,0.0,14.0,129.0,247.0,3.7260652906502356,5.562457425407975,0.5077857142857143,0.5525238095238095,0.5840714285714286,0.6298571428571429,0.6332380952380953,0.6566904761904762,0.0,0.0,14.0,129.0,247.0,3.7498549487589945,5.584349835371486,0.49952380952380954,0.5442380952380952,0.5774761904761905,0.6240476190476191,0.6281904761904762,0.6514285714285715,0.0,0.0,16.0,131.0,249.0,3.8040207747818244,5.624841689562581,0.49943310657596374,0.5445011337868481,0.5783257747543462,0.6232993197278912,0.627739984882842,0.6540060468631897,0.0,0.0,16.0,129.0,247.0,3.797123047827389,5.62103737357077,0.00883101943354221,0.007096880250455001,0.00590172751349566,1.6092991486979666,1.996089927833914,0.05610349935881554,0.6179642857142857
coco,000000113051,0,640,480,39.93431966145833,0.758564453125,0.787998046875,0.8064778645833334,0.8254036458333334,0.8271549479166667,0.8370149739583334,0.0,0.0,2.0,14.0,255.0,2.4474025134010367,4.015763090495951,0.7559375,0.7863020833333333,0.8057291666666667,0.8242578125,0.8260807291666666,0.8357942708333334,0.0,0.0,2.0,15.0,255.0,2.45993924684168,4.025427152993093,0.7559375,0.7858854166666667,0.805859375,0.824609375,0.8263802083333334,0.8360416666666667,0.0,0.0,2.0,15.0,255.0,2.466750658093226,4.037865975024705,0.75296875,0.7841145833333333,0.8031770833333334,0.8220833333333334,0.8235416666666666,0.8334375,0.0,0.0,2.0,15.0,255.0,2.4864671429504437,4.045215758846165,0.0041843281590159855,0.0034234578938962252,0.0032779349883861205,0.0,0.0,0.02555260687650237,0.822197265625
coco,000000115245,0,612,612,69.85355792643855,0.456677987098979,0.5269020462215387,0.5762313640052971,0.6399141355888761,0.6457238668888035,0.6683807509932077,1.0,2.0,20.0,130.0,255.0,4.343027829071622,6.088023802502249,0.4553056516724337,0.5247020376778162,0.5744051433209449,0.6383655858857704,0.6441966764919476,0.6670724934854116,1.0,2.0,20.0,130.0,255.0,4.3503854385362635,6.094445758371616,0.45291146761734996,0.5240853917324505,0.5741448094389271,0.6372336813513284,0.6433876580935405,0.6666030048382989,1.0,2.0,20.0,130.0,255.0,4.357344634797448,6.107619505201608,0.4494012481025468,0.5220947883285546,0.5726935402260077,0.6354359925788498,0.6419716646989374,0.6652049249451847,1.0,3.0,21.0,131.0,255.0,4.368429825591698,6.119774474222376,0.0033113844069013743,0.0028625269570697193,0.002801311967313186,0.3903123748998999,0.0,0.014606837666443877,0.6448214361997522
coco,000000116479,0,410,640,29.7865625,0.48990091463414637,0.5725228658536585,0.6500228658536585,0.7737842987804878,0.7866044207317073,0.856048018292683,0.0,1.0,17.0,44.0,79.0,3.460154947280853,5.80397379769377,0.49109526699029127,0.5727396844660194,0.6505006067961165,0.7751516990291262,0.787939927184466,0.8564168689320388,0.0,1.0,16.0,44.0,79.0,3.4549335236624508,5.7967597076434085,0.49165655339805825,0.5741808252427184,0.6519114077669903,0.7754550970873786,0.788501213592233,0.8560376213592233,0.0,1.0,16.0,44.0,80.0,3.4470069422428335,5.786317464868369,0.4969350961538462,0.5771634615384615,0.6524038461538462,0.7779447115384616,0.7907451923076924,0.8575721153846154,0.0,0.0,16.0,44.0,79.0,3.4158871084776496,5.747983009932249,0.004131867252580902,0.0018903299485236453,0.0024187596650954084,0.49607837082461076,0.46351240544347894,0.025469297296580068,0.7884794207317073
coco,000000117425,0,640,426,30.516043133802818,0.5484741784037559,0.620418867370892,0.6841769366197183,0.7738923122065727,0.7833223298122066,0.8254841549295775,0.0,1.0,12.0,43.0,95.0,3.3330339942417155,5.7809860394051515,0.5484959112149532,0.6205461448598131,0.6841705607476636,0.774313668224299,0.7839223130841122,0.8252482476635514,0.0,1.0,11.0,43.0,95.0,3.331773541177557,5.779788024351296,0.5478587962962963,0.6194733796296297,0.6832465277777777,0.7741608796296297,0.7839988425925926,0.8255208333333334,0.0,1.0,12.0,43.0,95.0,3.3382440277865473,5.783168217219408,0.5440393518518518,0.6169560185185186,0.6806134259259259,0.7725694444444444,0.7820023148148149,0.8238425925925926,0.0,1.0,12.0,43.0,95.0,3.346698755359696,5.786849483808155,0.0018735350550172114,0.0018707416978521888,0.001880724278592647,0.49607837082461076,0.6817945071647321,0.0077494498798348225,0.7694505575117371
coco,000000119445,0,640,426,48.7540859741784,0.48314994131455397,0.5546728286384977,0.6058428697183098,0.6742994424882629,0.6816974765258216,0.7259976525821596,1.0,4.0,17.0,72.0,146.0,4.235379302837582,6.5367973357158675,0.481206191588785,0.552891355140187,0.6038551401869159,0.6730432242990654,0.6806950934579439,0.7244889018691589,1.0,4.0,17.0,72.0,145.0,4.243756168031844,6.540233558590684,0.479369212962963,0.5532118055555556,0.6036747685185185,0.6718460648148148,0.6791956018518519,0.7233796296296297,1.0,4.0,17.0,72.0,146.0,4.2464211970226,6.54342067048438,0.47760416666666666,0.5521412037037037,0.6035300925925926,0.6739004629629629,0.6818287037037037,0.727025462962963,1.0,4.0,17.0,71.0,145.0,4.241832009187091,6.5369773565067115,0.003209278425248465,0.0025067544803829968,0.0027647624768858945,0.24206145913796356,1.75,0.014304654630487603,0.6613336267605634
coco,000000119641,0,640,480,77.72001302083333,0.146103515625,0.248603515625,0.34143229166666667,0.4629296875,0.4741569010416667,0.5484602864583333,12.0,24.0,54.0,111.0,181.0,5.650523051722543,7.113467716161979,0.14618489583333333,0.24826822916666666,0.34173177083333334,0.46412760416666665,0.47596354166666666,0.5494140625,12.0,24.0,54.0,111.0,181.0,5.650649731176842,7.109336793528975,0.14455729166666667,0.24747395833333333,0.3413802083333333,0.46479166666666666,0.47596354166666666,0.5496614583333334,12.0,24.0,54.0,111.0,181.0,5.65420555151475,7.099743918806778,0.14494791666666668,0.24984375,0.34307291666666667,0.4671354166666667,0.4780729166666667,0.55265625,12.0,24.0,53.0,111.0,181.0,5.650207598091444,7.098088614144526,0.0018688610031178414,0.00162588450820708,0.00230378386460361,0.33071891388307384,0.5,0.0048982463853881894,0.436826171875
coco,000000119995,0,468,500,125.97974358974359,0.08921794871794872,0.12278632478632479,0.1695982905982906,0.22564102564102564,0.22982051282051283,0.2480982905982906,19.0,65.0,117.0,225.0,242.0,6.412623682888424,7.148246989987898,0.08917948717948718,0.1234871794871795,0.17017094017094017,0.2262222222222222,0.23013675213675214,0.24806837606837606,19.0,65.0,117.0,226.0,242.0,6.411305495762551,7.143396251066675,0.09048975715642382,0.12484737484737485,0.17114367114367116,0.22805589472256138,0.23215981549314882,0.250644417311084,19.0,63.0,116.0,223.0,242.0,6.401379042423402,7.1549131213092885,0.09059725585149314,0.12516814635458703,0.17023136938391176,0.22706483723432877,0.23110034974441754,0.24939467312348668,19.0,64.0,115.0,223.0,242.0,6.400467297067604,7.159289205302714,0.0011661994723289656,0.0019955469003509994,0.002173314031049023,0.9921567416492215,0.0,0.008139681260247184,0.15612820512820513
coco,000000121591,0,500,400,108.58236,0.065505,0.07694,0.089955,0.12486,0.130215,0.178455,37.0,74.0,93.0,113.0,255.0,6.318786614821949,6.40468575630452,0.0676,0.07898,0.0927,0.12696,0.13268,0.18122,36.0,74.0,92.0,113.0,255.0,6.307968992061201,6.39875435542177,0.06724,0.07884,0.09296,0.12676,0.133,0.18232,36.0,74.0,92.0,114.0,255.0,6.313597639529741,6.387967163384672,0.06365079365079365,0.07626984126984127,0.09103174603174603,0.12317460317460317,0.12857142857142856,0.17944444444444443,37.0,74.0,92.0,114.0,255.0,6.3287299429472075,6.390027836456867,0.003019176846485395,0.0031491740779833947,0.0031167902683773533,0.49607837082461076,0.0,0.017837430394325834,0.111365
coco,000000121744,0,640,426,47.108190287558685,0.3999413145539906,0.4960350645539906,0.586462001173709,0.697824970657277,0.7062720070422536,0.7481367370892019,0.0,4.0,24.0,64.0,148.0,4.150718002428917,6.522279416541546,0.4000876168224299,0.4956483644859813,0.5874269859813084,0.6971378504672897,0.7053738317757009,0.7480286214953271,0.0,4.0,24.0,64.0,148.0,4.150307584411621,6.517029182669036,0.3974537037037037,0.4933738425925926,0.5849826388888889,0.6970486111111112,0.705324074074074,0.7477141203703703,0.0,4.0,24.0,64.0,150.0,4.156722472309499,6.515145838112623,0.3991898148148148,0.49496527777777777,0.5876736111111112,0.6975694444444445,0.7070601851851852,0.7482060185185185,0.0,4.0,24.0,64.0,150.0,4.15000206197407,6.508663481590714,0.0026903614343561045,0.0032725569416192633,0.0020711262837957898,0.33071891388307384,0.7880950133074057,0.011081813839210166,0.6842576291079813
coco,000000122672,0,640,480,39.812731119791664,0.5086165364583334,0.5779036458333333,0.6366536458333333,0.7199674479166667,0.7284375,0.7800944010416667,0.0,1.0,15.0,55.0,117.0,3.679365968647714,6.147327670024076,0.509375,0.5788020833333334,0.6382291666666666,0.7218619791666666,0.7300260416666666,0.7816276041666667,0.0,1.0,15.0,54.0,117.0,3.6730213660843574,6.136985979750065,0.5118229166666667,0.5819791666666667,0.6406770833333333,0.7229166666666667,0.730859375,0.7824739583333333,0.0,1.0,15.0,54.0,117.0,3.6583902256057352,6.120474751740448,0.5121354166666666,0.58421875,0.6423958333333334,0.72359375,0.7308854166666666,0.7822916666666667,0.0,1.0,14.0,54.0,116.0,3.65941226924276,6.118752518056674,0.0035101698006630364,0.0024042044087339387,0.002260830655253973,0.4330127018922193,1.3678792892649556,0.01661181375652133,0.7056282552083334
coco,000000124798,0,640,426,51.63241270539906,0.3746295481220657,0.44127053990610327,0.5065837734741784,0.597700264084507,0.6045297828638497,0.6530883215962441,2.0,7.0,31.0,93.0,128.0,4.637531359473063,6.786180032523005,0.3767815420560748,0.44412967289719624,0.5094626168224299,0.5995181074766355,0.6060747663551402,0.6544246495327103,2.0,7.0,30.0,92.0,127.0,4.626441805236425,6.777828496629218,0.37664930555555554,0.44340277777777776,0.50859375,0.5984085648148149,0.6046875,0.6531539351851852,2.0,7.0,31.0,92.0,127.0,4.627351069174903,6.77509586720585,0.37667824074074074,0.44265046296296295,0.507349537037037,0.5972222222222222,0.6034722222222222,0.6509259259259259,2.0,7.0,31.0,92.0,127.0,4.631234283819605,6.76988769638556,0.0030332591817582985,0.003098128424838806,0.0024655664842738734,0.4330127018922193,0.6091746465505602,0.013482260792568035,0.5336230927230047
coco,000000125129,0,500,332,64.89622289156627,0.44274096385542167,0.4651566265060241,0.49676506024096384,0.5776204819277109,0.5837349397590361,0.624722891566265,0.0,2.0,33.0,105.0,199.0,4.263244578856251,6.416673178459375,0.441710843373494,0.4640963855421687,0.4955180722891566,0.5749397590361446,0.5808192771084337,0.6214698795180723,0.0,2.0,33.0,106.0,199.0,4.272426144531224,6.4173815240041225,0.44142857142857145,0.4630952380952381,0.4942857142857143,0.5725238095238095,0.5778571428571428,0.6180476190476191,0.0,2.0,33.0,107.0,199.0,4.286367718392917,6.420684011439491,0.44160997732426305,0.4623015873015873,0.4947089947089947,0.5740740740740741,0.5781368102796675,0.6190476190476191,0.0,2.0,33.0,106.0,199.0,4.281649497249096,6.411727044692247,0.00309987400298817,0.002577530889595437,0.0035977925243332273,0.7043392293490403,1.6476782908080085,0.020104199240675174,0.5417951807228916
coco,000000126107,0,640,480,128.18572916666668,0.10219401041666666,0.14755859375,0.179140625,0.22608072916666666,0.23201822916666667,0.28215169270833335,15.0,55.0,122.0,204.0,255.0,6.461732605643226,7.175869255002413,0.100703125,0.14604166666666665,0.17776041666666667,0.22373697916666666,0.22989583333333333,0.28,15.0,56.0,122.0,205.0,255.0,6.472384432878256,7.1665385405659014,0.09614583333333333,0.14,0.17278645833333334,0.21690104166666666,0.22299479166666666,0.27270833333333333,16.0,57.0,124.0,206.0,255.0,6.5041027904419195,7.160928502897878,0.09557291666666666,0.13901041666666666,0.17130208333333333,0.21557291666666667,0.22171875,0.2722395833333333,16.0,57.0,124.0,206.0,255.0,6.510317894724762,7.153420108472368,0.004243987773763001,0.004895383124246733,0.005976051857270087,1.224744871391589,0.0,0.027747952021711847,0.20146158854166665
coco,000000126110,0,320,240,33.63565104166667,0.34856770833333334,0.4891015625,0.60609375,0.7455338541666666,0.7590755208333333,0.8619401041666667,4.0,11.0,24.0,48.0,69.0,4.494195157260716,6.387836676214178,0.34765625,0.4869791666666667,0.603125,0.7424479166666667,0.7553645833333333,0.8615625,4.0,11.0,24.0,49.0,69.0,4.497946577981639,6.380899104208089,0.3511458333333333,0.4897916666666667,0.6055208333333333,0.745,0.7569791666666666,0.8616666666666667,4.0,11.0,24.0,48.0,69.0,4.493423569094915,6.3661210013267375,0.36854166666666666,0.5,0.6125,0.7491666666666666,0.7604166666666666,0.8633333333333333,4.0,11.0,23.0,48.0,69.0,4.4598732178214,6.3301601029230135,0.012531400447628327,0.008123831379633786,0.004274622778952978,0.5266343608235224,0.4841229182759271,0.025628657923944694,0.8722135416666666
coco,000000126226,0,640,480,62.00134440104166,0.4702864583333333,0.495009765625,0.5190494791666667,0.5608756510416667,0.5663053385416666,0.608583984375,0.0,1.0,25.0,117.0,187.0,4.099913055643648,6.267147815490246,0.4726692708333333,0.49796875,0.52234375,0.5638671875,0.5697005208333333,0.611484375,0.0,1.0,24.0,117.0,187.0,4.081137564106659,6.250791178496141,0.47572916666666665,0.500390625,0.524921875,0.566875,0.5730729166666667,0.614453125,0.0,1.0,23.0,116.0,187.0,4.058920945963023,6.230025959561694,0.47604166666666664,0.5005729166666667,0.52546875,0.5673958333333333,0.5736979166666667,0.61609375,0.0,1.0,23.0,116.0,187.0,4.051048012046406,6.222264178607707,0.0033774947376901945,0.0037980902619062233,0.004218688462047972,1.2975337182516684,0.0,0.024268242461107894,0.5574186197916666
coco,000000126592,0,640,432,98.70666594328704,0.26767216435185187,0.29614438657407405,0.3199074074074074,0.35960286458333335,0.36441695601851853,0.40337094907407406,1.0,12.0,92.0,161.0,244.0,5.402188080188058,7.012493683688431,0.26600115740740743,0.2944733796296296,0.31783854166666664,0.3574363425925926,0.3624131944444444,0.40108506944444444,1.0,12.0,93.0,163.0,244.0,5.4176671625980415,7.02150276188306,0.2650752314814815,0.2943865740740741,0.31805555555555554,0.35847800925925927,0.3636284722222222,0.4019097222222222,1.0,12.0,93.0,163.0,244.0,5.424560655992032,7.016709302697133,0.26342592592592595,0.29409722222222223,0.31828703703703703,0.35891203703703706,0.36417824074074073,0.4036458333333333,1.0,12.0,93.0,163.0,244.0,5.43159133584952,7.019887586856907,0.0044251385279066675,0.003761128891035157,0.0038043923272154255,1.3213984069916234,0.4841229182759271,0.02579870582053565,0.3473777488425926
coco,000000127270,0,328,500,80.17056097560976,0.13538414634146342,0.1846829268292683,0.29970121951219514,0.43406707317073173,0.4474451219512195,0.4976951219512195,9.0,27.0,64.0,111.0,167.0,5.67823563420926,7.201169464292267,0.13587804878048781,0.1848780487804878,0.2995853658536585,0.43360975609756097,0.446609756097561,0.49741463414634146,8.0,27.0,64.0,111.0,167.0,5.675387565045942,7.194962204725818,0.13279132791327913,0.18195896244676732,0.29471544715447157,0.4291521486643438,0.44187959736740223,0.4909020518776616,9.0,28.0,68.0,111.0,172.0,5.696571312671615,7.201283350990824,0.13221060782036392,0.18147502903600465,0.2938443670150987,0.4262485481997677,0.43873403019744484,0.4878048780487805,9.0,28.0,69.0,111.0,172.0,5.699333669311231,7.2012323837410745,0.0036689423329628584,0.003922149189741266,0.005448510639132702,3.018174116912409,3.637908052713812,0.023576564407666,0.32709756097560977
coco,000000127394,0,408,640,35.71307061887255,0.5437882965686275,0.6138288909313725,0.6680376838235295,0.7508348651960784,0.7580193014705883,0.8052159926470588,0.0,1.0,12.0,47.0,113.0,3.539619495121197,6.0322334249199585,0.5438112745098039,0.6143688725490196,0.6680606617647059,0.7510723039215687,0.7582261029411764,0.8054227941176471,0.0,1.0,12.0,47.0,113.0,3.539488378491169,6.028079855309052,0.5458026960784313,0.6160539215686275,0.6699754901960784,0.7524816176470588,0.7599264705882353,0.8069546568627451,0.0,1.0,12.0,47.0,113.0,3.5307351007428256,6.017252641940728,0.5435661764705882,0.6131127450980393,0.6657475490196079,0.749203431372549,0.757046568627451,0.8034926470588235,0.0,1.0,12.0,48.0,114.0,3.546998434914908,6.026950704866212,0.003372108009682315,0.003595205497238229,0.0030956421926574915,0.0,1.4142135623730951,0.01870714418556773,0.7535041360294118
coco,000000127530,0,640,440,54.594772727272726,0.28046875,0.4100958806818182,0.45615411931818184,0.6883664772727273,0.7187393465909091,0.7680646306818182,0.0,13.0,36.0,52.0,151.0,4.448572098345848,6.189050243755487,0.2806676136363636,0.4104119318181818,0.4564346590909091,0.6898153409090909,0.720028409090909,0.7690340909090909,0.0,13.0,36.0,52.0,151.0,4.447239303339632,6.1827923662752005,0.2808806818181818,0.4113068181818182,0.45590909090909093,0.6880681818181819,0.7192045454545455,0.7686647727272727,0.0,13.0,36.0,52.0,151.0,4.4461333854505325,6.188859911548848,0.280625,0.41056818181818183,0.455625,0.6885795454545455,0.7196590909090909,0.7689204545454545,0.0,13.0,36.0,52.0,151.0,4.448493819868715,6.185682079627435,0.00107063080603473,0.0010600662509112429,0.0012609634701924747,0.24206145913796356,1.2686114456365274,0.0035931509001785704,0.7331463068181818
coco,000000127660,0,640,512,12.006564331054687,0.7795501708984375,0.8880218505859375,0.9233612060546875,0.9557861328125,0.9589202880859375,0.9766571044921875,1.0,3.0,6.0,13.0,26.0,2.8712556731491548,4.937379021014209,0.7822998046875,0.88924560546875,0.92508544921875,0.9567138671875,0.95968017578125,0.9770751953125,1.0,3.0,6.0,13.0,25.0,2.8622146836300266,4.922936299841476,0.788330078125,0.893212890625,0.9281982421875,0.958251953125,0.961083984375,0.9770263671875,1.0,3.0,6.0,13.0,25.0,2.8396512281464115,4.892350822029946,0.789892578125,0.89404296875,0.928955078125,0.957958984375,0.9611328125,0.976806640625,1.0,3.0,6.0,13.0,24.0,2.8319658213799643,4.881656139700976,0.005627910569631962,0.0034676980472621087,0.002328871149785868,0.5,0.6123724356957945,0.02626525241110402,0.972064208984375
coco,000000128148,0,640,428,66.59053373247663,0.276493136682243,0.3519859813084112,0.4270516939252336,0.5591121495327103,0.5719042056074767,0.6455899532710281,2.0,13.0,40.0,92.0,181.0,4.999216622683521,6.986778839285938,0.2754088785046729,0.351241238317757,0.4257301401869159,0.5573014018691589,0.5704585280373832,0.6444217289719626,2.0,13.0,40.0,92.0,181.0,5.005135815595894,6.986822957740568,0.27277199074074077,0.3470196759259259,0.42216435185185186,0.555150462962963,0.5682291666666667,0.642824074074074,2.0,13.0,40.0,93.0,182.0,5.015629849413881,6.989942324334869,0.27488425925925924,0.3482638888888889,0.42378472222222224,0.5566550925925926,0.5695023148148148,0.64375,2.0,13.0,40.0,91.0,181.0,5.006416061197828,6.983222828914484,0.002920868460173293,0.003382645320690909,0.0032861763951668862,0.5994789404140899,2.310810193417019,0.013662351036924052,0.5590938960280374
coco,000000129812,0,640,426,54.81780736502348,0.3606550762910798,0.382137617370892,0.39908670774647886,0.44209213615023474,0.450612529342723,0.5592319542253521,0.0,2.0,56.0,95.0,119.0,4.377382957903042,6.20305353462285,0.36041179906542054,0.3828125,0.3997079439252336,0.44313668224299063,0.4517231308411215,0.5598422897196261,0.0,2.0,56.0,95.0,119.0,4.376007702868468,6.202248639554851,0.3609953703703704,0.38472222222222224,0.40098379629629627,0.4454282407407407,0.45425347222222223,0.5620659722222222,0.0,2.0,56.0,94.0,119.0,4.374130550831255,6.207712033271029,0.36128472222222224,0.3846643518518518,0.40185185185185185,0.44612268518518516,0.4552083333333333,0.5622106481481481,0.0,2.0,56.0,94.0,119.0,4.37910317213079,6.214590724616841,0.002118173905078527,0.00229427728895457,0.0031527805416003184,0.4330127018922193,0.582961190818051,0.011525315910560663,0.4268742664319249
coco,000000130699,0,640,426,16.788805751173708,0.6538695715962441,0.7353139671361503,0.827431778169014,0.9563747065727699,0.9610255281690141,0.9772960680751174,2.0,5.0,10.0,25.0,38.0,3.5220322822844023,5.3545513573853345,0.6531688084112149,0.7343457943925233,0.8261974299065421,0.9558849299065421,0.9606016355140187,0.9768545560747663,2.0,5.0,10.0,25.0,38.0,3.527336804805898,5.357878412422519,0.6549479166666666,0.7360532407407407,0.827488425925926,0.9585069444444444,0.9637152777777778,0.9796875,2.0,5.0,10.0,25.0,38.0,3.5225248587751796,5.337392698864722,0.6527199074074074,0.7343171296296296,0.8267939814814815,0.9581597222222222,0.9633680555555556,0.9798611111111111,2.0,5.0,10.0,25.0,37.0,3.531603547840618,5.3422236892848725,0.0028648960487509204,0.003467162737766676,0.002952415201181386,0.5,0.46351240544347894,0.010924641273619678,0.9708993544600939
coco,000000130826,0,640,480,68.437158203125,0.319970703125,0.37059895833333334,0.41311848958333336,0.490400390625,0.5012174479166667,0.5816276041666667,2.0,9.0,49.0,107.0,167.0,4.976914666896753,7.055202586356896,0.3208203125,0.37134114583333333,0.41408854166666664,0.49061197916666666,0.5016536458333334,0.5821354166666667,2.0,9.0,49.0,107.0,167.0,4.971798601155257,7.05163761627425,0.32114583333333335,0.3709635416666667,0.413203125,0.4906510416666667,0.5021354166666666,0.5827604166666667,2.0,9.0,49.0,107.0,169.0,4.971265125515224,7.050822720248654,0.32255208333333335,0.3729166666666667,0.4159375,0.49286458333333333,0.5057291666666667,0.5875,2.0,9.0,49.0,106.0,166.0,4.958447898633442,7.038692699788941,0.0017687227724074179,0.0018767059477449374,0.0019463315011558338,0.4841229182759271,1.8529958850466992,0.007302329030935806,0.46318359375
coco,000000131131,0,640,480,122.68783528645834,0.26898111979166667,0.30213541666666666,0.32907552083333336,0.364013671875,0.36729817708333334,0.38968098958333336,3.0,12.0,121.0,226.0,255.0,5.792491324497697,6.433945404218859,0.2683463541666667,0.3017708333333333,0.32861979166666666,0.36321614583333334,0.3666015625,0.38885416666666667,3.0,12.0,121.0,226.0,255.0,5.79237322811498,6.432592875790997,0.26838541666666665,0.3023958333333333,0.32817708333333334,0.361484375,0.36463541666666666,0.38734375,3.0,12.0,122.0,226.0,255.0,5.796753175181295,6.430953211471724,0.269375,0.3019791666666667,0.32744791666666667,0.36041666666666666,0.3631770833333333,0.38484375,3.0,12.0,122.0,226.0,255.0,5.797988977951013,6.438032383312525,0.0019861759747255604,0.001491951152021196,0.0020271455426551887,0.9333240326917549,0.0,0.007510275717402181,0.36255208333333333
coco,000000131444,0,480,640,37.592138671875,0.39443033854166665,0.5724446614583333,0.664453125,0.749658203125,0.7574088541666667,0.8052799479166667,3.0,10.0,20.0,48.0,104.0,4.386676448633022,6.532855512443302,0.39424479166666665,0.5713020833333333,0.6634375,0.7490234375,0.756796875,0.8045703125,3.0,10.0,20.0,48.0,104.0,4.3913673385271315,6.535009700122744,0.3955989583333333,0.571640625,0.6645833333333333,0.749296875,0.7573697916666666,0.80390625,3.0,10.0,20.0,48.0,104.0,4.387383628106932,6.529466075916158,0.39557291666666666,0.5714583333333333,0.6632291666666666,0.74703125,0.7552604166666667,0.80265625,3.0,10.0,20.0,48.0,104.0,4.3903720788930345,6.527757189499729,0.002643163019364235,0.0023480862664270463,0.0017880311498391622,0.24206145913796356,0.5555121510822243,0.008229478650831545,0.7365462239583334
coco,000000132408,0,428,640,53.09498758761682,0.4065931658878505,0.48376168224299065,0.5579329731308411,0.6636426693925234,0.6714259637850467,0.7091450058411215,1.0,6.0,25.0,82.0,167.0,4.445600663030184,6.7384363112124745,0.40638142523364484,0.4839807242990654,0.5575788551401869,0.6623393691588785,0.6699620327102803,0.7083528037383178,1.0,6.0,25.0,83.0,169.0,4.452200383631382,6.743412944707285,0.40496495327102805,0.48440420560747666,0.5566880841121495,0.6607768691588785,0.6682242990654206,0.7061623831775701,1.0,6.0,25.0,84.0,169.0,4.4596290058516495,6.7456941956135275,0.4035300925925926,0.4835069444444444,0.5556134259259259,0.6615162037037037,0.6689814814814815,0.7045138888888889,1.0,6.0,25.0,84.0,169.0,4.4665632751268936,6.743335683175388,0.0018777735355671957,0.002398367054819987,0.0036170155351255297,0.3903123748998999,0.8660254037844386,0.009617261479252884,0.7021721670560748
coco,000000132587,0,640,424,51.21191037735849,0.45814416273584907,0.5399837853773585,0.6106132075471699,0.6948334316037735,0.7018167747641509,0.7387492629716981,0.0,3.0,19.0,69.0,165.0,4.017354401872308,6.377789937661377,0.4587411556603774,0.5402417452830188,0.6104805424528302,0.6959463443396227,0.7033755896226415,0.7401238207547169,0.0,3.0,19.0,68.0,165.0,4.012118820711395,6.371812075648061,0.45857900943396224,0.5407429245283019,0.6113207547169811,0.6969634433962264,0.7043926886792453,0.7421580188679245,0.0,3.0,19.0,68.0,163.0,4.00434791898453,6.362374118713956,0.4558372641509434,0.5402712264150943,0.611497641509434,0.6978773584905661,0.7058962264150943,0.7429245283018868,0.0,3.0,19.0,66.0,165.0,4.007620472075866,6.3531349591998785,0.0025278996346606015,0.0014642955115787312,0.001749006362438483,0.3903123748998999,1.996089927833914,0.012582041392670287,0.7116450471698114
coco,000000133000,0,640,426,56.44103946596244,0.3672718603286385,0.41898474178403755,0.4642348884976526,0.5766211854460094,0.5822439847417841,0.6227479460093897,1.0,6.0,37.0,96.0,129.0,4.587503549173184,6.741636946529024,0.3680198598130841,0.41994742990654205,0.4656103971962617,0.5783002336448598,0.5842289719626168,0.6253066588785047,1.0,6.0,37.0,95.0,128.0,4.577601516904552,6.731599250615439,0.36652199074074077,0.4189236111111111,0.46707175925925926,0.5810185185185185,0.5871527777777777,0.6298900462962963,1.0,6.0,37.0,93.0,127.0,4.576574713493738,6.725211068933885,0.36649305555555556,0.4200231481481482,0.4685185185185185,0.584837962962963,0.5914930555555555,0.6341435185185185,1.0,6.0,37.0,92.0,126.0,4.5688142823101785,6.717623907781111,0.004871694630503133,0.005921883121994269,0.007486098196050713,0.982264602843857,2.4866832830097203,0.0324900524572913,0.5110291960093897
coco,000000133343,0,294,480,19.471577380952382,0.7286918934240363,0.7702310090702947,0.8023667800453514,0.8512259070294784,0.8558956916099774,0.8891652494331066,0.0,0.0,1.0,19.0,69.0,2.255683606571068,4.526686837642964,0.7313063063063063,0.7723536036036036,0.8041666666666667,0.8528716216216217,0.8576295045045045,0.8897804054054054,0.0,0.0,1.0,19.0,68.0,2.2471237514590574,4.514208520618254,0.7282094594594595,0.7690878378378379,0.8012387387387387,0.8499436936936937,0.854954954954955,0.8885135135135135,0.0,0.0,1.0,19.0,69.0,2.26401237869984,4.535038268031425,0.7277027027027027,0.7692567567567568,0.8001126126126126,0.8497747747747748,0.8563063063063063,0.8896396396396397,0.0,0.0,1.0,19.0,68.0,2.2645539524126064,4.531929483399241,0.00427333201755313,0.0033663134456499906,0.0027580278587137986,0.33071891388307384,0.7905694150420949,0.019382293896705077,0.8483489229024943
coco,000000133819,0,640,424,70.41097435141509,0.35875589622641507,0.42494103773584907,0.4853626179245283,0.5745946344339623,0.5847951061320755,0.6405291863207547,0.0,5.0,34.0,105.0,247.0,4.587110109347451,6.4928303663510425,0.3600235849056604,0.4262676886792453,0.48505306603773585,0.57421875,0.5845076650943396,0.6394899764150943,0.0,5.0,34.0,105.0,249.0,4.588399199169865,6.483683528149636,0.36046580188679245,0.42617924528301887,0.4865566037735849,0.5754422169811321,0.5855837264150944,0.6395341981132076,0.0,5.0,34.0,107.0,252.0,4.586508363179833,6.461610382701197,0.3568985849056604,0.4211084905660377,0.4818985849056604,0.5722287735849056,0.5824292452830189,0.6351415094339623,0.0,5.0,35.0,111.0,252.0,4.6042470101143325,6.47269673615726,0.0032395055948364238,0.0035353704257959405,0.003516845443002282,0.6614378277661477,3.8522517765587443,0.01772211753836388,0.5798201650943396
coco,000000135410,0,480,640,42.799716796875,0.5744694010416667,0.61248046875,0.6448404947916667,0.68822265625,0.6938053385416667,0.7330013020833334,0.0,1.0,8.0,69.0,129.0,3.407389649864216,5.764857864410167,0.5747395833333333,0.6124739583333333,0.6448046875,0.6880078125,0.6937239583333333,0.7318229166666667,0.0,1.0,7.0,70.0,129.0,3.4059443342034545,5.755300522487808,0.576796875,0.6134114583333333,0.6457552083333333,0.68921875,0.6949739583333333,0.73296875,0.0,1.0,7.0,69.0,129.0,3.394452317058599,5.739802911985228,0.5779166666666666,0.61390625,0.6456770833333333,0.689375,0.6946354166666666,0.7325520833333333,0.0,1.0,7.0,69.0,129.0,3.392128313176189,5.733969553448377,0.002089039934166905,0.0021549749612791995,0.002270668233766759,0.4841229182759271,1.2103072956898178,0.014289982819475328,0.6662565104166667
coco,000000136633,0,426,640,24.309008215962443,0.7386883802816901,0.7935042546948357,0.8229643485915493,0.8616784037558686,0.8651848591549296,0.8890478286384976,0.0,0.0,3.0,17.0,72.0,2.4766698970017735,4.764002989037986,0.737821261682243,0.791544976635514,0.8210572429906542,0.8612295560747664,0.8649970794392523,0.8874561915887851,0.0,0.0,3.0,17.0,74.0,2.4829836059985175,4.767137561327373,0.736536214953271,0.7905665887850467,0.8198890186915888,0.8610397196261682,0.8649532710280374,0.8879672897196261,0.0,0.0,3.0,17.0,73.0,2.489107892733714,4.775059392015844,0.7380208333333333,0.7903935185185185,0.8186921296296297,0.8607638888888889,0.8643518518518518,0.8869791666666667,0.0,0.0,3.0,17.0,74.0,2.4878497244889264,4.768193305020702,0.0032874652891642466,0.0026242105682690205,0.0016212002283940202,0.0,1.9029171684547912,0.016596071096662918,0.8607100938967136
coco,000000140270,0,600,400,79.73344583333333,0.10050833333333334,0.16615416666666666,0.21812083333333335,0.3636041666666667,0.3807333333333333,0.4963958333333333,15.0,36.0,64.0,124.0,146.0,5.85694054146677,7.144917683282886,0.09945,0.16671666666666668,0.21835,0.3623,0.3796,0.49541666666666667,16.0,36.0,64.0,124.0,146.0,5.85757979918665,7.147416574457473,0.09973333333333333,0.16723333333333334,0.21713333333333334,0.36123333333333335,0.3779,0.49383333333333335,16.0,36.0,65.0,124.0,146.0,5.861180713114891,7.148692571210562,0.09966666666666667,0.16693333333333332,0.21606666666666666,0.3605333333333333,0.37766666666666665,0.49373333333333336,16.0,36.0,65.0,124.0,145.0,5.857875904919824,7.139415351928973,0.0013486361423469435,0.0017396070357666674,0.002189875694087576,0.5994789404140899,0.5,0.007031471454079727,0.11731666666666667
coco,000000140583,0,640,478,65.50339631276151,0.4694331851464435,0.5310636767782427,0.5710970188284519,0.624133760460251,0.6291939069037656,0.6612316945606694,1.0,6.0,19.0,109.0,230.0,4.467687453429848,6.393121331682793,0.4712109375,0.5335026041666666,0.5736197916666667,0.6246614583333333,0.6297395833333334,0.6615234375,1.0,6.0,18.0,109.0,230.0,4.452501438243339,6.380216839747146,0.4715625,0.5346875,0.5755989583333333,0.6254947916666667,0.630546875,0.6631510416666667,1.0,6.0,18.0,108.0,228.0,4.4589039570860916,6.388363978672003,0.47458333333333336,0.5355208333333333,0.5758854166666667,0.6256770833333334,0.63140625,0.6632291666666666,1.0,6.0,18.0,108.0,228.0,4.448799751318229,6.376640018492309,0.002658905428385019,0.0031855700675682704,0.003044464616277999,0.4841229182759271,2.4486922530199666,0.022172979351721654,0.603487839958159
coco,000000140640,0,640,426,28.040606660798122,0.5344666960093897,0.6186069542253522,0.686905809859155,0.7611539025821596,0.7697696596244131,0.8521346830985915,0.0,2.0,13.0,45.0,77.0,3.478359486797654,5.8602748828309945,0.5344772196261682,0.6185893691588785,0.6874415887850467,0.7606746495327102,0.7688960280373832,0.851197429906542,0.0,2.0,13.0,45.0,77.0,3.474554436789583,5.854646812204846,0.5352719907407407,0.6194733796296297,0.6883391203703704,0.7623263888888889,0.7708043981481482,0.8524305555555556,0.0,2.0,13.0,45.0,77.0,3.4681043315202684,5.849997706752296,0.5375,0.621875,0.6892939814814815,0.7625578703703704,0.7720486111111111,0.8525462962962963,0.0,2.0,13.0,45.0,77.0,3.462279025330872,5.844295149780962,0.0028669632797318993,0.0024115480614035796,0.0021829939001804886,0.24206145913796356,0.5266343608235224,0.01301584106701022,0.7718896713615023
coco,000000143556,0,480,640,75.42527669270834,0.37455403645833335,0.443515625,0.488916015625,0.5458430989583334,0.5504264322916667,0.5795442708333334,0.0,6.0,34.0,136.0,228.0,4.679840946718753,6.678129558573106,0.37545572916666664,0.4428255208333333,0.487890625,0.54390625,0.5483723958333333,0.5781510416666666,0.0,6.0,35.0,136.0,228.0,4.6876864480309015,6.679559788654376,0.37296875,0.440078125,0.48453125,0.5408333333333334,0.545390625,0.575078125,0.0,6.0,35.0,137.0,228.0,4.701718016715049,6.682865293346891,0.36875,0.4363020833333333,0.47942708333333334,0.5368229166666667,0.5418229166666667,0.5713541666666667,0.0,6.0,36.0,138.0,228.0,4.727564973856639,6.701939633181858,0.0040159073931151645,0.00402595317919346,0.004602352331452763,0.8569568250501305,0.6614378277661477,0.024231839656509723,0.5405696614583333
coco,000000143572,0,640,424,54.61074587264151,0.37843823702830187,0.440403891509434,0.4970482016509434,0.5949071344339623,0.6085421580188679,0.6991045106132076,1.0,7.0,32.0,78.0,148.0,4.547944276234048,6.854214010716478,0.381028891509434,0.44273290094339623,0.4979952830188679,0.5957252358490566,0.6087558962264151,0.699557783018868,1.0,7.0,32.0,77.0,148.0,4.537525712626633,6.8463556126465965,0.38101415094339625,0.4441332547169811,0.49943985849056605,0.5971108490566037,0.609876179245283,0.7012382075471698,1.0,7.0,32.0,77.0,148.0,4.543102499039973,6.84810467567905,0.38142688679245285,0.44923349056603773,0.5034787735849057,0.6005306603773585,0.6129716981132075,0.7024174528301886,1.0,7.0,31.0,77.0,150.0,4.531714595826696,6.837024393667409,0.005453679504219519,0.006387564324601516,0.004256062447659606,1.1439378261076953,1.3678792892649556,0.02817926477991794,0.5846661261792453
coco,000000144706,0,640,480,74.85447916666666,0.27194010416666664,0.35180013020833334,0.4084700520833333,0.48557942708333335,0.49345703125,0.5555859375,5.0,14.0,51.0,133.0,185.0,5.3374646894760165,7.234756151181033,0.2695703125,0.3489453125,0.40498697916666665,0.4826953125,0.4908984375,0.5533463541666667,5.0,14.0,51.0,134.0,187.0,5.350698911179311,7.240132651268267,0.26645833333333335,0.34588541666666667,0.40177083333333335,0.478359375,0.48703125,0.5501041666666666,5.0,14.0,52.0,134.0,187.0,5.367380752882897,7.247341654600705,0.26276041666666666,0.3433333333333333,0.39895833333333336,0.4759375,0.4840625,0.54875,5.0,15.0,53.0,136.0,187.0,5.3798385890273295,7.252392554957554,0.0044329579588792654,0.0046150313619859286,0.004977361503482527,1.3169567191065923,0.9682458365518543,0.021364106618331116,0.489853515625
coco,000000145665,0,428,640,9.674390332943926,0.8936879380841122,0.9181184287383177,0.9366639894859813,0.9588748539719626,0.9603606892523364,0.9690420560747663,0.0,0.0,4.0,9.0,17.0,2.1370069404927996,4.269512529825099,0.8930782710280374,0.9178738317757009,0.9357330607476636,0.9586448598130841,0.9601927570093458,0.9688084112149533,0.0,0.0,4.0,9.0,17.0,2.1344372572062054,4.2657131727532835,0.8939836448598131,0.9186331775700934,0.9360105140186916,0.9592581775700935,0.9607476635514018,0.9693633177570093,0.0,0.0,3.0,9.0,17.0,2.129077832358981,4.2569564005755165,0.8953703703703704,0.9186342592592592,0.936400462962963,0.9598958333333333,0.9612847222222223,0.9696759259259259,0.0,0.0,3.0,9.0,17.0,2.124129043073846,4.2443883726466645,0.0016255230804292239,0.0009740326712982201,0.0009920565549892807,0.4330127018922193,0.42847841252506524,0.00844743347148456,0.9626423773364486
coco,000000147223,0,640,360,36.62980034722222,0.5152647569444444,0.6029470486111111,0.660625,0.7418619791666666,0.7499479166666667,0.8051388888888888,0.0,3.0,15.0,50.0,102.0,3.7778239335733783,6.236517978790947,0.5121006944444444,0.59828125,0.6557291666666667,0.7369444444444444,0.7446006944444444,0.8004340277777777,0.0,3.0,15.0,51.0,104.0,3.793539213098098,6.252137304658428,0.5120833333333333,0.5951736111111111,0.6512847222222222,0.7333680555555555,0.7409375,0.7963541666666667,0.0,3.0,15.0,52.0,106.0,3.8000844810139496,6.251026586971076,0.5061111111111111,0.5909722222222222,0.6479861111111112,0.7290277777777778,0.7365277777777778,0.7918055555555555,0.0,3.0,15.0,53.0,108.0,3.8219296320180915,6.263734043882941,0.00561143870388852,0.006652364577750418,0.005906988898192056,0.49607837082461076,2.680951323690902,0.029065704776103447,0.7349782986111111
coco,000000150224,0,640,426,80.98420261150235,0.20655443075117372,0.2152655516431925,0.23493984741784038,0.2905443075117371,0.2975058685446009,0.3489656690140845,2.0,36.0,79.0,136.0,154.0,5.527756636051917,6.739021457522637,0.20808995327102803,0.21666179906542057,0.2361857476635514,0.2924211448598131,0.29890478971962614,0.35052570093457946,2.0,36.0,79.0,136.0,154.0,5.520123037919879,6.741334489687723,0.2078125,0.21715856481481483,0.23666087962962962,0.29363425925925923,0.3002025462962963,0.35260416666666666,2.0,36.0,79.0,136.0,154.0,5.518683139405631,6.739863758802597,0.20625,0.21626157407407406,0.23605324074074074,0.2924189814814815,0.29930555555555555,0.353125,2.0,36.0,79.0,136.0,154.0,5.523208160575904,6.740931839851335,0.002523155217592902,0.003106595186496352,0.003752758287286538,0.3903123748998999,0.0,0.01458945746895075,0.2585167253521127
coco,000000151051,0,640,478,93.12800405334728,0.02814788179916318,0.031174816945606695,0.034172332635983266,0.042086166317991634,0.04357348326359833,0.19242939330543932,60.0,66.0,78.0,126.0,131.0,6.369323753751885,5.796871539095049,0.027903645833333334,0.031002604166666666,0.0340234375,0.0420703125,0.04341145833333333,0.19029947916666667,59.0,66.0,78.0,126.0,131.0,6.372319214001418,5.7900452523259895,0.028463541666666668,0.031536458333333336,0.03466145833333333,0.042317708333333336,0.04341145833333333,0.18825520833333334,59.0,66.0,78.0,126.0,132.0,6.370663192789886,5.813193541557557,0.0278125,0.031041666666666665,0.034270833333333334,0.04177083333333333,0.043125,0.18572916666666667,59.0,67.0,78.0,126.0,132.0,6.37256247220181,5.809794912785715,0.0007542008665391991,0.0008105706962061727,0.0008337952136457971,0.46351240544347894,0.49607837082461076,0.004178780179936326,0.0378432269874477
coco,000000151480,0,640,480,52.12109375,0.27561848958333335,0.40740885416666667,0.539423828125,0.6631640625,0.6662044270833334,0.6854915364583334,4.0,14.0,29.0,95.0,122.0,4.89529420026816,6.673177947849108,0.2786458333333333,0.4098307291666667,0.5408984375,0.6640755208333333,0.6671875,0.686171875,4.0,14.0,29.0,95.0,122.0,4.886374742448455,6.668082439560967,0.2829947916666667,0.4136458333333333,0.5419010416666666,0.6641666666666667,0.667421875,0.6861979166666666,4.0,14.0,29.0,95.0,124.0,4.871360762274564,6.670205576228847,0.2842708333333333,0.4161458333333333,0.5451041666666666,0.66765625,0.6710416666666666,0.6890104166666666,4.0,13.0,29.0,94.0,124.0,4.862201014053479,6.654444290365144,0.004833689534007764,0.0039045338569621405,0.002859955720002956,0.3903123748998999,0.9921567416492215,0.017828398099654943,0.46113932291666665
coco,000000154358,0,426,640,46.049365463615025,0.47255721830985914,0.5437059859154929,0.6174295774647888,0.7027692194835681,0.7088394953051643,0.7474838615023475,0.0,3.0,18.0,64.0,137.0,3.977857698375977,6.412618651004566,0.4735835280373832,0.5451080607476636,0.6194947429906542,0.704410046728972,0.710382593457944,0.7489339953271028,0.0,3.0,18.0,64.0,137.0,3.975066286451805,6.410539071241232,0.47213785046728973,0.5446553738317756,0.6198306074766355,0.7047897196261682,0.7109521028037383,0.7501460280373832,0.0,3.0,19.0,63.0,137.0,3.9834839454955224,6.415299371625686,0.47228009259259257,0.5445601851851852,0.6191550925925926,0.7030671296296296,0.7090856481481481,0.7470486111111111,0.0,3.0,18.0,64.0,137.0,3.9760230819637856,6.410102245829401,0.0034112264789905875,0.002918249087773528,0.0038917650868524234,0.5,2.1469455046647083,0.016748170885081175,0.7201657863849765
coco,000000155145,0,500,374,44.45244385026738,0.25940641711229945,0.3796042780748663,0.45895187165775403,0.6134438502673797,0.6266363636363637,0.7544438502673797,7.0,15.0,35.0,63.0,88.0,4.95107311026309,6.729480365843673,0.26104255319148933,0.38093617021276593,0.4595531914893617,0.6139361702127659,0.6272340425531915,0.7565531914893617,7.0,15.0,35.0,63.0,88.0,4.94720261067908,6.721219022210274,0.2635744680851064,0.38251063829787235,0.46374468085106385,0.6166808510638297,0.6300851063829788,0.7585531914893617,7.0,15.0,35.0,63.0,88.0,4.936872935473941,6.7215103717528475,0.26258020938872,0.3837386018237082,0.46386355960824044,0.6157548125633232,0.6296014859844647,0.7600472813238771,7.0,15.0,35.0,62.0,88.0,4.936770434048656,6.710986138000811,0.0028300633161731786,0.0038652886082838622,0.002887826039359578,0.49607837082461076,0.6584783595532961,0.00918010787611218,0.6575882352941177
coco,000000155179,0,640,468,71.43841479700855,0.16831597222222222,0.2305789262820513,0.30000667735042735,0.4297909989316239,0.4439569978632479,0.5515024038461539,6.0,26.0,56.0,104.0,161.0,5.429084728287734,7.247397446981605,0.1657719017094017,0.2283520299145299,0.2977964743589744,0.4285523504273504,0.44332264957264955,0.5498530982905983,6.0,26.0,56.0,104.0,161.0,5.442435011999497,7.253270255599627,0.16872351694915255,0.22926377118644067,0.29708686440677967,0.42746292372881356,0.4420550847457627,0.5493908898305084,6.0,26.0,56.0,104.0,161.0,5.436740804953364,7.2523491575886565,0.1704978813559322,0.23177966101694916,0.2983050847457627,0.42865466101694916,0.4423728813559322,0.5519597457627119,6.0,26.0,56.0,103.0,161.0,5.426234960476489,7.245792171145946,0.00363516652990742,0.0033237395194572984,0.002574292845304943,0.46351240544347894,0.899218410621135,0.02041105485433222,0.3754440438034188
coco,000000157365,0,426,640,14.346372505868544,0.7287705399061033,0.7900638204225352,0.854856220657277,0.9188233568075117,0.9236979166666667,0.9563820422535211,0.0,0.0,4.0,19.0,42.0,2.41712429051566,4.76048973891506,0.7301839953271028,0.7915595794392524,0.8548919392523364,0.9187792056074766,0.92334988317757,0.9559141355140187,0.0,0.0,4.0,18.0,42.0,2.4069888978225302,4.748245011424387,0.7306658878504673,0.7921436915887851,0.8541471962616822,0.9183703271028038,0.9229556074766355,0.9557535046728972,0.0,0.0,3.0,18.0,42.0,2.394107242347204,4.731334884907963,0.7322337962962963,0.7926504629629629,0.8549768518518519,0.9195023148148148,0.9239583333333333,0.9565393518518519,0.0,0.0,3.0,18.0,42.0,2.386804587468985,4.717614835061554,0.002778274763580869,0.0012593285378922744,0.0008916093507552742,0.46351240544347894,0.3903123748998999,0.016039190830109493,0.9347087734741784
coco,000000157418,0,480,640,46.137333984375,0.35334635416666665,0.42386067708333336,0.50421875,0.6274609375,0.64142578125,0.72041015625,1.0,7.0,31.0,69.0,101.0,4.45638979147988,6.698655033302487,0.35299479166666664,0.4238151041666667,0.504140625,0.6274869791666666,0.6410286458333333,0.7205598958333334,1.0,7.0,31.0,69.0,101.0,4.4570677940244465,6.695005827263367,0.352265625,0.42309895833333333,0.5027864583333334,0.624765625,0.6384635416666666,0.7205208333333334,1.0,7.0,31.0,69.0,101.0,4.467558447419377,6.703491912318079,0.3542708333333333,0.4266666666666667,0.5054166666666666,0.62796875,0.6417708333333333,0.7230208333333333,1.0,7.0,31.0,69.0,101.0,4.458134434871285,6.689839335768438,0.003771166932469588,0.002962003481891289,0.0028537243873983076,0.24206145913796356,0.9499177595981665,0.013325636133198393,0.6096744791666666
coco,000000157756,0,480,640,10.254319661458334,0.856796875,0.9100423177083333,0.935595703125,0.9561197916666667,0.9577766927083333,0.966875,0.0,0.0,1.0,8.0,21.0,1.7043209203685246,3.7716295467946863,0.8579296875,0.9109114583333333,0.9361067708333334,0.9567057291666666,0.9582942708333333,0.9675390625,0.0,0.0,1.0,8.0,21.0,1.693372827499956,3.7540167401009485,0.8588020833333333,0.9105208333333333,0.9354166666666667,0.9562760416666667,0.957890625,0.96703125,0.0,0.0,1.0,8.0,21.0,1.691001336105688,3.745129580783434,0.8588541666666667,0.91,0.9350520833333333,0.9559895833333333,0.9574479166666666,0.9671354166666667,0.0,0.0,1.0,8.0,21.0,1.6842344885200797,3.732211433006758,0.0021423129243410355,0.0015182502444130827,0.0011758783975531794,0.0,0.46351240544347894,0.013914277882787162,0.9589680989583333
coco,000000160864,0,640,388,55.2021987757732,0.20677351804123711,0.3115214239690722,0.42228576030927834,0.595384987113402,0.6111871778350515,0.7167847938144329,6.0,19.0,40.0,72.0,132.0,5.102800445741212,7.001090768510944,0.20653994845360824,0.31198453608247423,0.4218105670103093,0.5960856958762887,0.6111469072164949,0.7156572164948454,6.0,19.0,40.0,72.0,134.0,5.1048343724217435,7.00001223089494,0.20577168367346937,0.31154336734693877,0.4186862244897959,0.5945471938775511,0.6095344387755102,0.7134247448979592,6.0,19.0,40.0,72.0,133.0,5.104601169853421,7.004858752380978,0.20548469387755103,0.31186224489795916,0.41957908163265306,0.5935586734693877,0.6090561224489796,0.7125637755102041,6.0,19.0,40.0,72.0,134.0,5.105976813160687,7.001325970091716,0.001700617406293,0.004145037013801825,0.0033106237851668555,0.5,1.184205957593526,0.009531929631529488,0.5826393363402061
coco,000000161879,0,640,568,34.715096830985914,0.6125192561619718,0.6867847711267606,0.7342814700704225,0.7912522007042253,0.7972903829225352,0.83203125,0.0,3.0,10.0,36.0,110.0,3.613949061189562,5.94971054240743,0.6131382042253521,0.6872469190140845,0.734419014084507,0.7915602992957746,0.7978102992957746,0.8327904929577464,0.0,3.0,10.0,35.0,110.0,3.614200811721091,5.945748620729718,0.6134022887323943,0.6871698943661971,0.734419014084507,0.7918573943661972,0.7977332746478873,0.8319762323943662,0.0,3.0,10.0,35.0,110.0,3.6129092944056795,5.943324688956684,0.6142165492957746,0.688468309859155,0.7357394366197183,0.7929137323943662,0.7988996478873239,0.8327904929577464,0.0,3.0,10.0,35.0,110.0,3.6102956665208303,5.93476401968674,0.001568144124220403,0.0015635747983361447,0.0021381950264747324,0.0,2.3971011138456384,0.008737309243208709,0.7916125660211267
coco,000000162858,0,428,640,89.03615289135514,0.1851416471962617,0.24340683411214953,0.29695166471962614,0.3718092873831776,0.3811915887850467,0.4552058995327103,5.0,24.0,71.0,131.0,226.0,5.6566713631012195,7.342342951403942,0.18476927570093457,0.2436769859813084,0.29650992990654207,0.3702832943925234,0.37905957943925234,0.45341705607476634,5.0,24.0,71.0,132.0,228.0,5.66072884660801,7.34168537921111,0.1886682242990654,0.24707943925233644,0.2984228971962617,0.37129088785046727,0.3802570093457944,0.45572429906542056,5.0,24.0,71.0,132.0,230.0,5.6467840514473355,7.3307508907989,0.18981481481481483,0.24855324074074073,0.2995949074074074,0.3726851851851852,0.38177083333333334,0.45717592592592593,5.0,24.0,71.0,131.0,230.0,5.639279910068631,7.32434673883328,0.002933484574743831,0.0029069294819008143,0.0023935359882904603,0.42847841252506524,2.650913757556062,0.012673460640893043,0.3286580023364486
coco,000000163117,0,376,500,97.3508510638298,0.3575957446808511,0.4125106382978723,0.4457872340425532,0.4747287234042553,0.47717021276595745,0.49136702127659576,0.0,7.0,73.0,171.0,255.0,5.045387756958594,6.343297528013383,0.35623404255319147,0.41014893617021275,0.4432553191489362,0.4727872340425532,0.4753617021276596,0.48940425531914894,0.0,7.0,74.0,169.0,255.0,5.054593179216372,6.3628969104490585,0.3616599121918271,0.4150624788922661,0.4479061127997298,0.4774569402228977,0.480032083755488,0.4940898345153664,0.0,7.0,71.0,167.0,255.0,5.018058606227886,6.3500433069375894,0.3665991219182709,0.4211415062478892,0.451789935832489,0.4801587301587302,0.4825227963525836,0.4965383316447146,0.0,7.0,67.0,165.0,255.0,4.982219920803515,6.315551197145644,0.005831657200409662,0.00574801259601164,0.0058286786362527765,4.973366566019441,0.0,0.04453746508133622,0.4799840425531915
coco,000000163682,0,426,640,85.19922608568075,0.3097968016431925,0.33361575704225355,0.35933098591549295,0.40718163145539904,0.41341329225352114,0.46147667253521124,0.0,4.0,74.0,139.0,204.0,4.942450732757957,6.79798696308057,0.30839661214953273,0.3324182242990654,0.3581045560747664,0.40654205607476634,0.41304030373831774,0.4601489485981308,0.0,4.0,74.0,140.0,204.0,4.949448327119783,6.800192441061277,0.30654205607476637,0.33081191588785047,0.35625,0.4041471962616822,0.41042640186915885,0.45884929906542055,0.0,4.0,74.0,140.0,206.0,4.961731824674033,6.806103457209527,0.30758101851851855,0.3307291666666667,0.35636574074074073,0.4050347222222222,0.4115740740740741,0.4613425925925926,0.0,4.0,74.0,140.0,204.0,4.954673087368478,6.792508417355249,0.0035100768677395985,0.0033945102265669613,0.0027891889381750144,0.9013878188659973,0.9921567416492215,0.020147292387085698,0.3732981220657277
coco,000000164115,0,500,500,39.737656,0.427176,0.528896,0.611164,0.697512,0.705856,0.7694,2.0,7.0,21.0,59.0,105.0,4.304373351444387,6.582305555798042,0.428992,0.530256,0.6136,0.699648,0.707792,0.770016,2.0,7.0,21.0,59.0,105.0,4.298046158351669,6.572728605932036,0.4260952380952381,0.5266666666666666,0.6096507936507937,0.697015873015873,0.705047619047619,0.7672698412698413,2.0,7.0,21.0,60.0,107.0,4.311233149073323,6.584330506930803,0.4257369614512472,0.5273998488284203,0.6094734189972285,0.6954522549760646,0.7033887629125725,0.7656840513983371,2.0,7.0,21.0,60.0,106.0,4.317551389188026,6.577509023377969,0.00326474498135166,0.004552983743323749,0.0035173348646193913,0.5555121510822243,1.5811388300841898,0.014170974268831186,0.696948
coco,000000164602,0,640,480,50.688502604166665,0.180869140625,0.25313151041666665,0.356005859375,0.53060546875,0.5467805989583333,0.6489876302083334,6.0,23.0,44.0,79.0,99.0,5.138351144671438,6.845059726656907,0.18036458333333333,0.252890625,0.3567578125,0.531484375,0.5471744791666666,0.6493098958333333,6.0,23.0,44.0,79.0,99.0,5.140192126442288,6.846317505909771,0.17768229166666666,0.25049479166666666,0.35424479166666667,0.5284895833333333,0.5440625,0.6461458333333333,6.0,23.0,44.0,79.0,99.0,5.153099100975052,6.848472289608717,0.17661458333333332,0.2513020833333333,0.35625,0.53125,0.546875,0.6482291666666666,6.0,23.0,44.0,79.0,99.0,5.150073507640163,6.847348532461874,0.0033467198826382448,0.0035685977616048076,0.004271794652908008,0.6584783595532961,0.24206145913796356,0.01577287640883402,0.49713216145833333
coco,000000166426,0,586,640,43.057652517064845,0.4918168728668942,0.5480695392491468,0.5914915742320819,0.6503732935153583,0.6570525810580204,0.709108361774744,0.0,2.0,17.0,75.0,131.0,3.870474390686097,6.259284689144174,0.4921237244897959,0.5484162414965986,0.5920174319727891,0.6498511904761904,0.6568239795918367,0.7090029761904761,0.0,2.0,16.0,75.0,131.0,3.870899815506573,6.255252736239085,0.4919855442176871,0.5483418367346938,0.591220238095238,0.6489583333333333,0.6558673469387755,0.7073979591836734,0.0,2.0,16.0,75.0,132.0,3.8790003338414,6.260592244422027,0.493285472972973,0.5487331081081082,0.5903716216216216,0.6488597972972973,0.6561233108108108,0.7072635135135135,0.0,2.0,16.0,75.0,132.0,3.8797671835534686,6.255289755673615,0.001975829929818643,0.002139815900522885,0.0020905961021038524,0.5,0.7261843774138906,0.01146377168504118,0.6098709470989762
coco,000000166478,0,640,426,28.21306484741784,0.6086010856807512,0.6536715082159624,0.6986905809859155,0.7740096830985915,0.7808612089201878,0.8289025821596244,0.0,1.0,6.0,43.0,89.0,3.1773236031407657,5.618860190760651,0.6076518691588785,0.6538697429906543,0.6991968457943926,0.7746203271028037,0.7815566588785047,0.8296582943925234,0.0,1.0,6.0,42.0,89.0,3.181100996255091,5.623254974920313,0.6077835648148148,0.6546585648148148,0.7,0.7754918981481481,0.7828703703703703,0.8306423611111111,0.0,1.0,6.0,42.0,88.0,3.1800990948639707,5.622789957591604,0.6094328703703704,0.6546875,0.7013888888888888,0.7776041666666667,0.7850694444444445,0.8314814814814815,0.0,1.0,6.0,42.0,88.0,3.1715817457795494,5.611164187212579,0.0032772180314749517,0.0027340770066567213,0.0023571057315181516,0.46351240544347894,0.6959705453537527,0.013780757886398985,0.775674882629108
coco,000000167572,0,640,424,28.050206367924527,0.6109706662735849,0.67265625,0.7266841096698113,0.7992961379716981,0.8062020931603774,0.8455225530660377,0.0,1.0,7.0,36.0,92.0,3.08357853555097,5.571625775611615,0.6117777122641509,0.6728331367924528,0.7269457547169811,0.7987470518867924,0.8058077830188679,0.8452240566037735,0.0,1.0,7.0,36.0,92.0,3.0857093882725923,5.572773329433556,0.6116155660377358,0.6716391509433962,0.7260908018867924,0.7985259433962264,0.8056898584905661,0.8451945754716981,0.0,1.0,7.0,36.0,92.0,3.0906682361249866,5.575026680633117,0.612558962264151,0.6724646226415094,0.7267099056603774,0.801002358490566,0.8074882075471698,0.8465801886792453,0.0,1.0,7.0,36.0,92.0,3.0807821116794964,5.557707350891161,0.0017839701155215502,0.0015865079897836262,0.0013686071813301106,0.4841229182759271,0.582961190818051,0.008489727829568673,0.8004090507075472
coco,000000169356,0,640,480,60.56154622395833,0.25326171875,0.339462890625,0.41676432291666665,0.5140983072916666,0.5243001302083333,0.59630859375,4.0,15.0,45.0,92.0,146.0,5.105637705221077,7.127481892224158,0.25223958333333335,0.33752604166666667,0.415,0.5121354166666666,0.5226432291666666,0.5948177083333334,4.0,15.0,45.0,92.0,146.0,5.111903513725865,7.1264384130298986,0.252265625,0.33643229166666666,0.41432291666666665,0.5102864583333333,0.5210416666666666,0.5932291666666667,4.0,15.0,46.0,92.0,146.0,5.117141318937364,7.1264453293596075,0.2522916666666667,0.33479166666666665,0.4149479166666667,0.510625,0.5219270833333334,0.5928125,4.0,15.0,45.0,93.0,146.0,5.11868025653131,7.123325903927258,0.0019445885498901088,0.0031110732969377693,0.0032786638674998764,0.6123724356957945,0.46351240544347894,0.012793686277341324,0.497490234375
coco,000000169996,0,640,480,72.4689453125,0.25110026041666667,0.2974544270833333,0.336552734375,0.40858072916666666,0.420908203125,0.5293391927083333,4.0,15.0,59.0,107.0,175.0,5.3367649166407345,7.1854463879191215,0.2526041666666667,0.2989322916666667,0.33803385416666665,0.40848958333333335,0.4211197916666667,0.5300911458333334,4.0,15.0,59.0,107.0,175.0,5.332808079245241,7.181954275249267,0.25111979166666665,0.2978645833333333,0.33596354166666664,0.40729166666666666,0.4197916666666667,0.5288802083333334,4.0,15.0,59.0,107.0,175.0,5.336033882684042,7.184822466046808,0.25390625,0.29921875,0.33848958333333334,0.4113541666666667,0.42380208333333336,0.5328645833333333,4.0,15.0,59.0,107.0,175.0,5.3237720848315755,7.176520569571361,0.0036787886947075668,0.003372582782684208,0.004123349408606922,0.5994789404140899,0.9270248108869579,0.014268024663379928,0.3776627604166667
coco,000000170099,0,640,478,56.52601987447699,0.4137813807531381,0.49120685146443516,0.5442370554393305,0.6290762290794979,0.6371894612970711,0.6890657688284518,1.0,6.0,25.0,87.0,161.0,4.499612434613169,6.805820381809615,0.4137109375,0.4914192708333333,0.5452734375,0.6297135416666667,0.6376953125,0.6893619791666666,1.0,6.0,24.0,86.0,159.0,4.494927413411019,6.8021771158203785,0.412421875,0.4913020833333333,0.5453645833333334,0.6291145833333334,0.6373697916666666,0.689453125,1.0,6.0,24.0,86.0,159.0,4.501143699376025,6.8049074410861,0.41020833333333334,0.48921875,0.5426041666666667,0.6279166666666667,0.6363541666666667,0.68859375,1.0,6.0,25.0,85.0,160.0,4.516301244073906,6.808165413931289,0.0031161370847715393,0.002980409362676923,0.001978068647025609,0.6091746465505602,1.4128318194321643,0.01613718793699572,0.6497254184100418
coco,000000170474,0,640,476,46.56979057247899,0.4248358718487395,0.5071264443277311,0.5925846901260504,0.7057215073529411,0.7157366071428571,0.7674172794117647,0.0,2.0,23.0,57.0,141.0,3.9505846376811884,6.267430553482916,0.4245535714285714,0.5069590336134454,0.5924632352941176,0.7059086134453781,0.7160714285714286,0.7679884453781513,0.0,2.0,23.0,57.0,141.0,3.9515316989818103,6.267865431413292,0.4268489583333333,0.5080208333333334,0.5925520833333333,0.7056510416666667,0.7157552083333333,0.7674739583333333,0.0,2.0,23.0,57.0,141.0,3.9457382462536845,6.264414383559575,0.4270833333333333,0.5080208333333334,0.5924479166666666,0.7047395833333333,0.7146875,0.7670833333333333,0.0,2.0,23.0,57.0,142.0,3.9449229495824873,6.25922304149799,0.0018891042346434262,0.0008516299240663641,0.0009613002034228398,0.33071891388307384,0.7806247497997998,0.006433496845411476,0.7286469275210085
coco,000000171298,0,640,480,81.237646484375,0.283251953125,0.35255533854166665,0.4105143229166667,0.4950813802083333,0.502978515625,0.55671875,3.0,12.0,49.0,138.0,226.0,5.25230249289168,7.0999067532646905,0.28399739583333333,0.35294270833333335,0.4105989583333333,0.49459635416666664,0.5026302083333334,0.5549479166666667,3.0,12.0,49.0,138.0,226.0,5.25593439234268,7.099625519942836,0.28234375,0.351875,0.408046875,0.4909895833333333,0.49895833333333334,0.5525,3.0,12.0,50.0,138.0,226.0,5.265243774128884,7.104120842738474,0.2850520833333333,0.35442708333333334,0.410625,0.4930729166666667,0.5006770833333334,0.5536979166666667,3.0,12.0,49.0,137.0,223.0,5.252447905480441,7.099857958745731,0.0032803181934827146,0.002893373025132627,0.0033725325116085265,0.75,2.394655507583502,0.014358280117781893,0.4556803385416667
coco,000000171757,0,640,480,29.499749348958332,0.44436197916666664,0.5429459635416667,0.66853515625,0.867744140625,0.8758984375,0.9130989583333333,2.0,5.0,20.0,36.0,57.0,3.988705974415969,6.094815983291827,0.4452994791666667,0.5450651041666666,0.6710807291666666,0.8691927083333333,0.8772526041666666,0.9145052083333334,2.0,5.0,20.0,36.0,56.0,3.9801141160918414,6.086042752050492,0.443515625,0.545625,0.67125,0.8690625,0.877109375,0.91484375,2.0,5.0,20.0,36.0,56.0,3.9797027911555354,6.08313720949515,0.4452083333333333,0.5494791666666666,0.6746354166666667,0.87,0.8788020833333333,0.9169791666666667,2.0,5.0,20.0,36.0,56.0,3.9689075590425356,6.077871542944285,0.002760508793667066,0.003669282615828623,0.0022148816409898156,0.0,1.2358574958303243,0.013374831077877404,0.8849544270833334
coco,000000172946,0,426,640,14.664308245305165,0.7767532276995305,0.8302083333333333,0.8666153169014085,0.9106990903755868,0.9148327464788732,0.9388644366197183,1.0,1.0,4.0,13.0,43.0,2.6697919756462896,4.871190256271287,0.776883761682243,0.8301985981308411,0.8661068925233645,0.9114632009345794,0.9156542056074767,0.939383761682243,1.0,1.0,4.0,13.0,43.0,2.6689780172201343,4.866891519197376,0.7761974299065421,0.8297605140186916,0.865946261682243,0.9120327102803738,0.9159170560747664,0.9392523364485982,1.0,1.0,4.0,13.0,43.0,2.6726799409117334,4.869255153808166,0.7769097222222222,0.8313078703703703,0.8684027777777777,0.9123842592592593,0.9171296296296296,0.9399884259259259,1.0,1.0,4.0,13.0,42.0,2.6646162572795746,4.852901903972922,0.001770522240696562,0.0018330129594582828,0.0011644213934311393,0.0,0.3535533905932738,0.006538517153017136,0.9152728873239436
coco,000000173302,0,640,424,44.85965875589623,0.4375663325471698,0.5318580483490566,0.5967128537735849,0.6833026238207547,0.6922796285377358,0.7594781839622642,2.0,6.0,20.0,61.0,124.0,4.299966870153053,6.639581519797034,0.4409345518867924,0.5358490566037736,0.5996904481132076,0.6864091981132076,0.695091391509434,0.761379716981132,2.0,6.0,20.0,61.0,123.0,4.288023812076887,6.6272282047288975,0.44348466981132073,0.5377948113207547,0.6030660377358491,0.6904775943396226,0.698879716981132,0.7642688679245283,2.0,6.0,20.0,60.0,122.0,4.276878935913718,6.613832995616514,0.4413325471698113,0.5371462264150944,0.6017688679245283,0.6879716981132076,0.6960495283018868,0.7612028301886793,2.0,6.0,20.0,61.0,122.0,4.2863895853041765,6.6193950918774,0.003778353862572526,0.004397706509426656,0.004641217382458931,0.4841229182759271,1.6909686573085854,0.01680834536918146,0.6723061615566037
coco,000000174482,0,640,388,71.16094555412371,0.18100032216494846,0.2248268363402062,0.2791237113402062,0.40283102448453606,0.4172881765463918,0.5270779639175258,5.0,28.0,60.0,102.0,151.0,5.411412671228998,7.279722750434226,0.18168492268041236,0.2257409793814433,0.27963917525773196,0.4028672680412371,0.4172036082474227,0.5270618556701031,5.0,28.0,60.0,102.0,150.0,5.41166221834411,7.281122655791495,0.17927295918367347,0.22388392857142858,0.2791772959183674,0.4040497448979592,0.4186543367346939,0.528188775510204,5.0,28.0,60.0,102.0,150.0,5.410163290263951,7.275235219526888,0.1740433673469388,0.2194515306122449,0.2758290816326531,0.4030612244897959,0.4175382653061224,0.5274872448979592,5.0,28.0,60.0,102.0,148.0,5.422765103039178,7.269312474849292,0.004072881740821782,0.004304387868327616,0.004266260298130814,0.5590169943749475,1.5612494995995996,0.017554416925683432,0.3527625644329897
coco,000000175364,0,614,460,54.86933862059198,0.42780413539158757,0.4985058773544824,0.56013666619459,0.6704574422886277,0.6792663928622008,0.7500495680498513,2.0,6.0,24.0,63.0,205.0,4.44139369051843,6.3831183266352385,0.42691981931112366,0.49858836815358554,0.5604178430265386,0.6709627329192547,0.6799265951439865,0.7504658385093168,2.0,6.0,24.0,63.0,204.0,4.442288343835591,6.3834096932629025,0.4260803851321093,0.49846059113300495,0.5602328705776982,0.6716300940438872,0.6799149126735333,0.750447828034035,2.0,6.0,24.0,63.0,204.0,4.444583066791395,6.384047055447748,0.42756381549484995,0.5006717420510524,0.5610165696372593,0.6721339005821765,0.6805306762203314,0.7526869682042095,2.0,6.0,23.0,63.0,200.0,4.4407907135924605,6.380962983072327,0.0031653858860911746,0.0021963174502366086,0.001533003171971135,0.5,3.8644008267776777,0.014121170080878298,0.7038450644384648
coco,000000179112,0,500,374,60.92891443850267,0.36164705882352943,0.4098288770053476,0.45192513368983955,0.5263422459893048,0.5372032085561498,0.6171818181818182,0.0,5.0,42.0,102.0,157.0,4.539708051705575,6.775947139328896,0.3626595744680851,0.4106808510638298,0.4533191489361702,0.5277446808510639,0.5387234042553192,0.6192553191489362,0.0,5.0,42.0,101.0,157.0,4.532302319045662,6.770459716068123,0.3628085106382979,0.4097021276595745,0.4522553191489362,0.5260851063829787,0.5368510638297872,0.6165106382978723,0.0,5.0,42.0,102.0,157.0,4.5401923188735696,6.7750709457831935,0.36203985140155354,0.4098277608915907,0.45221209050996286,0.5273556231003039,0.538500506585613,0.6171901384667342,0.0,5.0,42.0,102.0,157.0,4.534983758477193,6.760938438921306,0.002485681476561382,0.0024047394917224903,0.002684135477293703,0.5994789404140899,0.9921567416492215,0.013525554945156608,0.5115668449197861
coco,000000179141,0,640,480,13.840286458333333,0.8538444010416667,0.8765397135416667,0.8932747395833334,0.9137239583333333,0.9155110677083333,0.9273046875,0.0,0.0,0.0,5.0,36.0,1.5616830391532908,3.546436773974131,0.8546744791666666,0.877109375,0.8934375,0.9140364583333334,0.9156380208333333,0.9273958333333333,0.0,0.0,0.0,5.0,36.0,1.557381477361688,3.5374802349298484,0.855,0.8777864583333334,0.8944010416666667,0.9146875,0.9162239583333334,0.927734375,0.0,0.0,0.0,5.0,36.0,1.5501402123878933,3.522096835804046,0.85671875,0.8791145833333334,0.89640625,0.9157291666666667,0.9166666666666666,0.92859375,0.0,0.0,0.0,5.0,34.0,1.5425635864148883,3.5077117620226055,0.0018133322022004358,0.0016380265260566055,0.0011901381784777732,0.49607837082461076,0.9921567416492215,0.010616554042473247,0.9124934895833333
coco,000000180751,0,640,480,64.44145833333333,0.3531184895833333,0.4202018229166667,0.4668424479166667,0.5389225260416667,0.5469563802083334,0.6120345052083334,2.0,8.0,39.0,101.0,177.0,4.836647766108382,7.048098052186932,0.35369791666666667,0.4203645833333333,0.4657161458333333,0.5370833333333334,0.5452994791666667,0.6107552083333333,2.0,8.0,39.0,102.0,177.0,4.838521963091066,7.044952193253122,0.350703125,0.41875,0.4647395833333333,0.5355208333333333,0.54390625,0.6104947916666666,2.0,8.0,40.0,101.0,177.0,4.841881810509947,7.04521364591066,0.35260416666666666,0.41822916666666665,0.4634375,0.5328125,0.5415625,0.6088020833333333,2.0,8.0,40.0,102.0,179.0,4.843437972186754,7.038683912175823,0.002768075741965808,0.0022812763833852993,0.002746005075396768,0.82915619758885,2.4717149916606487,0.008616769021428427,0.5459147135416667
coco,000000181753,0,640,422,37.30540210308057,0.44420542061611373,0.5442128258293839,0.6366891291469194,0.761877962085308,0.7804391291469195,0.8388699644549763,1.0,4.0,19.0,46.0,105.0,3.9920637270596777,6.365926155946304,0.44456073113207545,0.5441479952830188,0.6369840801886792,0.7631338443396226,0.7820017688679245,0.8407576650943396,1.0,4.0,19.0,46.0,105.0,3.985774371714234,6.3564794688330615,0.44183372641509433,0.5422169811320755,0.6370283018867925,0.7640035377358491,0.7828714622641509,0.8418042452830189,1.0,4.0,19.0,46.0,104.0,3.9964254443646086,6.359542750411828,0.44262971698113207,0.5440448113207547,0.6405660377358491,0.7660966981132076,0.7839033018867925,0.8425117924528301,1.0,4.0,19.0,46.0,105.0,3.9918691959484383,6.350273190825268,0.0034104853928834363,0.0028670060369464134,0.0026150954420407426,0.33071891388307384,0.982264602843857,0.013617848803135891,0.813910693127962
coco,000000181816,0,640,480,106.55819986979166,0.20654622395833333,0.261650390625,0.3072102864583333,0.3739322916666667,0.3807682291666667,0.423974609375,7.0,22.0,93.0,171.0,255.0,5.88896363162167,7.145349529596209,0.2085546875,0.26588541666666665,0.3111848958333333,0.37799479166666666,0.38483072916666666,0.42700520833333333,7.0,21.0,91.0,169.0,255.0,5.872839105967461,7.142729347528127,0.21244791666666665,0.27002604166666666,0.3162760416666667,0.385078125,0.39184895833333333,0.4322916666666667,7.0,20.0,89.0,169.0,255.0,5.8510097882534815,7.148488841436113,0.21380208333333334,0.2730208333333333,0.31859375,0.38755208333333335,0.39505208333333336,0.4359895833333333,7.0,20.0,88.0,169.0,255.0,5.837650880024454,7.133585875926572,0.0042850499672673695,0.0059060630880895335,0.007699079027461263,2.9255074346171126,0.0,0.026508558018963263,0.36337890625
coco,000000181859,0,426,640,92.81890038145539,0.15932731807511738,0.21771200117370892,0.3181631455399061,0.37219410211267606,0.3764231220657277,0.4095987382629108,7.0,27.0,98.0,152.0,179.0,5.792860882270815,7.0051729048059865,0.16074766355140188,0.21946553738317756,0.31937792056074765,0.37288259345794394,0.3769859813084112,0.4098714953271028,7.0,26.0,96.0,152.0,179.0,5.787451710547236,7.005301037066392,0.16098130841121494,0.22009345794392524,0.31962616822429907,0.3734521028037383,0.37759929906542056,0.4109228971962617,7.0,26.0,96.0,152.0,179.0,5.785569158619795,7.006589671132668,0.16417824074074075,0.22361111111111112,0.3218171296296296,0.37581018518518516,0.3796875,0.41238425925925926,6.0,26.0,96.0,150.0,179.0,5.772675395171535,6.999275020311224,0.0026632100962312934,0.0023484531629799758,0.0017199069747645649,1.1726039399558574,0.0,0.011273850885005546,0.2188343603286385
coco,000000181969,0,572,640,27.663150131118883,0.4838450611888112,0.6019367351398601,0.7139204545454545,0.8278654938811189,0.8353802447552447,0.8762702141608392,0.0,2.0,17.0,35.0,74.0,3.585139220307241,5.905144018925304,0.48368662587412586,0.6006009615384615,0.7121284965034965,0.8270432692307692,0.8347902097902098,0.8754479895104895,0.0,3.0,17.0,35.0,74.0,3.5905228789745234,5.91097116400028,0.4831293706293706,0.599409965034965,0.7102928321678321,0.8250218531468532,0.8326048951048951,0.8740603146853146,0.0,3.0,17.0,36.0,75.0,3.598512252265427,5.917600486748989,0.48055555555555557,0.5953993055555555,0.7074652777777778,0.821484375,0.8291232638888889,0.8715277777777778,0.0,3.0,17.0,36.0,76.0,3.6154374339807696,5.93276278041497,0.0017207971405244662,0.00396434785194217,0.0035902085761384465,0.46351240544347894,1.4347800354061246,0.015587937521072508,0.8373880026223777
coco,000000183500,0,640,430,121.26815770348837,0.03936773255813954,0.046471656976744186,0.054683866279069765,0.08501816860465117,0.08920058139534884,0.15736191860465115,53.0,74.0,108.0,161.0,221.0,6.621636431227184,7.0325586647901215,0.03917824074074074,0.04618055555555556,0.05416666666666667,0.08508391203703704,0.08927951388888888,0.1572771990740741,53.0,74.0,108.0,161.0,230.0,6.6242392973363655,7.019197091523083,0.03828125,0.04548611111111111,0.0529224537037037,0.08428819444444445,0.08825231481481481,0.15596064814814814,53.0,75.0,108.0,161.0,230.0,6.626543910295928,7.0114233439457685,0.037384259259259256,0.044502314814814814,0.05219907407407407,0.08414351851851852,0.08842592592592592,0.15734953703703702,53.0,74.0,107.0,161.0,233.0,6.628756118871605,7.007278224509701,0.001850075299184808,0.0022849174964673425,0.002217334360801697,1.6758859597239903,15.600355564858129,0.01828362470005598,0.05940043604651163
coco,000000183648,0,640,428,46.54114339953271,0.45389529789719624,0.5475722838785047,0.6167567172897196,0.7020042348130842,0.7101635514018692,0.7608097254672898,2.0,6.0,19.0,60.0,134.0,4.341446354898549,6.550380018830513,0.4535192757009346,0.5461302570093458,0.615347546728972,0.7000584112149533,0.7082213785046729,0.7591705607476635,2.0,6.0,19.0,61.0,134.0,4.346123688746258,6.553814926195084,0.45243055555555556,0.5432581018518519,0.6106481481481482,0.6961226851851852,0.7038483796296297,0.7552662037037037,2.0,6.0,19.0,62.0,137.0,4.359944372631575,6.559057490139903,0.44797453703703705,0.541724537037037,0.6097800925925926,0.6958912037037037,0.7024305555555556,0.7542824074074074,2.0,6.0,19.0,63.0,138.0,4.366295891765966,6.559896479052005,0.0026859239708076667,0.004454123404906683,0.004148980549914086,0.0,2.760632853169722,0.015354374968740725,0.6965135806074766
coco,000000185157,0,426,640,98.98106660798122,0.09409477699530516,0.11317121478873239,0.1392899061032864,0.23659771126760562,0.25727332746478876,0.366681338028169,18.0,49.0,106.0,150.0,175.0,6.118474194607537,7.186896522564103,0.09253796728971962,0.11124415887850467,0.13817172897196262,0.23522196261682243,0.2553592289719626,0.36486565420560746,19.0,49.0,106.0,150.0,175.0,6.123860301847092,7.188574368384422,0.090625,0.11016355140186916,0.1386390186915888,0.2332067757009346,0.25370911214953273,0.3643107476635514,19.0,49.0,106.0,150.0,175.0,6.132749834610533,7.1988271733907965,0.0916087962962963,0.11140046296296297,0.13900462962962962,0.2328125,0.25376157407407407,0.363599537037037,19.0,49.0,105.0,150.0,175.0,6.130241982061345,7.2045812309268,0.002813097532198709,0.0037510944153862284,0.003395726443426009,0.7806247497997998,0.0,0.015519875122689474,0.17113042840375586
coco,000000185250,0,398,640,67.58102622487438,0.3692956972361809,0.43188206658291456,0.49122565954773867,0.5815522927135678,0.5902991520100502,0.6495799309045226,1.0,6.0,33.0,98.0,237.0,4.656263386263341,6.5573833497776475,0.36875,0.431015625,0.491,0.58134375,0.5894375,0.647828125,1.0,6.0,33.0,99.0,242.0,4.66604673899848,6.5568396426828395,0.368625,0.4300625,0.4889375,0.5778125,0.5861875,0.64484375,1.0,6.0,33.0,99.0,244.0,4.67409177825514,6.548026112506431,0.3665625,0.42825,0.4865625,0.576,0.584,0.643875,1.0,6.0,34.0,101.0,247.0,4.6847123500768335,6.5474423034995635,0.0019509261557954915,0.0031370369580061438,0.0032666629765050865,0.5590169943749475,6.033435484862666,0.014781103397569268,0.5842847047738694
coco,000000187144,0,640,480,101.38013020833333,0.20649088541666666,0.27027994791666665,0.33953776041666667,0.43966796875,0.4510579427083333,0.5149479166666666,4.0,21.0,60.0,187.0,255.0,5.619149806817356,6.734559172955297,0.206328125,0.26890625,0.3385286458333333,0.43744791666666666,0.4489453125,0.5125130208333334,4.0,21.0,60.0,187.0,255.0,5.625482712568766,6.723314431738435,0.20299479166666667,0.26440104166666667,0.332890625,0.4301041666666667,0.4409635416666667,0.5058333333333334,4.0,22.0,62.0,190.0,255.0,5.651373153725316,6.716384987041689,0.20390625,0.26453125,0.3343229166666667,0.4298958333333333,0.4405208333333333,0.5049479166666667,3.0,22.0,62.0,189.0,255.0,5.644441413005364,6.71091630726559,0.002575221626431149,0.003979047151005655,0.005999700432822461,1.8275239396516807,0.0,0.023442420068920465,0.4778059895833333
coco,000000187585,0,640,436,42.18375501720183,0.4838302752293578,0.5673165137614679,0.6296695814220183,0.719921875,0.7277200401376147,0.7791606938073394,1.0,4.0,17.0,55.0,128.0,4.035134882778618,6.4302133074613845,0.47942947247706424,0.564420871559633,0.626963876146789,0.7185923165137614,0.7270498853211009,0.7780246559633027,1.0,4.0,17.0,55.0,129.0,4.049640327157748,6.438666830172643,0.4791761363636364,0.5638636363636363,0.6273011363636364,0.719375,0.7279261363636363,0.7790625,1.0,4.0,17.0,55.0,128.0,4.049975528449113,6.440144007099805,0.47767045454545454,0.5609090909090909,0.6222159090909091,0.7142045454545455,0.722215909090909,0.7724431818181818,1.0,4.0,17.0,57.0,133.0,4.0753933379621134,6.449799784888151,0.004891527228011477,0.00480409317651029,0.0048235913380656045,0.4330127018922193,3.314268395890713,0.02952762328870678,0.7223767201834862
coco,000000188592,0,480,640,39.8549609375,0.5252018229166666,0.6034895833333334,0.6630533854166667,0.7370182291666667,0.7435872395833333,0.7851334635416667,1.0,3.0,14.0,51.0,131.0,3.893272653688241,6.357623284153254,0.5247916666666667,0.6041276041666667,0.6636067708333333,0.7375390625,0.7441536458333333,0.7848958333333333,1.0,3.0,14.0,51.0,131.0,3.8916446556522186,6.355740343259928,0.5289583333333333,0.6077604166666667,0.6673958333333333,0.7402864583333333,0.7466145833333333,0.78640625,1.0,3.0,13.0,51.0,131.0,3.8672604339285894,6.3327876935189185,0.5285416666666667,0.60640625,0.66484375,0.7382291666666667,0.7445833333333334,0.7842708333333334,1.0,3.0,13.0,51.0,133.0,3.8765410877279494,6.337597008806687,0.00385952413925457,0.0034776047419468187,0.0023016233603205846,0.4841229182759271,1.4017288432503627,0.02028477000268769,0.734736328125
coco,000000188689,0,332,500,15.665331325301205,0.6997228915662651,0.8089518072289157,0.8696626506024097,0.9244277108433735,0.9287951807228916,0.9527650602409639,0.0,1.0,8.0,19.0,39.0,2.9020222253304317,5.194629563129503,0.7000722891566266,0.8093734939759036,0.8695180722891567,0.9248674698795181,0.9292048192771084,0.9532048192771084,0.0,2.0,8.0,19.0,39.0,2.918653680649507,5.205076154664123,0.702906865557468,0.8107668770319373,0.8719162363740677,0.9268980684643335,0.9309619430101358,0.9541021227768216,0.0,1.0,8.0,18.0,38.0,2.8989418891035084,5.179938052689746,0.706254724111867,0.8140589569160998,0.8729213907785336,0.9275321239606954,0.9323507180650038,0.955026455026455,0.0,1.0,8.0,18.0,38.0,2.878829395238646,5.147636399337935,0.0045101283587180635,0.0027813879614450583,0.001807849405351827,0.0,0.82915619758885,0.0316493957846889,0.9295180722891566
coco,000000190007,0,640,380,85.79471628289474,0.20311677631578948,0.29326480263157895,0.37810855263157894,0.4988939144736842,0.5093708881578948,0.5597944078947369,4.0,19.0,48.0,141.0,235.0,5.421381211588029,7.140846688009639,0.2040953947368421,0.29669407894736843,0.38184210526315787,0.5018092105263158,0.5119078947368421,0.5607072368421052,4.0,19.0,47.0,141.0,235.0,5.413800951648623,7.134524157612416,0.2056640625,0.2982096354166667,0.38430989583333336,0.5054036458333333,0.5158528645833333,0.5646809895833333,4.0,19.0,46.0,140.0,235.0,5.398285459999565,7.1302418975216,0.20533854166666668,0.2991536458333333,0.3848958333333333,0.5088541666666667,0.5190755208333333,0.5660807291666666,4.0,19.0,46.0,139.0,235.0,5.391578970714139,7.122783592356494,0.003590164837066704,0.004644487643972199,0.004731066991662637,0.9682458365518543,0.9682458365518543,0.019405085242194236,0.5230921052631579
coco,000000191288,0,600,400,69.76028333333333,0.2940833333333333,0.368375,0.4341125,0.5283166666666667,0.5374291666666666,0.5971333333333333,3.0,12.0,42.0,109.0,185.0,5.0641983201995,7.166976040009152,0.29505,0.3700833333333333,0.43495,0.5293166666666667,0.5392,0.5978333333333333,3.0,12.0,42.0,109.0,185.0,5.064020451400487,7.163918245674314,0.2991,0.37483333333333335,0.44093333333333334,0.5338333333333334,0.5437666666666666,0.6034,3.0,12.0,41.0,107.0,183.0,5.045270847768741,7.153406380521596,0.3006,0.381,0.44566666666666666,0.5375333333333333,0.5478,0.6062,3.0,11.0,40.0,107.0,180.0,5.0311475428540815,7.1387090308237005,0.0038258259819866913,0.005671944539671654,0.004949016105921111,0.9499177595981665,2.957379541080245,0.017090812449070906,0.50375
coco,000000191614,0,612,612,84.41311835191593,0.3944690076466316,0.4484012559272075,0.48875432525951557,0.5430176427869623,0.5479676620103379,0.5806740997052415,1.0,5.0,35.0,169.0,255.0,4.781612096522388,6.522731082034841,0.3928510401982144,0.4474881455850314,0.4873018924345337,0.5407749156307403,0.5457943525994275,0.5790721517365116,1.0,5.0,35.0,169.0,255.0,4.7881080861182665,6.525015963122236,0.3951065274594686,0.44798828622358033,0.4870766488413547,0.5411043205160853,0.5461123843476785,0.5810202869026398,1.0,5.0,35.0,169.0,255.0,4.78012442134463,6.522497894979258,0.3969472086355203,0.449443413729128,0.4887839433293979,0.5430932703659976,0.5476893236633497,0.5820964749536178,1.0,5.0,35.0,169.0,255.0,4.7716568891438875,6.508138843979575,0.0034463284459605214,0.0035413257132534954,0.0040840896436537604,0.9164298936634487,0.0,0.018220190493223664,0.5273719509590329
coco,000000192670,0,640,432,87.61653645833333,0.18787254050925925,0.23969907407407406,0.29121455439814814,0.3809678819444444,0.39087094907407405,0.4594328703703704,4.0,25.0,72.0,137.0,199.0,5.5875718140719925,7.430086464765514,0.19191261574074073,0.24444444444444444,0.2964409722222222,0.3844328703703704,0.39457465277777776,0.46412037037037035,4.0,24.0,71.0,136.0,199.0,5.5657783844056405,7.419987734365154,0.1951388888888889,0.24878472222222223,0.29930555555555555,0.38559027777777777,0.39565972222222223,0.46394675925925927,4.0,24.0,71.0,136.0,197.0,5.553499646899586,7.413293128979822,0.1907986111111111,0.24525462962962963,0.29542824074074076,0.3837962962962963,0.39340277777777777,0.46313657407407405,4.0,24.0,71.0,136.0,197.0,5.566937946382812,7.413574598148116,0.005258764680502576,0.005686600177562393,0.004024565980439551,0.9921567416492215,0.9682458365518543,0.021882230696556426,0.3134476273148148
coco,000000193429,0,640,428,151.58535338785046,0.08118793808411215,0.09360032126168225,0.10639967873831775,0.127274386682243,0.13076080607476637,0.15255914135514018,28.0,100.0,148.0,233.0,255.0,6.772189571105649,6.85528352305564,0.08214077102803738,0.09412967289719626,0.10680490654205607,0.12790595794392523,0.13138142523364485,0.15349007009345794,27.0,99.0,148.0,233.0,255.0,6.767289444977481,6.860765808936129,0.0830150462962963,0.09508101851851852,0.10804398148148148,0.13012152777777777,0.13376736111111112,0.15636574074074075,26.0,98.0,147.0,233.0,255.0,6.755087849721195,6.865456452179663,0.08096064814814814,0.09328703703703704,0.10642361111111111,0.12841435185185185,0.1318287037037037,0.15434027777777778,28.0,98.0,148.0,233.0,255.0,6.766903784943645,6.875329496845106,0.001999353552856107,0.002003690278922943,0.0030863621074961583,0.6959705453537527,0.0,0.01723248699964723,0.10574620327102804
coco,000000193926,0,640,476,40.83071822478992,0.47649684873949577,0.5393382352941176,0.5927521008403361,0.689141281512605,0.6994944852941176,0.7636685924369748,0.0,2.0,18.0,60.0,107.0,3.8169814914969704,6.223549680029906,0.4762079831932773,0.5418329831932773,0.5942752100840336,0.6869879201680672,0.697452731092437,0.7631433823529412,0.0,2.0,18.0,60.0,107.0,3.8114944780989397,6.208353992813841,0.4610677083333333,0.5313020833333333,0.5852604166666666,0.6779166666666666,0.6882291666666667,0.7553125,0.0,2.0,20.0,62.0,110.0,3.904605625140819,6.278241449334726,0.46932291666666665,0.5394270833333333,0.5932291666666667,0.68578125,0.69640625,0.7619791666666667,0.0,2.0,19.0,60.0,107.0,3.860845199638562,6.226451013686349,0.014461116077834577,0.013847049824012614,0.012437883812494131,1.6851835953390955,4.190763653560053,0.08272290130820197,0.6585215336134453
coco,000000194716,0,640,426,46.049042693661974,0.3845987382629108,0.45328271713615026,0.5190140845070422,0.6227332746478873,0.6336194248826291,0.7201071009389671,1.0,5.0,29.0,70.0,119.0,4.3819254888873065,6.637578119486614,0.3875,0.4555052570093458,0.5202686915887851,0.6242698598130841,0.6348860981308411,0.7210864485981309,1.0,5.0,29.0,69.0,119.0,4.372274364935127,6.630023309904764,0.3883101851851852,0.45512152777777776,0.5218460648148148,0.6263599537037037,0.6372106481481481,0.7228877314814814,1.0,5.0,29.0,69.0,117.0,4.365873148000974,6.62250813928636,0.3907407407407407,0.4552662037037037,0.5225115740740741,0.6269675925925926,0.638425925925926,0.7236689814814815,1.0,5.0,29.0,69.0,117.0,4.355325647139446,6.612835419207013,0.0027106577094247386,0.0019369191177133545,0.0022830800352309547,0.24206145913796356,1.4986973510352248,0.012345177722047556,0.6112786091549296
coco,000000195918,0,640,428,75.71729702102803,0.42600394275700937,0.460294976635514,0.4813047605140187,0.5165194217289719,0.5201920268691589,0.5501460280373832,0.0,1.0,40.0,137.0,212.0,4.334936324629236,6.25120111567409,0.42291179906542054,0.4566588785046729,0.47792056074766354,0.5126752336448598,0.516267523364486,0.546320093457944,0.0,1.0,42.0,137.0,215.0,4.357045284357064,6.257647271340084,0.4245659722222222,0.45787037037037037,0.4791666666666667,0.5144965277777778,0.5180266203703704,0.5482638888888889,0.0,1.0,41.0,137.0,215.0,4.35066232666782,6.248981899235868,0.4257523148148148,0.4576388888888889,0.47899305555555555,0.5136574074074074,0.5173032407407407,0.5480902777777777,0.0,1.0,41.0,137.0,215.0,4.3563070630808935,6.245853935745739,0.003868425182149647,0.0039028787610320315,0.004442699858106126,1.9833289565778038,1.6393596310755,0.02767158117093858,0.5012302862149532
coco,000000196442,0,640,426,164.88717723004694,0.011373973004694836,0.014168867370892018,0.019732981220657277,0.04080472417840376,0.04253961267605634,0.056638791079812206,93.0,121.0,150.0,233.0,255.0,7.2130915804562425,6.666324269836196,0.011171144859813084,0.013872663551401869,0.0194071261682243,0.04072721962616822,0.04252336448598131,0.05658586448598131,94.0,121.0,150.0,233.0,255.0,7.214387351404434,6.662000860861999,0.010677083333333334,0.013628472222222222,0.019386574074074073,0.041290509259259256,0.04308449074074074,0.05642361111111111,93.0,121.0,150.0,233.0,255.0,7.214510577610203,6.658349845127187,0.009953703703703704,0.013425925925925926,0.01915509259259259,0.04155092592592593,0.043229166666666666,0.05619212962962963,93.0,121.0,150.0,233.0,255.0,7.2158959362928865,6.651630112718134,0.0006448972907756989,0.00068531957892657,0.0009683891935152718,0.7473912964438374,0.0,0.003189906420521017,0.015522300469483568
coco,000000199442,0,640,432,123.65278139467593,0.03173828125,0.04142795138888889,0.10334201388888889,0.17472149884259258,0.1774052372685185,0.19966362847222222,31.0,84.0,104.0,170.0,255.0,6.610534137236354,6.511086073618392,0.03140914351851852,0.041637731481481484,0.10402199074074074,0.1747974537037037,0.17787905092592593,0.20005787037037037,31.0,84.0,104.0,170.0,255.0,6.608861199104775,6.51757886284553,0.03214699074074074,0.04195601851851852,0.10532407407407407,0.17673611111111112,0.17954282407407407,0.20188078703703705,31.0,84.0,104.0,169.0,255.0,6.5999152245513395,6.532950728009139,0.03177083333333333,0.04178240740740741,0.10480324074074074,0.1759837962962963,0.17916666666666667,0.20289351851851853,31.0,83.0,104.0,169.0,255.0,6.599639680711014,6.549998379680482,0.0006642401691588613,0.00136647924654148,0.0015862933493934878,0.24206145913796356,0.0,0.007583953149331468,0.044914641203703705
coco,000000199771,0,640,424,56.25876695165094,0.5513487617924528,0.586862470518868,0.6144494398584905,0.6579635908018868,0.6626252948113207,0.6928766214622641,0.0,1.0,8.0,93.0,197.0,3.7234340803188606,5.883369192655162,0.5500147405660377,0.5851120283018868,0.6128979952830189,0.6568838443396227,0.6615418632075472,0.6919369103773585,0.0,1.0,9.0,94.0,199.0,3.732685141214169,5.8829189063345755,0.5472877358490567,0.5822228773584905,0.6106426886792453,0.6542747641509434,0.6590801886792453,0.6899469339622641,0.0,1.0,9.0,95.0,201.0,3.7476651057313832,5.8950773102502305,0.5472287735849056,0.582252358490566,0.6113207547169811,0.6544221698113207,0.659316037735849,0.6897405660377358,0.0,1.0,9.0,95.0,201.0,3.7466345307140227,5.886702405284761,0.003780653469148662,0.004528232250038066,0.003932603730160538,0.4841229182759271,2.7264617638984046,0.021047107812804118,0.6477078419811321
coco,000000200839,0,640,480,69.37540364583333,0.28732421875,0.36115234375,0.41082356770833334,0.4875846354166667,0.497919921875,0.5640592447916667,2.0,12.0,50.0,113.0,167.0,5.048856367860468,7.1401966213805625,0.2854296875,0.3591666666666667,0.4086197916666667,0.48635416666666664,0.497109375,0.5623046875,2.0,12.0,50.0,113.0,167.0,5.0564016548029125,7.142400795608098,0.286171875,0.36,0.4091927083333333,0.48877604166666666,0.49890625,0.5641927083333333,2.0,12.0,50.0,113.0,169.0,5.045036915524511,7.134319512742355,0.28567708333333336,0.36130208333333336,0.40963541666666664,0.4903645833333333,0.500625,0.5660416666666667,2.0,12.0,49.0,112.0,169.0,5.044842221114965,7.131774697660722,0.0050557021980303825,0.004732073188993224,0.004767597950479968,0.899218410621135,1.8103435447450298,0.025482325181730284,0.4071549479166667
coco,000000202228,0,480,640,73.180869140625,0.1251953125,0.15679361979166667,0.2256640625,0.3354036458333333,0.34638671875,0.48265625,10.0,34.0,65.0,106.0,145.0,5.588974831353946,7.154080647745734,0.12470052083333333,0.15634114583333333,0.22553385416666666,0.335390625,0.34640625,0.4822135416666667,10.0,34.0,65.0,107.0,145.0,5.591976390405367,7.15830046519332,0.124296875,0.15536458333333333,0.22578125,0.3355989583333333,0.3470052083333333,0.48322916666666665,10.0,34.0,65.0,107.0,145.0,5.594792157454154,7.164929100474229,0.12447916666666667,0.15578125,0.22515625,0.3355208333333333,0.34729166666666667,0.484375,10.0,34.0,65.0,106.0,145.0,5.594254262375226,7.163615609805818,0.000988297547351352,0.001155337595150165,0.0016930964098410039,0.33071891388307384,0.9164298936634487,0.006472904421055301,0.3507389322916667
coco,000000202339,0,480,640,55.37256510416667,0.48516927083333333,0.5580501302083334,0.61390625,0.6894010416666667,0.6969108072916667,0.742041015625,0.0,3.0,17.0,66.0,249.0,4.055658536747507,5.981362156101331,0.48376302083333333,0.5564973958333334,0.6135416666666667,0.6881119791666667,0.6956770833333333,0.7407942708333334,0.0,3.0,17.0,67.0,252.0,4.059887494183748,5.978129161223042,0.478125,0.5515104166666667,0.608125,0.6828385416666667,0.6904166666666667,0.7357291666666667,0.0,3.0,17.0,69.0,255.0,4.0839581611414735,5.987531285839023,0.4775520833333333,0.55234375,0.6089583333333334,0.6841666666666667,0.6911979166666666,0.7370833333333333,0.0,3.0,18.0,69.0,255.0,4.081321424346009,5.9774033775767315,0.0054687344989859665,0.0053154352593675624,0.0050015839081268745,0.6614378277661477,5.947688626685159,0.02652234083353945,0.685458984375
coco,000000204186,0,640,512,44.802947998046875,0.4919219970703125,0.5497894287109375,0.5984619140625,0.6940765380859375,0.7019805908203125,0.7448272705078125,1.0,4.0,16.0,66.0,137.0,4.145544698963854,6.364610313933042,0.492041015625,0.55009765625,0.59915771484375,0.69381103515625,0.70213623046875,0.745166015625,1.0,4.0,16.0,66.0,137.0,4.142779663960101,6.362453390841852,0.4929443359375,0.552099609375,0.60048828125,0.6945068359375,0.703173828125,0.7470947265625,1.0,4.0,16.0,65.0,137.0,4.137038634622526,6.35827944379447,0.493896484375,0.553564453125,0.60185546875,0.694091796875,0.70263671875,0.748291015625,1.0,4.0,16.0,64.0,137.0,4.131375021748295,6.352292484196944,0.0030254219477135916,0.0029646755165749538,0.002677487504571086,0.5,0.24206145913796356,0.013473045178220736,0.5611907958984375
coco,000000205333,0,640,164,89.27636242378048,0.025466844512195122,0.04919969512195122,0.13270769817073172,0.21506288109756097,0.21970274390243902,0.25442073170731705,28.0,62.0,89.0,111.0,137.0,6.245125032783414,7.07682753070338,0.02580030487804878,0.04878048780487805,0.13208841463414633,0.2145579268292683,0.21916920731707318,0.2525533536585366,28.0,63.0,89.0,111.0,138.0,6.247168727262403,7.064254826952761,0.026339285714285714,0.05066964285714286,0.13541666666666666,0.21592261904761906,0.22075892857142856,0.25416666666666665,28.0,62.0,88.0,110.0,138.0,6.237501413574756,7.058532817688468,0.027529761904761904,0.051488095238095236,0.13467261904761904,0.21607142857142858,0.22113095238095237,0.253125,28.0,63.0,89.0,110.0,138.0,6.234393857446687,7.04837045748973,0.0016532607919877763,0.0038351915397544295,0.002566875153462456,0.82915619758885,1.14564392373896,0.012487670481958946,0.024733231707317074
coco,000000208423,0,640,480,72.72416666666666,0.11180338541666666,0.17819010416666667,0.23146484375,0.3122200520833333,0.320771484375,0.419111328125,15.0,35.0,74.0,105.0,124.0,5.802917514109458,7.108591600629092,0.11048177083333334,0.17631510416666665,0.23,0.31135416666666665,0.31970052083333333,0.4188671875,15.0,35.0,74.0,105.0,124.0,5.808412943907917,7.105230814503684,0.10950520833333334,0.1759375,0.22791666666666666,0.3102083333333333,0.3185677083333333,0.41966145833333335,15.0,36.0,74.0,105.0,124.0,5.813309637389695,7.102511868591738,0.10713541666666666,0.17390625,0.22520833333333334,0.3069791666666667,0.3154166666666667,0.4167708333333333,15.0,36.0,74.0,105.0,124.0,5.822956727428962,7.104223591620567,0.0020958991968765776,0.0030095241679995556,0.002803637823804083,0.4330127018922193,0.24206145913796356,0.009557556412536736,0.1783984375
coco,000000209757,0,426,640,38.56537191901408,0.4084507042253521,0.4849068368544601,0.5567231514084507,0.6733458039906103,0.6864363262910798,0.7725828931924883,5.0,8.0,25.0,60.0,96.0,4.480293485859151,6.492348554553537,0.4104410046728972,0.48776285046728973,0.5594480140186916,0.6738171728971962,0.6868720794392523,0.7718457943925233,4.0,8.0,25.0,61.0,96.0,4.453620361816466,6.481910560885814,0.4060163551401869,0.4844918224299065,0.55625,0.6705607476635514,0.6842581775700934,0.7698306074766356,4.0,8.0,26.0,61.0,96.0,4.464313293969087,6.493428286573831,0.4124421296296296,0.4917824074074074,0.562037037037037,0.6756365740740741,0.6898148148148148,0.7743055555555556,4.0,8.0,24.0,60.0,96.0,4.402609192221812,6.457859709084685,0.008656288120419974,0.007338133206057668,0.006536073624992945,1.0307764064044151,0.7806247497997998,0.058424921347318394,0.6565984448356808
coco,000000210394,0,640,480,55.32944986979167,0.424033203125,0.4846321614583333,0.533291015625,0.620380859375,0.629384765625,0.6846516927083334,3.0,5.0,26.0,104.0,155.0,4.596660257601059,6.6271983234759695,0.42352864583333333,0.48385416666666664,0.5317057291666667,0.619375,0.6287369791666667,0.6838020833333334,3.0,5.0,26.0,104.0,155.0,4.599964905990975,6.627915185001017,0.42072916666666665,0.4803125,0.5283854166666667,0.6175260416666667,0.62640625,0.68140625,3.0,5.0,27.0,107.0,155.0,4.620150855321778,6.636309425113634,0.42046875,0.4809375,0.5278645833333333,0.6172916666666667,0.6263020833333334,0.6808333333333333,3.0,5.0,26.0,106.0,155.0,4.620519368170721,6.635528852061853,0.004692451405098297,0.004560200661971683,0.0042118005852994495,0.8660254037844386,0.24206145913796356,0.025883707502795564,0.6023828125
coco,000000210789,0,368,520,70.55945861204013,0.32817203177257526,0.3936820652173913,0.45171404682274247,0.5277539715719064,0.535806856187291,0.5922084030100334,2.0,8.0,41.0,108.0,217.0,4.918227917485571,6.7656090104134226,0.32654682274247493,0.3910953177257525,0.44926839464882945,0.5253971571906354,0.5334030100334448,0.5897993311036789,2.0,9.0,42.0,109.0,217.0,4.924312262861234,6.772200797999815,0.3216137123745819,0.38486622073578597,0.4418896321070234,0.5188127090301003,0.5267558528428093,0.5822742474916388,2.0,9.0,43.0,111.0,223.0,4.9520861803623095,6.782780543358066,0.3139632107023411,0.3760869565217391,0.432190635451505,0.5099498327759198,0.517809364548495,0.5749163879598662,2.0,9.0,45.0,113.0,228.0,4.982906026173041,6.790901713997025,0.0070372999294089494,0.009134687133795965,0.008820351973483912,1.9273929931386593,11.787009533804577,0.03726053704875053,0.468561872909699
coco,000000213224,0,426,640,44.726522153755866,0.38664539319248825,0.4638130868544601,0.5473958333333333,0.6672388497652583,0.6775968309859155,0.7386443661971831,1.0,6.0,27.0,66.0,112.0,4.281679463597422,6.620173888748702,0.3866822429906542,0.4647926401869159,0.5466705607476635,0.6670998831775701,0.6773072429906543,0.7384345794392523,1.0,6.0,27.0,66.0,112.0,4.282068006799774,6.618702766155702,0.3866822429906542,0.4644275700934579,0.5458528037383178,0.6668808411214954,0.677570093457944,0.7377628504672897,1.0,6.0,27.0,67.0,113.0,4.286488362794018,6.622194625384101,0.38680555555555557,0.46475694444444443,0.5480324074074074,0.6682291666666667,0.6782986111111111,0.7378472222222222,1.0,6.0,27.0,66.0,112.0,4.28210201906033,6.6122311593516825,0.0021629484004459863,0.003400653262096383,0.003395344038006279,0.33071891388307384,0.9921567416492215,0.009636740405929965,0.7072109741784037
coco,000000213605,0,480,640,94.80830078125,0.20929361979166666,0.27417317708333333,0.32926106770833335,0.4058333333333333,0.4137727864583333,0.4744921875,4.0,20.0,70.0,155.0,255.0,5.589427331743042,6.855212771076285,0.20989583333333334,0.273671875,0.32787760416666667,0.40532552083333334,0.4130859375,0.4741796875,4.0,20.0,70.0,155.0,255.0,5.588480951179448,6.85014200806245,0.20828125,0.268203125,0.3223697916666667,0.39953125,0.40770833333333334,0.47015625,4.0,21.0,71.0,159.0,255.0,5.604701241869789,6.852221677008827,0.209375,0.2683333333333333,0.3218229166666667,0.39729166666666665,0.40578125,0.47010416666666666,4.0,21.0,71.0,157.0,255.0,5.603694868393807,6.848070166912377,0.002231997869717681,0.004937187474657211,0.004954832363721005,0.982264602843857,0.0,0.014378528056515816,0.38663411458333335
coco,000000214200,0,426,640,62.31718383215962,0.4565727699530516,0.5097674589201878,0.5486649061032863,0.592862382629108,0.5966255868544601,0.6237199237089202,0.0,3.0,22.0,115.0,183.0,4.278116179514702,6.542223851377219,0.45636682242990656,0.509053738317757,0.5479556074766355,0.5921290887850468,0.5957505841121495,0.6228533878504673,0.0,3.0,22.0,115.0,183.0,4.280245311765765,6.543686898085405,0.45607476635514016,0.5088785046728972,0.545911214953271,0.5899240654205608,0.5938084112149533,0.6216413551401869,0.0,3.0,22.0,115.0,185.0,4.276369565801218,6.538945461401489,0.4545138888888889,0.5090277777777777,0.5454282407407407,0.5912615740740741,0.5950231481481482,0.6241319444444444,0.0,3.0,22.0,114.0,183.0,4.279532251950358,6.542715685618943,0.003244670605036878,0.003977420049889777,0.0037120912882894702,0.6959705453537527,0.8660254037844386,0.018354028590217078,0.6034697769953051
coco,000000214703,0,426,640,50.59181704812207,0.14733348004694835,0.25386590375586854,0.3595253814553991,0.5392055457746479,0.5608421361502347,0.7021603579812207,12.0,23.0,44.0,69.0,105.0,5.30197607748279,6.797967948564242,0.14697721962616822,0.254044976635514,0.35718457943925236,0.5375146028037383,0.5582067757009346,0.6995181074766356,12.0,23.0,44.0,69.0,105.0,5.305771820539792,6.800687658381699,0.14436331775700934,0.25073014018691586,0.3545852803738318,0.533411214953271,0.554088785046729,0.695268691588785,12.0,23.0,45.0,70.0,105.0,5.318180665361194,6.805837910212596,0.1449652777777778,0.2523148148148148,0.3515625,0.5343171296296296,0.5547453703703704,0.694675925925926,12.0,23.0,45.0,70.0,105.0,5.3197440069840365,6.801763702302084,0.0029343450815835677,0.004690393160990115,0.0077697232727704825,0.8660254037844386,0.75,0.015758660294945135,0.5103543133802817
coco,000000214720,0,374,500,73.12125668449198,0.29197326203208557,0.34044919786096256,0.38834224598930484,0.4692352941176471,0.4782192513368984,0.5438877005347593,2.0,10.0,54.0,108.0,189.0,5.111162877405921,7.111873410198772,0.2923404255319149,0.3401276595744681,0.3888723404255319,0.47038297872340423,0.47921276595744683,0.5434042553191489,2.0,10.0,54.0,108.0,188.0,5.110499041764874,7.112520685852987,0.2913289429246876,0.3381036811887876,0.3844562647754137,0.4649611617696724,0.4742485646740966,0.5396403242147924,2.0,10.0,55.0,110.0,189.0,5.133707805825719,7.1240932633201925,0.29128672745694023,0.33848362039851404,0.3839918946301925,0.46504559270516715,0.47357311719013845,0.5382472137791287,2.0,10.0,55.0,109.0,189.0,5.136101167369551,7.11897969647748,0.0016823542578793553,0.0031025341083965523,0.0037264144524838607,0.8569568250501305,1.6758859597239903,0.017087468634498466,0.4429679144385027
coco,000000215723,0,640,480,42.790810546875,0.382451171875,0.44744791666666667,0.506904296875,0.6343717447916667,0.6453287760416667,0.7324348958333333,1.0,6.0,31.0,66.0,109.0,4.376741642591099,6.616929237907547,0.383359375,0.44799479166666667,0.5077213541666666,0.6351692708333333,0.646328125,0.7335026041666667,1.0,6.0,31.0,66.0,109.0,4.371820193150486,6.6123636099583205,0.3846614583333333,0.448828125,0.5090104166666667,0.6352604166666667,0.6465104166666666,0.73296875,1.0,6.0,31.0,66.0,108.0,4.36848720552847,6.606998743860796,0.3866145833333333,0.44989583333333333,0.5086979166666666,0.6354166666666666,0.64625,0.73375,1.0,5.0,31.0,66.0,108.0,4.355156871162365,6.596756758295556,0.0028032900871845005,0.0023274147719747245,0.0012757385309047594,0.3903123748998999,1.0288798520721456,0.013121214401085633,0.5806998697916667
coco,000000217285,0,640,426,70.6388974471831,0.2329262030516432,0.2942121478873239,0.35246845657276993,0.4553036971830986,0.46642825704225355,0.538637030516432,4.0,17.0,56.0,106.0,159.0,5.2941999081349485,7.316108799946991,0.23374707943925233,0.2950496495327103,0.3541033878504673,0.455972546728972,0.4676401869158878,0.5385367990654205,4.0,17.0,56.0,106.0,159.0,5.291722750612554,7.313012135444339,0.23179976851851852,0.293287037037037,0.3534143518518518,0.4554398148148148,0.46707175925925926,0.5383101851851851,4.0,18.0,55.0,107.0,158.0,5.299106242824786,7.311029199348836,0.2299189814814815,0.29230324074074077,0.3525462962962963,0.4552083333333333,0.467650462962963,0.5401041666666667,4.0,18.0,55.0,107.0,158.0,5.3085641888344774,7.314937656296939,0.0036140799842435474,0.002474725630256773,0.002390487389111167,0.49607837082461076,1.165922381636102,0.012780119655606931,0.3879218016431925
coco,000000217400,0,640,480,57.074345703125,0.38215494791666665,0.450029296875,0.5046516927083333,0.5944010416666666,0.6025618489583333,0.65255859375,2.0,7.0,31.0,89.0,161.0,4.713612588121606,6.854086540020599,0.382890625,0.45125,0.5066536458333334,0.59671875,0.6047265625,0.6544791666666666,2.0,7.0,31.0,89.0,161.0,4.705435453670108,6.845066885432514,0.38653645833333333,0.45393229166666665,0.5098177083333333,0.6009635416666667,0.6088802083333333,0.657890625,2.0,7.0,30.0,89.0,161.0,4.688427460891704,6.831842970534459,0.38557291666666665,0.454375,0.51015625,0.6020833333333333,0.60921875,0.65734375,2.0,7.0,30.0,88.0,161.0,4.686009173636949,6.829101519590133,0.003065562959061174,0.003897852029541434,0.004244480862774702,0.7071067811865476,0.9921567416492215,0.016693140124805057,0.5680598958333334
coco,000000218091,0,640,428,37.73190347546729,0.516475613317757,0.5808009637850468,0.6302971670560747,0.7219626168224299,0.7319837908878505,0.7891026577102803,0.0,1.0,14.0,53.0,113.0,3.5982715946871537,6.040580131343797,0.5151285046728972,0.5787091121495327,0.6289865654205608,0.7206191588785047,0.7308265186915888,0.7884053738317757,0.0,1.0,14.0,53.0,113.0,3.601920097112586,6.039901607686126,0.5164641203703704,0.5790798611111111,0.6289641203703704,0.7204861111111112,0.7307002314814814,0.7886863425925926,0.0,1.0,14.0,53.0,113.0,3.5998322408585155,6.0393588626938834,0.5171296296296296,0.5806134259259259,0.6315393518518518,0.7203125,0.7311342592592592,0.7893518518518519,0.0,1.0,14.0,53.0,113.0,3.5954889437751505,6.03285575959519,0.002729721211335312,0.0023888431319606584,0.0017523913594324066,0.33071891388307384,0.9499177595981665,0.015834522429421134,0.7266391647196262
coco,000000221693,0,640,426,46.85246478873239,0.36099985328638495,0.4718933392018779,0.5209543720657277,0.5785431338028169,0.5877970950704225,0.6704555457746478,5.0,11.0,27.0,75.0,104.0,4.814384586866469,6.69701690610424,0.3611711448598131,0.4715683411214953,0.5204439252336449,0.5786068925233645,0.5878942757009346,0.6711010514018692,5.0,11.0,27.0,75.0,104.0,4.814423193697488,6.698228934446984,0.3599537037037037,0.47152777777777777,0.5200810185185185,0.5784432870370371,0.5877604166666667,0.6703993055555556,5.0,11.0,27.0,75.0,104.0,4.816283593436264,6.700150107773156,0.35954861111111114,0.4713541666666667,0.5201967592592592,0.578761574074074,0.5875578703703703,0.6689236111111111,5.0,11.0,27.0,75.0,104.0,4.816797964824915,6.693958830391215,0.0017719063938562295,0.0012602098979884787,0.0012700969499464625,0.4841229182759271,0.3903123748998999,0.004161690407954763,0.6456719483568075
coco,000000222825,0,426,640,69.48977039319249,0.08940727699530517,0.12571522887323944,0.18477846244131454,0.31920848004694835,0.3358824823943662,0.4697549882629108,18.0,39.0,66.0,91.0,126.0,5.77651637462875,7.1035363311072155,0.08887266355140187,0.12494158878504673,0.18417056074766355,0.31835572429906545,0.3356892523364486,0.47012266355140186,18.0,40.0,66.0,91.0,126.0,5.777962140563492,7.100962222360384,0.08933995327102803,0.1255549065420561,0.18367406542056075,0.31877920560747663,0.33598130841121493,0.4699766355140187,18.0,40.0,66.0,91.0,127.0,5.775462313799769,7.10027541124527,0.08686342592592593,0.12077546296296296,0.1791087962962963,0.31591435185185185,0.33350694444444445,0.4684027777777778,19.0,40.0,66.0,91.0,127.0,5.7882587122177895,7.095474765656719,0.0023213278785649927,0.003239049677603654,0.0020041769260556066,0.24206145913796356,0.4841229182759271,0.009053230287432103,0.2441094483568075
coco,000000223188,0,426,640,48.49540419600939,0.3496332159624413,0.466637323943662,0.5628301056338029,0.6824860622065728,0.6946229460093897,0.7679137323943662,4.0,10.0,26.0,60.0,129.0,4.720786400716213,6.678342068979647,0.3486711448598131,0.4652161214953271,0.5620911214953271,0.6806950934579439,0.6928592289719626,0.7667932242990654,4.0,10.0,26.0,60.0,132.0,4.72609036251229,6.681050851991001,0.3482768691588785,0.4627628504672897,0.5607768691588785,0.6790595794392523,0.6919100467289719,0.7651577102803738,4.0,10.0,26.0,60.0,139.0,4.737682810680451,6.682404845332183,0.34681712962962963,0.46145833333333336,0.5595486111111111,0.678587962962963,0.6925347222222222,0.7643518518518518,5.0,10.0,26.0,61.0,138.0,4.74344518159184,6.684722649946455,0.0029590031480777853,0.002850042711205741,0.003267283578970448,0.0,6.179603547154137,0.016262041905055973,0.7092356220657277
coco,000000223789,0,346,500,81.98769942196532,0.18032947976878613,0.23247398843930636,0.2853757225433526,0.38566473988439304,0.39545664739884395,0.45484393063583817,4.0,26.0,76.0,125.0,169.0,5.554859535578415,7.372129565581853,0.18041379310344827,0.23333333333333334,0.28590804597701147,0.38595402298850573,0.39570114942528734,0.45508045977011496,4.0,26.0,75.0,125.0,169.0,5.552228255880638,7.370048759859266,0.1811713191023536,0.23499361430395913,0.2884966247035213,0.3865626710454297,0.3969622331691297,0.45662287903667215,4.0,26.0,75.0,124.0,169.0,5.546448303089498,7.365973294391587,0.17965367965367965,0.23457792207792208,0.2879689754689755,0.3860930735930736,0.3968253968253968,0.45634920634920634,4.0,26.0,75.0,124.0,169.0,5.549125476790858,7.362528875662111,0.0019097708061109452,0.003284688973733574,0.0027630937467375024,1.0897247358851685,0.9921567416492215,0.01283879009338392,0.32308670520231214
coco,000000224051,0,640,428,137.02236419392523,0.0613098714953271,0.08538259345794393,0.11771320093457945,0.20298992406542057,0.21377044392523364,0.30231454439252337,28.0,55.0,112.0,255.0,255.0,6.5738349888439895,6.036732479732738,0.060733060747663555,0.08468165887850468,0.11781542056074766,0.20290595794392524,0.2133323598130841,0.30233644859813086,28.0,55.0,113.0,255.0,255.0,6.579174896783431,6.027054542133699,0.05925925925925926,0.08350694444444444,0.1168113425925926,0.20205439814814816,0.21226851851851852,0.30011574074074077,28.0,56.0,113.0,255.0,255.0,6.587224849590771,6.0228025610746325,0.061342592592592594,0.08518518518518518,0.1175925925925926,0.20596064814814816,0.21666666666666667,0.3034722222222222,28.0,55.0,111.0,255.0,255.0,6.576915838199798,6.0218279668921895,0.0019305483680736157,0.0015206882420938288,0.00327810945547598,1.3169567191065923,0.0,0.011583101417002016,0.17329147196261682
coco,000000224675,0,400,300,59.40586666666667,0.36123333333333335,0.41108333333333336,0.450925,0.5099833333333333,0.5167833333333334,0.580575,0.0,5.0,45.0,96.0,141.0,4.562616123084804,6.7483589331506035,0.36123333333333335,0.4097,0.4507,0.5104,0.5167,0.5798333333333333,0.0,5.0,44.0,96.0,141.0,4.564747638223223,6.745842908025294,0.36296052631578946,0.4118421052631579,0.45210526315789473,0.5120394736842105,0.5190131578947368,0.5816447368421053,0.0,5.0,44.0,95.0,141.0,4.552641341706883,6.730629799665435,0.36105263157894735,0.4105263157894737,0.45039473684210524,0.5123684210526316,0.5194736842105263,0.5830263157894737,0.0,5.0,44.0,94.0,141.0,4.550047402460752,6.71460277390915,0.0032170678004189977,0.0026055560378621468,0.0032360565480886445,0.982264602843857,0.4841229182759271,0.013761253321711088,0.49825833333333336
coco,000000224724,0,480,640,61.726279296875,0.3375,0.406142578125,0.47005859375,0.5638606770833333,0.5745052083333333,0.6398763020833333,0.0,7.0,36.0,90.0,169.0,4.635203534910129,6.810771503150313,0.33751302083333334,0.4066666666666667,0.47040364583333333,0.5638151041666667,0.5749088541666667,0.6395833333333333,1.0,7.0,36.0,90.0,169.0,4.6391157864071815,6.815621046053121,0.337890625,0.40682291666666665,0.470078125,0.5625520833333333,0.573359375,0.638515625,1.0,7.0,36.0,90.0,167.0,4.638107567697484,6.815691972177299,0.33677083333333335,0.40541666666666665,0.4721875,0.5632291666666667,0.5747395833333333,0.6384375,0.0,7.0,36.0,89.0,165.0,4.629054035242009,6.807951207660095,0.002655228561777269,0.0025704770690941283,0.0031268440739581492,0.4841229182759271,2.8034576865007255,0.01489956746369422,0.5432877604166667
coco,000000226802,0,640,360,67.50112847222222,0.34989583333333335,0.5231901041666667,0.6409548611111111,0.7289973958333333,0.7337326388888888,0.7547135416666667,2.0,10.0,22.0,60.0,255.0,4.665293094911859,5.715832057946663,0.3485243055555556,0.5208854166666667,0.6391319444444444,0.7274652777777778,0.73171875,0.7524131944444444,2.0,10.0,22.0,62.0,255.0,4.673096504780098,5.700498614076014,0.34260416666666665,0.5130902777777778,0.6320833333333333,0.7203819444444445,0.7248958333333333,0.7450694444444445,2.0,10.0,23.0,69.0,255.0,4.705161726314022,5.699132020471165,0.34284722222222225,0.5122916666666667,0.6291666666666667,0.7184027777777777,0.7228472222222222,0.7432638888888888,2.0,10.0,23.0,71.0,255.0,4.710911447815352,5.697744571305147,0.005249432747867402,0.006777796455176905,0.007486263301122563,0.3903123748998999,0.0,0.029377876174367122,0.7348350694444444
coco,000000226903,0,640,480,69.99556640625,0.45078450520833335,0.5114420572916667,0.5549967447916667,0.6123470052083333,0.6185481770833333,0.6584635416666667,2.0,6.0,22.0,115.0,255.0,4.6397426085959825,6.438196170457905,0.4512890625,0.5118880208333333,0.5556640625,0.6129947916666667,0.6189713541666667,0.65859375,2.0,6.0,22.0,115.0,255.0,4.635179233752612,6.436810996513655,0.44609375,0.5078125,0.5521614583333333,0.6108333333333333,0.6169791666666666,0.6565885416666667,2.0,6.0,22.0,116.0,255.0,4.65630202935438,6.448353932503126,0.4446875,0.50765625,0.551875,0.6109375,0.6171354166666667,0.6566145833333333,2.0,6.0,22.0,116.0,255.0,4.649407509295878,6.448943846121738,0.004679915331865274,0.003954711059784152,0.0033792449252234473,0.5555121510822243,1.299038105676658,0.020750214382036166,0.6018684895833334
coco,000000227044,0,640,480,81.18398111979167,0.1498828125,0.20785807291666666,0.262822265625,0.37257486979166665,0.38341145833333334,0.4629947916666667,6.0,30.0,72.0,121.0,159.0,5.62713406925898,7.300658203683955,0.14923177083333333,0.20744791666666668,0.2625651041666667,0.3722005208333333,0.382578125,0.461484375,6.0,30.0,72.0,121.0,159.0,5.6304814009695265,7.299976996701169,0.14606770833333332,0.20453125,0.2594270833333333,0.3687239583333333,0.3792447916666667,0.457578125,6.0,30.0,73.0,122.0,159.0,5.6458730606207155,7.304070196521982,0.1471875,0.2053125,0.2590625,0.3684375,0.37890625,0.4588541666666667,6.0,30.0,72.0,122.0,159.0,5.64457475690899,7.30172574847499,0.002631400565186114,0.0026046365949699384,0.003091618583970213,0.8569568250501305,0.0,0.012649377317684743,0.3074186197916667
coco,000000227985,0,640,480,54.56556640625,0.320078125,0.390703125,0.4360709635416667,0.5289811197916666,0.5430403645833334,0.6539778645833333,3.0,10.0,43.0,79.0,134.0,4.885105085684348,6.981570440890855,0.319609375,0.3898828125,0.4359635416666667,0.5291145833333334,0.5428645833333333,0.6539713541666666,3.0,10.0,43.0,79.0,134.0,4.884517300324632,6.980935711605024,0.32033854166666664,0.39098958333333333,0.43658854166666666,0.5308854166666667,0.5446354166666667,0.6544791666666666,3.0,10.0,43.0,79.0,134.0,4.87622380717618,6.976268398700296,0.32015625,0.3909375,0.43875,0.5326041666666667,0.5463020833333333,0.6544270833333333,3.0,10.0,43.0,79.0,134.0,4.873626585118223,6.971070460901733,0.0014088998952837492,0.0019321766122459793,0.0019157779125744568,0.24206145913796356,0.0,0.007978442410831657,0.554375
coco,000000232088,0,640,480,44.62064453125,0.3035123697916667,0.364072265625,0.45670247395833335,0.5983138020833333,0.6138639322916667,0.7195052083333333,1.0,10.0,36.0,68.0,105.0,4.5421344824386525,6.586749402163248,0.30359375,0.36298177083333333,0.4557161458333333,0.5970703125,0.6125,0.7183203125,1.0,10.0,36.0,69.0,105.0,4.5468423945008,6.587873365769437,0.302265625,0.3594791666666667,0.4532552083333333,0.5952083333333333,0.6110416666666667,0.7171614583333333,1.0,10.0,37.0,69.0,107.0,4.554329741024737,6.586776951901638,0.30354166666666665,0.3605729166666667,0.45416666666666666,0.5959895833333333,0.6119270833333333,0.7149479166666667,1.0,10.0,36.0,69.0,107.0,4.550814604996902,6.585583968028366,0.002888158714091967,0.002761443325075332,0.0025059079193358105,0.4841229182759271,0.9270248108869579,0.011179696591018902,0.5535807291666667
coco,000000232692,0,640,424,31.988119103773585,0.5669553360849057,0.6434293926886793,0.698046875,0.7737654775943397,0.7816221992924528,0.8325140035377359,0.0,2.0,10.0,42.0,91.0,3.5321971409358826,5.997121239473916,0.5670843160377359,0.6418189858490566,0.6964327830188679,0.7712116745283019,0.7790536556603773,0.8306456367924528,0.0,2.0,10.0,43.0,91.0,3.5353700996434325,5.995569796537357,0.5709905660377359,0.6447818396226415,0.6997051886792452,0.7744398584905661,0.7827240566037735,0.8342570754716981,0.0,2.0,10.0,42.0,89.0,3.5149053431244295,5.9733555266520835,0.5703419811320755,0.6433962264150943,0.6992334905660378,0.775,0.7834316037735849,0.8356132075471698,0.0,2.0,10.0,42.0,89.0,3.51910005210985,5.967806616071456,0.0032617624459677762,0.003420184579804963,0.003825665012639745,0.5,1.3448396744593758,0.016917193656223135,0.7797206662735849
coco,000000236166,0,426,640,83.86362969483568,0.3311546361502347,0.40060519366197184,0.45165786384976525,0.5110071889671362,0.5164906103286385,0.5569725645539906,5.0,10.0,44.0,143.0,255.0,5.286733562191896,6.812151597864567,0.3300671728971963,0.4007009345794392,0.4523218457943925,0.5106892523364486,0.5162383177570093,0.5566150700934579,5.0,10.0,44.0,144.0,255.0,5.290378427738031,6.802915165870173,0.3304322429906542,0.4014018691588785,0.4525700934579439,0.5107476635514019,0.5160630841121495,0.5559579439252337,5.0,10.0,44.0,145.0,255.0,5.292211551875458,6.78854007566548,0.3298611111111111,0.40086805555555555,0.4530092592592593,0.5114004629629629,0.5170138888888889,0.5560185185185185,5.0,10.0,44.0,145.0,255.0,5.294043890224282,6.777272153850792,0.0013952141420764971,0.002250400714011415,0.002033195241712449,0.7905694150420949,0.7806247497997998,0.008895939158659922,0.4995415199530516
coco,000000236308,0,640,368,121.58897758152175,0.01920006793478261,0.042081351902173915,0.07858780570652174,0.11560801630434783,0.11773947010869565,0.12970448369565218,40.0,90.0,117.0,169.0,199.0,6.700157459619409,7.079678170710518,0.018987771739130434,0.04203464673913043,0.0785835597826087,0.11565896739130435,0.11769701086956522,0.12997622282608695,40.0,90.0,116.0,169.0,199.0,6.699945986521446,7.080763335181386,0.019021739130434784,0.042595108695652174,0.07965353260869565,0.11725543478260869,0.11983695652173913,0.13172554347826088,39.0,89.0,116.0,167.0,199.0,6.694488979122282,7.081122393130823,0.018410326086956523,0.042459239130434784,0.07948369565217392,0.11793478260869565,0.12010869565217391,0.13260869565217392,39.0,89.0,116.0,167.0,199.0,6.6948236584692795,7.07832228598302,0.0005627090780240937,0.001365095903373007,0.001774105336725636,0.49607837082461076,0.4841229182759271,0.006809476458739595,0.024664572010869565
coco,000000236914,0,640,448,51.14739467075893,0.5797188895089286,0.6219761439732143,0.6534458705357142,0.6947265625,0.6987339564732142,0.7275285993303572,0.0,0.0,6.0,76.0,193.0,3.2535092478315044,5.356256799720055,0.5826450892857142,0.6251953125,0.6563058035714285,0.6972377232142857,0.7008928571428571,0.7299665178571428,0.0,0.0,6.0,75.0,191.0,3.233258699466708,5.333106316026644,0.5877511160714286,0.6307477678571428,0.6614118303571429,0.7020089285714286,0.7055524553571428,0.7345703125,0.0,0.0,6.0,72.0,188.0,3.1973525160559224,5.2985407672118985,0.590625,0.63359375,0.6647321428571429,0.7045200892857143,0.7079241071428571,0.7359933035714286,0.0,0.0,6.0,72.0,186.0,3.188357485841553,5.284177467349773,0.0060663438790757905,0.005967901069014401,0.00524760266426652,0.49607837082461076,4.0600954422279285,0.0395363115392048,0.6894217354910714
coco,000000238013,0,500,334,35.6602874251497,0.5442814371257485,0.671377245508982,0.7374850299401198,0.8044491017964072,0.8099041916167665,0.8435269461077844,3.0,6.0,14.0,34.0,102.0,4.055470235871682,6.126235765299391,0.5465714285714286,0.6725476190476191,0.7393809523809524,0.8043333333333333,0.8096904761904762,0.8439285714285715,3.0,6.0,13.0,34.0,102.0,4.036946363823057,6.123941533810936,0.5452857142857143,0.6697619047619048,0.7372380952380952,0.8033809523809524,0.8086666666666666,0.8426190476190476,3.0,6.0,13.0,34.0,102.0,4.046912661413013,6.1263652858628905,0.5506424792139077,0.6729969765684052,0.7401738473167044,0.8056500377928949,0.8108465608465608,0.8443877551020408,3.0,6.0,13.0,33.0,101.0,4.018822393425226,6.108795473563322,0.004967610178952166,0.0037287370116625422,0.0024781410077952325,0.49607837082461076,1.6583123951777,0.03338540745336588,0.8037125748502995
coco,000000239041,0,640,426,23.232020246478875,0.6551973298122066,0.7330839201877934,0.7910871478873239,0.8879768192488263,0.8971024061032864,0.9319395539906103,3.0,6.0,12.0,26.0,50.0,3.756156544782759,5.6902113872849505,0.6545706775700935,0.7328709112149533,0.7913989485981309,0.8892815420560748,0.8981308411214953,0.932169976635514,3.0,6.0,12.0,26.0,50.0,3.7526029297365198,5.69072274845425,0.6506076388888888,0.7295138888888889,0.7880497685185185,0.8879918981481482,0.8969328703703704,0.9313368055555555,3.0,7.0,12.0,26.0,50.0,3.764820797944412,5.699943338627837,0.6491319444444444,0.7293981481481482,0.7840277777777778,0.8837962962962963,0.8923611111111112,0.9276041666666667,3.0,6.0,12.0,27.0,52.0,3.762725404602068,5.705002614270294,0.00428660379219978,0.004118360994408,0.0034303878837060463,0.0,0.9499177595981665,0.012691257581208388,0.9100828931924883
coco,000000239627,0,640,426,71.58901115023474,0.2526701877934272,0.30748606220657276,0.36027728873239434,0.4685042546948357,0.47911531690140846,0.5547461854460094,4.0,15.0,53.0,108.0,176.0,5.248165001323348,7.29374693138838,0.25235105140186914,0.3080607476635514,0.3613609813084112,0.46870619158878507,0.4795268691588785,0.5549357476635514,4.0,15.0,53.0,109.0,176.0,5.249952049892995,7.2961777876603815,0.2527199074074074,0.3100115740740741,0.3623263888888889,0.46837384259259257,0.4787326388888889,0.553125,4.0,15.0,53.0,110.0,177.0,5.251934435147425,7.296859505345214,0.25225694444444446,0.308275462962963,0.3615162037037037,0.46672453703703703,0.47708333333333336,0.5522569444444444,4.0,15.0,54.0,109.0,177.0,5.250423889683207,7.2940318678553595,0.004160770433446225,0.004533476926824154,0.003369225144378496,0.6614378277661477,0.899218410621135,0.01524657437953744,0.4347344483568075
coco,000000240049,0,426,640,69.08221830985916,0.30324970657276995,0.3586707746478873,0.42004474765258215,0.520418867370892,0.530699823943662,0.5967282863849765,1.0,8.0,44.0,107.0,181.0,4.817897936154279,6.9108558222644705,0.3020443925233645,0.35587032710280375,0.4180928738317757,0.5183119158878504,0.5286653037383178,0.5962470794392524,1.0,8.0,44.0,107.0,181.0,4.82436314129666,6.909118922911225,0.3017523364485981,0.35365070093457945,0.41772780373831775,0.5198014018691589,0.530286214953271,0.5984228971962616,1.0,8.0,44.0,108.0,183.0,4.829731232327675,6.903102649085828,0.30451388888888886,0.35625,0.4193865740740741,0.5205439814814815,0.530613425925926,0.5987847222222222,1.0,8.0,44.0,107.0,183.0,4.823742576231188,6.898386389968179,0.0019210717161270764,0.0025686237748002547,0.0031509131084530317,0.5994789404140899,2.1360009363293826,0.009192153627904064,0.4951474471830986
coco,000000241602,0,640,426,90.75281690140845,0.08094556924882629,0.11335827464788732,0.153293720657277,0.23638130868544602,0.24739950117370893,0.3359301643192488,20.0,50.0,85.0,120.0,167.0,6.092427790925529,7.406424565137535,0.08180490654205608,0.11289427570093458,0.15366530373831774,0.23558703271028036,0.2468896028037383,0.3355432242990654,20.0,50.0,86.0,121.0,167.0,6.093455849481699,7.407936315065312,0.08087384259259259,0.11137152777777778,0.1519675925925926,0.23408564814814814,0.2447337962962963,0.3347800925925926,21.0,50.0,86.0,120.0,167.0,6.097928042328453,7.40373906953485,0.07806712962962963,0.10902777777777778,0.15005787037037038,0.23125,0.24114583333333334,0.3318287037037037,21.0,51.0,86.0,121.0,167.0,6.109417707421997,7.402006820576837,0.0023757145025899273,0.002079136377534003,0.0034448623008973248,0.7806247497997998,1.3919410907075054,0.011533745658975594,0.13626026995305165
coco,000000242287,0,426,640,66.71189113849765,0.152618838028169,0.23004328051643191,0.3123569542253521,0.4566607981220657,0.47124413145539906,0.5737896126760563,10.0,26.0,53.0,93.0,141.0,5.487299713524286,7.281628188032518,0.1520589953271028,0.2301693925233645,0.3132155373831776,0.45572429906542056,0.46987441588785045,0.5726635514018692,10.0,26.0,53.0,93.0,141.0,5.489343249250481,7.281350392734926,0.15365070093457944,0.23113317757009347,0.3142231308411215,0.4579731308411215,0.47216705607476633,0.5745911214953271,10.0,26.0,53.0,93.0,141.0,5.4853553065061185,7.279407059663598,0.15497685185185187,0.23032407407407407,0.3111111111111111,0.45729166666666665,0.472337962962963,0.5740162037037037,10.0,26.0,53.0,93.0,143.0,5.484035705075982,7.27086013421423,0.002895367206350307,0.0025379804004715886,0.004127160525909322,0.4841229182759271,1.0307764064044151,0.01246247276802599,0.43444468896713617
coco,000000243344,0,480,640,35.94277994791667,0.469052734375,0.5535872395833333,0.627431640625,0.7235416666666666,0.732939453125,0.8024283854166666,1.0,3.0,18.0,53.0,99.0,3.910645063622163,6.332322993523588,0.46903645833333335,0.5535416666666667,0.6266276041666666,0.723046875,0.7325911458333333,0.8025911458333334,1.0,3.0,18.0,53.0,98.0,3.9079789731789862,6.329721005509662,0.4697135416666667,0.5536197916666666,0.6267447916666666,0.7229166666666667,0.7326041666666666,0.8025260416666666,1.0,3.0,18.0,53.0,99.0,3.903860683448996,6.324403048862471,0.46890625,0.5520833333333334,0.6238541666666667,0.72109375,0.7315104166666667,0.8040625,1.0,3.0,19.0,53.0,96.0,3.9100667429475426,6.318908218610474,0.0014759238071090518,0.003182826453525676,0.003149479250105934,0.4330127018922193,1.899835519196333,0.010381108826027401,0.74369140625
coco,000000245026,0,640,424,33.27605026533019,0.4769752358490566,0.5460089917452831,0.6037219929245283,0.7106132075471698,0.7254201061320755,0.8126068691037736,0.0,1.0,18.0,53.0,92.0,3.53070901383209,5.843219082084807,0.4765035377358491,0.5452093160377358,0.6026827830188679,0.7106426886792453,0.7252358490566038,0.8115860849056604,0.0,1.0,18.0,53.0,92.0,3.53524679397262,5.848210440092474,0.4805424528301887,0.5474941037735849,0.6023584905660377,0.7110849056603774,0.7252063679245283,0.8118219339622641,0.0,1.0,18.0,53.0,91.0,3.5011795072285703,5.802388677133169,0.483372641509434,0.5504716981132075,0.6031839622641509,0.7105542452830189,0.7237617924528302,0.8113797169811321,0.0,1.0,17.0,53.0,91.0,3.4819783559349577,5.770976851560925,0.0033893046028768614,0.001307493193072963,0.0011167620547618672,0.5590169943749475,0.7473912964438374,0.032730013211653176,0.6999852594339623
coco,000000246308,0,480,640,44.197705078125,0.3848014322916667,0.45227213541666667,0.5161165364583333,0.6228645833333334,0.6361360677083333,0.7228841145833333,1.0,6.0,30.0,68.0,105.0,4.378101526116949,6.658029682077486,0.38305989583333333,0.4508333333333333,0.5148177083333333,0.6203125,0.6347395833333334,0.72078125,1.0,6.0,30.0,69.0,105.0,4.387189323888471,6.664717522592352,0.380078125,0.446875,0.5107552083333333,0.6170572916666667,0.6315625,0.71765625,1.0,6.0,30.0,69.0,107.0,4.411029189168032,6.6790459859766065,0.3818229166666667,0.4473958333333333,0.5115625,0.6184375,0.6328125,0.7199479166666667,1.0,6.0,30.0,69.0,105.0,4.404102422971332,6.664689692926601,0.003578537148657508,0.00310103488451962,0.0032516240031983923,0.582961190818051,0.9164298936634487,0.022656754385594474,0.6217220052083333
coco,000000250766,0,500,410,80.4183756097561,0.18550731707317072,0.22145365853658536,0.2597512195121951,0.3346780487804878,0.3438780487804878,0.41513170731707316,2.0,30.0,77.0,117.0,163.0,5.516724315639571,7.272273563672314,0.18444660194174758,0.21984466019417476,0.2584077669902913,0.33328155339805826,0.3426019417475728,0.41351456310679613,2.0,30.0,78.0,117.0,163.0,5.5213520044419075,7.2690413777652,0.18307692307692308,0.21726923076923077,0.2565769230769231,0.3310769230769231,0.3398846153846154,0.41134615384615386,2.0,30.0,79.0,117.0,163.0,5.5285273752464885,7.266782053729132,0.18284493284493283,0.21955128205128205,0.25717338217338215,0.3327228327228327,0.3418040293040293,0.41376678876678874,2.0,30.0,78.0,117.0,163.0,5.52586496341301,7.261143402019639,0.0030380648430762694,0.003956240108684369,0.004460509592230947,0.7043392293490403,0.6614378277661477,0.017940635390710478,0.31677073170731707
coco,000000251824,0,500,374,57.047877005347594,0.2381283422459893,0.3044652406417112,0.36766844919786096,0.4973422459893048,0.5127860962566845,0.622,4.0,17.0,48.0,84.0,119.0,5.074844927135717,7.05230818015996,0.23846808510638298,0.3035744680851064,0.3668085106382979,0.4977446808510638,0.5125957446808511,0.6218085106382979,4.0,17.0,48.0,84.0,119.0,5.076124884690304,7.047297408398408,0.2398723404255319,0.3050212765957447,0.3681276595744681,0.49825531914893617,0.5129787234042553,0.6213191489361702,4.0,17.0,48.0,84.0,119.0,5.075710373227752,7.042210102619033,0.2392772711921648,0.3036980749746707,0.36769672407970283,0.49670719351570414,0.5109760216143195,0.6196386355960825,4.0,17.0,48.0,84.0,119.0,5.077870717709861,7.03895801265204,0.002020250075009104,0.0022165148026196463,0.0021101859164597285,0.24206145913796356,1.0,0.008577122645245556,0.49363101604278076
coco,000000253002,0,640,426,41.54507042253521,0.5521713615023475,0.6033377347417841,0.6573100058685446,0.7498386150234742,0.7612492664319249,0.7946706279342723,0.0,1.0,9.0,48.0,143.0,3.419290702918699,5.766024909747044,0.554453855140187,0.6055344626168224,0.6584696261682244,0.7501168224299065,0.7612149532710281,0.7938960280373831,0.0,1.0,9.0,47.0,144.0,3.404128147241056,5.745821837762394,0.5540219907407408,0.6023148148148149,0.6541956018518519,0.7453993055555556,0.7561342592592593,0.7856481481481481,0.0,1.0,9.0,49.0,155.0,3.431318111177465,5.74792840797307,0.5543981481481481,0.6042824074074075,0.6564236111111111,0.7480324074074074,0.758912037037037,0.7880787037037037,0.0,1.0,9.0,48.0,154.0,3.4210376532812226,5.734240184468299,0.0039028378719103913,0.004314708000003986,0.005679107001406083,0.5590169943749475,9.693546500120583,0.024327514007685878,0.7659294307511737
coco,000000253742,0,640,480,60.58042317708333,0.31251627604166665,0.36509114583333335,0.4218880208333333,0.5387239583333333,0.552568359375,0.645966796875,1.0,8.0,42.0,85.0,157.0,4.768020179793569,6.942677484211027,0.31365885416666667,0.366484375,0.42248697916666667,0.540625,0.5545963541666666,0.6466145833333333,1.0,8.0,42.0,85.0,157.0,4.7617547724134,6.938185583021211,0.31700520833333334,0.36981770833333333,0.425625,0.543671875,0.5576041666666667,0.649609375,1.0,8.0,42.0,84.0,155.0,4.748781453357022,6.927609089691094,0.3165625,0.3701041666666667,0.4261979166666667,0.5452083333333333,0.5600520833333333,0.6515104166666666,1.0,7.0,42.0,84.0,155.0,4.740243322039266,6.912944377759292,0.0034411339865618694,0.0040766022926169865,0.004846434584163427,0.582961190818051,1.4128318194321643,0.020245902646507594,0.52875
coco,000000254814,0,640,480,48.056064453125,0.19109700520833334,0.27376627604166665,0.3891145833333333,0.5980501302083333,0.6160546875,0.737041015625,8.0,21.0,39.0,65.0,92.0,5.106024453504234,6.830103782956186,0.19045572916666667,0.27393229166666666,0.38936197916666665,0.598046875,0.6153125,0.736875,8.0,21.0,39.0,65.0,93.0,5.105305298000683,6.829681877293972,0.19161458333333334,0.276171875,0.39044270833333333,0.600078125,0.6171614583333334,0.738125,8.0,21.0,39.0,65.0,93.0,5.101666654036923,6.82258502674969,0.18984375,0.27307291666666667,0.38598958333333333,0.5973958333333333,0.6147395833333333,0.736875,8.0,21.0,39.0,65.0,93.0,5.1105688011398245,6.8258368061306065,0.0023638080328583166,0.0027490306648624667,0.002307187321286134,0.0,0.49607837082461076,0.00847997200024246,0.579638671875
coco,000000256192,0,640,480,28.971715494791667,0.6352962239583333,0.7203971354166666,0.7861002604166667,0.8428515625,0.8471126302083334,0.8740364583333333,0.0,1.0,8.0,27.0,83.0,3.099105619240464,5.427970577996353,0.6349088541666666,0.7202604166666666,0.7849739583333334,0.8413671875,0.8458854166666666,0.8728515625,0.0,1.0,8.0,27.0,84.0,3.1009211950051214,5.4311452341525595,0.6369010416666666,0.7214322916666667,0.784609375,0.84078125,0.8452604166666666,0.8728645833333334,0.0,1.0,8.0,27.0,83.0,3.09813742074439,5.42550304606714,0.6331770833333333,0.7164583333333333,0.7793229166666666,0.8378125,0.8423958333333333,0.8705208333333333,0.0,1.0,9.0,28.0,86.0,3.117705051866432,5.441469452709647,0.0030347603902931147,0.0025827816610001033,0.0020520080449320543,0.49607837082461076,1.79843682124227,0.020370784325562073,0.8256901041666667
coco,000000256868,0,640,428,59.16179541471963,0.22660995911214954,0.33219918224299066,0.4132301401869159,0.5735032126168225,0.5893910630841122,0.6754307827102803,7.0,17.0,40.0,80.0,143.0,5.179306776825728,7.099668886044196,0.2275554906542056,0.3316880841121495,0.4135075934579439,0.5739485981308411,0.5896320093457944,0.6755549065420561,7.0,17.0,40.0,80.0,143.0,5.177780937461815,7.099698756501065,0.22688078703703704,0.3297164351851852,0.41041666666666665,0.5685763888888888,0.5842013888888888,0.6698495370370371,7.0,17.0,40.0,81.0,146.0,5.195082058781421,7.110055444287278,0.22696759259259258,0.3278935185185185,0.4077546296296296,0.5648726851851852,0.5807291666666666,0.6670138888888889,7.0,17.0,41.0,82.0,147.0,5.202037170648346,7.110253368724471,0.0019585929672040507,0.0026158670798853336,0.004928757383822841,0.5,2.760632853169722,0.014233869077373444,0.5513069509345795
coco,000000257865,0,640,426,16.996379841549295,0.8686289612676056,0.8756345363849766,0.8808208626760563,0.8884242957746479,0.8892202171361502,0.8962514671361502,0.0,1.0,1.0,1.0,70.0,1.5817848454478818,2.8060300678138383,0.8685893691588785,0.8756133177570093,0.8807535046728971,0.8885221962616823,0.889339953271028,0.8964515186915888,0.0,1.0,1.0,1.0,69.0,1.5836668641245049,2.801422850559483,0.8682581018518518,0.8756076388888889,0.880613425925926,0.8879918981481482,0.8887442129629629,0.8957465277777777,0.0,1.0,1.0,1.0,70.0,1.5838558925233335,2.8130519716376754,0.867824074074074,0.8755208333333333,0.8808449074074074,0.8876157407407408,0.8884837962962963,0.8957175925925925,0.0,1.0,1.0,1.0,70.0,1.5869262692947133,2.804645542532055,0.0011340283493567515,0.0009168947527969189,0.001225105369209464,0.0,1.8864235340983213,0.009013880860024092,0.8872615903755868
coco,000000261318,0,426,640,47.7311142899061,0.6128117664319249,0.6481110622065728,0.6786678403755868,0.72290566314554,0.7271713615023474,0.7557621772300469,0.0,0.0,3.0,60.0,196.0,2.9308482469924817,4.83530904492233,0.6132593457943926,0.6488171728971963,0.6792202102803738,0.7231892523364486,0.7275846962616822,0.7559141355140186,0.0,0.0,3.0,60.0,195.0,2.9223958989278938,4.821859396845174,0.6143399532710281,0.6490070093457944,0.6786507009345795,0.7205607476635514,0.7248247663551401,0.752803738317757,0.0,0.0,3.0,62.0,197.0,2.9260360862874872,4.809171091132876,0.6135995370370371,0.6463541666666667,0.6763310185185185,0.7173611111111111,0.7214699074074075,0.7499421296296296,0.0,0.0,3.0,64.0,197.0,2.9356391040826035,4.813578950080631,0.0019201461075645063,0.0022103444749642007,0.002705433134896282,0.0,3.2106998847603307,0.013017702695867347,0.7131051936619718
coco,000000262895,0,334,500,11.540311377245509,0.7764011976047904,0.8235389221556886,0.8639461077844311,0.9212634730538922,0.9262035928143713,0.9609281437125748,0.0,0.0,2.0,12.0,41.0,2.017442032201055,4.103338203354404,0.7780476190476191,0.825,0.8645238095238095,0.922047619047619,0.9270238095238095,0.9615,0.0,0.0,2.0,12.0,41.0,2.0142680086052542,4.098273174019079,0.779572940287226,0.8259637188208617,0.8650321239606954,0.9224773242630385,0.9274848828420257,0.9619236583522298,0.0,0.0,2.0,12.0,41.0,2.014036052311126,4.095995822179228,0.7799508692365835,0.8256802721088435,0.8645124716553289,0.9217687074829932,0.9268707482993197,0.9606953892668179,0.0,0.0,2.0,11.0,41.0,2.0175310194097316,4.094997567118649,0.0037986709698249353,0.002339882939760729,0.0015434827046205606,0.0,0.7261843774138906,0.016444932793352338,0.9388203592814371
coco,000000264441,0,374,500,29.497026737967914,0.6727914438502673,0.7002139037433155,0.7287914438502674,0.7771818181818182,0.7827540106951871,0.8243262032085561,1.0,2.0,4.0,39.0,100.0,3.3062926597455355,5.245327934092931,0.6737021276595745,0.7010851063829787,0.7298085106382979,0.777595744680851,0.7833617021276595,0.825531914893617,1.0,2.0,4.0,39.0,99.0,3.304317276561019,5.241976939630794,0.6736744343127322,0.7007767646065518,0.7304542384329619,0.7774822695035462,0.7836879432624113,0.8260722728807836,1.0,2.0,4.0,38.0,99.0,3.3028572044530087,5.2330817624790615,0.6741810199257008,0.700354609929078,0.7297365754812564,0.7775244849712935,0.7842789598108747,0.8258189800742992,1.0,2.0,4.0,38.0,99.0,3.3041671370546926,5.227403870180646,0.0019412658321456226,0.0018142751000409397,0.0018484224891509669,0.0,1.0879309490955758,0.007820083892905802,0.7733743315508022
coco,000000264535,0,612,612,38.28526688453159,0.6117705796915717,0.653322440087146,0.688386411209364,0.7414349181938571,0.7471805715750353,0.7835474603784869,0.0,0.0,4.0,50.0,132.0,3.034225680594756,5.386652735423645,0.6135353923704558,0.6534666154043317,0.6883784014695202,0.7414455978469819,0.7472873681062839,0.7836943056089538,0.0,0.0,4.0,50.0,132.0,3.0270084580851013,5.372762239645298,0.6114718614718615,0.6512605042016807,0.686168406756642,0.7390926067396656,0.7448433919022154,0.781470163823105,0.0,0.0,4.0,51.0,134.0,3.039015658825513,5.380320055430924,0.6135941980097824,0.6527660651037275,0.6871310507674144,0.7392899308483724,0.7445606341710238,0.7797689323663349,0.0,0.0,4.0,52.0,133.0,3.0372241243086235,5.374659493267835,0.002681237128767995,0.0027127497435886386,0.0025851615600073334,0.24206145913796356,1.2686114456365274,0.012634560770835997,0.7181692938613354
coco,000000266981,0,426,640,78.56725718896713,0.2246368838028169,0.29808905516431927,0.3599215082159624,0.44931778169014086,0.4616637323943662,0.5524867957746479,6.0,18.0,55.0,105.0,237.0,5.434653664658559,6.967093713416,0.22374415887850468,0.29661214953271026,0.358455023364486,0.44874415887850466,0.4614485981308411,0.5517961448598131,6.0,18.0,55.0,106.0,240.0,5.441182734231215,6.965526813783518,0.22348130841121494,0.296553738317757,0.35733060747663553,0.44716705607476637,0.4592873831775701,0.5496203271028037,6.0,18.0,56.0,106.0,240.0,5.448024010370491,6.966434817994546,0.2232060185185185,0.2960069444444444,0.3575231481481482,0.44797453703703705,0.46012731481481484,0.5501157407407408,6.0,18.0,56.0,106.0,240.0,5.447286804903884,6.963566612071192,0.003637933868506344,0.003201795307334997,0.0037472474839954206,0.6959705453537527,3.1911743528049357,0.01786611191110074,0.4431081279342723
coco,000000267940,0,640,480,59.14410481770833,0.37181966145833334,0.435009765625,0.4776953125,0.541982421875,0.5496516927083334,0.5994466145833334,0.0,7.0,37.0,96.0,152.0,4.600720308981056,6.832772396026817,0.3690364583333333,0.4308723958333333,0.473515625,0.5384375,0.5465234375,0.5966927083333333,0.0,7.0,38.0,97.0,152.0,4.613924330299651,6.839638764529799,0.36520833333333336,0.42609375,0.46953125,0.534296875,0.5420833333333334,0.5934895833333333,0.0,7.0,39.0,98.0,152.0,4.62281861134951,6.841126627453623,0.36375,0.42442708333333334,0.4677604166666667,0.5332291666666666,0.540625,0.5935416666666666,0.0,8.0,39.0,98.0,152.0,4.6324838166657765,6.847921960116972,0.0051134411895530744,0.005996669834115625,0.005060423164682825,1.4347800354061246,0.0,0.020828148136033824,0.5230045572916666
coco,000000269932,0,374,500,64.11588770053476,0.43136898395721923,0.4763582887700535,0.5272299465240642,0.5916042780748663,0.5963208556149733,0.6302941176470588,1.0,3.0,27.0,128.0,177.0,4.394757015086195,6.63893924010201,0.42959574468085104,0.47482978723404257,0.5263191489361703,0.5904468085106382,0.5949574468085106,0.6285106382978723,1.0,3.0,27.0,129.0,177.0,4.402343234741659,6.640812450218743,0.4295423843296184,0.47530395136778114,0.527693346842283,0.5918186423505573,0.5965045592705167,0.6302769334684228,1.0,3.0,27.0,128.0,176.0,4.395098956705733,6.633045320656814,0.430935494765282,0.47661263086795,0.5297196892941574,0.5940560621411686,0.5990374873353597,0.6321344140493077,1.0,3.0,27.0,127.0,176.0,4.390227196089158,6.623513182468948,0.003260335798959904,0.0030563299568659563,0.002859671637853071,0.6123724356957945,1.184205957593526,0.013854149401946955,0.5055294117647059
coco,000000270677,0,634,640,31.996012421135646,0.5990955244479496,0.6621648264984227,0.7123890970031546,0.798439964511041,0.807805106466877,0.848439964511041,0.0,2.0,9.0,38.0,98.0,3.3658733515126174,5.831093348873282,0.5983294025157233,0.6609276729559749,0.7111045597484277,0.7973860062893082,0.8066627358490566,0.8473860062893082,0.0,2.0,9.0,39.0,98.0,3.369381961162438,5.831180556418229,0.5987617924528302,0.6618710691823899,0.7116155660377359,0.7973073899371069,0.8060927672955975,0.8469143081761006,0.0,2.0,9.0,39.0,98.0,3.366776829295366,5.829576595127762,0.597265625,0.6613671875,0.7099609375,0.796796875,0.805546875,0.8452734375,0.0,2.0,9.0,39.0,99.0,3.374812694335029,5.838961835369375,0.0017651932129047272,0.0016157326419716977,0.0015492708645791047,0.24206145913796356,1.4017288432503627,0.007830267089741431,0.7908960962145111
coco,000000273132,0,640,632,78.10260334256328,0.1286985759493671,0.22548457278481013,0.321590684335443,0.48809335443037977,0.5056541732594937,0.6003485957278482,13.0,26.0,49.0,107.0,201.0,5.655149578448589,7.0865012218138785,0.12896558544303796,0.2258801424050633,0.321964003164557,0.487529667721519,0.5053599683544304,0.6004746835443038,13.0,26.0,49.0,107.0,201.0,5.653664810796619,7.089365466256764,0.12970727848101266,0.22628560126582278,0.32124208860759496,0.48730221518987343,0.5046479430379747,0.6008900316455696,13.0,26.0,49.0,107.0,201.0,5.65258756755966,7.085370415002255,0.13105221518987342,0.2269382911392405,0.3231012658227848,0.48789556962025316,0.5041930379746835,0.6,13.0,26.0,49.0,108.0,204.0,5.652909733246743,7.074265220745097,0.0010511476513288898,0.0013602806688498353,0.0013590039373691852,0.0,1.5811388300841898,0.0021434589419166246,0.49724090189873416
coco,000000273198,0,500,374,83.38806951871658,0.13866310160427808,0.16620320855614973,0.20624064171122994,0.28402673796791444,0.29361497326203206,0.39094117647058824,7.0,41.0,76.0,117.0,159.0,5.752156799974194,7.361365025879198,0.14004255319148937,0.16838297872340424,0.2078936170212766,0.2876595744680851,0.2967659574468085,0.3938936170212766,6.0,40.0,76.0,116.0,157.0,5.741013897307777,7.355088156094888,0.1427659574468085,0.1711063829787234,0.21340425531914894,0.2924255319148936,0.30106382978723406,0.39782978723404255,6.0,39.0,75.0,116.0,157.0,5.717630152765839,7.345108089292626,0.1413373860182371,0.17080378250591016,0.21496116176967242,0.2945795339412361,0.30243161094224924,0.39952718676122934,6.0,39.0,75.0,116.0,157.0,5.718153324968158,7.342580858526286,0.0027590041438242652,0.003993907846020069,0.0048446245678598916,0.6123724356957945,1.2686114456365274,0.020738742732594222,0.25424598930481285
coco,000000274708,0,612,612,160.48419945320177,0.18963860053825451,0.20027019522405912,0.20875517963176557,0.22141056858473238,0.22267343756674784,0.2302346319791533,0.0,95.0,192.0,255.0,255.0,6.251546121738337,5.551361788988178,0.19004442735699945,0.19958135759750523,0.20763381605365458,0.22024648639412192,0.2216562006066043,0.22961254218462984,0.0,95.0,191.0,255.0,255.0,6.246712669982171,5.545664869902348,0.18672014260249553,0.19567523979288684,0.2025931584755114,0.214349376114082,0.21568627450980393,0.2232620320855615,1.0,101.0,193.0,255.0,255.0,6.281767990517274,5.534994542527082,0.18780570079271378,0.1959858323494687,0.20243717321639398,0.21331590487434643,0.21453870804520156,0.22208635520323833,1.0,102.0,193.0,255.0,255.0,6.282132745906399,5.515103976965351,0.005893758699682735,0.0051214767086763735,0.004820861156556552,2.39057393736316,0.0,0.031098522313243615,0.2169010850527575
coco,000000276024,0,640,480,54.831829427083335,0.5122200520833333,0.5991341145833333,0.6547623697916667,0.7131184895833333,0.7184537760416667,0.749052734375,2.0,5.0,15.0,64.0,223.0,4.242485238361143,6.1831963872119795,0.511953125,0.6000130208333333,0.6559375,0.7135286458333333,0.7188020833333333,0.7490494791666666,2.0,5.0,15.0,64.0,226.0,4.245923421896036,6.173760994449669,0.511171875,0.5995052083333333,0.6549479166666666,0.7125,0.7177604166666667,0.7484114583333333,2.0,5.0,15.0,64.0,229.0,4.25119362261674,6.162167889075564,0.5119791666666667,0.6003125,0.65609375,0.7122395833333334,0.7184375,0.7513020833333334,2.0,5.0,15.0,63.0,228.0,4.2462182564861095,6.153389459466259,0.0021445968670390546,0.0022299460121237846,0.0023834683431163566,0.24206145913796356,3.5089172119045497,0.009903401012544222,0.6836686197916667
coco,000000276284,0,500,640,23.387953125,0.6641625,0.7795125,0.83338125,0.8749125,0.877909375,0.89458125,0.0,3.0,10.0,21.0,70.0,3.3417654208465772,5.628835011268017,0.663875,0.7801,0.83275,0.8734125,0.876275,0.8932125,0.0,3.0,10.0,21.0,72.0,3.3426504637454,5.629529129870901,0.6655,0.780875,0.832775,0.8731,0.87585,0.892625,0.0,3.0,10.0,20.0,73.0,3.342477840979938,5.625219089452562,0.6649801587301587,0.7798115079365079,0.8317956349206349,0.8725198412698413,0.8754464285714286,0.8918154761904762,0.0,3.0,10.0,21.0,74.0,3.3432970672026703,5.6230882445868575,0.0018280945225283302,0.001714888467448736,0.0018122598972408162,0.0,2.0879116360612584,0.006968817940250351,0.90858125
coco,000000277020,0,640,360,35.2855859375,0.7254513888888889,0.7595920138888889,0.7827951388888889,0.8108680555555555,0.8135373263888889,0.8286501736111112,0.0,0.0,1.0,21.0,152.0,2.396311067125883,4.328510988622929,0.7238888888888889,0.7581770833333333,0.7814583333333334,0.8098784722222222,0.8123263888888889,0.8275694444444445,0.0,0.0,1.0,21.0,152.0,2.407765114944228,4.3403106902638005,0.721875,0.7553819444444444,0.7791319444444444,0.8074652777777778,0.8100347222222222,0.825625,0.0,0.0,1.0,22.0,154.0,2.4186200956620456,4.346423845043322,0.7188194444444445,0.7527777777777778,0.7776388888888889,0.8054166666666667,0.8075694444444445,0.8235416666666666,0.0,0.0,1.0,23.0,156.0,2.429940607366036,4.345600290777732,0.00347699324994817,0.0030549143108701392,0.002546286020996725,0.0,2.277608394786075,0.01950480363007402,0.8080729166666667
coco,000000277584,0,640,480,50.462626953125,0.27544596354166667,0.37212239583333334,0.4760514322916667,0.6019108072916667,0.6153743489583333,0.7021451822916667,4.0,14.0,34.0,74.0,122.0,4.880480333814832,6.980094096009,0.27716145833333333,0.37404947916666664,0.4776171875,0.6037369791666667,0.6169010416666667,0.7041536458333333,4.0,13.0,34.0,74.0,122.0,4.871034848198912,6.977188001237267,0.28130208333333334,0.37755208333333334,0.48075520833333335,0.6074479166666666,0.6204166666666666,0.709453125,4.0,13.0,34.0,72.0,121.0,4.848018958757195,6.958613004524828,0.28197916666666667,0.37927083333333333,0.48125,0.6080208333333333,0.6209895833333333,0.7104166666666667,4.0,13.0,34.0,72.0,121.0,4.842776139327741,6.953904148398127,0.004351996847011321,0.004573417109027042,0.005346260259503145,0.5590169943749475,1.2231491119238078,0.02383888642057131,0.6144856770833333
coco,000000277689,0,640,424,138.0837485259434,0.053972582547169815,0.07493366745283019,0.095703125,0.13681087853773585,0.14210642688679245,0.18363060141509435,33.0,79.0,132.0,217.0,240.0,6.7384495986900665,7.286772708802344,0.0533313679245283,0.07320165094339623,0.09414799528301887,0.13471403301886792,0.13999115566037737,0.18209021226415095,34.0,80.0,133.0,217.0,240.0,6.745080250401039,7.279411084389074,0.052535377358490565,0.07152122641509434,0.09224646226415094,0.13183962264150945,0.13679245283018868,0.17877358490566037,35.0,80.0,136.0,217.0,240.0,6.755666451040002,7.274249194286638,0.051120283018867924,0.0701061320754717,0.09115566037735849,0.13130896226415095,0.13561320754716982,0.17747641509433962,35.0,81.0,137.0,217.0,242.0,6.760870484411535,7.2676289458381635,0.0012814758370438184,0.002338215753787874,0.0033158656751160367,2.423033996872516,0.6614378277661477,0.012447072616302967,0.12314637382075472
coco,000000278463,0,640,480,58.496136067708335,0.299951171875,0.348017578125,0.39724609375,0.483603515625,0.49413411458333334,0.5713834635416667,1.0,10.0,50.0,90.0,141.0,4.8566437123539785,6.886463596803316,0.29986979166666666,0.3472265625,0.39643229166666666,0.4830598958333333,0.4933203125,0.5720182291666667,1.0,10.0,51.0,90.0,141.0,4.855186410509065,6.881771212119993,0.29388020833333334,0.3394270833333333,0.389453125,0.47796875,0.48885416666666665,0.5700260416666667,1.0,10.0,51.0,91.0,141.0,4.882402920197212,6.893417427977197,0.2930729166666667,0.34057291666666667,0.38875,0.47692708333333333,0.48854166666666665,0.5702083333333333,1.0,10.0,51.0,91.0,141.0,4.8803116624306035,6.888182003192403,0.004931320465405286,0.005265051685066286,0.003476336944540159,0.7043392293490403,0.5266343608235224,0.021174541425949826,0.4701920572916667
coco,000000278705,0,640,480,71.32111653645833,0.2684635416666667,0.311220703125,0.3500748697916667,0.4377897135416667,0.44962239583333335,0.5410188802083333,3.0,13.0,57.0,107.0,169.0,5.206961543591016,7.212860203740173,0.2684375,0.3116276041666667,0.3509114583333333,0.4394140625,0.4512760416666667,0.5437630208333334,3.0,13.0,56.0,108.0,169.0,5.203425198796273,7.208360371400328,0.26760416666666664,0.312109375,0.35098958333333335,0.43799479166666666,0.4498697916666667,0.5411197916666667,3.0,13.0,57.0,108.0,171.0,5.209210933546815,7.208362935516648,0.2652083333333333,0.30994791666666666,0.3490625,0.43609375,0.44895833333333335,0.54109375,3.0,13.0,57.0,108.0,171.0,5.218262191940177,7.210828527476997,0.002238220273190159,0.0029324332474654716,0.004244132585591531,0.8267972847076845,2.2325713874364688,0.013016228434065844,0.3958463541666667
coco,000000283268,0,640,426,48.40711561032864,0.47433978873239435,0.5456756161971831,0.6044124119718309,0.6858017899061033,0.6938196889671362,0.7442965082159625,0.0,2.0,18.0,65.0,155.0,3.9915687472101227,6.353449411876743,0.47435747663551403,0.5452978971962616,0.6049503504672897,0.6864924065420561,0.6939398364485981,0.7447867990654206,0.0,2.0,18.0,65.0,155.0,3.989710051335768,6.35115196486157,0.4756076388888889,0.5472222222222223,0.6061342592592592,0.6872395833333333,0.6949363425925926,0.7451388888888889,0.0,2.0,18.0,65.0,155.0,3.978372236266598,6.340314650967859,0.4755787037037037,0.546412037037037,0.6061342592592592,0.6875578703703704,0.6956597222222223,0.7457754629629629,0.0,2.0,18.0,65.0,155.0,3.982600002997413,6.340561496380975,0.0030580382816232784,0.002217665029449611,0.0018588871789355728,0.5,0.9682458365518543,0.01531316108482715,0.6819982394366197
coco,000000283318,0,640,426,70.13092723004695,0.41262837441314554,0.4684969190140845,0.508406690140845,0.5549515845070423,0.5594923708920188,0.5904709507042254,0.0,3.0,29.0,121.0,208.0,4.451985427752364,6.555504337937096,0.4133469626168224,0.46861857476635516,0.5084842289719627,0.5545560747663552,0.5594334112149533,0.591267523364486,0.0,3.0,29.0,121.0,208.0,4.45215181020811,6.557734924100577,0.4123263888888889,0.46739004629629627,0.5074074074074074,0.5532407407407407,0.5583333333333333,0.590480324074074,0.0,3.0,30.0,121.0,210.0,4.4642577441122375,6.565654227216026,0.4126736111111111,0.46770833333333334,0.5072916666666667,0.552025462962963,0.5565972222222222,0.5900462962962963,0.0,3.0,30.0,121.0,208.0,4.459272146310018,6.553765012203435,0.004369622574474692,0.0031088769852879033,0.002812486816002396,0.9164298936634487,1.8016919131749467,0.020422395142618694,0.5233751467136151
coco,000000284623,0,640,480,64.67615885416667,0.326015625,0.3647102864583333,0.4009765625,0.4723404947916667,0.4812239583333333,0.5505989583333334,1.0,6.0,53.0,103.0,152.0,4.808184749343042,6.967218746106479,0.3262760416666667,0.36455729166666667,0.40096354166666665,0.4716666666666667,0.48061197916666665,0.5511328125,1.0,7.0,53.0,102.0,152.0,4.808014228875513,6.9657748003261535,0.32565104166666664,0.36421875,0.400234375,0.471171875,0.48020833333333335,0.5509895833333334,1.0,6.0,53.0,103.0,152.0,4.8048238078451675,6.959734057229642,0.32614583333333336,0.36401041666666667,0.3993229166666667,0.46921875,0.47791666666666666,0.5497916666666667,1.0,6.0,54.0,102.0,152.0,4.806076324260954,6.958578228808166,0.0012938542044051825,0.0013076054777735747,0.001739926363384378,0.33071891388307384,0.9270248108869579,0.004603361871618956,0.45811848958333334
coco,000000286553,0,640,480,48.50556640625,0.44773763020833335,0.5162434895833333,0.5881510416666667,0.6657096354166666,0.6716080729166667,0.71640625,3.0,7.0,21.0,76.0,136.0,4.5114317645039534,6.689795359949584,0.44677083333333334,0.5161197916666667,0.5876302083333333,0.6659505208333333,0.6718880208333333,0.7172786458333333,3.0,7.0,22.0,76.0,134.0,4.511178556822287,6.689513744756805,0.44635416666666666,0.5162760416666666,0.58828125,0.6671354166666666,0.6728125,0.7179427083333333,3.0,7.0,22.0,76.0,134.0,4.509270157677882,6.687087307649543,0.4465625,0.516875,0.5891666666666666,0.66734375,0.6729166666666667,0.7197395833333333,3.0,7.0,22.0,75.0,134.0,4.503357598946967,6.679994468683359,0.0013846196150103843,0.001312846143178909,0.0016652291774507117,0.49607837082461076,1.0734727523323542,0.0047640321393764284,0.657841796875
coco,000000287347,0,478,640,66.75844665271967,0.409123300209205,0.4553347280334728,0.4896280073221757,0.5515232740585774,0.5589435146443514,0.6078190376569038,0.0,2.0,35.0,110.0,197.0,4.343916058579382,6.450040929443243,0.4087630208333333,0.4552083333333333,0.4890234375,0.5515494791666666,0.5592708333333334,0.608125,0.0,2.0,35.0,110.0,197.0,4.346186126316584,6.449195344807068,0.40677083333333336,0.45341145833333335,0.487265625,0.548203125,0.5556510416666667,0.6049479166666667,0.0,2.0,35.0,111.0,199.0,4.358444299500438,6.442760202101983,0.4059375,0.45177083333333334,0.48510416666666667,0.5456770833333333,0.5534375,0.6030208333333333,0.0,2.0,36.0,113.0,201.0,4.3763758087423215,6.451588935564747,0.0032064131240013725,0.0029465806063374675,0.0039492707870451855,0.7880950133074057,2.521780125229002,0.021384036089055446,0.5159257322175732
coco,000000288042,0,640,480,49.882740885416666,0.47705729166666666,0.5401204427083334,0.5883138020833333,0.6680078125,0.676201171875,0.724619140625,0.0,3.0,18.0,72.0,154.0,4.083273701981736,6.465573987480879,0.478046875,0.5410546875,0.5880208333333333,0.6669921875,0.6750911458333333,0.7227864583333333,0.0,3.0,18.0,73.0,155.0,4.081774424357645,6.460258393546647,0.4767708333333333,0.53859375,0.5859635416666666,0.664296875,0.6721614583333333,0.7194791666666667,0.0,3.0,18.0,75.0,157.0,4.097633539478608,6.471958905567783,0.47770833333333335,0.5394270833333333,0.5872916666666667,0.6652083333333333,0.6736458333333334,0.7197395833333333,0.0,3.0,18.0,75.0,157.0,4.0934937037989085,6.46654907057682,0.003052323298302639,0.003336580602124705,0.00411839176125724,0.5555121510822243,2.29128784747792,0.0183414480087172,0.661591796875
coco,000000290179,0,640,426,52.17839275234742,0.20721464201877934,0.29722711267605634,0.39181704812206575,0.5524134389671361,0.5690397593896713,0.6789245892018779,6.0,19.0,42.0,74.0,116.0,5.116397220423215,6.994569248940994,0.20671728971962616,0.2972254672897196,0.3917640186915888,0.5534608644859813,0.5694071261682243,0.6797897196261682,6.0,19.0,42.0,74.0,116.0,5.116707300826813,6.993619446561672,0.20425347222222223,0.2950231481481482,0.38828125,0.5517071759259259,0.5675636574074074,0.6764467592592592,6.0,19.0,42.0,74.0,116.0,5.126904096226918,6.998872094234075,0.20266203703703703,0.29681712962962964,0.3902777777777778,0.5527199074074074,0.568113425925926,0.6758101851851852,6.0,19.0,42.0,74.0,116.0,5.125846347641352,6.99577598077088,0.002362962222607948,0.003930953430961846,0.00388653008372514,0.33071891388307384,0.9013878188659973,0.013015215259525674,0.555024941314554
coco,000000292060,0,428,640,86.47533221378505,0.21045560747663553,0.24584550233644858,0.27641282126168226,0.33461959696261684,0.3416691004672897,0.3989047897196262,2.0,24.0,83.0,134.0,183.0,5.539787326056883,7.315873253089544,0.2078271028037383,0.24214369158878504,0.27222546728971964,0.3297021028037383,0.3370473130841122,0.3948160046728972,3.0,26.0,84.0,134.0,183.0,5.56247153238986,7.32408441994905,0.20735981308411214,0.24269859813084113,0.27202102803738315,0.32882593457943926,0.3364485981308411,0.3952394859813084,3.0,26.0,84.0,134.0,183.0,5.561920292980792,7.321029562885498,0.2089699074074074,0.24519675925925927,0.2745949074074074,0.33113425925925927,0.3398148148148148,0.39791666666666664,3.0,25.0,84.0,134.0,183.0,5.554800234830828,7.318902842196808,0.003155777158996749,0.0040008943963394765,0.004340957015935109,0.5,0.0,0.02411472149537712,0.31829731308411213
coco,000000292330,0,640,512,62.04835815429688,0.1983917236328125,0.30078125,0.3547821044921875,0.4429840087890625,0.4547760009765625,0.535467529296875,9.0,19.0,57.0,89.0,131.0,5.34996330794725,7.1051572053027074,0.19947509765625,0.30069580078125,0.35484619140625,0.4443359375,0.455859375,0.536572265625,9.0,19.0,57.0,89.0,129.0,5.346152272177525,7.100522282991135,0.2019287109375,0.3022216796875,0.35625,0.4475830078125,0.45888671875,0.539306640625,9.0,19.0,57.0,89.0,129.0,5.336818930601362,7.093744529343608,0.202001953125,0.302685546875,0.35537109375,0.448974609375,0.459716796875,0.539013671875,9.0,19.0,57.0,89.0,129.0,5.3365971562086045,7.0886843333509795,0.002159952602479049,0.0016343267209378396,0.0025630823468043074,0.46351240544347894,0.9662265521087692,0.007832379199675858,0.4603851318359375
coco,000000292488,0,640,426,12.732717136150235,0.7084983861502347,0.8976159037558685,0.9609558392018779,0.9724985328638498,0.9733824823943662,0.9791740023474178,0.0,2.0,10.0,17.0,24.0,2.9368502028247505,4.846954906583088,0.7086594626168224,0.8979117990654205,0.960981308411215,0.9727657710280374,0.9738171728971963,0.9793224299065421,0.0,2.0,10.0,17.0,24.0,2.9383136453017484,4.848292313374771,0.7102430555555556,0.8975983796296296,0.9608506944444445,0.9725694444444445,0.9737268518518518,0.9793113425925926,0.0,2.0,10.0,17.0,24.0,2.937332945506556,4.847269057605108,0.7110532407407407,0.8984375,0.9620949074074074,0.9732060185185185,0.9743055555555555,0.9798032407407408,0.0,2.0,10.0,17.0,24.0,2.935769509520976,4.839850422876225,0.0013985065373781436,0.0008661459781210779,0.0005234970262480527,0.0,0.0,0.005501953753438105,0.9729019953051643
coco,000000293044,0,288,160,40.085611979166664,0.2439453125,0.35857204861111114,0.48053385416666666,0.6568793402777777,0.6713324652777778,0.7851779513888889,5.0,16.0,33.0,59.0,84.0,4.769244073831339,6.636903999267786,0.24479166666666666,0.3618923611111111,0.48246527777777776,0.6583333333333333,0.6735243055555555,0.7873263888888888,5.0,16.0,33.0,59.0,84.0,4.768073541784928,6.634618980743753,0.2545138888888889,0.3736111111111111,0.49774305555555554,0.6760416666666667,0.690625,0.80625,4.0,15.0,32.0,56.0,81.0,4.717280280498601,6.567788381938025,0.2552083333333333,0.37777777777777777,0.503125,0.6770833333333334,0.6909722222222222,0.8083333333333333,5.0,15.0,31.0,56.0,80.0,4.708572647519253,6.532644699987102,0.006760775058892467,0.012822252356605671,0.015057683477605622,1.14564392373896,2.394655507583502,0.038162689736984716,0.6647569444444444
coco,000000293625,0,640,480,56.17319986979167,0.24902669270833333,0.28015625,0.326689453125,0.49546223958333335,0.5194368489583333,0.6256705729166666,1.0,16.0,48.0,76.0,117.0,4.922421624166365,6.844449286807044,0.24736979166666667,0.2777864583333333,0.3244140625,0.4933203125,0.5189713541666666,0.624765625,1.0,16.0,48.0,76.0,117.0,4.931397378951704,6.845120808734427,0.246796875,0.27661458333333333,0.3225,0.4917708333333333,0.517734375,0.6236458333333333,1.0,16.0,48.0,76.0,116.0,4.936663528466901,6.839125845166416,0.24546875,0.27588541666666666,0.32078125,0.48895833333333333,0.5153645833333333,0.61984375,1.0,16.0,49.0,77.0,116.0,4.9478243008038145,6.8425414847965875,0.0022303071239054436,0.0035879883212671226,0.002739839452416201,0.5555121510822243,1.165922381636102,0.013987148394167374,0.44305013020833334
coco,000000293858,0,500,450,56.65531555555555,0.39829777777777775,0.4451688888888889,0.4865244444444444,0.5583866666666667,0.5669511111111111,0.6307244444444444,1.0,4.0,35.0,92.0,145.0,4.451052154346873,6.782683874244714,0.400141592920354,0.44709734513274335,0.48805309734513275,0.5613451327433628,0.570070796460177,0.6322654867256637,1.0,4.0,34.0,91.0,145.0,4.440114738105078,6.772539333838317,0.4016140350877193,0.449719298245614,0.49171929824561406,0.5638596491228071,0.5720350877192982,0.634280701754386,1.0,4.0,33.0,91.0,145.0,4.427421320122926,6.759218793098652,0.39849624060150374,0.44834307992202727,0.49143692564745195,0.5630743525480367,0.570593149540518,0.6339459760512393,1.0,5.0,34.0,91.0,143.0,4.442158818665216,6.767695417605376,0.003521854859165957,0.0038761154240123745,0.0032044360210224778,0.8569568250501305,0.7071067811865476,0.0177598718452993,0.5387066666666667
coco,000000294695,0,640,426,76.95095730633803,0.1333113262910798,0.1789355927230047,0.2423525528169014,0.41240463615023476,0.42738042840375584,0.5016615316901408,9.0,33.0,63.0,131.0,152.0,5.653735096609183,7.153251057389564,0.1334842289719626,0.17943925233644858,0.24315128504672898,0.4129964953271028,0.42764310747663553,0.5018545560747664,9.0,33.0,63.0,131.0,152.0,5.652451770494596,7.15794394231974,0.13142361111111112,0.17644675925925926,0.24140625,0.410474537037037,0.42505787037037035,0.49953703703703706,9.0,33.0,64.0,131.0,152.0,5.662193115067313,7.161246501484878,0.12922453703703704,0.17297453703703702,0.23935185185185184,0.40931712962962963,0.4234953703703704,0.4986689814814815,10.0,33.0,64.0,131.0,152.0,5.67307003219605,7.158342668395945,0.003105512471885003,0.0030497360958472836,0.0035358566749986993,0.8267972847076845,0.24206145913796356,0.016216868762911226,0.273987676056338
coco,000000295420,0,640,480,77.32680013020833,0.5167057291666667,0.5467643229166667,0.5732975260416666,0.6024088541666667,0.605107421875,0.622421875,0.0,1.0,12.0,179.0,255.0,4.1021016244898965,5.652081069258017,0.514296875,0.5446875,0.5715494791666667,0.6003125,0.6031770833333333,0.6202734375,0.0,1.0,13.0,180.0,255.0,4.116615892075475,5.66360629392096,0.5093489583333334,0.540859375,0.5680729166666667,0.5960677083333333,0.5988541666666667,0.6160677083333334,0.0,1.0,13.0,181.0,255.0,4.1459130363468875,5.676551361362977,0.50875,0.54046875,0.5677083333333334,0.5963020833333333,0.5993229166666667,0.6169270833333333,0.0,1.0,14.0,181.0,255.0,4.147379072847891,5.67942309056224,0.006009717630674005,0.005034121539650291,0.005026192407538163,1.184205957593526,0.0,0.03444900833330768,0.6049772135416667
coco,000000297427,0,580,640,55.002976831896554,0.3465867456896552,0.40801185344827584,0.4526104525862069,0.5261772629310345,0.534442349137931,0.6184051724137931,2.0,10.0,42.0,87.0,131.0,4.821799584037676,6.956878943238827,0.3470366379310345,0.408739224137931,0.45383620689655174,0.5264116379310345,0.5347952586206897,0.6189331896551724,2.0,10.0,42.0,87.0,131.0,4.82067963837977,6.955429600330274,0.3465948275862069,0.4081034482758621,0.45413793103448274,0.5272198275862069,0.5357974137931034,0.6197844827586206,2.0,10.0,41.0,86.0,131.0,4.8198495723794625,6.95347268268189,0.3482448630136986,0.4096318493150685,0.4556934931506849,0.5289811643835617,0.5375,0.6201626712328767,2.0,10.0,41.0,86.0,131.0,4.816544136240778,6.946664663037737,0.0011322869973514522,0.0010640485773730577,0.0013044883190168443,0.33071891388307384,0.24206145913796356,0.0037917658536888612,0.5110479525862069
coco,000000297562,0,640,480,29.420621744791667,0.5690299479166666,0.6324609375,0.7022298177083334,0.7941666666666667,0.8022916666666666,0.8583235677083333,0.0,1.0,10.0,38.0,77.0,3.353369381097068,5.800075088950271,0.568984375,0.6331770833333333,0.7029817708333334,0.7947526041666667,0.8027734375,0.8587890625,0.0,1.0,10.0,38.0,77.0,3.35224685235937,5.795200727952043,0.5675520833333333,0.6326302083333334,0.7009114583333333,0.7948697916666667,0.8030729166666667,0.8588541666666667,0.0,1.0,10.0,38.0,77.0,3.353490258297933,5.797266427607535,0.5671354166666667,0.6315104166666666,0.7011979166666666,0.7935416666666667,0.8014583333333334,0.8582291666666667,0.0,1.0,11.0,38.0,79.0,3.3579919217980376,5.794608769172509,0.002455721917517579,0.003324176609256811,0.001888873729769647,0.46351240544347894,0.982264602843857,0.009817213658292202,0.8119889322916667
coco,000000300341,0,640,426,21.14872725938967,0.5845693955399061,0.7426203051643192,0.8271163438967136,0.8945569248826291,0.9000440140845071,0.9317708333333333,0.0,4.0,13.0,24.0,49.0,3.490209209028549,5.665355989892614,0.5835718457943925,0.7407856308411215,0.8255841121495328,0.8935309579439252,0.8989339953271028,0.9307973130841122,0.0,5.0,13.0,24.0,50.0,3.4954361373900964,5.669802838169182,0.5800347222222222,0.737181712962963,0.8229456018518518,0.8921006944444444,0.8978587962962963,0.9308449074074074,0.0,5.0,13.0,24.0,50.0,3.4990759195361645,5.675814454441295,0.5797453703703703,0.7384259259259259,0.8245370370370371,0.8932291666666666,0.8991898148148149,0.9310185185185185,0.0,5.0,13.0,24.0,50.0,3.493018258385689,5.6650467036235455,0.003941023555291873,0.0024667597704933638,0.0013701842733828378,0.0,0.4841229182759271,0.012081836865728753,0.8969006748826291
coco,000000301718,0,480,640,56.883717447916666,0.41352213541666666,0.4866764322916667,0.5202083333333334,0.57646484375,0.5830891927083334,0.6335774739583333,1.0,8.0,27.0,96.0,154.0,4.607733194980864,6.851347064228405,0.4133984375,0.48755208333333333,0.5211848958333334,0.5769791666666667,0.58375,0.6347005208333333,1.0,8.0,27.0,96.0,154.0,4.60713331493631,6.848301587222423,0.41432291666666665,0.48984375,0.5231510416666667,0.580234375,0.5873958333333333,0.6382291666666666,1.0,8.0,26.0,95.0,152.0,4.598266856734066,6.839468927131469,0.41338541666666667,0.4901041666666667,0.52265625,0.5808854166666667,0.5878645833333334,0.6389583333333333,1.0,8.0,26.0,95.0,152.0,4.604135868136371,6.8428474624315125,0.0019643665203521485,0.0027821959221639393,0.00328768789884957,0.6614378277661477,1.1709371246996996,0.011222837504743793,0.5633040364583334
coco,000000302030,0,640,358,45.090856319832405,0.4294649092178771,0.4915982891061452,0.5431782472067039,0.6159436103351955,0.6232803770949721,0.6817912011173184,0.0,3.0,25.0,76.0,127.0,4.0600488384407925,6.343013362960617,0.42875,0.49170138888888887,0.5438368055555556,0.6166666666666667,0.6239756944444445,0.6808854166666667,0.0,3.0,25.0,76.0,127.0,4.060170280764974,6.339122912031794,0.4255902777777778,0.4879861111111111,0.5419791666666667,0.6155555555555555,0.6231944444444445,0.6790972222222222,0.0,3.0,25.0,76.0,127.0,4.079091833229406,6.349743001013346,0.424375,0.48638888888888887,0.54,0.6135416666666667,0.6209027777777778,0.6772916666666666,0.0,3.0,25.0,76.0,127.0,4.082605311182585,6.348335043164996,0.003156243053866868,0.0021164471661760326,0.0015319073139606427,0.5,0.0,0.013935938885589158,0.6073280377094972
coco,000000303305,0,640,480,50.451484375,0.4480338541666667,0.47983723958333335,0.5193522135416667,0.656201171875,0.6700260416666667,0.7209440104166667,0.0,1.0,28.0,75.0,139.0,3.8203162734960854,5.906367901799155,0.4480078125,0.48020833333333335,0.5203645833333334,0.6579557291666667,0.6718619791666667,0.7219401041666667,0.0,1.0,28.0,75.0,138.0,3.8191344275429104,5.905564914053485,0.45026041666666666,0.48244791666666664,0.5245572916666666,0.6611979166666667,0.6748177083333333,0.7240625,0.0,1.0,28.0,75.0,137.0,3.8014809540911423,5.888146901740766,0.44796875,0.48,0.5222916666666667,0.6575520833333334,0.6702604166666667,0.7202604166666666,0.0,1.0,28.0,75.0,142.0,3.825411769989269,5.902820017716593,0.004042019858117986,0.004255521042974084,0.003749321770264464,0.6959705453537527,3.7228181529588578,0.0257936959611098,0.5952799479166667
coco,000000304404,0,640,428,66.37197356892523,0.3556293808411215,0.4002336448598131,0.4444071261682243,0.5200313960280374,0.5285776869158878,0.5853022780373832,0.0,4.0,43.0,122.0,167.0,4.557807562076867,6.720278752837362,0.3553446261682243,0.40138726635514016,0.44535630841121493,0.5206775700934579,0.5295414719626168,0.5854410046728972,0.0,4.0,43.0,122.0,167.0,4.55746149145233,6.72297067533747,0.34629629629629627,0.39380787037037035,0.43920717592592595,0.5164351851851852,0.5253472222222222,0.5841145833333333,0.0,4.0,44.0,122.0,169.0,4.6022599475281005,6.758882007585839,0.3439814814814815,0.39091435185185186,0.4370949074074074,0.5138888888888888,0.5234375,0.5826967592592592,0.0,4.0,45.0,122.0,167.0,4.606365961625146,6.751385509036216,0.00596496650490091,0.0049388256737265225,0.003919731938203649,0.9662265521087692,0.9921567416492215,0.0322947685193311,0.4312901577102804
coco,000000305317,0,334,500,124.54860479041916,0.15486826347305388,0.1767245508982036,0.1985808383233533,0.23925149700598802,0.24438922155688622,0.2906646706586826,5.0,51.0,155.0,197.0,217.0,6.200504560280866,7.102807191412017,0.15407142857142858,0.17542857142857143,0.19740476190476192,0.2379047619047619,0.2433095238095238,0.2890238095238095,5.0,52.0,155.0,197.0,217.0,6.208879994771621,7.100290191730268,0.15343915343915343,0.1755007558578987,0.1975151171579743,0.23870937263794406,0.24461451247165533,0.28807634164777024,5.0,52.0,155.0,195.0,217.0,6.209661539128722,7.104866703591837,0.1535336356764928,0.1760204081632653,0.19812925170068027,0.24026832955404384,0.24603174603174602,0.2897770219198791,5.0,51.0,155.0,195.0,217.0,6.202035420798338,7.095880681904218,0.002157898174573425,0.0032445289372099047,0.0031465985728525575,0.4841229182759271,0.0,0.014635227159124312,0.2566167664670659
coco,000000305343,0,640,426,41.98194322183099,0.48003594483568074,0.5254218016431925,0.5636150234741784,0.6365426936619718,0.6456242664319248,0.7132739143192488,1.0,2.0,19.0,71.0,117.0,3.973087071970613,6.326407026509754,0.4795998831775701,0.5254234813084112,0.563697429906542,0.6363317757009346,0.6448452102803738,0.7123831775700935,1.0,2.0,19.0,71.0,117.0,3.9698701460078545,6.322841231073763,0.4788483796296296,0.5232349537037037,0.5615740740740741,0.635619212962963,0.6442418981481481,0.7112847222222223,1.0,2.0,19.0,71.0,119.0,3.967099656763732,6.316867001435481,0.4853587962962963,0.5264467592592592,0.5645254629629629,0.6380787037037037,0.6469907407407407,0.7129629629629629,0.0,2.0,19.0,71.0,119.0,3.9472202927742965,6.29092992929646,0.006098835654509373,0.005433850794928329,0.005086941131599961,1.14564392373896,1.224744871391589,0.03159512526090648,0.6099838615023474
coco,000000306893,0,500,368,59.936728260869565,0.31382065217391303,0.4077282608695652,0.4673369565217391,0.5610271739130435,0.5713478260869566,0.6440815217391305,6.0,12.0,37.0,87.0,152.0,5.085729296060188,7.04813299899288,0.3138695652173913,0.4056739130434783,0.465,0.5597608695652174,0.570391304347826,0.6439782608695652,6.0,12.0,37.0,88.0,152.0,5.091013506312364,7.050345169435758,0.31182608695652175,0.40443478260869564,0.46517391304347827,0.5585217391304348,0.569,0.6401739130434783,6.0,12.0,37.0,89.0,161.0,5.111022232429847,7.047306218451204,0.32151483781918566,0.4126984126984127,0.4700655624568668,0.5603864734299517,0.5707384403036577,0.6407004830917874,6.0,12.0,37.0,91.0,165.0,5.092309029530854,7.029652595204774,0.007426947614823119,0.005298833731981404,0.004791220343474386,1.0307764064044151,7.490619133289317,0.0291099830318203,0.5288152173913043
coco,000000308430,0,640,480,43.100673828125,0.46302734375,0.522021484375,0.5726139322916667,0.6585384114583334,0.6676302083333333,0.7251497395833333,1.0,2.0,20.0,70.0,117.0,3.9935484602479,6.418272760079144,0.4625520833333333,0.5206510416666666,0.570859375,0.6577734375,0.6670703125,0.7236588541666666,1.0,2.0,20.0,70.0,117.0,4.000593659795877,6.420867056970435,0.461640625,0.5197916666666667,0.5696614583333334,0.657265625,0.6662760416666667,0.7232552083333333,1.0,2.0,20.0,71.0,117.0,4.004950936356518,6.420965929789714,0.46375,0.521875,0.57109375,0.6578125,0.6665104166666667,0.72359375,1.0,2.0,20.0,71.0,117.0,3.996606512774955,6.41204666278173,0.0012583643490503577,0.0016775380657366309,0.0013802083333333216,0.24206145913796356,0.8267972847076845,0.0079890837765685,0.6458430989583334
coco,000000308631,0,640,426,60.63839862089202,0.4172718603286385,0.4865170187793427,0.540030809859155,0.6173268779342723,0.6252787558685446,0.6737566021126761,2.0,6.0,26.0,92.0,186.0,4.587433229369143,6.76096559376103,0.4167640186915888,0.4857768691588785,0.539427570093458,0.6168516355140187,0.6251022196261682,0.6736565420560747,2.0,6.0,26.0,92.0,187.0,4.586987188012606,6.760901911586948,0.4163483796296296,0.48648726851851853,0.5389756944444445,0.6160590277777778,0.6240451388888889,0.6737847222222222,2.0,6.0,26.0,92.0,185.0,4.587345572102882,6.765504715471884,0.4215277777777778,0.4917824074074074,0.5423032407407408,0.6186921296296296,0.6267939814814815,0.6766203703703704,2.0,6.0,25.0,92.0,187.0,4.569294552186744,6.749210249978585,0.004074950276568574,0.003502316569852931,0.0036369471164797154,0.6959705453537527,1.9435389756832766,0.01691549381786077,0.6075080692488263
coco,000000310862,0,612,612,66.69164637532573,0.43633858772267076,0.4848455722158144,0.5235352855739246,0.5777612243154342,0.5832532359348969,0.619959203725063,2.0,5.0,26.0,115.0,201.0,4.6193518761779835,6.670346981413542,0.4351531462258106,0.48451450296894355,0.5231000897090863,0.5771604938271605,0.5823721645520954,0.6195693963860054,2.0,5.0,27.0,115.0,201.0,4.622331517722344,6.670367954631227,0.4353832442067736,0.48387233681351327,0.5224089635854342,0.5769459298871064,0.5823571852983618,0.6197903403785757,2.0,5.0,27.0,115.0,201.0,4.615110738674983,6.67058735275652,0.43455894754596053,0.48288075560802834,0.5217574633159049,0.5753499747006241,0.5808315061561815,0.6176420981615787,2.0,5.0,27.0,115.0,201.0,4.618342750648633,6.675200855604384,0.001862491808009316,0.0014290423651456125,0.0012977097964094225,0.4841229182759271,1.3213984069916234,0.009820244622716287,0.563941753171857
coco,000000311002,0,640,426,47.160607394366195,0.40648107394366195,0.4769476232394366,0.5281176643192488,0.6265918427230047,0.6372909330985915,0.7113116197183098,2.0,7.0,27.0,72.0,134.0,4.480368988643003,6.675379899056224,0.4063376168224299,0.4769713785046729,0.5278621495327103,0.6264602803738317,0.6370473130841121,0.7100029205607477,2.0,7.0,27.0,73.0,134.0,4.48545228840478,6.6790087509183484,0.40708912037037037,0.47800925925925924,0.5283275462962963,0.625636574074074,0.6361111111111111,0.7094618055555556,2.0,7.0,27.0,72.0,134.0,4.489550499055903,6.6802659200568195,0.4045138888888889,0.4765625,0.5274305555555555,0.6250578703703704,0.6344907407407407,0.7083912037037037,2.0,7.0,27.0,73.0,134.0,4.4970265854007,6.6841615106327446,0.002481314637309665,0.0023082074821717063,0.0021515800961783116,0.4841229182759271,1.1989578808281798,0.011394242402337728,0.5509866490610329
coco,000000311190,0,374,500,49.609577540106955,0.4155187165775401,0.5079251336898396,0.5799411764705882,0.6840695187165775,0.6939946524064171,0.757192513368984,1.0,6.0,22.0,62.0,141.0,4.277171140213852,6.438625663487672,0.41417021276595745,0.5064468085106383,0.5788936170212766,0.6831489361702128,0.6939148936170213,0.7564255319148936,1.0,6.0,23.0,62.0,141.0,4.28629963290536,6.43786267716941,0.4167933130699088,0.507725430597771,0.5797028031070585,0.6824130361364404,0.6936001350894968,0.7548969942586964,1.0,6.0,22.0,62.0,145.0,4.281975905590431,6.430979337293444,0.4166666666666667,0.505741303613644,0.5790273556231003,0.6817798041202296,0.6931779804120229,0.7549814251941912,1.0,6.0,23.0,62.0,143.0,4.280138436410412,6.427080450500776,0.0026230992051939806,0.0015184541500569326,0.0018738377702040012,0.5,2.0757152381769517,0.008571474890608352,0.6983155080213904
coco,000000311789,0,640,426,23.5046875,0.6985328638497652,0.7395356514084507,0.7652912265258216,0.8053990610328638,0.8100498826291079,0.8449200410798122,0.0,0.0,3.0,26.0,82.0,2.6928845377551878,5.097419158445874,0.6983644859813084,0.7388726635514019,0.763785046728972,0.8042494158878505,0.8091121495327103,0.8446115654205607,0.0,0.0,4.0,27.0,82.0,2.6983050411346,5.101082437107242,0.6971643518518519,0.7374131944444444,0.7614583333333333,0.8022569444444444,0.8076099537037037,0.84296875,0.0,0.0,4.0,28.0,83.0,2.711816319254999,5.114069138343362,0.6961226851851852,0.7358796296296296,0.7612268518518519,0.8018518518518518,0.8072916666666666,0.8433449074074074,0.0,0.0,4.0,28.0,82.0,2.71289551026003,5.1105627328999255,0.0022354139553677926,0.003115809642823271,0.0022425994196848737,0.4330127018922193,0.82915619758885,0.014181560856953341,0.7852369424882629
coco,000000313182,0,640,424,121.66677107900944,0.2418410966981132,0.27568912146226415,0.30635318396226413,0.36797612028301885,0.37458357900943395,0.42092791863207546,2.0,17.0,92.0,255.0,255.0,5.705711824659614,6.035379391453594,0.24234964622641508,0.2761497641509434,0.30714917452830187,0.36876474056603775,0.3748820754716981,0.4204009433962264,2.0,17.0,92.0,255.0,255.0,5.706271964054702,6.025386071360844,0.24380896226415094,0.27862617924528305,0.3076945754716981,0.36839622641509434,0.3744693396226415,0.41715801886792453,2.0,17.0,93.0,255.0,255.0,5.7128975695781845,6.020538568156397,0.2418632075471698,0.2766509433962264,0.30689858490566035,0.36851415094339623,0.3748820754716981,0.41692216981132074,2.0,17.0,93.0,255.0,255.0,5.718641055786537,6.0253122576349245,0.002588711583406461,0.002319614364883855,0.002966296280948182,1.9595519258238603,0.0,0.017033065753778723,0.3448997641509434
coco,000000316666,0,640,480,15.853922526041666,0.86681640625,0.8881119791666666,0.902119140625,0.9172526041666667,0.9187076822916667,0.9270345052083333,0.0,0.0,0.0,3.0,30.0,1.4034580434294237,3.1534705458992374,0.867109375,0.8878645833333333,0.901953125,0.9171744791666666,0.9185807291666667,0.9270963541666667,0.0,0.0,0.0,3.0,30.0,1.4050873842207185,3.153826180085572,0.86453125,0.8859895833333333,0.8996875,0.915703125,0.9170052083333333,0.925546875,0.0,0.0,0.0,3.0,32.0,1.4208083860190326,3.1762594101522144,0.8641666666666666,0.885,0.89875,0.91546875,0.9169791666666667,0.9253645833333334,0.0,0.0,0.0,3.0,33.0,1.4251580085055653,3.181004846688222,0.0024946282213117745,0.0022066159077901953,0.0018489783917265811,0.0,1.7275343701356567,0.016091120689555927,0.9110970052083334
coco,000000318138,0,480,640,14.091256510416667,0.79833984375,0.8503059895833334,0.8725455729166667,0.9057877604166666,0.9107942708333333,0.9359049479166667,0.0,0.0,1.0,9.0,45.0,1.9992275904295744,4.229726946403966,0.7990885416666667,0.851015625,0.873046875,0.9058984375,0.9107942708333333,0.935859375,0.0,0.0,1.0,9.0,45.0,1.994303274966826,4.221014116279959,0.7990104166666666,0.8503645833333333,0.87296875,0.906015625,0.91046875,0.93578125,0.0,0.0,1.0,9.0,45.0,1.9962406231980743,4.22232068103577,0.7996875,0.8511458333333334,0.8738541666666667,0.9061458333333333,0.9111458333333333,0.935625,0.0,0.0,1.0,9.0,45.0,1.9867634126612972,4.205250442632437,0.0013363809723241616,0.0011358578259445776,0.0013265283499072516,0.0,0.5555121510822243,0.010993088723771933,0.9190234375
coco,000000318455,0,640,480,42.91345703125,0.3018359375,0.39481770833333335,0.5219498697916667,0.6594596354166666,0.6759895833333334,0.7806282552083333,2.0,10.0,30.0,59.0,105.0,4.549751617489187,6.690381850468621,0.3000130208333333,0.39186197916666665,0.5198697916666667,0.6575130208333333,0.6740364583333334,0.7804166666666666,2.0,11.0,31.0,59.0,105.0,4.556435494070935,6.691479902685259,0.29940104166666665,0.39080729166666667,0.5189322916666667,0.65734375,0.67375,0.780390625,2.0,11.0,31.0,59.0,105.0,4.560740688993407,6.693053646756184,0.30109375,0.39255208333333336,0.5184895833333333,0.6572916666666667,0.6733854166666666,0.78109375,2.0,11.0,31.0,59.0,105.0,4.563299102744854,6.6935064010319,0.003299053675537866,0.002869016973169385,0.002036834603985591,0.4841229182759271,0.42847841252506524,0.00961984702791582,0.724736328125
coco,000000319607,0,640,640,30.51097900390625,0.69716796875,0.76111083984375,0.796689453125,0.8347607421875,0.8382958984375,0.862939453125,0.0,0.0,5.0,22.0,95.0,2.6577845703471916,4.683288636250788,0.69626953125,0.759814453125,0.79525390625,0.833125,0.83658203125,0.8610546875,0.0,0.0,5.0,22.0,99.0,2.664070842921072,4.680167518561474,0.69572265625,0.75873046875,0.79326171875,0.8312890625,0.83478515625,0.85931640625,0.0,0.0,5.0,22.0,102.0,2.671797553348897,4.67970679365728,0.6930859375,0.755078125,0.7892578125,0.828046875,0.8316796875,0.8568359375,0.0,0.0,5.0,23.0,107.0,2.690794702281829,4.694174907230249,0.0020088723795464608,0.003222197528905259,0.002912805362787211,0.0,4.949747468305833,0.014851981722900845,0.83770263671875
coco,000000320232,0,374,500,86.12397326203208,0.4076470588235294,0.5029572192513369,0.5615508021390374,0.6045508021390374,0.6079411764705882,0.6303262032085561,1.0,7.0,23.0,204.0,255.0,4.752402048390566,5.48642431782295,0.40695744680851065,0.5017234042553191,0.5587234042553192,0.602404255319149,0.6057234042553191,0.6278510638297873,1.0,7.0,23.0,210.0,255.0,4.760956120148725,5.483317046981375,0.4044663964876731,0.5007598784194529,0.5600303951367781,0.602499155690645,0.6056231003039514,0.6271529888551165,1.0,7.0,23.0,221.0,255.0,4.777668257516328,5.476902000803347,0.40628166160081053,0.5021952043228639,0.5613812901046944,0.6036811887875718,0.60612968591692,0.6277440054035799,1.0,7.0,23.0,225.0,255.0,4.767076508507078,5.455248279840772,0.0027434506064916726,0.0032452419042489347,0.0028446568393488514,0.42847841252506524,0.0,0.023145685500890363,0.6009732620320856
coco,000000320490,0,640,426,32.704085974178405,0.6345950704225352,0.7388864436619719,0.7812426643192488,0.812455985915493,0.8165933098591549,0.8401261737089202,2.0,5.0,10.0,25.0,123.0,3.7567694351867087,5.924661350046827,0.6337908878504673,0.7373977803738317,0.7802132009345795,0.8108060747663551,0.8147634345794392,0.8385952102803739,2.0,5.0,10.0,26.0,124.0,3.76051446509428,5.928706837989823,0.6343460648148148,0.736574074074074,0.7793402777777778,0.8103298611111112,0.8144675925925926,0.8378472222222222,2.0,5.0,10.0,26.0,125.0,3.761533078325004,5.929097062336679,0.6332175925925926,0.7340856481481481,0.7756944444444445,0.8083333333333333,0.8127314814814814,0.838136574074074,2.0,5.0,10.0,26.0,123.0,3.771044406249319,5.939792291660949,0.003925922458482454,0.004207254883675902,0.0036680089455908105,0.0,3.282886496667224,0.018252329948949667,0.8202501467136151
coco,000000321333,0,640,396,91.58837200126263,0.1700481376262626,0.20729166666666668,0.24329229797979798,0.3025528724747475,0.31125315656565655,0.38089883207070707,6.0,34.0,82.0,137.0,191.0,5.853751096935293,7.433957370681507,0.17105429292929292,0.2080808080808081,0.24461805555555555,0.3042771464646465,0.31314709595959594,0.3826546717171717,6.0,33.0,82.0,137.0,191.0,5.84689044998152,7.430931440197519,0.16940625,0.20584375,0.242,0.300375,0.3094375,0.378625,6.0,34.0,83.0,139.0,193.0,5.8631806983961425,7.435653976230894,0.167125,0.203625,0.2404375,0.296625,0.3061875,0.3751875,6.0,34.0,83.0,141.0,193.0,5.877133741280945,7.432837513187087,0.0030884025269268083,0.003691023182812959,0.004456074370617155,0.899218410621135,0.9682458365518543,0.020365490386267112,0.29723800505050507
coco,000000323355,0,480,640,35.94653971354167,0.5022265625,0.579189453125,0.6361783854166667,0.7107584635416667,0.7185221354166667,0.7785123697916667,1.0,3.0,15.0,56.0,98.0,3.8419573685843926,6.285445114034451,0.5006119791666667,0.577578125,0.635234375,0.7094791666666667,0.71734375,0.7771744791666667,1.0,3.0,15.0,57.0,98.0,3.850606145178085,6.290865453907515,0.5015364583333334,0.577421875,0.6357552083333333,0.7078385416666667,0.7154166666666667,0.7769010416666666,1.0,3.0,15.0,57.0,98.0,3.854887935782995,6.2912110636958065,0.5016145833333333,0.5776041666666667,0.63359375,0.7046354166666666,0.7125,0.77515625,1.0,3.0,15.0,57.0,99.0,3.8604797372591544,6.291377810622646,0.003257473170444104,0.0030895820053485376,0.003684360928122565,0.4330127018922193,0.7473912964438374,0.012674803360739659,0.687734375
coco,000000323799,0,640,480,51.28776692708333,0.295751953125,0.39645833333333336,0.485517578125,0.608076171875,0.6201790364583334,0.703525390625,5.0,12.0,33.0,72.0,124.0,4.919922535171005,6.955038735139369,0.29587239583333336,0.396015625,0.48559895833333333,0.6075520833333333,0.6202604166666666,0.703046875,5.0,12.0,33.0,72.0,124.0,4.920614833632115,6.954552399286294,0.2959895833333333,0.3938802083333333,0.48234375,0.606171875,0.6190885416666667,0.7019010416666667,5.0,12.0,34.0,73.0,126.0,4.926693512465444,6.960629365379512,0.29640625,0.39317708333333334,0.4803125,0.6053645833333333,0.6181770833333333,0.7028645833333333,5.0,12.0,34.0,72.0,126.0,4.929157826197741,6.950882399286515,0.0022552721397764985,0.0026342963248547117,0.0029941670968968086,0.4841229182759271,1.184205957593526,0.008416572347477422,0.6068782552083334
coco,000000325483,0,640,480,41.93361653645833,0.26767903645833335,0.3511653645833333,0.47357747395833333,0.656640625,0.6751497395833334,0.7867220052083334,2.0,14.0,34.0,58.0,92.0,4.648880677632109,6.669246057771317,0.26545572916666665,0.3491666666666667,0.4714453125,0.6551822916666666,0.6739322916666667,0.786171875,2.0,14.0,34.0,58.0,92.0,4.6568354751741134,6.670629662718422,0.2638020833333333,0.34643229166666667,0.4691666666666667,0.653515625,0.6732291666666667,0.78546875,2.0,14.0,34.0,59.0,92.0,4.668159117233422,6.675793698235564,0.264375,0.34734375,0.47088541666666667,0.65421875,0.6733333333333333,0.78625,2.0,14.0,34.0,59.0,92.0,4.662636473951012,6.670904981153065,0.0037121009118369023,0.005171835621008083,0.0026758921307115354,0.46351240544347894,0.24206145913796356,0.015875532801195594,0.663310546875
coco,000000325838,0,640,480,69.78443684895834,0.14223307291666668,0.222412109375,0.292998046875,0.43047526041666667,0.44796875,0.5611653645833333,11.0,27.0,55.0,93.0,150.0,5.605785837250519,7.216264037308086,0.14296875,0.22260416666666666,0.2927473958333333,0.4311067708333333,0.44848958333333333,0.5617317708333334,11.0,26.0,55.0,93.0,150.0,5.605799145735215,7.214388943954509,0.1428125,0.22192708333333333,0.29109375,0.431015625,0.44778645833333336,0.5613020833333333,11.0,27.0,56.0,94.0,152.0,5.612809671523717,7.213968057743617,0.14494791666666668,0.22302083333333333,0.29302083333333334,0.43104166666666666,0.4471875,0.5609895833333334,11.0,27.0,56.0,93.0,152.0,5.60974370618369,7.205975145429442,0.002607086579175133,0.0021587087768632006,0.002392859340757992,0.4841229182759271,1.2183492931011204,0.008688926209634842,0.424189453125
coco,000000326248,0,640,426,60.137668720657274,0.40148180751173707,0.4878887910798122,0.5450960974178404,0.6264708039906103,0.6331022593896714,0.6728102992957746,2.0,6.0,25.0,95.0,189.0,4.596326139277107,6.835022014276888,0.39798481308411215,0.48336740654205607,0.5406834112149532,0.6212178738317757,0.6274386682242991,0.6675525700934579,2.0,6.0,26.0,98.0,191.0,4.617422098574445,6.8393479789048115,0.3978587962962963,0.48203125,0.5368923611111112,0.616724537037037,0.6229745370370371,0.6619502314814815,2.0,6.0,26.0,99.0,191.0,4.6248301075474565,6.839989992617166,0.39861111111111114,0.48391203703703706,0.5384837962962963,0.6177083333333333,0.6245949074074074,0.6620370370370371,2.0,6.0,26.0,99.0,191.0,4.617306413470516,6.831921123126805,0.0060460564771019475,0.007658908749495395,0.007978188875435993,0.9682458365518543,2.027159342528357,0.03355544856335714,0.6218456572769953
coco,000000327592,0,640,360,105.16939670138889,0.16395399305555555,0.2019140625,0.24270399305555557,0.3209765625,0.33026475694444446,0.39869791666666665,6.0,33.0,91.0,163.0,252.0,5.915385574444725,7.258458155157874,0.16175347222222222,0.20032986111111112,0.24104166666666665,0.31862847222222224,0.32819444444444446,0.3957638888888889,6.0,34.0,91.0,163.0,254.0,5.927039566718838,7.251197962491169,0.1595138888888889,0.19895833333333332,0.23847222222222222,0.3137847222222222,0.32381944444444444,0.39166666666666666,6.0,34.0,93.0,164.0,254.0,5.942090374641789,7.24066601420286,0.15881944444444446,0.19944444444444445,0.24027777777777778,0.31444444444444447,0.3240972222222222,0.3929861111111111,6.0,34.0,93.0,164.0,254.0,5.944118437922876,7.240825605127938,0.0032092678365975755,0.003734735259980702,0.004811391238191146,1.6909686573085854,1.71277370075559,0.02150405484846681,0.3291362847222222
coco,000000327701,0,640,428,75.87521904205607,0.3382995035046729,0.4409681658878505,0.5337032710280374,0.6341486565420561,0.6410922897196262,0.6742041471962616,5.0,11.0,28.0,123.0,255.0,5.091086385541119,6.194303932876772,0.33596670560747666,0.44001168224299064,0.5348422897196262,0.6326810747663552,0.6395005841121495,0.673160046728972,5.0,11.0,28.0,124.0,255.0,5.09839331890481,6.190824248143109,0.33509837962962963,0.4398726851851852,0.5342303240740741,0.6319155092592592,0.6383680555555555,0.6715856481481481,5.0,11.0,28.0,125.0,255.0,5.10271029586699,6.19250752294476,0.3360532407407407,0.4390625,0.5337962962962963,0.6314236111111111,0.6383101851851852,0.6693865740740741,5.0,11.0,28.0,126.0,255.0,5.104008109720652,6.191106149277058,0.002379711588865863,0.001662801462983061,0.0015693800966946774,0.33071891388307384,0.0,0.006723395554215555,0.5994852511682243
coco,000000328337,0,640,426,72.7764267899061,0.1770943368544601,0.2443368544600939,0.3064774061032864,0.424050029342723,0.43776041666666665,0.5170224471830986,7.0,24.0,60.0,111.0,155.0,5.537690971823243,7.280239476493627,0.17825642523364485,0.24487441588785047,0.3084696261682243,0.42586156542056075,0.4405957943925234,0.5209258177570093,7.0,24.0,60.0,111.0,155.0,5.530758378803186,7.273294434846285,0.1785300925925926,0.24421296296296297,0.3085648148148148,0.42511574074074077,0.43952546296296297,0.5200231481481481,7.0,24.0,60.0,111.0,155.0,5.52957023646261,7.273888677757736,0.18125,0.24832175925925926,0.311400462962963,0.42471064814814813,0.44016203703703705,0.5251736111111112,7.0,24.0,59.0,111.0,155.0,5.519690825491071,7.260713674701703,0.003904517884047465,0.003925946145607873,0.0038553220018206413,0.9499177595981665,0.9682458365518543,0.015175281147351583,0.41471537558685445
coco,000000329219,0,640,426,38.506862529342726,0.330850205399061,0.4897630575117371,0.6000220070422535,0.7234705105633803,0.7343456572769953,0.8042033450704226,4.0,12.0,24.0,52.0,94.0,4.569907781268421,6.613828360413102,0.32945385514018694,0.4874707943925234,0.5982768691588785,0.7234521028037383,0.7342435747663552,0.8038989485981308,4.0,12.0,24.0,52.0,94.0,4.575300470864729,6.617656770504596,0.32890625,0.48530092592592594,0.5973668981481481,0.7232638888888889,0.7344618055555555,0.8039641203703703,4.0,12.0,24.0,52.0,94.0,4.577506969129085,6.618744827058149,0.32864583333333336,0.4865162037037037,0.5973379629629629,0.7245949074074074,0.7356481481481482,0.804224537037037,4.0,12.0,24.0,52.0,94.0,4.575574549723325,6.6182290973860125,0.0029732350098307676,0.003193512753104557,0.0027698461700348966,0.0,0.8816709987291178,0.011294678752843524,0.7382188967136151
coco,000000332570,0,390,500,113.39002051282051,0.23804102564102564,0.28586153846153844,0.33987179487179486,0.4165128205128205,0.4225897435897436,0.4595025641025641,0.0,18.0,79.0,255.0,255.0,5.486776278255888,5.577313643877639,0.2366326530612245,0.28377551020408165,0.3381224489795918,0.41481632653061223,0.4205714285714286,0.458,0.0,18.0,80.0,255.0,255.0,5.496243349723992,5.558222486619764,0.235341755749919,0.28263686426951734,0.335479429867185,0.4084467120181406,0.4141561386459346,0.4520165208940719,0.0,18.0,81.0,255.0,255.0,5.515957113310859,5.545364278112759,0.2371234207968902,0.28603822481373503,0.3368966634272757,0.4114836410754778,0.41747651441528993,0.45634920634920634,0.0,18.0,80.0,255.0,255.0,5.504752020323701,5.558722135083299,0.0030624158304212988,0.003859500982475267,0.006093173524038381,1.9833289565778038,0.0,0.028446373105216596,0.38627179487179486
coco,000000333402,0,640,424,85.89794369103774,0.2758881191037736,0.3235038325471698,0.36850678066037734,0.45123452240566037,0.46185878537735847,0.5281102594339623,1.0,12.0,57.0,136.0,242.0,5.184751807675505,6.983990808008296,0.2753390330188679,0.32271521226415095,0.36704009433962265,0.45084021226415094,0.46112912735849054,0.5271521226415095,1.0,12.0,57.0,137.0,242.0,5.1873062190463965,6.980148028754227,0.2754422169811321,0.3220224056603774,0.3660082547169811,0.4493514150943396,0.45984669811320755,0.5251474056603773,1.0,12.0,57.0,138.0,242.0,5.1886238206849535,6.972946040323333,0.27252358490566037,0.31922169811320755,0.3632075471698113,0.4492924528301887,0.4597877358490566,0.5246462264150943,1.0,12.0,57.0,139.0,242.0,5.191166244662634,6.974923572417675,0.00288142956093,0.0026929586045104322,0.0024063607232677527,0.4841229182759271,0.0,0.009407326254521526,0.44609006485849056
coco,000000334483,0,480,640,43.68542643229166,0.430712890625,0.5382747395833334,0.621376953125,0.7247102864583334,0.7346451822916666,0.7928548177083333,2.0,7.0,20.0,53.0,110.0,4.334315500585526,6.440282308288283,0.4311067708333333,0.5381119791666666,0.6208463541666667,0.7229557291666666,0.7326041666666666,0.7910546875,2.0,7.0,20.0,53.0,110.0,4.339719212775364,6.443260263843994,0.42809895833333333,0.5335416666666667,0.617578125,0.7196875,0.72953125,0.787421875,2.0,7.0,20.0,54.0,112.0,4.354065232651117,6.453366355345621,0.43192708333333335,0.5369270833333334,0.6213541666666667,0.7216666666666667,0.7317708333333334,0.7893229166666667,2.0,7.0,20.0,53.0,111.0,4.344761242630269,6.440323377786613,0.0038173796341806616,0.004151092669382277,0.004061048199371739,0.33071891388307384,1.6583123951777,0.01859552829573803,0.7501888020833334
coco,000000334521,0,500,374,92.71045454545454,0.24011229946524065,0.30032620320855613,0.35354545454545455,0.43017112299465243,0.43867379679144386,0.4941711229946524,4.0,17.0,65.0,151.0,255.0,5.535979535062606,6.958679693340651,0.23859574468085107,0.29948936170212764,0.3528085106382979,0.4312340425531915,0.43980851063829784,0.49670212765957444,4.0,17.0,64.0,150.0,255.0,5.536250669418572,6.958821968970539,0.2342127659574468,0.2956170212765957,0.3494468085106383,0.4279574468085106,0.4359148936170213,0.49459574468085105,4.0,17.0,65.0,149.0,255.0,5.545205950592812,6.9673667766187775,0.23302938196555217,0.2945795339412361,0.3483620398514016,0.42738939547450183,0.4351570415400203,0.49400540357987166,4.0,18.0,65.0,149.0,255.0,5.545922653129591,6.950149917540918,0.0035032642784245623,0.003262859966770774,0.004140112490548921,0.8816709987291178,0.0,0.01103812186390988,0.411475935828877
coco,000000334767,0,500,332,102.89965060240964,0.3707048192771084,0.4021566265060241,0.425566265060241,0.4578855421686747,0.4610301204819277,0.4830843373493976,0.0,2.0,74.0,208.0,255.0,4.892004178180989,6.1436230110319014,0.3768674698795181,0.4080722891566265,0.43065060240963854,0.462,0.4649397590361446,0.4867951807228916,0.0,2.0,72.0,207.0,255.0,4.867853474165954,6.124262894736328,0.3760952380952381,0.4071904761904762,0.4312857142857143,0.4624761904761905,0.46490476190476193,0.48704761904761906,0.0,2.0,71.0,206.0,255.0,4.8620567830689705,6.123276284815711,0.3753779289493575,0.4069349962207105,0.43112244897959184,0.46258503401360546,0.4650415721844293,0.48733938019652306,0.0,2.0,71.0,206.0,255.0,4.868223196145223,6.11723134295078,0.0048894618260541456,0.004141091986865486,0.004187351407523641,2.5708704751503917,0.0,0.021890476276219376,0.44328915662650603
coco,000000336658,0,640,428,20.553606892523366,0.7244304906542056,0.7712105724299065,0.8060273072429907,0.8537310163551401,0.8582396320093458,0.8861054322429907,0.0,0.0,2.0,20.0,72.0,2.312238220221752,4.639933912465236,0.7248101635514018,0.7723276869158878,0.8070239485981309,0.8542348130841122,0.8587908878504673,0.8860543224299066,0.0,0.0,2.0,19.0,72.0,2.307777703290028,4.631954044760662,0.727806712962963,0.7748263888888889,0.8094328703703704,0.8545138888888889,0.8591435185185186,0.8866608796296296,0.0,0.0,2.0,19.0,72.0,2.2907318332466486,4.6057505871164635,0.7285879629629629,0.7754629629629629,0.8096064814814815,0.8543402777777778,0.8588541666666667,0.8857060185185185,0.0,0.0,2.0,19.0,72.0,2.282740503690582,4.589086957644699,0.002537647108583437,0.002464444567430638,0.0013509980611592694,0.0,0.6614378277661477,0.017962804859960654,0.8575021904205608
coco,000000337498,0,640,480,65.17571940104166,0.4665299479166667,0.511416015625,0.5497200520833333,0.61447265625,0.6208203125,0.6651822916666666,0.0,2.0,21.0,105.0,243.0,4.154131498117473,6.157966654040672,0.4685416666666667,0.5127083333333333,0.5501302083333334,0.6151171875,0.6216276041666666,0.6661588541666666,0.0,2.0,21.0,104.0,242.0,4.143626760649098,6.1444795043049565,0.4725520833333333,0.5159114583333333,0.5515104166666667,0.616484375,0.6230208333333334,0.6690364583333334,0.0,2.0,20.0,102.0,244.0,4.1110236092351595,6.108448767599485,0.4714583333333333,0.5150520833333333,0.55078125,0.6163541666666666,0.6224479166666667,0.6702604166666667,0.0,2.0,20.0,102.0,242.0,4.111412094585354,6.107082589132077,0.0037232241318050346,0.0023335916285375136,0.0022664854089406777,0.7806247497997998,0.9013878188659973,0.027160701102920518,0.6311653645833334
coco,000000338219,0,640,566,49.08933027826855,0.48751104240282683,0.5767253754416961,0.6406111969964664,0.7129886263250883,0.7187831272084806,0.7529980123674912,3.0,6.0,16.0,62.0,160.0,4.397728943642764,6.5261290374653695,0.4849471830985915,0.5738336267605634,0.6383582746478873,0.7108274647887324,0.7163842429577465,0.7510343309859155,3.0,6.0,17.0,63.0,161.0,4.404825740289151,6.532597851937839,0.4795774647887324,0.5694322183098591,0.6332526408450704,0.7053036971830986,0.7106954225352112,0.7461047535211267,3.0,6.0,17.0,65.0,163.0,4.427286669740181,6.550224054390624,0.4779049295774648,0.5683978873239437,0.6328345070422535,0.7054577464788733,0.7110475352112676,0.7464788732394366,3.0,6.0,17.0,65.0,163.0,4.428617826524996,6.549251084747169,0.0051776262055563,0.005199273667677793,0.004778710766059368,0.5,1.8328597873268975,0.02106243639272648,0.7426126325088339
coco,000000338625,0,640,480,74.58776041666667,0.232861328125,0.27405924479166666,0.3360677083333333,0.4235970052083333,0.432919921875,0.5176953125,3.0,19.0,61.0,111.0,177.0,5.334810241947063,7.171534201857193,0.23248697916666666,0.27470052083333335,0.33533854166666666,0.42225260416666666,0.43145833333333333,0.5159765625,3.0,19.0,61.0,111.0,177.0,5.3367905846100046,7.170553805460284,0.23234375,0.27520833333333333,0.335078125,0.42171875,0.43125,0.514765625,3.0,19.0,61.0,111.0,177.0,5.340366161546028,7.166827280863161,0.23348958333333333,0.2771875,0.33697916666666666,0.42140625,0.430625,0.5145833333333333,3.0,18.0,61.0,111.0,177.0,5.331818567730097,7.1624261612463425,0.0021491451446650736,0.0022689152354123158,0.0021512740704696253,0.33071891388307384,1.899835519196333,0.007902018797800602,0.4396744791666667
coco,000000338905,0,480,360,73.51667824074075,0.36765046296296294,0.4244502314814815,0.4713541666666667,0.5416956018518518,0.5487673611111111,0.5930324074074074,1.0,6.0,37.0,128.0,228.0,4.769496651298096,6.735695288332224,0.36659722222222224,0.4242824074074074,0.4708101851851852,0.5424305555555555,0.549212962962963,0.5941898148148148,1.0,6.0,38.0,127.0,228.0,4.7649468676437,6.727939871146831,0.36268518518518517,0.4214351851851852,0.46805555555555556,0.5394444444444444,0.5469907407407407,0.5914814814814815,1.0,6.0,38.0,128.0,230.0,4.782063039078652,6.736614806931329,0.36712962962962964,0.4237037037037037,0.4696296296296296,0.5409259259259259,0.5483333333333333,0.5924074074074074,1.0,6.0,38.0,127.0,230.0,4.7525484311797825,6.704842174980075,0.005589966251575988,0.004143308369386368,0.004250786504072687,1.118033988749895,2.8878787630369804,0.027384142977257594,0.5233043981481481
coco,000000339442,0,522,640,120.00395713601533,0.31949832375478926,0.3376466714559387,0.3540259818007663,0.3841924090038314,0.3878831417624521,0.4154424090038314,0.0,3.0,120.0,230.0,255.0,5.250375486081481,5.957288677379804,0.3179270038167939,0.3356989503816794,0.35200381679389314,0.3814646946564885,0.3851979961832061,0.4122256679389313,0.0,3.0,122.0,231.0,255.0,5.265521867457513,5.939891098901207,0.3177003816793893,0.3354723282442748,0.35155057251908395,0.38189408396946567,0.38518606870229005,0.41254770992366413,0.0,3.0,122.0,233.0,255.0,5.26773868382018,5.927785169566231,0.31917613636363634,0.3372159090909091,0.35317234848484846,0.3837121212121212,0.3872159090909091,0.41448863636363636,0.0,3.0,122.0,233.0,255.0,5.260208254942183,5.923003742071588,0.002538427068096476,0.0034802069102756275,0.0042880216015036285,2.5973243443975185,0.0,0.01719599572647571,0.37796635536398465
coco,000000340015,0,640,480,47.165797526041665,0.32812825520833333,0.4138997395833333,0.49303059895833334,0.6151888020833334,0.62779296875,0.715849609375,2.0,10.0,33.0,70.0,111.0,4.634838058035524,6.855017762947773,0.32729166666666665,0.413671875,0.49125,0.6128645833333334,0.6257552083333333,0.7144921875,2.0,10.0,33.0,70.0,111.0,4.642917304991672,6.857326533319067,0.3265885416666667,0.414609375,0.4906770833333333,0.6144010416666666,0.6275,0.7142447916666667,2.0,10.0,33.0,70.0,111.0,4.643555357334216,6.855554417928634,0.3238020833333333,0.41328125,0.48796875,0.6128125,0.6259375,0.7130208333333333,2.0,10.0,33.0,70.0,111.0,4.658680199352342,6.859007020338467,0.0028918252921592952,0.0024216802922123947,0.0022385895172633108,0.4841229182759271,0.49607837082461076,0.012897990843490083,0.61453125
coco,000000340697,0,500,332,43.43230722891566,0.42553614457831324,0.49516265060240966,0.5593915662650603,0.6616807228915663,0.6723192771084338,0.7423192771084337,1.0,3.0,24.0,65.0,113.0,4.140087814637058,6.519300411771633,0.4263132530120482,0.49573493975903615,0.560843373493976,0.6619277108433735,0.6727710843373494,0.7422409638554217,1.0,3.0,24.0,65.0,113.0,4.135655704280189,6.509982897678947,0.4250952380952381,0.49447619047619046,0.5616666666666666,0.6646666666666666,0.6754761904761905,0.7440476190476191,1.0,4.0,24.0,65.0,112.0,4.142215958213205,6.512655138473809,0.4237528344671202,0.49111866969009826,0.5596182917611489,0.6635487528344671,0.6745086923658352,0.7427248677248677,1.0,4.0,24.0,65.0,113.0,4.155569706592878,6.512609135022,0.003196027160493445,0.001817398717212151,0.0021495705666557834,0.0,1.1021995055342748,0.010648624254554529,0.669632530120482
coco,000000341828,0,612,612,101.78454867785894,0.2531451578452732,0.2829173608441198,0.3098968345508138,0.3583504207783331,0.3639866077149814,0.4053702635738391,1.0,15.0,91.0,164.0,254.0,5.502872422933894,6.9451702116613845,0.2557029347686787,0.28509334016831134,0.3116536374898543,0.35956256140800547,0.3649023879704387,0.4062967234824213,1.0,14.0,90.0,164.0,254.0,5.485647773446742,6.931918718241737,0.25880655292419996,0.2886215092097445,0.3152109328579917,0.3626177743824803,0.36790170613700024,0.41049146931499875,1.0,13.0,89.0,163.0,254.0,5.4573558267109705,6.920359445331865,0.2607522347782088,0.2912379827964244,0.3185613088210491,0.36490133243379996,0.3695395513577332,0.41090403103390116,1.0,13.0,89.0,163.0,254.0,5.446274633165595,6.9068074059430895,0.006886990491694495,0.006898499952547831,0.006324732486003784,1.7666617531378213,0.75,0.05162684106876628,0.3447632320902217
coco,000000342397,0,640,426,147.6570752640845,0.045411531690140845,0.07173195422535211,0.09699603873239436,0.12305237676056338,0.12630208333333334,0.177068661971831,33.0,87.0,154.0,197.0,255.0,6.849227363429158,6.486693030168782,0.0450642523364486,0.07150992990654205,0.09668516355140187,0.12267815420560747,0.12594918224299065,0.17683995327102803,33.0,87.0,155.0,197.0,255.0,6.850137644595388,6.4806656684504045,0.04522569444444444,0.07222222222222222,0.09722222222222222,0.12335069444444445,0.12650462962962963,0.17708333333333334,33.0,87.0,155.0,197.0,255.0,6.849725851086239,6.472756499721607,0.04421296296296296,0.07048611111111111,0.09525462962962963,0.12239583333333333,0.12586805555555555,0.1771412037037037,34.0,87.0,155.0,197.0,255.0,6.854577050610574,6.467782540870773,0.0013032737145442337,0.00124824055063624,0.001219057091258885,0.4841229182759271,0.0,0.005195099283832908,0.11714715375586854
coco,000000342971,0,286,640,55.42268902972028,0.3163734702797203,0.4307036713286713,0.49195804195804194,0.6170891608391609,0.6240821678321679,0.6546929632867133,5.0,12.0,33.0,117.0,132.0,4.9679928335151455,6.604719829531958,0.31527777777777777,0.4305555555555556,0.4915798611111111,0.6178168402777777,0.6244357638888889,0.6545789930555556,5.0,12.0,33.0,117.0,132.0,4.968748779458338,6.591949877842721,0.31640625,0.4318576388888889,0.49171006944444445,0.6180555555555556,0.6243055555555556,0.6546006944444445,5.0,12.0,33.0,119.0,132.0,4.964255274551908,6.5847894024255575,0.3129340277777778,0.4318576388888889,0.49149305555555556,0.6171006944444445,0.6232638888888888,0.6549479166666666,5.0,13.0,33.0,119.0,132.0,4.972506970678373,6.586529495932666,0.0037160592513672337,0.0026987661491734752,0.002554009591348672,0.42847841252506524,0.7806247497997998,0.010621733888727473,0.5337194055944056
coco,000000344268,0,640,512,57.15273742675781,0.562060546875,0.5761962890625,0.5966522216796875,0.678289794921875,0.6821136474609375,0.6948760986328125,0.0,0.0,3.0,108.0,210.0,3.222812316419604,4.976470994581436,0.560986328125,0.57476806640625,0.5953125,0.67822265625,0.682421875,0.6951171875,0.0,0.0,3.0,107.0,212.0,3.2222237573740387,4.968447336312,0.5552001953125,0.5698486328125,0.590576171875,0.675244140625,0.6795654296875,0.695458984375,0.0,0.0,3.0,107.0,212.0,3.2465603117264323,5.004004951516794,0.5576171875,0.571630859375,0.59150390625,0.675830078125,0.680029296875,0.695556640625,0.0,0.0,3.0,107.0,212.0,3.2400388637030586,4.999374135847967,0.005631187003372881,0.004809724253403209,0.0030179138367209717,0.5994789404140899,1.0,0.024174566802790447,0.68038330078125
coco,000000345361,0,500,358,69.50037988826816,0.20713966480446927,0.29314525139664804,0.3929385474860335,0.5078212290502794,0.5155921787709498,0.5671284916201117,5.0,19.0,46.0,107.0,159.0,5.290342088055105,7.239734416939374,0.20571111111111112,0.2934222222222222,0.39168888888888886,0.5077555555555555,0.5159111111111111,0.5651777777777778,5.0,19.0,46.0,107.0,159.0,5.29097847159794,7.235536579759446,0.2038222222222222,0.28946666666666665,0.3850222222222222,0.5044,0.5122222222222222,0.5612,5.0,20.0,46.0,108.0,159.0,5.309739420267721,7.2374592965608535,0.20282186948853614,0.28738977072310407,0.3824514991181658,0.5032627865961199,0.5109347442680776,0.5602292768959436,5.0,20.0,47.0,108.0,159.0,5.314984329868841,7.225476439041898,0.00231145752114136,0.004656294770384924,0.0029473686026770386,0.7261843774138906,1.184205957593526,0.014684915840959276,0.5087262569832403
coco,000000347254,0,374,500,54.66972192513369,0.2716256684491979,0.3558449197860963,0.43072727272727274,0.5833155080213904,0.598716577540107,0.7099411764705882,2.0,14.0,39.0,70.0,124.0,4.811915685924056,6.834761261839744,0.2714042553191489,0.35536170212765955,0.42931914893617024,0.5828723404255319,0.5979574468085106,0.7084255319148937,2.0,14.0,39.0,70.0,126.0,4.817859766348524,6.836288077975222,0.2702212090509963,0.355032083755488,0.42819148936170215,0.5823201621073961,0.5986997635933806,0.7075734549138805,2.0,14.0,39.0,70.0,124.0,4.820414156074046,6.834204079270223,0.2684903748733536,0.3537656197230665,0.42747382640999665,0.5799560959135427,0.5962512664640324,0.7060114826072272,2.0,14.0,39.0,71.0,127.0,4.828990310810884,6.831454662255208,0.0026160569793790725,0.0018742663586924628,0.0026159825777613043,0.3535533905932738,2.0766559657295187,0.010262587044296965,0.5995080213903743
coco,000000347335,0,480,640,54.22570638020834,0.18791015625,0.2571614583333333,0.33126953125,0.47365885416666664,0.492333984375,0.6383528645833333,6.0,23.0,50.0,76.0,114.0,5.229115373932569,6.9250915766639185,0.188515625,0.2577994791666667,0.3296614583333333,0.4748046875,0.49385416666666665,0.6386979166666666,6.0,23.0,50.0,76.0,114.0,5.225120302582401,6.924624966710711,0.19005208333333334,0.25947916666666665,0.33205729166666664,0.4776302083333333,0.4965625,0.6413020833333334,6.0,22.0,50.0,76.0,114.0,5.21814072255941,6.920405768196183,0.19119791666666666,0.26046875,0.33286458333333335,0.476875,0.49578125,0.63953125,6.0,22.0,50.0,76.0,114.0,5.215993856024033,6.916754179409543,0.0024699031320402683,0.002655412130415308,0.002660409500482833,0.0,0.0,0.009250650326612663,0.48144856770833333
coco,000000350002,0,426,640,81.88809052230047,0.19942048122065728,0.27860181924882627,0.33767972417840375,0.40525968309859156,0.4118507922535211,0.4588835093896714,8.0,20.0,74.0,121.0,189.0,5.677899995831602,7.323702370698083,0.20051109813084111,0.2796582943925234,0.33933995327102806,0.40611857476635516,0.41273364485981306,0.45849883177570094,8.0,20.0,74.0,121.0,189.0,5.676548172362483,7.321514743586014,0.19988317757009347,0.2792640186915888,0.33884345794392523,0.40604556074766357,0.4129964953271028,0.4582067757009346,8.0,20.0,74.0,121.0,189.0,5.678329231475486,7.318709045009515,0.20277777777777778,0.2825810185185185,0.34403935185185186,0.41064814814814815,0.4179398148148148,0.4632523148148148,8.0,20.0,74.0,121.0,187.0,5.661672148577556,7.3101084659107975,0.0033853338596369817,0.004965812199537302,0.004233586341846213,0.8816709987291178,0.8660254037844386,0.014527526035848089,0.39853653169014086
coco,000000351823,0,508,640,55.6277251476378,0.16950049212598425,0.25218688484251967,0.3424304872047244,0.47807886318897636,0.4916922982283465,0.6046905757874016,9.0,23.0,51.0,85.0,108.0,5.336222185878687,6.923935368435782,0.17062007874015747,0.2538139763779528,0.3440329724409449,0.4809178149606299,0.4936023622047244,0.6062623031496063,9.0,23.0,50.0,85.0,108.0,5.333548902430374,6.9205128392225,0.17298228346456693,0.25649606299212596,0.3476377952755906,0.4827263779527559,0.4946358267716535,0.6076771653543307,9.0,23.0,50.0,85.0,108.0,5.327321421081369,6.9190175165919765,0.171533203125,0.256396484375,0.34853515625,0.48125,0.493017578125,0.60673828125,9.0,23.0,50.0,85.0,108.0,5.328238240241213,6.919271107927868,0.0030327899796541513,0.006549264092400714,0.005686539068679898,0.9354143466934853,0.24206145913796356,0.014733302976413088,0.4107160433070866
coco,000000352684,0,424,640,29.915260170990567,0.413196491745283,0.5327314268867924,0.6569280660377359,0.8450987617924528,0.8614423643867924,0.9160377358490566,3.0,8.0,21.0,40.0,56.0,4.209637614067906,6.210942469706032,0.41261792452830187,0.5310436320754717,0.6561762971698113,0.8450176886792453,0.8613060141509434,0.91640625,3.0,8.0,21.0,40.0,56.0,4.2105105284239,6.208505823229005,0.41444575471698114,0.5326061320754717,0.6561615566037736,0.8440153301886792,0.8601709905660377,0.9166568396226416,3.0,8.0,21.0,40.0,56.0,4.209191432055491,6.205289154997303,0.41025943396226416,0.5282429245283019,0.6499410377358491,0.8387971698113208,0.8560141509433963,0.9150943396226415,3.0,8.0,22.0,40.0,56.0,4.2223045419134815,6.21512093791341,0.00320133187093128,0.004001676822488663,0.002774319325912314,0.46351240544347894,0.5266343608235224,0.009093969886062462,0.9020157724056603
coco,000000356505,0,640,424,111.4132370283019,0.039243071933962266,0.0791015625,0.12653670400943395,0.22270784198113208,0.23433814858490565,0.3126842570754717,27.0,52.0,101.0,157.0,226.0,6.4293895818656965,7.542602313525363,0.03863502358490566,0.07868514150943397,0.12595813679245282,0.2234375,0.23551002358490566,0.31264740566037735,27.0,52.0,101.0,158.0,226.0,6.430640607739351,7.542964675284948,0.03838443396226415,0.0792747641509434,0.12653301886792453,0.22505896226415095,0.23691037735849058,0.31270636792452833,27.0,52.0,101.0,159.0,226.0,6.429736387136981,7.540658964085569,0.037971698113207546,0.07971698113207547,0.12765330188679244,0.22600235849056605,0.23696933962264152,0.3130306603773585,27.0,52.0,101.0,159.0,226.0,6.429711331449009,7.537355719971607,0.0010995254400094437,0.0023978210819461106,0.003532749716880063,0.6343057228182637,1.3213984069916234,0.008552500654829686,0.20251695165094338
coco,000000357238,0,426,640,91.59510710093896,0.012001173708920189,0.03044307511737089,0.05119571596244132,0.25715595657276996,0.2708076584507042,0.3160981514084507,39.0,47.0,99.0,122.0,136.0,6.346255623513656,6.55919441137553,0.011360981308411214,0.02884053738317757,0.04978095794392523,0.2569801401869159,0.2707359813084112,0.3156980140186916,39.0,47.0,99.0,122.0,136.0,6.34950948082543,6.5492422971474715,0.013463785046728972,0.029030373831775702,0.05192757009345794,0.2629964953271028,0.2761390186915888,0.31921728971962615,38.0,47.0,99.0,122.0,136.0,6.337711232392563,6.5362847192159705,0.013483796296296296,0.028877314814814814,0.05196759259259259,0.2631365740740741,0.2752893518518518,0.3199652777777778,38.0,47.0,99.0,122.0,136.0,6.337534346035894,6.538153758248501,0.0021974617068916207,0.004350968105020797,0.004279538188682698,0.3903123748998999,0.0,0.009643403499177276,0.08988776408450705
coco,000000357888,0,640,480,41.2575390625,0.32562174479166667,0.4420247395833333,0.5373177083333334,0.6917057291666666,0.7079524739583334,0.80931640625,3.0,11.0,28.0,55.0,93.0,4.593687059070799,6.705882771237162,0.3261328125,0.44190104166666666,0.5365885416666667,0.691171875,0.7076692708333333,0.8086458333333333,3.0,11.0,28.0,55.0,93.0,4.595115025101685,6.7049957028412726,0.32471354166666666,0.44026041666666665,0.5352604166666667,0.6886458333333333,0.7058072916666667,0.8077604166666666,3.0,11.0,28.0,55.0,94.0,4.602868303843699,6.710559207363471,0.3252083333333333,0.43890625,0.5344791666666666,0.6865625,0.70421875,0.8067708333333333,3.0,11.0,28.0,55.0,94.0,4.606440503568592,6.70918974410515,0.0033408763099875573,0.0019774526569343396,0.002074747832677578,0.0,1.1110243021644486,0.014602124241984692,0.718515625
coco,000000357941,0,500,374,50.86007486631016,0.5170748663101604,0.5534438502673796,0.5729144385026738,0.6020320855614973,0.6047807486631016,0.6305187165775401,1.0,2.0,13.0,92.0,154.0,3.9720269860547592,6.119989485725969,0.5183404255319148,0.5548297872340425,0.5737021276595745,0.6025744680851064,0.604872340425532,0.6301063829787235,1.0,2.0,13.0,92.0,155.0,3.9715521785573555,6.111690178796775,0.5148510638297872,0.5515744680851064,0.5700851063829787,0.5994893617021276,0.6017872340425532,0.628,1.0,2.0,13.0,92.0,155.0,3.9811684972245955,6.115498620521424,0.5114826072272881,0.5477034785545424,0.5656028368794326,0.5954913880445796,0.5980243161094225,0.6251266464032421,1.0,2.0,14.0,92.0,155.0,3.990847509887301,6.1132865757552075,0.004421678813630258,0.0050181164369539925,0.004437057622946317,0.6343057228182637,0.7806247497997998,0.015251116977725859,0.6254919786096257
coco,000000359677,0,426,640,86.37158157276995,0.2153169014084507,0.3144072769953052,0.3669380868544601,0.3949493838028169,0.3959837147887324,0.40023474178403756,9.0,18.0,88.0,165.0,177.0,5.749682722863866,6.291791408360885,0.21268983644859812,0.31302570093457943,0.3647926401869159,0.39266939252336447,0.3939544392523365,0.3980432242990654,9.0,18.0,89.0,165.0,177.0,5.7579519039235025,6.29551732559762,0.2078855140186916,0.31013434579439253,0.3597254672897196,0.387821261682243,0.38901869158878505,0.39258177570093455,10.0,18.0,89.0,165.0,177.0,5.777755721552369,6.302321064649993,0.20850694444444445,0.31024305555555554,0.3602430555555556,0.38778935185185187,0.38917824074074076,0.39265046296296297,10.0,18.0,89.0,165.0,177.0,5.777958526177855,6.2985649651050615,0.0044789958678335216,0.004503043236290316,0.004786034285802732,0.4330127018922193,0.0,0.017309108532565096,0.39854019953051645
coco,000000361103,0,640,426,66.5963798415493,0.39220950704225355,0.4359044894366197,0.47205839201877936,0.522824970657277,0.5284074237089202,0.5673928990610329,0.0,4.0,40.0,111.0,179.0,4.571924922030328,6.8064814628298125,0.39239193925233645,0.4359228971962617,0.4717727803738318,0.5227803738317757,0.5282856308411215,0.5666910046728972,0.0,4.0,40.0,111.0,179.0,4.568947489630619,6.803589116128396,0.3890046296296296,0.43466435185185187,0.47054398148148147,0.5227719907407408,0.5288194444444444,0.5666666666666667,0.0,4.0,40.0,111.0,179.0,4.575305216790743,6.804381827498197,0.3865162037037037,0.4333912037037037,0.4702546296296296,0.5231481481481481,0.5296296296296297,0.5661458333333333,0.0,4.0,40.0,111.0,179.0,4.582602611696485,6.80558117546331,0.004619513697552631,0.00513079114961656,0.0049299416367258935,1.71277370075559,0.8660254037844386,0.02626404305102763,0.5004364730046948
coco,000000361238,0,640,480,64.19888020833334,0.403583984375,0.45880208333333333,0.5100325520833333,0.5884993489583333,0.5963671875,0.648662109375,0.0,4.0,30.0,99.0,195.0,4.440161111589455,6.468226863794976,0.40203125,0.45727864583333333,0.5086979166666666,0.5869791666666667,0.594765625,0.6469921875,0.0,4.0,30.0,100.0,195.0,4.448934962462991,6.471026426003254,0.4010416666666667,0.4565625,0.507890625,0.5862239583333333,0.5944270833333334,0.646171875,0.0,4.0,30.0,100.0,196.0,4.450786480242943,6.477686299818769,0.40286458333333336,0.4585416666666667,0.5084895833333334,0.58515625,0.5941666666666666,0.64484375,0.0,4.0,30.0,100.0,196.0,4.446083791286956,6.472305240472088,0.002038600045838134,0.0024375664248205294,0.0022294541408288625,0.5555121510822243,2.598076211353316,0.011691550335335643,0.6124479166666666
coco,000000361551,0,480,640,71.64546549479167,0.12011393229166667,0.17814453125,0.24514322916666667,0.3737890625,0.389091796875,0.55294921875,14.0,32.0,59.0,107.0,131.0,5.741391339460171,7.075635937822523,0.12006510416666667,0.17856770833333332,0.2462109375,0.37462239583333334,0.390390625,0.5531770833333334,13.0,32.0,59.0,107.0,131.0,5.739415486268049,7.07311386140058,0.12059895833333334,0.18005208333333333,0.24684895833333334,0.37747395833333336,0.39296875,0.555390625,13.0,32.0,59.0,107.0,131.0,5.73259474304932,7.070217605253175,0.12046875,0.17807291666666666,0.24567708333333332,0.3768229166666667,0.3934375,0.5551041666666666,13.0,32.0,59.0,107.0,131.0,5.734754027092897,7.065012673607379,0.0006811324116271783,0.0022365152798020814,0.0030042857181347077,0.0,0.46351240544347894,0.005937472475578691,0.354287109375
coco,000000361730,0,640,480,70.14474609375,0.21678385416666668,0.266298828125,0.29972005208333335,0.3662467447916667,0.3761067708333333,0.4534765625,5.0,20.0,72.0,108.0,136.0,5.396438720677223,7.144301744084313,0.21678385416666668,0.2665885416666667,0.29864583333333333,0.36549479166666665,0.37626302083333335,0.4542317708333333,5.0,20.0,72.0,107.0,134.0,5.396962405715419,7.142749122693085,0.21489583333333334,0.26513020833333334,0.2962239583333333,0.364296875,0.375390625,0.45390625,5.0,20.0,71.0,107.0,136.0,5.406249184071382,7.145111556676088,0.215625,0.26598958333333333,0.29723958333333333,0.36541666666666667,0.3765625,0.45458333333333334,5.0,20.0,71.0,108.0,136.0,5.4015651939046965,7.1386867137838195,0.002443028974602335,0.0025426240379095317,0.0021153545006992185,0.4330127018922193,0.8660254037844386,0.01181552391759427,0.2827864583333333
coco,000000363461,0,640,478,62.57820998953975,0.39186061715481174,0.4586297071129707,0.5224307008368201,0.6123006014644351,0.620453059623431,0.6823875523012553,1.0,7.0,29.0,86.0,219.0,4.573610603466271,6.660098769528838,0.39157552083333336,0.45890625,0.5219921875,0.6125130208333334,0.6210026041666666,0.6830729166666667,1.0,7.0,29.0,85.0,217.0,4.574183490767174,6.659229792533404,0.3880208333333333,0.45484375,0.5171614583333334,0.6088802083333333,0.6177083333333333,0.6809895833333334,1.0,7.0,29.0,86.0,217.0,4.588869573883256,6.665348401643658,0.3866145833333333,0.4527083333333333,0.5163020833333334,0.6082291666666667,0.6173958333333334,0.6822916666666666,1.0,7.0,29.0,86.0,215.0,4.587958329579851,6.662066375623795,0.00323786452072911,0.004131624673480959,0.0037715559180510672,0.582961190818051,1.5090870584562046,0.01959081282137472,0.6120881276150628
coco,000000367228,0,332,500,92.899,0.2922650602409639,0.3321204819277108,0.3670903614457831,0.43492168674698795,0.4427469879518072,0.4818433734939759,0.0,10.0,72.0,155.0,244.0,5.158788612076478,6.856485921507268,0.2913734939759036,0.33026506024096386,0.3653012048192771,0.43371084337349397,0.4411325301204819,0.48036144578313256,0.0,10.0,72.0,155.0,244.0,5.164490305505563,6.854267446986075,0.2931726907630522,0.3314687320711417,0.36603557085484795,0.43330464716006883,0.4410499139414802,0.48101931535666476,0.0,10.0,71.0,155.0,244.0,5.1620795160427635,6.856319041091173,0.2900604686318972,0.32794784580498865,0.36233938019652306,0.42734315948601664,0.43594104308390025,0.47770219198790626,0.0,10.0,74.0,155.0,244.0,5.18163037238279,6.858958593059591,0.002153822058397667,0.0031828466504370367,0.0032516561410004113,1.1439378261076953,0.7806247497997998,0.013452321501553158,0.4317409638554217
coco,000000369541,0,374,500,49.87764705882353,0.47767379679144384,0.5502032085561497,0.5951336898395722,0.6631497326203208,0.6708074866310161,0.7192834224598931,1.0,5.0,17.0,74.0,155.0,4.295441774633497,6.587373848889227,0.47919148936170214,0.552063829787234,0.5964893617021276,0.664,0.6716595744680851,0.7206808510638298,1.0,4.0,17.0,73.0,155.0,4.286802215935205,6.578706372452304,0.4783434650455927,0.5498564674096589,0.5954069571090848,0.6635427220533604,0.6710992907801419,0.7205758189800743,1.0,4.0,17.0,74.0,155.0,4.288618856476638,6.578735247319233,0.47720364741641336,0.5493076663289429,0.5951536643026005,0.6636271529888551,0.6719858156028369,0.7207868963188112,1.0,5.0,17.0,74.0,154.0,4.293746885349809,6.571488488555683,0.0027168536769123486,0.0030584562293414193,0.002794807316333301,0.33071891388307384,0.982264602843857,0.012097431961083357,0.62624064171123
coco,000000369771,0,640,480,93.39240885416666,0.09222330729166667,0.14528645833333334,0.19703776041666668,0.3318912760416667,0.3477018229166667,0.44933919270833333,17.0,38.0,71.0,136.0,219.0,5.97241240037233,7.359576074263729,0.09182291666666667,0.14529947916666666,0.1969921875,0.32962239583333336,0.3458333333333333,0.44829427083333334,17.0,39.0,71.0,136.0,219.0,5.973759433237064,7.356464788934746,0.09002604166666667,0.14403645833333334,0.19526041666666666,0.32721354166666666,0.3436197916666667,0.446796875,17.0,39.0,71.0,134.0,219.0,5.977324214571852,7.347875445042345,0.09020833333333333,0.14390625,0.19578125,0.32395833333333335,0.34036458333333336,0.44359375,17.0,39.0,72.0,136.0,221.0,5.982370274350639,7.339638223908704,0.0016399757674993344,0.0016932966725944042,0.0032509281756697875,0.5994789404140899,1.4347800354061246,0.006868592486623708,0.28040690104166666
coco,000000370486,0,420,640,46.66498139880952,0.4035453869047619,0.46197916666666666,0.5146726190476191,0.608813244047619,0.6198400297619048,0.6974702380952381,0.0,3.0,29.0,74.0,121.0,4.185873974734866,6.5476680984523234,0.4040327380952381,0.4618154761904762,0.5148214285714285,0.6092559523809524,0.620014880952381,0.6976934523809524,0.0,3.0,29.0,74.0,121.0,4.183217934804201,6.542023356075083,0.401875,0.45958333333333334,0.5126785714285714,0.6089880952380953,0.6191666666666666,0.6980654761904762,0.0,3.0,30.0,73.0,121.0,4.195069782402872,6.547910658073491,0.4004127358490566,0.4577240566037736,0.5086084905660377,0.6053655660377358,0.615625,0.6930424528301887,0.0,3.0,30.0,74.0,121.0,4.205127419034268,6.550468905026371,0.0023720503197434844,0.0033507839951951125,0.00374466006406017,0.582961190818051,0.5994789404140899,0.013333124452569371,0.5977380952380953
coco,000000370677,0,500,332,50.8874578313253,0.38480722891566266,0.43801204819277106,0.4949156626506024,0.5810240963855422,0.5894698795180723,0.6512349397590361,0.0,3.0,33.0,84.0,129.0,4.264892789505186,6.585687745718402,0.38228915662650603,0.4353012048192771,0.49149397590361443,0.5803132530120482,0.5881686746987952,0.6502168674698795,0.0,3.0,33.0,84.0,129.0,4.2793652029668,6.583709795290951,0.38061904761904763,0.4336190476190476,0.4897619047619048,0.5791904761904761,0.5867142857142857,0.6474761904761904,0.0,3.0,33.0,85.0,134.0,4.290949594261544,6.583663067145174,0.3799130763416478,0.43150037792894935,0.48743386243386244,0.5771919879062736,0.5852229780801209,0.6424792139077853,0.0,3.0,34.0,85.0,134.0,4.301772506648975,6.58468656642032,0.005789661626011494,0.005847124919612451,0.005257106212607368,1.0,3.020114857087392,0.029560863480944905,0.5946807228915663
coco,000000370711,0,640,480,48.06591796875,0.3633951822916667,0.47318684895833335,0.5676041666666667,0.684716796875,0.6954752604166666,0.762900390625,3.0,9.0,26.0,60.0,132.0,4.61927670925691,6.76338239890055,0.3622916666666667,0.4701953125,0.5646614583333334,0.681171875,0.6917578125,0.75953125,3.0,9.0,26.0,61.0,134.0,4.630418436432405,6.770982062244821,0.35736979166666666,0.46598958333333335,0.5603645833333334,0.676328125,0.6868489583333334,0.7544791666666667,3.0,10.0,26.0,62.0,137.0,4.652638587395768,6.785059192063697,0.3539583333333333,0.46557291666666667,0.5606770833333333,0.6757291666666667,0.6864583333333333,0.7544270833333333,4.0,10.0,26.0,62.0,137.0,4.6678742479296265,6.786476499357803,0.004999871782142367,0.004728839700517918,0.0053576536389214795,0.46351240544347894,3.2445868381043526,0.023222138197573,0.6980598958333334
coco,000000372260,0,426,640,91.08292987089202,0.21915346244131456,0.2716475938967136,0.3167693661971831,0.4029856220657277,0.41276775234741786,0.474174735915493,4.0,20.0,70.0,158.0,212.0,5.594351653915667,7.422033922317465,0.21839953271028037,0.2704731308411215,0.3157856308411215,0.4023072429906542,0.41252920560747663,0.47345210280373834,4.0,20.0,71.0,158.0,212.0,5.600366324405913,7.4219416156965625,0.2174357476635514,0.2694801401869159,0.31346378504672895,0.4003504672897196,0.4101343457943925,0.47257593457943925,4.0,20.0,71.0,158.0,212.0,5.604400461559975,7.4203126560812365,0.21568287037037037,0.26846064814814813,0.31342592592592594,0.40109953703703705,0.41122685185185187,0.4739583333333333,4.0,20.0,71.0,158.0,212.0,5.612670397959036,7.418652086142588,0.0020265479430008576,0.00266986964379681,0.002316016156608719,0.5994789404140899,1.4986973510352248,0.009331865897994748,0.36917180164319247
coco,000000372349,0,640,436,63.32360593463303,0.08641771788990826,0.12427250573394495,0.1627723623853211,0.28651089449541284,0.31174741972477066,0.5533256880733946,19.0,45.0,60.0,92.0,105.0,5.726756850415301,6.547364754976632,0.08658256880733944,0.12402522935779817,0.16169724770642202,0.28572247706422016,0.31083715596330275,0.5524655963302753,19.0,45.0,60.0,92.0,105.0,5.728638149187962,6.552096333291329,0.08724431818181819,0.12553977272727274,0.1618465909090909,0.28653409090909093,0.3108522727272727,0.5528693181818182,18.0,45.0,60.0,92.0,105.0,5.726873688714737,6.557027351215108,0.08778409090909091,0.1265909090909091,0.1615909090909091,0.2867613636363636,0.3109659090909091,0.5527272727272727,18.0,45.0,60.0,92.0,105.0,5.727982200195872,6.554993229133796,0.0009709283931732916,0.001798050491278068,0.0038227181996557023,0.4841229182759271,0.24206145913796356,0.0059701939912952945,0.23316012041284404
coco,000000373353,0,640,428,53.50601635514019,0.4101672021028037,0.48989851051401867,0.5579986857476635,0.6503395151869159,0.6581775700934579,0.7051985981308411,0.0,5.0,24.0,81.0,157.0,4.328954993136077,6.717365128946806,0.41377044392523366,0.49404205607476637,0.5626314252336448,0.6542494158878505,0.662456191588785,0.7088346962616823,0.0,5.0,24.0,80.0,157.0,4.307835060775596,6.697228366154814,0.4119212962962963,0.4919849537037037,0.5602141203703703,0.6532986111111111,0.6614583333333334,0.7081597222222222,0.0,5.0,24.0,80.0,157.0,4.314184282226809,6.698690051532559,0.4056712962962963,0.4858796296296296,0.5567129629629629,0.6520833333333333,0.6598379629629629,0.7071759259259259,0.0,5.0,25.0,80.0,157.0,4.341001320175886,6.714807876369745,0.006315261754667363,0.005570630149889248,0.0038928145895834087,0.7880950133074057,2.098176291449315,0.026948051462370677,0.6432608060747663
coco,000000374369,0,640,480,117.472685546875,0.06523763020833333,0.0681640625,0.07126627604166667,0.10179361979166666,0.10699869791666666,0.1538671875,47.0,75.0,122.0,171.0,185.0,6.557657442020645,6.778865349029829,0.0648046875,0.06772135416666666,0.0706640625,0.10205729166666666,0.10692708333333334,0.15466145833333333,47.0,75.0,122.0,171.0,185.0,6.557372748274422,6.7830316959088215,0.064453125,0.06705729166666667,0.07018229166666666,0.10286458333333333,0.10776041666666666,0.15559895833333334,47.0,75.0,122.0,171.0,185.0,6.5545777126025255,6.788817461508313,0.0646875,0.06692708333333333,0.07036458333333333,0.10223958333333333,0.10760416666666667,0.155,47.0,75.0,121.0,171.0,185.0,6.555540170119165,6.789915014873604,0.0007072047798674135,0.0005900373779640979,0.0014213448864894911,0.3903123748998999,0.0,0.003942217515479687,0.073115234375
coco,000000374545,0,548,640,71.78913093065694,0.3941805428832117,0.4322308394160584,0.4672872947080292,0.5279824361313868,0.5344092153284672,0.5812899178832117,0.0,3.0,40.0,137.0,193.0,4.515029292569036,6.7084578150046354,0.39655565693430656,0.4344206204379562,0.4690921532846715,0.529014598540146,0.5352988138686131,0.5824817518248175,0.0,2.0,40.0,136.0,193.0,4.507300802129804,6.6997040950454885,0.3977417883211679,0.4341012773722628,0.4683622262773723,0.5283987226277372,0.5349452554744526,0.5819571167883212,0.0,2.0,40.0,137.0,193.0,4.505794143481682,6.6949142704315285,0.39791666666666664,0.43509963768115945,0.46834239130434785,0.526947463768116,0.533106884057971,0.5803894927536232,0.0,2.0,40.0,137.0,193.0,4.504200021633116,6.687059125324289,0.0030097146736741175,0.002364219484361746,0.0021231853642708987,0.6817945071647321,0.982264602843857,0.012821429107170467,0.5210110629562044
coco,000000376264,0,640,480,53.64081705729166,0.4423111979166667,0.49373046875,0.5335514322916667,0.6038704427083333,0.6121028645833333,0.6676171875,0.0,2.0,25.0,91.0,141.0,4.104271389127478,6.4411915128902315,0.4419661458333333,0.49399739583333335,0.5335807291666667,0.6048046875,0.6131510416666667,0.6683072916666667,0.0,2.0,25.0,91.0,141.0,4.103798612877502,6.4417165125420475,0.4403125,0.4940364583333333,0.5341666666666667,0.606875,0.615234375,0.67015625,0.0,2.0,25.0,89.0,141.0,4.114298721497229,6.455524677714964,0.43645833333333334,0.49270833333333336,0.5325520833333334,0.604375,0.6125,0.6682291666666667,0.0,2.0,25.0,91.0,141.0,4.127200282192064,6.454641204377067,0.003215163849326575,0.003315187975075584,0.0036172556970262963,0.6817945071647321,0.33071891388307384,0.01751493922983157,0.564658203125
coco,000000376625,0,640,426,63.96113556338028,0.41750660211267604,0.4844593603286385,0.538831426056338,0.6077428110328639,0.6147887323943662,0.6584580399061033,0.0,3.0,26.0,99.0,212.0,4.335146821918231,6.401516894319619,0.41575642523364487,0.4830607476635514,0.5374269859813084,0.6073014018691589,0.6147780373831776,0.6577102803738317,0.0,4.0,26.0,99.0,215.0,4.344280090543293,6.402575524703771,0.412962962962963,0.48214699074074074,0.5375,0.6071469907407407,0.6146412037037037,0.6593171296296296,0.0,4.0,26.0,99.0,217.0,4.358839575850213,6.410750803117033,0.41510416666666666,0.4822337962962963,0.5358217592592592,0.6070601851851852,0.6138888888888889,0.6566550925925926,0.0,4.0,26.0,99.0,215.0,4.3507188440689735,6.398864087492203,0.005344934930414415,0.0046760840447014175,0.0034667038996375487,0.7806247497997998,3.2301073898556374,0.021139197087178915,0.5926826584507042
coco,000000377113,0,640,426,57.096838321596245,0.3171691607981221,0.3967466255868545,0.46942855046948356,0.5891651995305164,0.6014671361502347,0.67175029342723,2.0,10.0,35.0,83.0,145.0,4.801941534029716,7.031669925259639,0.3168516355140187,0.3966267523364486,0.46893983644859816,0.5889748831775701,0.6014164719626168,0.6717143691588785,2.0,10.0,35.0,84.0,146.0,4.804597496158116,7.032009983596758,0.31776620370370373,0.39910300925925923,0.47259837962962964,0.5924479166666666,0.604369212962963,0.6747395833333333,2.0,10.0,35.0,83.0,145.0,4.791966694083658,7.021265412992145,0.3163773148148148,0.3963541666666667,0.47100694444444446,0.5871527777777777,0.5980902777777778,0.6688657407407408,2.0,10.0,35.0,84.0,146.0,4.803841463409504,7.025087870682277,0.002736789054970002,0.0037946330407399795,0.0043543321069004865,0.49607837082461076,1.25,0.012953778738766776,0.5800726232394366
coco,000000377635,0,640,426,65.18231367370892,0.35469850352112675,0.42891725352112675,0.5032350352112676,0.6096794307511737,0.6178110328638498,0.6633069248826291,0.0,5.0,31.0,104.0,204.0,4.482070064854984,6.588922841628957,0.3545998831775701,0.42824182242990655,0.5027599299065421,0.6086302570093458,0.6166471962616823,0.6628358644859813,0.0,5.0,31.0,104.0,206.0,4.485215143527824,6.589493648574079,0.35454282407407406,0.4278645833333333,0.5022569444444445,0.6079571759259259,0.6153935185185185,0.6611400462962963,0.0,5.0,31.0,105.0,208.0,4.488493737664742,6.591275272238398,0.3527777777777778,0.42725694444444445,0.49994212962962964,0.6065393518518518,0.6135416666666667,0.661863425925926,0.0,5.0,32.0,105.0,206.0,4.494521231893829,6.598853618790165,0.003879190503441685,0.0036930243136146664,0.004315499568570623,0.3903123748998999,4.257346591481601,0.027185805659459054,0.6070605927230047
coco,000000377882,0,640,480,63.423291015625,0.49569010416666665,0.5451009114583333,0.58396484375,0.6345084635416667,0.63921875,0.6698111979166667,0.0,1.0,16.0,104.0,226.0,3.9698459395860315,6.044119737156813,0.4949869791666667,0.5444661458333333,0.5831510416666666,0.6334765625,0.638125,0.6686979166666667,0.0,1.0,16.0,105.0,226.0,3.979171445983143,6.052968494092424,0.49666666666666665,0.5459375,0.5830729166666667,0.6316927083333334,0.6364583333333333,0.66609375,0.0,1.0,16.0,106.0,228.0,3.9798383278759926,6.0490185603789355,0.4970833333333333,0.5465104166666667,0.58359375,0.6330208333333334,0.6384895833333334,0.66671875,0.0,1.0,16.0,106.0,223.0,3.9781733046095784,6.052818554937542,0.004207623412428447,0.004417762668344144,0.004389469499987391,0.7261843774138906,2.511691412176265,0.025997802741675537,0.639951171875
coco,000000378605,0,426,640,77.4631015258216,0.21352332746478872,0.2544821009389671,0.3247285798122066,0.4346867664319249,0.44619278169014087,0.5186803110328638,3.0,23.0,57.0,113.0,199.0,5.345361381363831,7.243646711124222,0.2129964953271028,0.2544830607476635,0.3254818925233645,0.4344480140186916,0.4458235981308411,0.5179760514018692,3.0,23.0,57.0,113.0,199.0,5.3460233909708,7.2420247027005935,0.21223714953271028,0.253767523364486,0.3239193925233645,0.43145443925233645,0.44296144859813086,0.5153621495327103,3.0,23.0,58.0,114.0,201.0,5.353756097729778,7.241562003306266,0.21313657407407408,0.254224537037037,0.32494212962962965,0.4317708333333333,0.4434606481481482,0.5164930555555556,3.0,23.0,58.0,114.0,201.0,5.35149674282698,7.23953796792146,0.0013949187639032494,0.001790241902356271,0.0028049553651218117,0.8267972847076845,0.9921567416492215,0.00793830748591643,0.37870085093896716
coco,000000378673,0,640,426,98.52413805751173,0.16066241197183098,0.21440360915492956,0.2805897887323944,0.3558098591549296,0.3623679577464789,0.40631968896713616,7.0,28.0,85.0,163.0,212.0,5.86921636461041,7.490695001786886,0.16086448598130842,0.21490946261682242,0.2800963785046729,0.354731308411215,0.3612733644859813,0.40487733644859814,7.0,28.0,85.0,163.0,213.0,5.872110795265631,7.48946631362938,0.1593460648148148,0.21223958333333334,0.27653356481481484,0.3504050925925926,0.35694444444444445,0.40109953703703705,7.0,28.0,86.0,163.0,212.0,5.8844877295572084,7.493158912128797,0.15925925925925927,0.21134259259259258,0.2755787037037037,0.3499421296296296,0.3566550925925926,0.4017939814814815,7.0,28.0,86.0,163.0,212.0,5.880847384980023,7.490565606390161,0.0017163894241190257,0.002842979968253858,0.004191475488336258,0.7261843774138906,0.8454843286542927,0.009963695422134693,0.33801716549295774
coco,000000382030,0,500,374,56.642310160427805,0.35659893048128344,0.43771122994652406,0.49213903743315507,0.5800962566844919,0.5890909090909091,0.6462032085561498,0.0,5.0,33.0,92.0,152.0,4.470513908750493,6.760093729443777,0.3558723404255319,0.4370851063829787,0.49034042553191487,0.5781914893617022,0.587404255319149,0.6453617021276595,0.0,5.0,33.0,93.0,152.0,4.479144714919672,6.763873472838255,0.354468085106383,0.4358723404255319,0.48846808510638295,0.5762553191489361,0.5856595744680851,0.6435744680851064,0.0,5.0,34.0,93.0,152.0,4.486397480129406,6.766671986324489,0.3540189125295508,0.43684566024991556,0.4880952380952381,0.5766632894292468,0.5863728470111449,0.6447990543735225,0.0,5.0,34.0,93.0,152.0,4.489323882894777,6.762610556280311,0.0029963886144847513,0.004669627371822857,0.004073698937158442,1.0307764064044151,0.9499177595981665,0.01636488622033721,0.5359197860962567
coco,000000384527,0,640,480,75.03788736979166,0.397548828125,0.4727962239583333,0.524580078125,0.58662109375,0.5923307291666666,0.63013671875,2.0,6.0,27.0,124.0,255.0,4.772764959179907,6.521050538208017,0.3963541666666667,0.4705078125,0.5224088541666667,0.5849609375,0.5907421875,0.6284505208333333,2.0,6.0,28.0,124.0,255.0,4.779713402237505,6.51733360882142,0.3927083333333333,0.46596354166666665,0.5177864583333334,0.5803645833333333,0.5858072916666667,0.624140625,2.0,6.0,28.0,126.0,255.0,4.798290875984128,6.520107533923319,0.3925,0.4657291666666667,0.5183333333333333,0.5814583333333333,0.5863541666666666,0.6245833333333334,2.0,6.0,29.0,126.0,255.0,4.79921395847794,6.525462966012368,0.004393850014713269,0.005150047193391232,0.004758059084104558,0.9682458365518543,0.0,0.021573633954115372,0.5757194010416666
coco,000000384670,0,640,480,66.644990234375,0.032565104166666664,0.07176432291666666,0.16801106770833332,0.407705078125,0.42587890625,0.580283203125,26.0,37.0,57.0,96.0,110.0,5.789792415722061,6.6202486964346825,0.03247395833333333,0.07147135416666667,0.16684895833333332,0.4080859375,0.42552083333333335,0.5807421875,26.0,37.0,57.0,96.0,110.0,5.791767239969228,6.615001763720352,0.03236979166666667,0.07111979166666667,0.16734375,0.40703125,0.42484375,0.5780989583333334,26.0,37.0,57.0,96.0,110.0,5.792811997459417,6.624600445421008,0.032135416666666666,0.0709375,0.1684375,0.4065625,0.42401041666666667,0.5788020833333334,26.0,37.0,57.0,98.0,110.0,5.793226797161741,6.621056941206143,0.00034962816620045617,0.0017170938546699915,0.002234420147538238,0.4330127018922193,0.0,0.001942066688913384,0.15783854166666667
coco,000000386352,0,640,426,53.90107467723005,0.43279416079812205,0.4960387323943662,0.5412301936619718,0.6087588028169014,0.6162815434272301,0.6673012030516432,1.0,5.0,24.0,87.0,150.0,4.432089638283557,6.7800906997215264,0.43259345794392523,0.4954001168224299,0.5410484813084112,0.6097692757009345,0.616822429906542,0.6673043224299066,1.0,5.0,24.0,87.0,150.0,4.430407241725056,6.776191539033808,0.43368055555555557,0.4962094907407407,0.541869212962963,0.6093460648148148,0.615943287037037,0.6676504629629629,1.0,5.0,24.0,87.0,150.0,4.428878185494525,6.774825248703053,0.43258101851851855,0.49461805555555555,0.5402199074074074,0.6081018518518518,0.6141782407407408,0.6655092592592593,1.0,5.0,24.0,88.0,151.0,4.438022140368378,6.773596759075505,0.001971042215939918,0.00236353371279187,0.002365856320557613,0.24206145913796356,0.82915619758885,0.009899065377745618,0.6000843603286385
coco,000000387387,0,640,480,87.56467122395833,0.23179036458333332,0.317998046875,0.35414713541666665,0.41238606770833336,0.4186100260416667,0.4996875,2.0,17.0,64.0,152.0,185.0,5.451870308065416,7.186629774616759,0.23143229166666668,0.3175911458333333,0.3533072916666667,0.41149739583333333,0.417578125,0.49888020833333335,2.0,17.0,64.0,152.0,185.0,5.456320655388063,7.188383596660263,0.22877604166666668,0.3140104166666667,0.3503645833333333,0.408828125,0.4151302083333333,0.49700520833333334,3.0,17.0,64.0,152.0,185.0,5.481657996045439,7.200946883250314,0.22911458333333334,0.3140104166666667,0.35,0.4085416666666667,0.41458333333333336,0.4963020833333333,3.0,17.0,64.0,152.0,185.0,5.483610420279824,7.201270762221256,0.002890676320396529,0.002845990501222948,0.0038153360793242498,0.7905694150420949,0.9499177595981665,0.01901391169241585,0.38865559895833335
coco,000000387916,0,640,422,77.9662581457346,0.1996038210900474,0.2614706753554502,0.3288173874407583,0.4223341232227488,0.43130553909952607,0.4934167654028436,2.0,22.0,65.0,116.0,179.0,5.428588050119801,7.2942814830913765,0.19969044811320755,0.2624115566037736,0.32844929245283017,0.42177181603773584,0.430748820754717,0.49240860849056606,2.0,22.0,65.0,116.0,179.0,5.427319366735969,7.29426848451048,0.19840801886792453,0.2618808962264151,0.32809551886792454,0.4201650943396226,0.4292747641509434,0.49174528301886794,3.0,22.0,65.0,116.0,179.0,5.43344404307065,7.29306872132509,0.20047169811320756,0.26338443396226413,0.33036556603773587,0.420813679245283,0.42971698113207546,0.49168632075471697,2.0,22.0,65.0,115.0,179.0,5.424576121628878,7.2790886183642485,0.002928898127125772,0.0027705808391764943,0.0027049175709814538,0.5590169943749475,1.165922381636102,0.01015978189650698,0.38039469786729857
coco,000000388903,0,500,332,71.72884939759037,0.2453855421686747,0.29957831325301204,0.3499277108433735,0.45196987951807227,0.4647831325301205,0.5485060240963855,2.0,16.0,55.0,108.0,171.0,5.188344301238102,7.2395205870742005,0.24395180722891566,0.30002409638554217,0.3486024096385542,0.45103614457831326,0.4633975903614458,0.5473734939759036,2.0,16.0,55.0,109.0,169.0,5.19331158092722,7.239295604758829,0.24476190476190476,0.301,0.3494285714285714,0.45304761904761903,0.46595238095238095,0.548,2.0,16.0,55.0,109.0,171.0,5.187813734188802,7.236535083837626,0.25,0.30470521541950113,0.3526077097505669,0.45786092214663643,0.4699546485260771,0.5475245653817082,2.0,15.0,54.0,109.0,171.0,5.167603354839046,7.217710632678024,0.0036429681269255624,0.0033703203422895886,0.0032925687909773787,0.6343057228182637,1.653594569415369,0.015693997085310267,0.398710843373494
coco,000000388927,0,480,640,44.794375,0.5197688802083333,0.5646061197916666,0.6069889322916666,0.679150390625,0.6874609375,0.7378190104166666,0.0,0.0,13.0,67.0,134.0,3.480985668700796,5.7291947591829,0.5201302083333333,0.5648307291666667,0.6069921875,0.6792578125,0.6875390625,0.7377734375,0.0,0.0,13.0,67.0,134.0,3.4773636016648917,5.725502409424507,0.52125,0.565234375,0.606953125,0.6790885416666667,0.687421875,0.7380208333333333,0.0,0.0,13.0,67.0,133.0,3.4701825404288473,5.71363922394025,0.51984375,0.5642708333333334,0.6075,0.67953125,0.6873958333333333,0.7388541666666667,0.0,0.0,13.0,67.0,133.0,3.4723567262337647,5.708345051598211,0.001339434176496688,0.0010229799705542316,0.0009636296412540734,0.33071891388307384,0.7071067811865476,0.007335373899112781,0.657470703125
coco,000000389109,0,426,640,11.74897667253521,0.8125733568075117,0.8667216842723005,0.9008729460093897,0.9384059565727699,0.9413585680751174,0.9561142899061033,0.0,0.0,1.0,10.0,31.0,1.9613343353139874,4.193154911190927,0.812733644859813,0.8672605140186916,0.9016939252336449,0.9389894859813084,0.9418078271028038,0.9562792056074766,0.0,0.0,1.0,10.0,31.0,1.956540706613156,4.185219791185887,0.8117114485981308,0.8654205607476636,0.9008469626168224,0.9379088785046729,0.9407126168224299,0.9554030373831776,0.0,0.0,1.0,10.0,31.0,1.9560680456733637,4.18111323509449,0.8115162037037037,0.8658564814814815,0.9005787037037037,0.9374421296296296,0.9402777777777778,0.955324074074074,0.0,0.0,1.0,10.0,31.0,1.9623293722308184,4.188300360747457,0.0017704077310438657,0.0012728532639756534,0.0013230509378977916,0.49607837082461076,0.4330127018922193,0.0073749987920988256,0.9372799295774648
coco,000000389566,0,640,426,57.08378447769953,0.3814223884976526,0.4823356807511737,0.5705032276995305,0.6728616490610329,0.6818992077464788,0.7359851819248826,1.0,8.0,25.0,69.0,186.0,4.569034003023123,6.587926949048428,0.3813376168224299,0.48241822429906545,0.570589953271028,0.6723422897196262,0.6811331775700935,0.7354994158878505,1.0,8.0,25.0,69.0,186.0,4.568135613369352,6.58307669910138,0.38136574074074076,0.48182870370370373,0.568605324074074,0.6688946759259259,0.677025462962963,0.7303819444444445,2.0,8.0,25.0,71.0,187.0,4.595963684804276,6.5964853300396395,0.38078703703703703,0.4810763888888889,0.5688657407407407,0.6710648148148148,0.6787615740740741,0.7324652777777778,2.0,8.0,25.0,70.0,188.0,4.5933372585058825,6.585851119164413,0.0030111966102811046,0.003706830731641554,0.005560699847236914,0.42847841252506524,1.4142135623730951,0.02263434479503822,0.6830619131455399
coco,000000390246,0,640,426,134.4008839495305,0.06613116197183098,0.08875806924882629,0.11899207746478874,0.18520393192488263,0.1937206572769953,0.2504731514084507,27.0,63.0,134.0,212.0,255.0,6.550836048995161,6.810244521500195,0.06638434579439252,0.08894567757009346,0.11974299065420561,0.18475467289719627,0.19303446261682242,0.24951810747663553,27.0,64.0,134.0,215.0,255.0,6.550864560596656,6.806547054981179,0.06574074074074074,0.08842592592592592,0.11869212962962963,0.18373842592592593,0.19262152777777777,0.2492476851851852,27.0,64.0,133.0,215.0,255.0,6.554013330727208,6.82061451171557,0.06643518518518518,0.08888888888888889,0.11990740740740741,0.18524305555555556,0.19398148148148148,0.2506365740740741,26.0,63.0,133.0,215.0,255.0,6.548559368358629,6.81601011966346,0.0010365305279967042,0.001862196667909322,0.0017278953001877103,0.5,0.0,0.0062676531700999,0.184375
coco,000000390902,0,332,500,28.05280120481928,0.5788132530120482,0.699789156626506,0.7380843373493976,0.7828373493975903,0.7895542168674698,0.8371566265060241,2.0,6.0,11.0,36.0,80.0,3.857437136389895,5.968735688076258,0.5797590361445784,0.7000963855421687,0.7383614457831326,0.7831566265060241,0.7897590361445783,0.8373012048192771,2.0,6.0,11.0,36.0,80.0,3.8542213243713688,5.961643748956746,0.5809428188946262,0.7028112449799196,0.7397685982023331,0.7832281506980302,0.790112832281507,0.83687129470262,2.0,6.0,11.0,36.0,80.0,3.8492565746286567,5.944005129348608,0.5828609221466364,0.7055933484504913,0.7437641723356009,0.7853363567649282,0.7913832199546486,0.8390022675736961,2.0,6.0,11.0,35.0,79.0,3.8402678817079843,5.9232434487879555,0.0022417484873688788,0.0031331689610148944,0.002112658102410317,0.0,0.5555121510822243,0.008199471754971252,0.8170662650602409
coco,000000391140,0,640,480,38.58548177083333,0.413310546875,0.49223958333333334,0.5676529947916666,0.6793815104166666,0.6905598958333333,0.7654134114583333,0.0,3.0,24.0,60.0,101.0,4.056896852867176,6.4095344565939705,0.4140755208333333,0.49420572916666666,0.569296875,0.6807942708333333,0.6912239583333334,0.7655859375,0.0,3.0,24.0,60.0,101.0,4.056426370120281,6.4083805447638165,0.41583333333333333,0.49578125,0.5715364583333333,0.6821354166666667,0.6923177083333333,0.7658072916666666,0.0,3.0,24.0,60.0,101.0,4.052662132130225,6.405573860152549,0.41380208333333335,0.49322916666666666,0.5683854166666666,0.6793229166666667,0.6885416666666667,0.7620833333333333,0.0,3.0,24.0,61.0,102.0,4.059932823190587,6.411829918050925,0.0016977058388967894,0.0028593980502211206,0.003060671444253725,0.24206145913796356,1.0439558180306292,0.007587359954281009,0.667119140625
coco,000000393056,0,640,480,68.008671875,0.107734375,0.16472005208333335,0.2234765625,0.3418912760416667,0.36010416666666667,0.504619140625,15.0,34.0,63.0,91.0,119.0,5.747144298616302,7.029473239435699,0.1078125,0.164375,0.22334635416666668,0.3419010416666667,0.3592578125,0.5027734375,15.0,34.0,63.0,92.0,119.0,5.74929006246139,7.027493002882248,0.10651041666666666,0.16268229166666667,0.22122395833333333,0.33729166666666666,0.3553125,0.495078125,15.0,34.0,64.0,93.0,119.0,5.760378242741344,7.029974345820472,0.10729166666666666,0.16380208333333332,0.22135416666666666,0.33880208333333334,0.35609375,0.4965104166666667,15.0,34.0,64.0,93.0,119.0,5.756213233079194,7.025314490489025,0.0013530393945848764,0.002697953114699099,0.004120142275957457,0.5266343608235224,0.33071891388307384,0.010471825660917833,0.317587890625
coco,000000393838,0,640,426,41.86112455985916,0.5290382922535212,0.6134279636150235,0.6765038145539906,0.7468089788732394,0.7523510856807512,0.7847271126760563,1.0,4.0,14.0,49.0,132.0,3.9659876044771765,6.319121302171976,0.5306220794392523,0.615347546728972,0.6773802570093458,0.747517523364486,0.7530519859813084,0.7856016355140187,1.0,4.0,14.0,48.0,131.0,3.9552267567179658,6.307579207529185,0.533449074074074,0.6166666666666667,0.678443287037037,0.7489583333333333,0.7544849537037037,0.7870949074074074,1.0,4.0,13.0,48.0,131.0,3.942641392891707,6.293973681006943,0.5353009259259259,0.6201967592592592,0.6814814814814815,0.75,0.7554398148148148,0.7883101851851851,1.0,4.0,13.0,47.0,129.0,3.9290495717847183,6.278839972036927,0.0031923458499770172,0.002752837523154675,0.00224875212217254,0.33071891388307384,0.7806247497997998,0.016924883347945653,0.7405993251173709
coco,000000395701,0,640,480,62.53382161458333,0.31260091145833335,0.35553059895833333,0.395380859375,0.5205598958333333,0.5414192708333333,0.610263671875,3.0,8.0,46.0,99.0,155.0,4.997065591407397,7.058466119613642,0.3119921875,0.35506510416666665,0.39470052083333335,0.5200390625,0.5411197916666667,0.610078125,3.0,9.0,46.0,99.0,155.0,5.0005961888585295,7.056951558533641,0.31231770833333333,0.35510416666666667,0.39453125,0.520078125,0.5416666666666666,0.6100260416666666,3.0,8.0,46.0,99.0,154.0,4.997484521485262,7.055013803923252,0.30895833333333333,0.35171875,0.39255208333333336,0.5209895833333333,0.54296875,0.61109375,3.0,8.0,46.0,99.0,154.0,5.001109747120545,7.052912946446776,0.002471316349020229,0.0016368714036060856,0.0020266959499452013,0.4330127018922193,0.4330127018922193,0.00664797770298579,0.488203125
coco,000000395801,0,640,480,72.63195638020834,0.2619856770833333,0.361728515625,0.471044921875,0.5699609375,0.5788997395833333,0.6271354166666666,2.0,15.0,35.0,115.0,219.0,5.069380186157625,7.036777264580834,0.2619921875,0.36149739583333335,0.47088541666666667,0.5695182291666666,0.5781901041666667,0.6264583333333333,2.0,15.0,35.0,115.0,219.0,5.071849394265575,7.033384300609429,0.26140625,0.359296875,0.46822916666666664,0.567578125,0.576328125,0.62421875,2.0,15.0,35.0,116.0,221.0,5.0801473480362445,7.033233643606775,0.26015625,0.35682291666666666,0.4660416666666667,0.5657291666666666,0.5741145833333333,0.6213541666666667,2.0,15.0,36.0,116.0,221.0,5.095568023839186,7.039313982307902,0.0031149401338096167,0.004608141488007624,0.00456174912218009,0.4841229182759271,1.3228756555322954,0.02117175388131431,0.5852864583333334
coco,000000396518,0,500,374,15.80124064171123,0.7790641711229946,0.8408770053475936,0.8843689839572193,0.9292566844919786,0.9316149732620321,0.9432727272727273,0.0,0.0,2.0,13.0,35.0,2.1052973940103565,4.336258780224284,0.7785106382978724,0.8408936170212766,0.8838723404255319,0.9296170212765957,0.932595744680851,0.9437446808510638,0.0,0.0,2.0,13.0,35.0,2.1015795668892903,4.325542761221561,0.7818297872340425,0.8428936170212766,0.8856170212765957,0.9296595744680851,0.9326808510638298,0.9432340425531915,0.0,0.0,2.0,12.0,35.0,2.078894118754645,4.289485106201078,0.7798885511651469,0.8439716312056738,0.8861026680175617,0.9294157379263762,0.9332151300236406,0.9442755825734549,0.0,0.0,2.0,12.0,35.0,2.079470020842791,4.280761815274906,0.003930786128463433,0.0031331215645132643,0.0018841760672599686,0.0,0.5590169943749475,0.021070741336916703,0.9390588235294117
coco,000000396526,0,500,338,83.71005917159763,0.34954437869822486,0.40155621301775146,0.44076923076923075,0.49762721893491124,0.5040591715976331,0.5448816568047338,0.0,6.0,48.0,141.0,243.0,4.8754306696306555,6.7510605213070445,0.35108235294117646,0.4022117647058824,0.4410352941176471,0.49785882352941174,0.5043294117647059,0.5451529411764706,0.0,6.0,48.0,141.0,243.0,4.8667453693040255,6.738057598524316,0.35204651162790696,0.40618604651162793,0.44488372093023254,0.5018139534883721,0.5082325581395348,0.5483720930232558,0.0,6.0,47.0,141.0,243.0,4.8565917970157715,6.731265102778718,0.34837578442229605,0.4053156146179402,0.4453672942045035,0.5035068290882244,0.5095976375046143,0.551218161683278,0.0,6.0,46.0,140.0,243.0,4.866149239039582,6.729916030010622,0.0034177648400460937,0.00365085926383525,0.004637010777236409,1.5499495959546556,0.8660254037844386,0.018870942826190087,0.48389940828402367
coco,000000396903,0,640,426,102.43323063380282,0.0840669014084507,0.1342612969483568,0.18525894953051644,0.3039832746478873,0.31508582746478875,0.3994388204225352,18.0,40.0,87.0,136.0,255.0,6.1555619517840805,6.915738870250639,0.08141063084112149,0.1321407710280374,0.1838785046728972,0.3005549065420561,0.31232476635514017,0.39913843457943926,18.0,41.0,88.0,136.0,255.0,6.164822346800134,6.906079317016742,0.08177083333333333,0.13208912037037038,0.18388310185185186,0.2995659722222222,0.3109085648148148,0.40144675925925927,18.0,41.0,87.0,137.0,255.0,6.164745025135776,6.888588207367691,0.0785300925925926,0.12760416666666666,0.1798611111111111,0.2960069444444444,0.3081597222222222,0.39814814814814814,19.0,41.0,88.0,137.0,255.0,6.176988431157723,6.8950176410508,0.004021040954994346,0.00476109419202864,0.004020162270083042,0.9013878188659973,0.0,0.01179795501049862,0.2347711267605634
coco,000000397133,0,640,426,23.074453491784038,0.6281470070422536,0.6976305751173709,0.7513644366197183,0.8231807511737089,0.8299772593896714,0.8784697769953052,0.0,1.0,7.0,31.0,70.0,3.0113781662993255,5.463824783912165,0.6280227803738317,0.6967435747663552,0.7504964953271028,0.8227511682242991,0.8295268691588785,0.8779351635514019,0.0,1.0,7.0,31.0,70.0,3.0151908915701253,5.466596304689887,0.626707175925926,0.6971354166666667,0.7512152777777777,0.821556712962963,0.8277777777777777,0.8781828703703703,0.0,1.0,7.0,31.0,70.0,3.021573492249391,5.467762676722323,0.6269097222222222,0.6976851851851852,0.7530671296296296,0.8244212962962963,0.8310763888888889,0.8803240740740741,0.0,1.0,7.0,31.0,69.0,3.0154280028427976,5.456572459214316,0.0019939129145512746,0.0024590261335841403,0.0022429599850268163,0.0,0.3903123748998999,0.009632013083180492,0.8312573356807512
coco,000000398028,0,428,640,67.22564252336448,0.23545195677570094,0.3129782418224299,0.37719042056074764,0.4769020151869159,0.4865398656542056,0.5564288843457944,6.0,17.0,52.0,107.0,145.0,5.295765139317325,7.247286947319881,0.23409754672897196,0.3125730140186916,0.37644567757009345,0.47530665887850465,0.48547021028037385,0.556527453271028,6.0,17.0,52.0,106.0,145.0,5.2976562409253045,7.244195246583036,0.23379088785046728,0.3114193925233645,0.37602219626168226,0.4762558411214953,0.4862733644859813,0.5570677570093457,6.0,17.0,52.0,106.0,145.0,5.2932899797692565,7.239007291425601,0.23350694444444445,0.3116319444444444,0.37777777777777777,0.4778935185185185,0.48813657407407407,0.5585648148148148,6.0,17.0,52.0,105.0,145.0,5.291615951311641,7.2374486874892066,0.0017853916176847175,0.0012047544360736296,0.0015184986949542726,0.33071891388307384,0.4330127018922193,0.006020966042961248,0.40747298481308414
coco,000000398742,0,426,640,101.16174075704225,0.35009169600938966,0.39100278755868545,0.42367957746478874,0.47529709507042256,0.48033670774647885,0.5140955105633803,1.0,6.0,57.0,230.0,255.0,5.148370659422866,5.955260026899766,0.3489339953271028,0.38945677570093457,0.4219480140186916,0.4735251168224299,0.4788697429906542,0.512178738317757,1.0,6.0,59.0,230.0,255.0,5.161950190006608,5.959716133410644,0.34570677570093455,0.3860981308411215,0.41892523364485984,0.47134929906542056,0.4760806074766355,0.5083235981308412,1.0,6.0,60.0,230.0,255.0,5.1793515145755755,5.960634272804402,0.3439814814814815,0.38408564814814816,0.417650462962963,0.4703703703703704,0.47528935185185184,0.5079861111111111,1.0,6.0,60.0,233.0,255.0,5.188531625565183,5.962208185322403,0.0032727665538157978,0.003432785565794927,0.002970228659311065,1.3095204274848102,0.0,0.0196578721513851,0.48229900234741785
coco,000000400367,0,500,332,13.354969879518073,0.8246204819277109,0.8796987951807229,0.910012048192771,0.9379578313253012,0.939777108433735,0.9501566265060241,0.0,0.0,2.0,10.0,28.0,1.9768648144397323,4.19324396947325,0.8256626506024096,0.8800240963855421,0.9109638554216868,0.9392048192771084,0.9410843373493976,0.9516867469879519,0.0,0.0,2.0,10.0,28.0,1.966955303059405,4.175324503939206,0.829952380952381,0.8835714285714286,0.9142857142857143,0.9416190476190476,0.9434285714285714,0.9537619047619048,0.0,0.0,2.0,10.0,27.0,1.9566641081397573,4.1568958126742235,0.8309712773998488,0.884448223733938,0.9158163265306123,0.9423658352229781,0.9441609977324263,0.9548374905517762,0.0,0.0,2.0,10.0,27.0,1.9530624507409637,4.14739178686875,0.0042617683900871214,0.003279344541454705,0.002309754795234439,0.0,1.0,0.017359323997101293,0.9415903614457831
coco,000000402473,0,640,480,56.995986328125,0.33689778645833335,0.36338216145833335,0.400771484375,0.46949869791666665,0.47950846354166665,0.5641796875,0.0,1.0,53.0,93.0,134.0,4.402033909121708,6.31599168150942,0.33578125,0.362109375,0.3993098958333333,0.4685546875,0.4786197916666667,0.5627734375,0.0,1.0,53.0,94.0,134.0,4.409901223162015,6.321182805143958,0.33346354166666664,0.36028645833333334,0.39705729166666665,0.4663541666666667,0.47653645833333336,0.5594791666666666,0.0,2.0,54.0,94.0,136.0,4.422559358858833,6.323444476174125,0.33317708333333335,0.36052083333333335,0.3975520833333333,0.4671354166666667,0.47682291666666665,0.5590104166666666,0.0,2.0,53.0,94.0,136.0,4.428555457936847,6.335409031342838,0.0026547795632569505,0.0029223124040129956,0.0034211341369433327,0.7261843774138906,0.8660254037844386,0.015976903862792945,0.4635774739583333
coco,000000402765,0,500,374,53.33436898395722,0.27598395721925134,0.2967005347593583,0.3200534759358289,0.4626844919786096,0.4930855614973262,0.6569946524064171,4.0,9.0,50.0,88.0,102.0,5.032358240436787,6.395318826518773,0.2773404255319149,0.2975744680851064,0.3212553191489362,0.4631063829787234,0.49361702127659574,0.6573191489361702,4.0,8.0,50.0,88.0,102.0,5.02655457054124,6.38971225970127,0.2782978723404255,0.29838297872340425,0.3222127659574468,0.46297872340425533,0.4948510638297872,0.6572340425531915,4.0,8.0,50.0,88.0,102.0,5.024949399913995,6.385559718222439,0.2803951367781155,0.3012495778453225,0.32674772036474165,0.46783181357649445,0.498564674096589,0.6609253630530226,4.0,8.0,50.0,88.0,102.0,5.010703275964061,6.3795275180060145,0.0033662467827960912,0.00449614301881734,0.004414501786106231,0.0,0.0,0.016649441825250574,0.3744705882352941
coco,000000402774,0,424,640,32.55591465212264,0.32703419811320755,0.4655365566037736,0.5854694870283019,0.7813273879716981,0.8004164209905661,0.8879606426886792,4.0,12.0,26.0,44.0,66.0,4.493100998761532,6.390372993777237,0.3290094339622642,0.46720224056603776,0.5860406839622642,0.7822965801886792,0.8010465801886792,0.8879274764150943,4.0,12.0,26.0,44.0,66.0,4.487549111870711,6.3860974090734715,0.3290094339622642,0.4681603773584906,0.5849056603773585,0.7823408018867924,0.8009433962264151,0.8875884433962264,4.0,12.0,26.0,44.0,66.0,4.489185017029397,6.385806455347816,0.33419811320754716,0.47287735849056606,0.590683962264151,0.7840212264150943,0.8027122641509434,0.8880306603773584,4.0,11.0,25.0,44.0,66.0,4.475535116145445,6.375815177910191,0.003022858483330613,0.0033543756413949763,0.002598395865373422,0.24206145913796356,0.9164298936634487,0.009105353277807425,0.8452793337264151
coco,000000404484,0,320,240,46.30385416666667,0.4294921875,0.49752604166666664,0.6082552083333334,0.7239322916666666,0.7332291666666667,0.7876692708333334,0.0,3.0,24.0,53.0,146.0,3.9848152233923173,6.294596723100437,0.4301041666666667,0.49744791666666666,0.609375,0.7234895833333334,0.7333854166666667,0.7883333333333333,0.0,3.0,24.0,53.0,147.0,3.9824904320549557,6.280306494199904,0.43041666666666667,0.4953125,0.6088541666666667,0.7192708333333333,0.7294791666666667,0.7825,0.0,3.0,24.0,54.0,151.0,3.9913402103933517,6.266210497159252,0.43104166666666666,0.49416666666666664,0.6064583333333333,0.7210416666666667,0.7325,0.790625,0.0,3.0,24.0,53.0,149.0,3.9870434980709093,6.247327399149228,0.005364820357830091,0.004189957689847051,0.006393321982523818,0.5590169943749475,4.351274956837363,0.023396501154380984,0.7437109375
coco,000000404534,0,386,500,82.32143523316063,0.38971502590673573,0.44471502590673573,0.4913834196891192,0.5723937823834196,0.5793108808290155,0.6167046632124352,1.0,5.0,33.0,180.0,254.0,4.739177334796937,6.470668266525166,0.39164948453608245,0.44544329896907214,0.4917938144329897,0.5724536082474226,0.5795051546391753,0.6168041237113402,1.0,5.0,33.0,180.0,254.0,4.731757529732704,6.457325753887167,0.39097529045982654,0.4443626247749959,0.4908771068564883,0.5714694812632957,0.5782605138275242,0.6162248404516446,1.0,5.0,34.0,180.0,254.0,4.736591913394306,6.465701119885667,0.3872691933916424,0.4414480077745384,0.4893909944930353,0.5706187236799481,0.5769355361192096,0.6140265630061549,1.0,5.0,34.0,180.0,254.0,4.745674039543296,6.458061396069109,0.003813471694118673,0.001605741239108665,0.0024923468002890077,0.4841229182759271,0.8267972847076845,0.01778477448407917,0.6012072538860104
coco,000000405205,0,550,410,72.3000044345898,0.3802128603104213,0.4161552106430155,0.44811529933481153,0.5098625277161862,0.5171662971175166,0.5696097560975609,0.0,2.0,45.0,113.0,231.0,4.4394691644197275,6.308844344006349,0.38108554945828055,0.4171943154636274,0.4494512452511608,0.5100077388490221,0.5175707049387928,0.5708456451385957,0.0,2.0,45.0,113.0,231.0,4.43778562663009,6.308345835075762,0.3817586399108138,0.41607441471571904,0.44847408026755853,0.5090928093645485,0.5167224080267558,0.5706521739130435,0.0,2.0,45.0,112.0,230.0,4.439807006283833,6.3075289313416665,0.37695094760312153,0.41109253065774803,0.4444676700111483,0.5044593088071349,0.5126811594202898,0.5670289855072463,0.0,2.0,46.0,113.0,230.0,4.47503530988445,6.337601121579841,0.003634621809759087,0.004797634684449782,0.005472802095419978,1.5194057226429023,1.9990231989649345,0.025906887358249663,0.4439068736141907
coco,000000405970,0,640,426,41.55920261150235,0.40707526408450706,0.5483458039906103,0.6741600645539906,0.7962184565727699,0.8011150234741784,0.8342356220657277,2.0,6.0,20.0,38.0,125.0,4.237234218108509,6.247683396897953,0.40424941588785046,0.5455169392523365,0.6714807242990655,0.7945823598130841,0.7995619158878504,0.8331191588785046,2.0,6.0,20.0,38.0,125.0,4.247483279927082,6.256004266047012,0.39447337962962964,0.5390914351851852,0.667505787037037,0.7937789351851852,0.79921875,0.8352141203703703,2.0,7.0,21.0,38.0,120.0,4.271718156036731,6.264219805725746,0.3929398148148148,0.5375,0.6660879629629629,0.7935763888888889,0.7989583333333333,0.8358217592592593,2.0,6.0,21.0,38.0,117.0,4.2717755177321735,6.259412071218354,0.007475884069521124,0.005392893966198207,0.004803903129993545,0.49607837082461076,5.7659425725548115,0.025602260332315982,0.8076034330985915
coco,000000409475,0,640,480,114.48472330729167,0.13832682291666668,0.15017578125,0.16149088541666667,0.19280924479166667,0.19680338541666667,0.23725911458333335,5.0,67.0,121.0,175.0,199.0,6.182366446751669,7.240807061426452,0.13734375,0.149140625,0.16075520833333334,0.19276041666666666,0.19657552083333332,0.23819010416666667,5.0,67.0,121.0,175.0,199.0,6.187138678762792,7.245693230739413,0.136796875,0.14802083333333332,0.1596875,0.19166666666666668,0.19510416666666666,0.236953125,5.0,67.0,121.0,175.0,199.0,6.194236486906183,7.243309785244623,0.13729166666666667,0.14838541666666666,0.15989583333333332,0.19255208333333335,0.19609375,0.2375,5.0,67.0,121.0,175.0,199.0,6.19054949485393,7.236203713288852,0.002076312633235456,0.0022140681818665835,0.0015805033774423773,0.0,0.0,0.011054838013751943,0.16641276041666667
coco,000000409542,0,428,640,79.84849591121495,0.2080607476635514,0.27048773364485984,0.31899459696261684,0.3934834988317757,0.4024897780373832,0.46938522196261684,6.0,20.0,70.0,119.0,179.0,5.564711154579326,7.370742531456232,0.21041179906542057,0.2728825934579439,0.32231308411214954,0.3974883177570093,0.4063376168224299,0.4743282710280374,6.0,20.0,69.0,117.0,179.0,5.5512286658173196,7.365718905699918,0.21118574766355142,0.27462032710280376,0.32453271028037384,0.39979556074766354,0.40826518691588787,0.4769567757009346,5.0,20.0,68.0,117.0,179.0,5.539169338688969,7.359588341616131,0.20943287037037037,0.2748263888888889,0.32592592592592595,0.4027777777777778,0.4114583333333333,0.4818865740740741,5.0,20.0,67.0,116.0,179.0,5.533197117612515,7.354323228317743,0.002868779781987237,0.0037385912227443086,0.0038006100609669093,0.998044963916957,0.4841229182759271,0.014103063872420466,0.37748247663551404
coco,000000410612,0,500,334,77.36937125748503,0.18651497005988024,0.3057544910179641,0.41122754491017965,0.5411676646706587,0.5519940119760479,0.6119580838323353,11.0,19.0,42.0,113.0,222.0,5.522291196493118,6.879979537595318,0.18369047619047618,0.30383333333333334,0.4094047619047619,0.5407619047619048,0.5508809523809524,0.6110952380952381,11.0,20.0,42.0,114.0,222.0,5.53102831552173,6.8762967838073354,0.18376190476190477,0.3038095238095238,0.40914285714285714,0.539952380952381,0.5504285714285714,0.6098571428571429,11.0,20.0,42.0,116.0,228.0,5.539424156167487,6.858311403528663,0.18357898715041573,0.3020597127739985,0.40750188964474676,0.5406273620559335,0.5506424792139077,0.6093159486016629,11.0,20.0,42.0,114.0,231.0,5.54157805032806,6.851767040012034,0.003774050065473633,0.0048797359356314894,0.003671514609328089,0.46351240544347894,5.116990692780279,0.021041118572754553,0.5176107784431138
coco,000000411530,0,640,480,83.77877278645833,0.22740234375,0.26199544270833336,0.2929296875,0.3752734375,0.39023763020833335,0.498154296875,3.0,20.0,64.0,128.0,201.0,5.470937571091532,7.337748407239335,0.22755208333333332,0.2628125,0.2933854166666667,0.37654947916666665,0.39154947916666666,0.49993489583333334,3.0,20.0,64.0,127.0,199.0,5.469585668209205,7.33386977244429,0.22760416666666666,0.26421875,0.294296875,0.3784375,0.39341145833333335,0.500859375,3.0,20.0,63.0,127.0,199.0,5.4684820124343085,7.335767132663676,0.23098958333333333,0.26807291666666666,0.2984895833333333,0.38447916666666665,0.39901041666666665,0.5046354166666667,3.0,19.0,63.0,126.0,197.0,5.446752437532338,7.325499670805512,0.0023565100425461103,0.0027219771017493737,0.0037022682339832923,0.6959705453537527,1.197327753791751,0.015118226649593664,0.41157877604166665
coco,000000412531,0,640,480,30.5517578125,0.6333756510416667,0.69287109375,0.7346354166666667,0.7870735677083334,0.792587890625,0.8261393229166667,0.0,1.0,7.0,36.0,95.0,3.1835329100954755,5.637124223591965,0.6349739583333334,0.6945182291666666,0.736015625,0.7881640625,0.79375,0.82703125,0.0,1.0,7.0,36.0,95.0,3.1774713282698785,5.633106932496488,0.6328385416666666,0.6922395833333334,0.7343489583333334,0.7860416666666666,0.7916927083333334,0.8255208333333334,0.0,1.0,7.0,36.0,96.0,3.1870534184105948,5.636822585029423,0.6290104166666667,0.68859375,0.7308854166666666,0.7836979166666667,0.78921875,0.8229166666666666,0.0,1.0,7.0,37.0,98.0,3.214277348617653,5.660236901202039,0.00608857894551024,0.005043585798218668,0.004640670256674087,0.46351240544347894,1.9324531042175384,0.03426490317494334,0.77060546875
coco,000000413552,0,426,640,62.61749193075117,0.3083223298122066,0.3591806044600939,0.40908157276995305,0.4911201584507042,0.5011406983568075,0.5833920187793428,1.0,10.0,49.0,93.0,152.0,4.8488294990478815,6.974618709795369,0.3088492990654206,0.3603679906542056,0.41048481308411217,0.4929322429906542,0.502482476635514,0.585017523364486,1.0,10.0,49.0,93.0,152.0,4.8411741523649265,6.970377757918177,0.309053738317757,0.3611857476635514,0.410893691588785,0.49430490654205606,0.5040887850467289,0.5858060747663552,1.0,10.0,49.0,92.0,150.0,4.836908257723958,6.968999827690501,0.3100115740740741,0.3638888888888889,0.41359953703703706,0.4984375,0.508449074074074,0.5873842592592593,1.0,10.0,48.0,92.0,150.0,4.826765086205159,6.958991416814584,0.001639024264091518,0.0020730647885695906,0.002831578845677914,0.6959705453537527,1.118033988749895,0.011067485233063357,0.4964862089201878
coco,000000414510,0,480,640,67.09521158854167,0.251796875,0.30901692708333334,0.36226236979166665,0.471728515625,0.4880859375,0.59791015625,4.0,15.0,51.0,102.0,160.0,5.1807847074058095,7.171794579882821,0.25067708333333333,0.30790364583333335,0.36158854166666665,0.47131510416666667,0.4877473958333333,0.5970442708333333,4.0,15.0,51.0,102.0,160.0,5.184202530099938,7.171412895403944,0.25049479166666666,0.30875,0.3640625,0.4725,0.48877604166666666,0.5979427083333333,4.0,15.0,50.0,102.0,160.0,5.184615926110534,7.170652902028429,0.24869791666666666,0.30484375,0.35989583333333336,0.4702604166666667,0.48552083333333335,0.5965104166666667,4.0,16.0,51.0,102.0,160.0,5.190422465885938,7.164660478075162,0.001862661952317464,0.002943570621151961,0.0021186380332386713,0.46351240544347894,0.82915619758885,0.008425362832698494,0.43457356770833333
coco,000000415194,0,640,480,66.30516927083333,0.27800130208333335,0.31867838541666665,0.36255533854166666,0.45900065104166665,0.468466796875,0.5501692708333333,2.0,11.0,55.0,96.0,152.0,5.015710124765702,7.103261786504547,0.27393229166666666,0.31483072916666666,0.360390625,0.457578125,0.46708333333333335,0.5490104166666666,2.0,12.0,55.0,96.0,152.0,5.0290485370607545,7.106094119021133,0.27393229166666666,0.3143489583333333,0.3589583333333333,0.4566927083333333,0.46651041666666665,0.5480989583333333,1.0,11.0,56.0,96.0,152.0,5.024446410287136,7.098841594672601,0.27453125,0.31473958333333335,0.36010416666666667,0.45630208333333333,0.4672395833333333,0.5480208333333333,1.0,11.0,56.0,96.0,152.0,5.02053553306271,7.088543300240522,0.006026406143318903,0.00523500555741546,0.004369996858310031,0.899218410621135,1.479019945774904,0.025934908867672798,0.401123046875
coco,000000415741,0,640,360,58.905338541666666,0.33536458333333335,0.4063628472222222,0.5282595486111111,0.618203125,0.6269791666666666,0.6836675347222222,3.0,7.0,29.0,87.0,173.0,4.752333982982664,6.8586988032283704,0.33619791666666665,0.4072395833333333,0.5278993055555555,0.6176909722222222,0.6264583333333333,0.6826388888888889,3.0,7.0,29.0,88.0,173.0,4.749602153481187,6.859094084878271,0.3342361111111111,0.4054513888888889,0.525,0.6151041666666667,0.6243055555555556,0.6797916666666667,3.0,7.0,29.0,88.0,173.0,4.758602434560861,6.864877270836328,0.3397222222222222,0.40770833333333334,0.5260416666666666,0.614375,0.6238194444444445,0.679375,2.0,6.0,29.0,88.0,173.0,4.73483752069197,6.836531652602807,0.0045919072267595566,0.004083034282410663,0.002799825694530483,0.4330127018922193,1.3919410907075054,0.023284130185619346,0.6218706597222222
coco,000000417249,0,480,640,67.23748372395833,0.34252604166666667,0.405361328125,0.4668359375,0.574375,0.5860221354166667,0.65791015625,1.0,7.0,36.0,91.0,237.0,4.726709109623058,6.607800538606412,0.34282552083333334,0.4071354166666667,0.46880208333333334,0.576328125,0.5883072916666666,0.6589713541666666,1.0,7.0,36.0,91.0,237.0,4.72395425989565,6.605314603347403,0.343046875,0.40716145833333334,0.46893229166666667,0.5771875,0.5895052083333333,0.65875,1.0,7.0,36.0,91.0,237.0,4.722096306638349,6.600011995596217,0.34380208333333334,0.40760416666666666,0.4709375,0.5794270833333334,0.59140625,0.660625,1.0,7.0,36.0,91.0,237.0,4.720755311429736,6.58795272293998,0.0015198162980640517,0.0027613070989173354,0.00234106291276494,0.46351240544347894,0.0,0.005953601895266879,0.56857421875
coco,000000420069,0,640,456,78.06960320723684,0.13249725877192983,0.17486979166666666,0.22494174890350876,0.32502741228070176,0.3372738486842105,0.4396827028508772,8.0,36.0,71.0,107.0,159.0,5.670819784819032,7.337542257563624,0.13214089912280702,0.1745888157894737,0.22447916666666667,0.3243969298245614,0.33696546052631576,0.4389391447368421,8.0,36.0,71.0,107.0,159.0,5.672935943815705,7.335300987807428,0.13259320175438596,0.17436951754385965,0.2238486842105263,0.32319078947368424,0.33560855263157896,0.4371436403508772,8.0,36.0,71.0,107.0,159.0,5.676185156225218,7.335850812813133,0.13240131578947367,0.17395833333333333,0.22330043859649124,0.3221491228070175,0.33514254385964914,0.43601973684210527,8.0,36.0,71.0,107.0,161.0,5.675911484605213,7.333011606728125,0.0020834685869068766,0.0024300850592020172,0.002835341321911218,0.46351240544347894,0.4841229182759271,0.009663957578582362,0.25045572916666664
coco,000000420840,0,640,424,49.08755527712264,0.29251916273584905,0.35870798938679244,0.44411114386792455,0.6122272995283019,0.6242482311320755,0.7317069575471699,1.0,11.0,37.0,66.0,107.0,4.710742209638779,6.7453949018482176,0.2929097877358491,0.35969929245283017,0.4442954009433962,0.6118514150943396,0.6237323113207547,0.731530070754717,1.0,11.0,37.0,66.0,107.0,4.711268847836434,6.740209178762682,0.2936320754716981,0.3594929245283019,0.44380896226415095,0.6109669811320755,0.6226120283018868,0.7307193396226415,1.0,11.0,37.0,66.0,107.0,4.708993478899804,6.733430201664757,0.2918632075471698,0.3589033018867924,0.44422169811320755,0.6112617924528302,0.6232311320754716,0.7309551886792452,1.0,11.0,37.0,66.0,107.0,4.716512077171326,6.735601908540592,0.0019961224752012806,0.0013819821137229591,0.001564376209788436,0.0,0.75,0.009514518096776564,0.622239829009434
coco,000000422670,0,640,426,61.84867224178404,0.42752347417840375,0.48290786384976525,0.5262213908450705,0.5956756161971831,0.6026408450704225,0.654306044600939,0.0,2.0,26.0,97.0,189.0,4.218924129384936,6.358723930868833,0.42808119158878505,0.48352803738317757,0.5269275700934579,0.5962616822429907,0.6031834112149532,0.6546728971962616,0.0,2.0,26.0,96.0,189.0,4.2117454021576926,6.3552088582207045,0.42939814814814814,0.4845775462962963,0.5287905092592593,0.5978877314814814,0.6045428240740741,0.656712962962963,0.0,2.0,26.0,96.0,189.0,4.19857997791508,6.346910230601289,0.43015046296296294,0.4842592592592593,0.5291087962962963,0.5967592592592592,0.6032407407407407,0.6574074074074074,0.0,2.0,26.0,95.0,187.0,4.197613822859389,6.343162962725642,0.0017778517482077679,0.0021110007941398104,0.001703758677733625,0.49607837082461076,1.4947825928876748,0.01226322457698498,0.589737382629108
coco,000000423104,0,426,640,66.27365023474178,0.34845583920187795,0.4357357687793427,0.48653535798122066,0.5724728579812206,0.5806961561032864,0.6313600352112676,5.0,10.0,34.0,105.0,185.0,5.079997291334282,6.868479060859248,0.34880257009345794,0.43633177570093457,0.4876606308411215,0.5730140186915887,0.5815274532710281,0.632126168224299,5.0,10.0,34.0,105.0,185.0,5.077516052157796,6.860332091072945,0.34956191588785046,0.43624415887850465,0.48875584112149534,0.5749415887850468,0.5832067757009346,0.6339953271028037,5.0,10.0,34.0,105.0,185.0,5.072340012774546,6.8569137474843895,0.34849537037037037,0.4337962962962963,0.4878472222222222,0.5741898148148148,0.5831597222222222,0.633449074074074,5.0,10.0,34.0,105.0,185.0,5.074385514864084,6.858622193401432,0.003755861002593155,0.0027774195038514056,0.0032469977353709514,0.46351240544347894,1.224744871391589,0.012099543933417297,0.5020539906103286
coco,000000423506,0,374,500,36.80348663101604,0.3402032085561497,0.4677058823529412,0.5780374331550802,0.710668449197861,0.7195454545454546,0.7813422459893048,2.0,10.0,26.0,56.0,92.0,4.3862273803078455,6.510659248090555,0.341,0.4662978723404255,0.5756595744680851,0.7109574468085106,0.7201489361702128,0.7821489361702127,2.0,10.0,26.0,56.0,91.0,4.38688572299261,6.510767301410294,0.3419875042215468,0.4691827085444107,0.5770432286389733,0.7125126646403243,0.721420128335022,0.7819993245525161,2.0,10.0,26.0,56.0,91.0,4.382932555150769,6.507952547646758,0.33932792975346165,0.46580547112462006,0.5747213779128673,0.7077001013171226,0.716903073286052,0.7779466396487673,2.0,10.0,26.0,57.0,92.0,4.395785985903805,6.5110622210811515,0.003420484713481038,0.004066262917675392,0.0035786453224765954,0.0,0.49607837082461076,0.011038408021036963,0.6757219251336899
coco,000000423617,0,640,480,40.046712239583336,0.49986653645833334,0.5788444010416667,0.6450390625,0.7397721354166666,0.74865234375,0.79669921875,1.0,4.0,16.0,50.0,113.0,3.9771492902751016,6.338006269776391,0.5018229166666667,0.5802473958333333,0.6457552083333333,0.7402864583333333,0.7488541666666667,0.7967057291666667,1.0,4.0,15.0,50.0,113.0,3.9702351997598906,6.330616378505503,0.5019791666666666,0.581640625,0.6484895833333333,0.7419010416666667,0.7503385416666667,0.7975260416666666,1.0,4.0,15.0,49.0,114.0,3.9639130230941197,6.327262111789922,0.4996875,0.5808333333333333,0.64875,0.74234375,0.75078125,0.7975520833333334,1.0,4.0,16.0,49.0,114.0,3.9688843507515443,6.329527664160585,0.004051173143058971,0.004208308355175446,0.0026488276481518576,0.49607837082461076,0.7806247497997998,0.015989249601804388,0.73376953125
coco,000000424975,0,640,480,83.30583333333334,0.3377376302083333,0.38183268229166667,0.4178287760416667,0.48085611979166665,0.490947265625,0.56498046875,2.0,8.0,51.0,165.0,223.0,5.075563138421846,6.961866032769575,0.337890625,0.38115885416666667,0.417421875,0.4805859375,0.4907682291666667,0.5640625,2.0,8.0,51.0,167.0,223.0,5.081814005526355,6.9583659419686645,0.33645833333333336,0.3804166666666667,0.41619791666666667,0.4800520833333333,0.49018229166666666,0.5630989583333333,2.0,8.0,51.0,169.0,223.0,5.0888542225981235,6.958533008552562,0.33703125,0.38067708333333333,0.41619791666666667,0.47984375,0.49041666666666667,0.56359375,2.0,8.0,51.0,169.0,223.0,5.0809442215251845,6.949998843678614,0.0025096769601718246,0.0022524700970157807,0.002352718571810341,0.6123724356957945,0.8660254037844386,0.011163230869432359,0.45966145833333333
coco,000000426203,0,426,640,71.79418280516433,0.30874779929577467,0.3841402582159624,0.44917840375586854,0.5299845950704225,0.5367040786384977,0.5861428990610329,1.0,10.0,41.0,120.0,195.0,4.947123516387592,7.113993263438107,0.3070823598130841,0.3834842289719626,0.4485251168224299,0.5292494158878505,0.5359375,0.5850905373831776,1.0,10.0,41.0,121.0,195.0,4.953412767761166,7.114081833250993,0.30259929906542055,0.37946845794392525,0.44532710280373833,0.5252920560747664,0.5324766355140187,0.5827394859813084,1.0,11.0,42.0,121.0,195.0,4.966333329157557,7.116139184987928,0.30040509259259257,0.37679398148148147,0.4433449074074074,0.524074074074074,0.5321180555555556,0.5822916666666667,1.0,11.0,42.0,121.0,195.0,4.974223814647121,7.1175255593045765,0.003772953398710261,0.0031217439842134405,0.003364958090140331,0.7905694150420949,1.8027756377319946,0.011946493823522168,0.516149501173709
coco,000000427034,0,640,480,61.287815755208335,0.309306640625,0.35503255208333334,0.397666015625,0.4861197916666667,0.4946875,0.5696061197916666,1.0,8.0,50.0,96.0,137.0,4.787103073623234,6.893010271173505,0.3097916666666667,0.3561328125,0.39915364583333335,0.4881510416666667,0.4961979166666667,0.5708333333333333,1.0,8.0,50.0,95.0,136.0,4.778520917933612,6.884594520826772,0.3116145833333333,0.35716145833333335,0.400078125,0.48971354166666664,0.4976041666666667,0.5725,1.0,8.0,50.0,95.0,134.0,4.767699781358344,6.873623392176565,0.30927083333333333,0.35578125,0.3990625,0.4894791666666667,0.4977083333333333,0.5716145833333334,1.0,8.0,50.0,95.0,134.0,4.783442043145571,6.882970746673678,0.003136032973304282,0.002723765301353369,0.0023011168785806793,0.6091746465505602,1.9324531042175384,0.019699800037707115,0.42209309895833336
coco,000000427256,0,640,512,21.02601013183594,0.6496185302734375,0.7125762939453125,0.7676422119140625,0.8544952392578125,0.8633270263671875,0.9098876953125,0.0,0.0,4.0,29.0,60.0,2.7248480252189675,5.136631452879379,0.65054931640625,0.71295166015625,0.76839599609375,0.85467529296875,0.86329345703125,0.90948486328125,0.0,0.0,4.0,29.0,60.0,2.722529509760238,5.132823401355609,0.655078125,0.7189208984375,0.772216796875,0.855615234375,0.8639892578125,0.909423828125,0.0,0.0,4.0,28.0,60.0,2.700512114064126,5.110543132036669,0.65517578125,0.71875,0.7716796875,0.854736328125,0.863720703125,0.907763671875,0.0,0.0,4.0,28.0,60.0,2.7074984757698344,5.118103254346269,0.00572719820118892,0.004430520719379116,0.001967224252704426,0.0,0.6343057228182637,0.02432970561869757,0.883740234375
coco,000000429718,0,640,640,72.3003759765625,0.38687255859375,0.4455029296875,0.4916064453125,0.5468017578125,0.551435546875,0.57897216796875,1.0,5.0,34.0,127.0,201.0,4.717987909673757,6.830789401899704,0.387265625,0.445087890625,0.48978515625,0.5447265625,0.54955078125,0.576982421875,1.0,5.0,34.0,127.0,201.0,4.721226654262006,6.827021605319592,0.38521484375,0.44171875,0.48662109375,0.5412890625,0.54625,0.5735546875,1.0,5.0,35.0,128.0,201.0,4.740880875952129,6.834515456441077,0.3848046875,0.44234375,0.487421875,0.541640625,0.546875,0.5744140625,1.0,5.0,35.0,128.0,201.0,4.743298717067246,6.837028262557632,0.004401242027763027,0.004013276834840069,0.003934819838242123,0.9921567416492215,0.9921567416492215,0.021905142661134372,0.56255126953125
coco,000000430048,0,500,374,79.05875935828877,0.09394117647058824,0.1474331550802139,0.21445454545454545,0.3472673796791444,0.36402139037433157,0.4776951871657754,16.0,36.0,66.0,112.0,159.0,5.827598873883829,7.3924630619827445,0.09442553191489361,0.1462127659574468,0.21248936170212765,0.3476382978723404,0.3646382978723404,0.4774468085106383,16.0,36.0,66.0,113.0,159.0,5.83320361681529,7.396069979429126,0.09357446808510639,0.1468936170212766,0.21429787234042552,0.34719148936170213,0.3645531914893617,0.475531914893617,17.0,36.0,66.0,112.0,159.0,5.836100380828879,7.394988354256858,0.09591354272205337,0.147838568051334,0.21361026680175615,0.3495440729483283,0.3665991219182709,0.4787234042553192,16.0,36.0,66.0,111.0,157.0,5.806584912374748,7.36467955560941,0.0025243329223787994,0.0032738244137241546,0.0038725643709682607,1.0532687216470449,1.8540496217739157,0.02222695306121463,0.29705347593582887
coco,000000431848,0,378,640,64.46889880952381,0.3390914351851852,0.38516038359788357,0.4294849537037037,0.5216683201058201,0.5320684523809524,0.6021040013227513,0.0,2.0,44.0,100.0,167.0,4.439946046978068,6.50953979276456,0.3400657894736842,0.3862171052631579,0.43042763157894737,0.5219901315789474,0.5318256578947368,0.6017763157894737,0.0,2.0,43.0,101.0,169.0,4.443866792453806,6.518204659083719,0.33907894736842104,0.3862171052631579,0.4319407894736842,0.523125,0.5325657894736842,0.6028289473684211,0.0,2.0,43.0,101.0,167.0,4.443398978589783,6.520104783718187,0.3401692708333333,0.3883463541666667,0.433203125,0.5250651041666666,0.5337890625,0.6042317708333333,0.0,2.0,43.0,101.0,167.0,4.438071774588768,6.506586448313277,0.0022826621076725787,0.00266748410868721,0.0025699890031071924,0.7043392293490403,1.2747548783981961,0.009503106868783855,0.495333167989418
coco,000000432898,0,500,500,101.793568,0.184464,0.238716,0.289956,0.3898,0.397784,0.425224,6.0,26.0,94.0,183.0,219.0,5.8465142166111645,7.290121765525928,0.183568,0.23712,0.28832,0.387232,0.394912,0.422976,6.0,26.0,94.0,183.0,219.0,5.8555099006365605,7.292947507848168,0.18504761904761904,0.23739682539682538,0.2882857142857143,0.38825396825396824,0.3954285714285714,0.42228571428571426,6.0,26.0,94.0,183.0,221.0,5.848702277762694,7.290460058513176,0.18594104308390022,0.23715041572184428,0.28798185941043086,0.3886369362559839,0.3956916099773243,0.42328042328042326,6.0,26.0,94.0,183.0,221.0,5.846673247523119,7.283456505040113,0.002981845476401448,0.0039632314217560895,0.003075530238248172,0.5266343608235224,0.4841229182759271,0.01373785726680473,0.416992
coco,000000433774,0,640,426,52.67802596830986,0.518661971830986,0.5717759683098591,0.6099068368544601,0.6577464788732394,0.6623642899061033,0.6937023180751174,0.0,2.0,13.0,89.0,173.0,3.93529709363629,6.284295076661056,0.5178592289719626,0.5711156542056075,0.6090829439252337,0.6573744158878505,0.6617844626168224,0.693472546728972,0.0,2.0,13.0,89.0,173.0,3.937340264672896,6.286686504001005,0.5183159722222223,0.5715856481481482,0.6096354166666667,0.657349537037037,0.6620949074074074,0.6946180555555556,0.0,2.0,13.0,89.0,173.0,3.926932879238738,6.278441160932662,0.5182291666666666,0.570949074074074,0.6091435185185186,0.6565972222222223,0.6612847222222222,0.6933449074074074,0.0,2.0,13.0,89.0,173.0,3.928990858326399,6.277999941615619,0.0028791510270123125,0.003376691995651154,0.003574095031205135,0.4841229182759271,1.224744871391589,0.022025284911162075,0.6451144366197183
coco,000000435003,0,640,426,44.163442634976526,0.3277985622065728,0.44393339201877935,0.548712588028169,0.6913585680751174,0.7046801643192488,0.7810739436619718,3.0,11.0,28.0,57.0,110.0,4.590205520311905,6.790764616985607,0.32644567757009346,0.44259637850467287,0.5466997663551402,0.6907564252336449,0.7043078271028037,0.7807827102803738,3.0,11.0,28.0,57.0,111.0,4.596285123793391,6.794425592533522,0.3254340277777778,0.4446759259259259,0.5491319444444445,0.6923032407407408,0.7060763888888889,0.7829861111111112,3.0,11.0,28.0,56.0,110.0,4.591987010906056,6.785133800454238,0.3269675925925926,0.4451967592592593,0.5493634259259259,0.6917824074074074,0.7039930555555556,0.7822337962962963,3.0,11.0,27.0,57.0,110.0,4.59403195883201,6.781756058657803,0.003486704613623175,0.003590888980558265,0.0032166726203212287,0.46351240544347894,0.8454843286542927,0.01389176941904565,0.7040456279342723
coco,000000438774,0,640,424,38.3587890625,0.5191885318396227,0.5777380601415094,0.6336232311320755,0.7191995872641509,0.7267467570754716,0.7787256780660378,1.0,3.0,13.0,55.0,108.0,3.8646697242272015,6.1996259564140015,0.5188384433962264,0.5783608490566038,0.6345813679245284,0.7203272405660377,0.7284198113207547,0.7803066037735849,1.0,3.0,13.0,55.0,108.0,3.863242036317224,6.195942667062554,0.5191332547169811,0.5788620283018868,0.6344634433962264,0.7216686320754717,0.7294221698113208,0.7815742924528302,1.0,3.0,13.0,55.0,107.0,3.8536897147443336,6.189096709175253,0.5209905660377359,0.5809551886792453,0.6354952830188679,0.7237028301886792,0.7314858490566037,0.7807783018867924,1.0,3.0,13.0,55.0,108.0,3.8508218119158086,6.178696412926106,0.0018599964621318207,0.0017507796658348964,0.002258231143498545,0.49607837082461076,1.3095204274848102,0.00946681362099849,0.7197265625
coco,000000438876,0,500,332,29.515222891566264,0.7170843373493976,0.7514337349397591,0.7842710843373494,0.8321385542168674,0.8363192771084338,0.8580180722891566,0.0,1.0,3.0,23.0,116.0,2.8114759206413966,5.103883332397641,0.7189156626506024,0.7523614457831326,0.7849638554216868,0.8323132530120482,0.8366265060240964,0.858144578313253,0.0,1.0,3.0,23.0,116.0,2.8041173616382924,5.093382470870392,0.7167619047619047,0.7500952380952381,0.7834761904761904,0.8307619047619048,0.8352380952380952,0.8576190476190476,0.0,1.0,3.0,23.0,116.0,2.80895067416435,5.0984227377736016,0.7207105064247922,0.7533068783068783,0.7866591080876795,0.833994708994709,0.8389077853363568,0.8605442176870748,0.0,1.0,3.0,23.0,114.0,2.785205577451497,5.059628500464075,0.004537538554551988,0.0031190615025266676,0.00265176474798191,0.4330127018922193,2.9341736485763756,0.024593023537573793,0.8447469879518072
coco,000000438907,0,458,640,67.69157341703057,0.26400109170305674,0.31241129912663756,0.37097434497816595,0.4986456058951965,0.5101323689956332,0.6065877456331877,1.0,13.0,48.0,92.0,178.0,5.031160254853873,7.048992431910919,0.26411684782608696,0.31240489130434784,0.3695788043478261,0.49726902173913046,0.5090489130434782,0.6044972826086956,1.0,13.0,48.0,92.0,178.0,5.038957836170106,7.0548942600821665,0.26605978260869567,0.3129891304347826,0.37032608695652175,0.5013315217391304,0.5127717391304348,0.6051358695652174,2.0,13.0,47.0,92.0,177.0,5.0305116551298505,7.047904732142337,0.26557112068965516,0.31104525862068966,0.3688038793103448,0.49994612068965516,0.5107758620689655,0.6056034482758621,2.0,13.0,48.0,92.0,178.0,5.033663871174739,7.043886170902979,0.0018901875727518366,0.0025646708053761545,0.003445441040346785,0.7261843774138906,3.106822130409142,0.013106977771598546,0.4669930403930131
coco,000000440475,0,640,426,23.373650234741785,0.6446119424882629,0.7242664319248826,0.7876540492957746,0.8524831279342723,0.8579775528169014,0.8962477992957747,0.0,1.0,6.0,26.0,65.0,2.966570133304126,5.411030321703644,0.6434871495327102,0.7240946261682243,0.7880841121495327,0.8524970794392523,0.8582943925233645,0.8957651869158878,0.0,1.0,6.0,26.0,65.0,2.96538435618768,5.408195144281787,0.6437210648148148,0.7238425925925925,0.7865451388888889,0.8514756944444445,0.8578125,0.8945891203703704,0.0,1.0,6.0,26.0,66.0,2.9813682806807753,5.423587597814102,0.6397569444444444,0.7189236111111111,0.7831597222222222,0.8490162037037037,0.8548032407407408,0.8927662037037037,0.0,1.0,7.0,27.0,66.0,3.00536321550241,5.443603290264214,0.004135211516949788,0.0030943876388443096,0.002197321208538568,0.4330127018922193,1.0,0.022387052096928657,0.8641211854460094
coco,000000441247,0,640,424,62.77710053066038,0.15990934551886793,0.21645784198113208,0.27719634433962265,0.42844560731132075,0.44872494103773586,0.6018536261792453,7.0,28.0,54.0,88.0,126.0,5.378702296299889,7.077374547187996,0.15869693396226414,0.2133254716981132,0.2741303066037736,0.4261939858490566,0.44616745283018866,0.6002063679245283,7.0,28.0,54.0,88.0,126.0,5.388642361278298,7.079734570187322,0.15828419811320754,0.21247051886792453,0.27364386792452833,0.42535377358490567,0.4450176886792453,0.5993514150943396,7.0,28.0,54.0,89.0,126.0,5.394402709133996,7.0789501878721826,0.15790094339622643,0.2110259433962264,0.27222877358490566,0.4241745283018868,0.44410377358490566,0.5972877358490566,7.0,28.0,54.0,89.0,126.0,5.400340947913235,7.076889195357257,0.0019379745412356892,0.003306522867705186,0.0023693253302946495,0.33071891388307384,0.5266343608235224,0.011599291785696655,0.42814342570754715
coco,000000441442,0,600,400,42.0224125,0.36982916666666665,0.49757083333333335,0.6136583333333333,0.7465333333333334,0.7574625,0.8225083333333333,5.0,11.0,24.0,48.0,101.0,4.593868178526885,6.539791067147743,0.3684,0.49738333333333334,0.6135666666666667,0.7465333333333334,0.7572833333333333,0.8227166666666667,5.0,11.0,24.0,48.0,100.0,4.594227525594003,6.535244786850013,0.36433333333333334,0.4937666666666667,0.6086,0.7413,0.7518666666666667,0.8159666666666666,5.0,11.0,24.0,49.0,105.0,4.618719684426395,6.55040742457186,0.36473333333333335,0.49833333333333335,0.6116666666666667,0.7443333333333333,0.7545333333333333,0.8176666666666667,5.0,11.0,24.0,49.0,107.0,4.609025699303008,6.533100384809776,0.003988801598781826,0.004803290249633295,0.004602080975553952,0.46351240544347894,4.759447840873981,0.020363099321387943,0.807825
coco,000000441553,0,640,480,15.708580729166666,0.80708984375,0.8626236979166667,0.8969270833333334,0.9302473958333334,0.932255859375,0.9446223958333333,0.0,0.0,2.0,11.0,33.0,2.113139876128223,4.309239302432409,0.8068098958333333,0.8621744791666667,0.8962890625,0.9293229166666667,0.9315234375,0.9442838541666667,0.0,0.0,2.0,10.0,33.0,2.1099603488674825,4.306301700597977,0.8095572916666667,0.8644791666666667,0.89671875,0.928984375,0.9310677083333333,0.944453125,0.0,0.0,2.0,10.0,33.0,2.0979255838960778,4.286289902984937,0.81,0.8646354166666667,0.8958854166666667,0.92921875,0.93140625,0.9447395833333333,0.0,0.0,2.0,10.0,33.0,2.0959611298421055,4.281731095189203,0.0030396814007590898,0.0013629025112634973,0.0012521301768548467,0.0,0.4841229182759271,0.014864143003513188,0.9408658854166667
coco,000000442822,0,640,426,65.23402288732395,0.25168720657276994,0.3478469776995305,0.4292070129107981,0.5603433098591549,0.5742921068075117,0.6410834800469484,5.0,15.0,40.0,96.0,169.0,5.179854237322113,7.187791246450467,0.25086156542056076,0.34808703271028035,0.4295268691588785,0.5605578271028038,0.5740946261682243,0.6417494158878505,5.0,15.0,40.0,96.0,169.0,5.181235089602185,7.184762238963535,0.2492476851851852,0.34751157407407407,0.4282696759259259,0.559375,0.5732349537037037,0.6410011574074074,5.0,16.0,40.0,98.0,171.0,5.187748295984932,7.187457116044737,0.24768518518518517,0.346875,0.4278356481481482,0.5601273148148148,0.5737268518518519,0.6420138888888889,5.0,16.0,41.0,98.0,171.0,5.18934980257584,7.180339030468023,0.0041780368401094885,0.005182017309038943,0.0035966240416463882,0.7806247497997998,3.477045261425281,0.020130284867268648,0.5677633509389671
coco,000000447088,0,500,332,52.2310421686747,0.2575,0.3190843373493976,0.38867469879518074,0.5510963855421687,0.5699819277108433,0.7015120481927711,4.0,15.0,43.0,70.0,107.0,4.963085996954073,6.94789072982055,0.25742168674698795,0.31942168674698795,0.3873734939759036,0.5510602409638554,0.5693012048192772,0.7004819277108434,4.0,15.0,43.0,70.0,107.0,4.964779172054807,6.94375603220159,0.2590952380952381,0.322047619047619,0.392,0.5568095238095238,0.5742857142857143,0.7058571428571428,4.0,15.0,42.0,69.0,105.0,4.95185318034778,6.928767001502212,0.2595427059712774,0.3224678760393046,0.39200680272108845,0.5578231292517006,0.5754913076341648,0.708994708994709,4.0,15.0,42.0,69.0,105.0,4.947115904154165,6.915526129661062,0.0018400708193092093,0.003443006500255039,0.004765974312680968,0.49607837082461076,1.4776988021921111,0.009668794745215278,0.650277108433735
coco,000000449579,0,640,426,18.8301533157277,0.5469226819248826,0.7674295774647887,0.9289649354460094,0.9695422535211268,0.9700924295774648,0.9726635856807512,2.0,6.0,14.0,23.0,29.0,3.660734874374285,5.349863547587337,0.546597546728972,0.7672021028037384,0.9289573598130841,0.9693195093457944,0.9699328271028037,0.9725029205607477,2.0,7.0,14.0,23.0,29.0,3.6628769216675954,5.3473385681808265,0.5471064814814814,0.7688657407407408,0.9283564814814815,0.9692418981481481,0.9698206018518518,0.9722800925925926,2.0,7.0,14.0,23.0,29.0,3.661646534960337,5.34399893932819,0.5443865740740741,0.7678819444444445,0.9278356481481481,0.9697337962962963,0.9701388888888889,0.9723379629629629,2.0,7.0,14.0,23.0,29.0,3.668583062050886,5.338880343313972,0.0018884637034012612,0.0008464492106528262,0.0006167489915687546,0.0,0.0,0.006185514639354091,0.9688600352112676
coco,000000451043,0,640,426,158.11830619131456,0.009019219483568075,0.016351232394366196,0.030707159624413144,0.06983201291079812,0.07491197183098591,0.11448796948356807,58.0,111.0,145.0,237.0,255.0,7.091249532210646,6.566396583289497,0.00918516355140187,0.016428154205607476,0.03107476635514019,0.06955315420560748,0.07457651869158878,0.11429614485981308,59.0,111.0,145.0,237.0,255.0,7.092682355753971,6.561936771983904,0.00949074074074074,0.01652199074074074,0.03130787037037037,0.06872106481481481,0.07413194444444444,0.11331018518518518,59.0,112.0,145.0,237.0,255.0,7.095886585387532,6.553487868374711,0.009953703703703704,0.017592592592592594,0.033275462962962965,0.07094907407407407,0.07592592592592592,0.11388888888888889,58.0,112.0,145.0,237.0,255.0,7.091679337566063,6.554637611366973,0.0006199886049091901,0.0016364660309731722,0.0018930519864863824,0.33071891388307384,0.0,0.006412857529295073,0.04597637910798122
coco,000000451084,0,426,640,110.8457929870892,0.2241637323943662,0.27221977699530514,0.30121772300469485,0.3591842723004695,0.36568735328638496,0.4035174589201878,6.0,19.0,99.0,191.0,255.0,5.898494687419923,7.009049371590509,0.22492698598130842,0.2730432242990654,0.30273072429906545,0.3599445093457944,0.3665157710280374,0.40384053738317754,6.0,19.0,99.0,191.0,255.0,5.89658719386311,7.00274972665712,0.22543808411214952,0.27380257009345793,0.303446261682243,0.3611565420560748,0.36755257009345793,0.4047021028037383,6.0,19.0,99.0,191.0,255.0,5.8940686583414665,7.001676254472919,0.22777777777777777,0.27488425925925924,0.3035300925925926,0.36030092592592594,0.3671875,0.4046296296296296,6.0,19.0,99.0,191.0,255.0,5.8918275160309115,6.997316220169923,0.0016604013646283086,0.0021575840260865255,0.0019311580304012747,0.6614378277661477,0.0,0.008054641292492995,0.3300029342723005
coco,000000453584,0,640,480,73.88333984375,0.23587239583333333,0.3055110677083333,0.36488932291666665,0.440849609375,0.4489615885416667,0.51970703125,6.0,17.0,60.0,111.0,169.0,5.446065334499199,7.272925029916414,0.23674479166666668,0.30606770833333335,0.36494791666666665,0.4413151041666667,0.449296875,0.5201692708333333,6.0,17.0,60.0,111.0,169.0,5.445376495013087,7.2691201927864695,0.237734375,0.30919270833333334,0.36877604166666667,0.4454166666666667,0.4535677083333333,0.5234375,6.0,17.0,60.0,111.0,171.0,5.436643654274641,7.262870632720766,0.23703125,0.30953125,0.37036458333333333,0.44604166666666667,0.4540625,0.52265625,6.0,17.0,60.0,111.0,171.0,5.4370268087590174,7.260116855398801,0.0026861761415541705,0.005197543348056489,0.005769609525805714,0.9354143466934853,1.8328597873268975,0.014497321865758613,0.429990234375
coco,000000454978,0,640,400,47.25518359375,0.3911328125,0.475359375,0.55530078125,0.68510546875,0.6981875,0.77690234375,2.0,6.0,26.0,59.0,112.0,4.426626754536488,6.5221303867989215,0.3915,0.476359375,0.5555625,0.684328125,0.69759375,0.77496875,2.0,6.0,26.0,59.0,113.0,4.428404777679394,6.514844222315993,0.38871875,0.4743125,0.55340625,0.68146875,0.6949375,0.77065625,2.0,6.0,26.0,59.0,116.0,4.442615389872188,6.515535233289215,0.387875,0.47175,0.5510625,0.680875,0.694875,0.770375,2.0,6.0,26.0,60.0,116.0,4.442008511309027,6.507608159031361,0.0022971274308565756,0.0029255256897732854,0.002994950176964547,0.24206145913796356,2.5792137852454187,0.011104503532583536,0.6853359375
coco,000000455219,0,640,426,46.68617957746479,0.30473151408450705,0.3711891138497653,0.45199530516431924,0.6069102112676056,0.6230743838028169,0.7273584213615023,1.0,9.0,36.0,67.0,108.0,4.552057714214945,6.730037323362757,0.3045998831775701,0.3696553738317757,0.44994158878504675,0.6048919392523364,0.6209696261682243,0.725876168224299,1.0,9.0,36.0,68.0,107.0,4.555171172144803,6.727898477272283,0.30477430555555557,0.3701099537037037,0.4474537037037037,0.6057581018518519,0.6214699074074074,0.7250578703703704,1.0,9.0,37.0,68.0,107.0,4.553603116295879,6.724447427843902,0.30648148148148147,0.3704861111111111,0.4449652777777778,0.6041666666666666,0.6192129629629629,0.7269097222222223,1.0,9.0,37.0,68.0,107.0,4.550711664495752,6.716154426643368,0.004481879345731797,0.004700718917962822,0.003382048671011421,0.5590169943749475,0.5994789404140899,0.016436270056792168,0.5557034917840376
coco,000000455448,0,478,640,53.99770855125523,0.32855975418410044,0.41557923640167366,0.5006276150627615,0.6107969403765691,0.6225516474895397,0.702399320083682,3.0,9.0,31.0,76.0,134.0,4.7547708840324505,6.870993363848902,0.32798177083333335,0.41528645833333333,0.4992447916666667,0.6098958333333333,0.6215625,0.701484375,3.0,9.0,32.0,76.0,134.0,4.758303811441081,6.87384521915672,0.32760416666666664,0.41401041666666666,0.4986979166666667,0.6093489583333334,0.6216927083333333,0.7011197916666667,3.0,10.0,32.0,76.0,133.0,4.761380831088913,6.878363489131144,0.32526041666666666,0.41125,0.4951041666666667,0.6066145833333333,0.6195833333333334,0.70078125,3.0,10.0,32.0,76.0,133.0,4.769062227968837,6.879782065577312,0.002657594600088958,0.003043625011921252,0.0026420901098818087,0.5,0.6959705453537527,0.009970790642438098,0.5988984048117155
coco,000000455597,0,640,446,42.58225546524664,0.42388593049327355,0.5261526065022422,0.605864630044843,0.7259599215246637,0.7357413116591929,0.7876716647982063,0.0,5.0,21.0,53.0,117.0,4.11336396567963,6.4578400161797305,0.42300502232142856,0.5261997767857143,0.6050502232142857,0.7258370535714286,0.7354352678571429,0.7881556919642857,0.0,5.0,21.0,53.0,117.0,4.116730640329477,6.458206730747438,0.4224609375,0.5249162946428572,0.6035993303571429,0.7238560267857143,0.7337611607142858,0.7872209821428572,0.0,5.0,21.0,53.0,117.0,4.118067040789143,6.4598210841022645,0.4218191964285714,0.5238839285714286,0.6015066964285715,0.7229352678571429,0.7320870535714286,0.7869977678571428,0.0,5.0,21.0,53.0,117.0,4.122010688809366,6.46200969249503,0.003093779276451418,0.0028917104737157208,0.0022692437935915365,0.33071891388307384,1.4128318194321643,0.012489991211183521,0.7231432174887893
coco,000000456496,0,640,426,63.96479240023474,0.3704298708920188,0.41428990610328637,0.45431704812206575,0.5169050762910798,0.5234191607981221,0.569168133802817,0.0,3.0,43.0,105.0,165.0,4.478147853247684,6.680048204395227,0.3689836448598131,0.4125,0.45243866822429907,0.5143545560747663,0.5206045560747663,0.5674211448598131,0.0,3.0,43.0,106.0,165.0,4.49263399049897,6.69009329223375,0.36498842592592595,0.4095775462962963,0.4490162037037037,0.5122685185185185,0.5189814814814815,0.5653645833333333,0.0,3.0,44.0,107.0,167.0,4.521880141266268,6.713069754875956,0.3651041666666667,0.40989583333333335,0.4494212962962963,0.5127893518518518,0.5200231481481481,0.5663773148148148,0.0,3.0,44.0,107.0,167.0,4.5233685048808026,6.712261676157443,0.004478769789678982,0.004176893048516856,0.0034759987583098807,0.9662265521087692,1.5799030824705673,0.0290304767552648,0.5100278755868545
coco,000000456662,0,612,612,85.91982250416507,0.2296712802768166,0.3506557307018668,0.4206528471955231,0.4808433722072707,0.4856946046392413,0.5206384296638045,9.0,17.0,55.0,143.0,240.0,5.586542112889732,7.065336907516953,0.22964458114400443,0.3504955359049938,0.42088512965098895,0.4808620616002392,0.48545431244393183,0.5205369729591183,9.0,17.0,55.0,143.0,240.0,5.586694665470689,7.062522960693414,0.23204736440030557,0.35408708938120703,0.42436974789915966,0.4839572192513369,0.4885196502843562,0.5232365673542144,9.0,16.0,53.0,143.0,240.0,5.575173095455131,7.054696062519405,0.2351155338168325,0.3554140664530275,0.4252403440715129,0.4827542587282847,0.4874346432787991,0.5227272727272727,9.0,16.0,54.0,143.0,240.0,5.570452077899399,7.057487476319964,0.0032190724861703613,0.003002389196474414,0.0025935655989930504,1.0439558180306292,0.6614378277661477,0.009394094424214827,0.49180603613994617
coco,000000459809,0,640,428,55.46695750584112,0.008517085280373832,0.08411580023364486,0.20829804322429907,0.29532345210280375,0.30886755257009346,0.6027854848130841,25.0,36.0,60.0,71.0,79.0,5.691968701785699,5.906919907343683,0.008513434579439252,0.08414135514018692,0.20787091121495327,0.2945385514018692,0.307856308411215,0.603723714953271,25.0,36.0,60.0,71.0,79.0,5.693191345748849,5.902975170440589,0.009143518518518518,0.08532986111111111,0.2080150462962963,0.29496527777777776,0.30876736111111114,0.6068287037037037,25.0,36.0,60.0,71.0,79.0,5.689355808860328,5.913641685532656,0.009432870370370371,0.08524305555555556,0.20815972222222223,0.29519675925925926,0.3086226851851852,0.6064236111111111,25.0,36.0,60.0,71.0,79.0,5.689891817775309,5.911341598542148,0.0008270020963720431,0.0009585781121111353,0.0013225175484262075,0.0,0.0,0.00428021549067856,0.1818742698598131
coco,000000462031,0,448,640,43.926199776785715,0.7002825055803571,0.7259591238839286,0.7453822544642857,0.7691162109375,0.7715087890625,0.7840994698660714,0.0,0.0,0.0,34.0,207.0,2.3172458737017005,3.727272223957657,0.7008091517857142,0.7271344866071429,0.7459681919642858,0.7697126116071429,0.7720424107142857,0.7843889508928571,0.0,0.0,0.0,34.0,207.0,2.3095988615986953,3.7168753477742786,0.7017299107142857,0.726171875,0.7456194196428572,0.7698381696428571,0.7726841517857143,0.7856305803571428,0.0,0.0,0.0,34.0,207.0,2.3009358743779753,3.703152101339885,0.7022321428571429,0.7270647321428572,0.7461495535714285,0.7696986607142857,0.7724330357142857,0.7852678571428572,0.0,0.0,0.0,34.0,207.0,2.2914434981255853,3.6786861125746384,0.0015853111999334839,0.0012707571102735333,0.001385003828025013,0.0,0.8267972847076845,0.012604885449895456,0.7603410993303571
coco,000000462904,0,640,480,77.198232421875,0.33929036458333334,0.38235026041666664,0.42,0.49486979166666667,0.503701171875,0.56130859375,2.0,7.0,49.0,121.0,230.0,4.990647855201098,6.8995501561245565,0.3409505208333333,0.383984375,0.4222265625,0.49852864583333334,0.5075390625,0.5641536458333334,2.0,7.0,48.0,120.0,230.0,4.976582676583094,6.89501892652555,0.34356770833333333,0.38924479166666665,0.42796875,0.50453125,0.5139322916666667,0.5706510416666667,2.0,7.0,47.0,117.0,226.0,4.952439734131774,6.889443936276819,0.34401041666666665,0.39005208333333335,0.4280729166666667,0.5066145833333333,0.51546875,0.5718229166666666,1.0,7.0,46.0,117.0,226.0,4.943358323509956,6.887659824347734,0.002800167974852848,0.004643529300684932,0.005238502102693183,1.165922381636102,3.2691742076555053,0.022001701413998653,0.455986328125
coco,000000463522,0,640,480,57.583997395833336,0.33764973958333333,0.38598307291666667,0.43713216145833333,0.513369140625,0.52390625,0.600458984375,0.0,5.0,45.0,92.0,134.0,4.546328617800209,6.706477540182943,0.33791666666666664,0.38619791666666664,0.43811197916666667,0.51296875,0.5226692708333334,0.6004427083333334,0.0,5.0,45.0,92.0,134.0,4.549937289084545,6.709978991205591,0.338125,0.3873697916666667,0.43828125,0.512421875,0.5223697916666666,0.5995833333333334,0.0,5.0,45.0,92.0,134.0,4.550110110745087,6.714247308224894,0.3415625,0.38875,0.43953125,0.5121875,0.5219791666666667,0.5994791666666667,0.0,5.0,45.0,92.0,133.0,4.536190470511408,6.701428350266869,0.0024313682529573145,0.0017323550813880657,0.002496335204479747,0.42847841252506524,0.7880950133074057,0.012399571702048752,0.43156575520833335
coco,000000463690,0,640,426,36.50727332746479,0.6581719483568075,0.7176863262910798,0.7535394659624414,0.7932291666666667,0.796599911971831,0.8178733861502347,0.0,0.0,7.0,31.0,134.0,2.9996772367107964,5.2109593689841525,0.657535046728972,0.7170268691588785,0.7518691588785047,0.791866238317757,0.794991238317757,0.8167932242990654,0.0,0.0,7.0,31.0,136.0,3.0066544825887305,5.216960494846322,0.6578703703703703,0.7151331018518519,0.7506944444444444,0.7912905092592593,0.7940972222222222,0.8158854166666667,0.0,0.0,7.0,31.0,136.0,3.0072029609589173,5.214822064858371,0.6572337962962963,0.7139467592592592,0.7494791666666667,0.7899305555555556,0.7933449074074074,0.815625,0.0,0.0,7.0,32.0,136.0,3.014476760825506,5.219512203255958,0.0022591168433093657,0.002361969587397053,0.002210473192023477,0.0,1.2747548783981961,0.01181820919536632,0.7957709800469484
coco,000000464089,0,640,480,45.086513671875,0.3193131510416667,0.4301985677083333,0.51265625,0.66212890625,0.681484375,0.7962565104166667,5.0,12.0,30.0,57.0,98.0,4.708479362913044,6.74624481862409,0.31919270833333335,0.4301953125,0.5136848958333333,0.6614973958333333,0.6808072916666666,0.7967838541666666,5.0,12.0,30.0,57.0,96.0,4.707437199547352,6.739834742683604,0.3177083333333333,0.4275,0.5120833333333333,0.658984375,0.6783333333333333,0.7928645833333333,5.0,12.0,31.0,57.0,98.0,4.716283210609073,6.743853211187462,0.31979166666666664,0.4301041666666667,0.516875,0.6643229166666667,0.685,0.79859375,5.0,12.0,30.0,57.0,95.0,4.699723419444328,6.724410556732354,0.002168836143265725,0.003141125927436515,0.004254566008742035,0.5994789404140899,2.315032397181517,0.010818277615955194,0.7313606770833333
coco,000000465129,0,640,480,35.891315104166665,0.525947265625,0.5967805989583334,0.65630859375,0.74453125,0.7522298177083333,0.8018294270833334,1.0,3.0,13.0,49.0,103.0,3.793683722860886,6.235067606744063,0.5246223958333334,0.5953255208333333,0.6554817708333334,0.7450260416666666,0.7526041666666666,0.8019270833333333,1.0,3.0,13.0,49.0,104.0,3.799208129389695,6.236621566116291,0.51625,0.5867447916666667,0.646875,0.740078125,0.747578125,0.7973697916666667,1.0,3.0,14.0,50.0,104.0,3.8352677154758203,6.264959455397717,0.51921875,0.5874479166666666,0.64625,0.7405208333333333,0.7475,0.7961458333333333,1.0,3.0,14.0,50.0,105.0,3.8345872733727324,6.256874059839927,0.0065363343165007245,0.006762561929904559,0.00403407266319361,0.4841229182759271,1.184205957593526,0.028608143928356006,0.7468587239583333
coco,000000465180,0,640,426,38.0614033157277,0.33952831572769954,0.4415933098591549,0.5408047241784038,0.7058025234741784,0.7209837147887324,0.8058355340375587,3.0,10.0,28.0,54.0,85.0,4.521101395595799,6.601536513303093,0.33904789719626166,0.4408732476635514,0.5400408878504673,0.7061185747663551,0.7211594626168224,0.8046728971962617,3.0,10.0,28.0,54.0,85.0,4.520478582914589,6.600719640075932,0.3398148148148148,0.4372974537037037,0.5385127314814815,0.7046585648148148,0.7193576388888889,0.8031539351851852,3.0,9.0,28.0,54.0,85.0,4.516114381090311,6.595025937261268,0.33819444444444446,0.43668981481481484,0.5370949074074074,0.7039930555555556,0.7199652777777777,0.8033564814814815,3.0,9.0,29.0,54.0,85.0,4.520688362632602,6.588917290183648,0.0023029670858406414,0.0029696605077795552,0.0033659383989210743,0.24206145913796356,0.9682458365518543,0.012273399959591744,0.7027068661971831
coco,000000466986,0,640,478,94.70893043933054,0.22394089958158997,0.26599764644351465,0.31483067468619247,0.4073744769874477,0.4160597541841004,0.47751699790794977,0.0,20.0,69.0,154.0,255.0,5.385875184730208,6.866052687251196,0.22248697916666665,0.2636588541666667,0.31233072916666665,0.4049609375,0.4130989583333333,0.47576822916666667,0.0,21.0,69.0,155.0,255.0,5.39697657426354,6.867310403708559,0.22161458333333334,0.26286458333333335,0.312890625,0.40484375,0.412890625,0.47588541666666667,0.0,21.0,69.0,154.0,255.0,5.399551780258216,6.8729864996717405,0.22182291666666668,0.26239583333333333,0.31364583333333335,0.4021875,0.40953125,0.4725520833333333,0.0,21.0,70.0,154.0,255.0,5.4064533615058625,6.8715500102878435,0.0019574465624415524,0.0030057866026556813,0.0037836326029599414,0.6959705453537527,0.0,0.011417717269997196,0.37280007845188284
coco,000000467315,0,640,426,48.38413659037559,0.3250073356807512,0.4477736208920188,0.5266358568075117,0.6338798415492958,0.6415236208920188,0.688024501173709,2.0,9.0,29.0,84.0,117.0,4.6089859613844615,6.790592052408453,0.3270151869158878,0.45004380841121494,0.5273218457943926,0.6340245327102804,0.6416033878504673,0.6900554906542056,2.0,9.0,28.0,84.0,116.0,4.600483795582673,6.782125878357133,0.32557870370370373,0.44939236111111114,0.5260416666666666,0.6321469907407408,0.6397280092592592,0.6887731481481482,2.0,9.0,28.0,84.0,116.0,4.6028477874264535,6.778815989595559,0.3262731481481482,0.4507523148148148,0.5276041666666667,0.6344328703703703,0.6411458333333333,0.6890625,2.0,9.0,28.0,84.0,116.0,4.596441203196328,6.769173913878447,0.002771695500606741,0.0034734590677718558,0.0030222016035409307,0.5,0.49607837082461076,0.012107855286087781,0.5905002934272301
coco,000000468332,0,640,424,55.09376474056604,0.4320017688679245,0.49268867924528303,0.5457252358490566,0.6214548938679245,0.6297538325471698,0.6840396521226415,0.0,3.0,24.0,82.0,178.0,4.23228369779719,6.610118010306939,0.4317806603773585,0.4936173349056604,0.5468602594339622,0.623216391509434,0.6316037735849057,0.6860112028301887,0.0,3.0,24.0,82.0,177.0,4.227982250332403,6.605627148645331,0.43443396226415093,0.49534198113207545,0.5487028301886793,0.6246757075471698,0.6334610849056603,0.6872641509433962,0.0,3.0,24.0,81.0,177.0,4.214756584587145,6.591666009697095,0.42936320754716983,0.49074292452830187,0.5444575471698113,0.6214033018867925,0.6308962264150944,0.6835495283018868,0.0,3.0,25.0,82.0,177.0,4.237547351170594,6.607601377265883,0.003423843538192926,0.0036310894428542876,0.0030914361975140124,0.7880950133074057,1.5995604865087159,0.020200684111554647,0.5949034492924529
coco,000000468505,0,640,480,47.12021484375,0.537978515625,0.63248046875,0.688994140625,0.7572819010416667,0.7636653645833333,0.7946158854166666,2.0,5.0,13.0,46.0,173.0,4.144386370727801,6.246606786407379,0.5369010416666666,0.6326692708333334,0.6886458333333333,0.7562760416666666,0.7626953125,0.793984375,2.0,5.0,13.0,46.0,173.0,4.151015049070057,6.24569842652217,0.5345833333333333,0.6308072916666667,0.6870833333333334,0.7548958333333333,0.76125,0.793125,2.0,5.0,14.0,46.0,175.0,4.164153547077621,6.252296736929678,0.5336458333333334,0.6286979166666666,0.6840625,0.7515625,0.75828125,0.7903645833333334,2.0,5.0,14.0,47.0,177.0,4.176410157080989,6.258391441968934,0.003807974653652974,0.0019877758503797803,0.0021919810099896688,0.4841229182759271,1.4128318194321643,0.014344112676893022,0.7651822916666666
coco,000000468965,0,640,480,58.021904296875,0.2648111979166667,0.32828125,0.3812532552083333,0.49958658854166665,0.517060546875,0.618876953125,1.0,14.0,48.0,87.0,126.0,4.887286315028858,6.972902570590957,0.2639973958333333,0.3285546875,0.38115885416666667,0.4997786458333333,0.5175390625,0.6183723958333334,1.0,14.0,48.0,87.0,126.0,4.890770283762437,6.973197645011247,0.2640885416666667,0.32669270833333336,0.37838541666666664,0.497734375,0.515546875,0.61796875,1.0,14.0,48.0,87.0,127.0,4.895472447775399,6.976574598665207,0.26567708333333334,0.3290104166666667,0.37953125,0.49786458333333333,0.5161458333333333,0.618125,1.0,14.0,48.0,87.0,126.0,4.886753167011305,6.964050332925606,0.002215828705154334,0.002642842281697443,0.0015983271807995386,0.4841229182759271,0.24206145913796356,0.007854970674752436,0.48062825520833335
coco,000000470121,0,640,480,40.715703125,0.381630859375,0.48583333333333334,0.5758333333333333,0.7039225260416667,0.7146126302083333,0.7894010416666667,2.0,8.0,24.0,56.0,101.0,4.381250140278235,6.664245101811562,0.3810677083333333,0.48528645833333334,0.5753776041666666,0.7041666666666667,0.7149088541666667,0.7891145833333333,2.0,8.0,25.0,56.0,101.0,4.381460929735686,6.664771629206794,0.381484375,0.4833854166666667,0.5756770833333333,0.7042447916666666,0.7146875,0.788125,2.0,8.0,25.0,56.0,102.0,4.380979346846607,6.66485835808765,0.37984375,0.4840625,0.5749479166666667,0.7025520833333333,0.7140104166666666,0.7872916666666666,2.0,8.0,25.0,56.0,102.0,4.381606510141621,6.662031651261091,0.001480912302316287,0.0021363691981243485,0.0022382179060444728,0.4841229182759271,1.1021995055342748,0.00502834345568164,0.7128450520833334
coco,000000470173,0,446,640,60.410411995515695,0.29389363789237666,0.4025714686098655,0.48697099215246636,0.5892096412556054,0.5982798486547085,0.6640099495515696,6.0,13.0,33.0,88.0,152.0,5.069667597775405,6.941913290167832,0.29285714285714287,0.40115792410714285,0.48550502232142856,0.5876395089285714,0.5963448660714286,0.6628487723214286,6.0,13.0,34.0,88.0,152.0,5.07757973115528,6.944264399922611,0.29408482142857145,0.4006138392857143,0.4860770089285714,0.5869698660714285,0.5960658482142858,0.6606026785714286,6.0,13.0,34.0,89.0,154.0,5.083575376147253,6.9401617202997885,0.2941964285714286,0.40083705357142857,0.48348214285714286,0.5844866071428572,0.5941964285714286,0.6604910714285714,6.0,13.0,34.0,89.0,154.0,5.085276461803907,6.943179891040436,0.0029804439937980735,0.0029583935546205658,0.002661823879252744,0.4841229182759271,2.1130176880471208,0.011935922641496595,0.4937254764573991
coco,000000473237,0,640,426,27.742623973004694,0.6611318955399061,0.7252237382629108,0.7652362089201878,0.8141505281690141,0.819487235915493,0.8548268779342723,0.0,2.0,7.0,28.0,92.0,3.2401710134676684,5.699008927097147,0.6617406542056075,0.725919976635514,0.7659754672897197,0.8141209112149532,0.8198014018691588,0.8551985981308411,0.0,2.0,7.0,28.0,91.0,3.2389130157050983,5.695454382477203,0.6626736111111111,0.7264467592592593,0.7677083333333333,0.8155381944444444,0.820775462962963,0.8554976851851852,0.0,2.0,7.0,28.0,90.0,3.2340178369080537,5.686328196176649,0.6633101851851851,0.7269675925925926,0.7671875,0.8154513888888889,0.8206597222222223,0.8563078703703704,0.0,2.0,7.0,28.0,90.0,3.2345832817992988,5.683120524842567,0.0016951678141815584,0.001530452074691953,0.0011712988592874661,0.24206145913796356,0.9682458365518543,0.0037951981466162843,0.8223481514084507
coco,000000473406,0,480,640,38.539052734375,0.4850390625,0.5678743489583333,0.658408203125,0.7887174479166666,0.7983170572916667,0.84576171875,1.0,4.0,17.0,42.0,91.0,3.9542445599890574,6.063934089767064,0.48518229166666665,0.567578125,0.6577473958333333,0.7875520833333334,0.7970442708333333,0.8447526041666666,1.0,4.0,17.0,42.0,91.0,3.957447863759265,6.067624976211834,0.481875,0.5650260416666667,0.657421875,0.7865625,0.7959375,0.84453125,1.0,4.0,17.0,42.0,92.0,3.969146442430554,6.071736409784304,0.4817708333333333,0.56484375,0.6565104166666667,0.78609375,0.7955208333333333,0.8443229166666667,1.0,4.0,17.0,42.0,92.0,3.97345407478729,6.077240190454208,0.002785515075938607,0.0013167106460115444,0.0018310568576376,0.0,1.3095204274848102,0.011483910505089925,0.7911197916666667
coco,000000473869,0,640,426,19.2432695129108,0.6489950117370892,0.7273584213615023,0.8086414319248826,0.8961157570422535,0.9013974471830986,0.9286384976525821,0.0,1.0,7.0,26.0,49.0,2.917987447504946,5.333927856952199,0.6504672897196262,0.7291471962616822,0.8103533878504673,0.8966267523364486,0.9019421728971962,0.928767523364486,0.0,1.0,7.0,26.0,49.0,2.9116164115209764,5.326111682453884,0.6528645833333333,0.7306712962962963,0.8102141203703703,0.8960648148148148,0.9013020833333333,0.9284143518518518,0.0,1.0,7.0,26.0,49.0,2.8974033925284544,5.310877110603979,0.6516782407407408,0.7296296296296296,0.8086805555555555,0.8960648148148148,0.900636574074074,0.9272569444444444,0.0,1.0,7.0,26.0,49.0,2.899464749414037,5.309579745446454,0.0034367950141270605,0.0022870284722667105,0.0016788515994058664,0.0,0.6584783595532961,0.0199865746322438,0.9061876467136151
coco,000000474095,0,332,500,64.19939156626506,0.3230481927710843,0.40401807228915665,0.4822289156626506,0.5680722891566266,0.5773493975903614,0.6274939759036144,2.0,10.0,34.0,103.0,175.0,4.866598458833466,7.088665684186813,0.320433734939759,0.40156626506024096,0.47971084337349396,0.5658795180722892,0.5752289156626506,0.6252048192771085,2.0,10.0,35.0,103.0,175.0,4.874848565434204,7.091730770410171,0.3199942627653471,0.4004589787722318,0.4782463186077644,0.5646873207114171,0.5742015681774718,0.6233027347485178,2.0,11.0,35.0,104.0,175.0,4.880063704916488,7.094663298969108,0.3179327286470144,0.3964474678760393,0.47590702947845803,0.5619803476946335,0.5712396069538926,0.6208427815570673,2.0,11.0,35.0,105.0,177.0,4.8959377342189985,7.097479999043651,0.0027821529162694197,0.0034672122149582915,0.003672581389206105,0.582961190818051,1.5811388300841898,0.016092038867456925,0.5732409638554217
coco,000000474164,0,632,640,50.1107421875,0.37849337420886076,0.4547690862341772,0.5179489715189873,0.606640625,0.614092167721519,0.6670539952531646,0.0,6.0,29.0,89.0,127.0,4.408805174746089,6.703356863590038,0.37715585443037974,0.45339200949367087,0.5172666139240506,0.6062598892405063,0.6134592563291139,0.6665644778481012,0.0,6.0,29.0,89.0,128.0,4.415094583935854,6.7063035035213066,0.3739517405063291,0.4491099683544304,0.5129549050632911,0.6015031645569621,0.6088409810126583,0.6624802215189873,0.0,6.0,30.0,90.0,129.0,4.431077183653279,6.714945657501177,0.3785996835443038,0.45494462025316457,0.517879746835443,0.6064477848101266,0.6138053797468355,0.6657832278481013,0.0,6.0,29.0,90.0,129.0,4.411708273943341,6.696407339509866,0.0047519569292203976,0.0049373265034502655,0.005121624196316817,0.8267972847076845,1.0734727523323542,0.022834587983085734,0.5707748219936709
coco,000000477689,0,458,640,96.80586108078603,0.326978711790393,0.35985944323144103,0.39638714519650653,0.47919964519650654,0.4876705786026201,0.5362138373362445,0.0,5.0,52.0,205.0,255.0,4.9512982938625925,5.909400479224948,0.3265625,0.35959239130434784,0.39661684782608697,0.47880434782608694,0.48716032608695653,0.5354347826086957,0.0,5.0,53.0,201.0,255.0,4.9493963962002425,5.913506786792102,0.32394021739130435,0.3575271739130435,0.3929891304347826,0.47554347826086957,0.48385869565217393,0.531875,0.0,5.0,53.0,209.0,255.0,4.973001533157759,5.920676314992978,0.3332435344827586,0.3660021551724138,0.40247844827586204,0.4831896551724138,0.4913254310344828,0.539709051724138,0.0,5.0,52.0,206.0,255.0,4.904349466325301,5.8533202224704155,0.006918758672741237,0.00718040154451387,0.006249008717368228,1.4563975247163805,0.0,0.05470355235206192,0.5096752183406114
coco,000000479448,0,500,374,40.87886096256685,0.323951871657754,0.41502139037433156,0.50075935828877,0.6363636363636364,0.6507272727272727,0.755283422459893,0.0,10.0,31.0,63.0,92.0,4.394493095768274,6.54208570196812,0.32340425531914896,0.41493617021276596,0.5002553191489362,0.637127659574468,0.6512978723404256,0.7548936170212766,0.0,10.0,31.0,63.0,92.0,4.399084891236205,6.54323382718872,0.3224255319148936,0.41302127659574467,0.49906382978723407,0.6352765957446809,0.6503829787234042,0.7537021276595745,0.0,10.0,32.0,63.0,92.0,4.406221992495288,6.545977397867551,0.32109084768659235,0.41033434650455924,0.49907125970955757,0.6345829111786558,0.6502026342451874,0.7537149611617697,0.0,10.0,32.0,63.0,92.0,4.409889122556017,6.536280917287171,0.0029913605112772395,0.00231763971398477,0.0021206513518023055,0.49607837082461076,0.3903123748998999,0.013533229765027062,0.6281657754010695
coco,000000479732,0,640,428,102.89832797897196,0.18298043224299065,0.22850467289719625,0.2669392523364486,0.3395772488317757,0.34775846962616824,0.40830534462616824,6.0,28.0,88.0,165.0,237.0,5.860697326924577,7.283235812541908,0.18275408878504673,0.2283878504672897,0.2672897196261682,0.3398802570093458,0.3477511682242991,0.40876168224299064,6.0,28.0,88.0,165.0,237.0,5.859280514664705,7.278554451525613,0.1826678240740741,0.22763310185185184,0.2660300925925926,0.33880208333333334,0.3464699074074074,0.4086226851851852,6.0,28.0,89.0,166.0,237.0,5.866136612824967,7.275713696692048,0.1840277777777778,0.22876157407407408,0.2679976851851852,0.33975694444444443,0.3472222222222222,0.41116898148148145,6.0,28.0,89.0,165.0,237.0,5.856951885841546,7.263628719365071,0.0016361656625238053,0.0018728091958666684,0.0021115780689090397,0.7043392293490403,0.0,0.011751898662072923,0.2718019859813084
coco,000000479912,0,478,640,95.02816749476987,0.1403406119246862,0.18011244769874477,0.21512160041841005,0.2885362186192469,0.2949660041841004,0.35443253138075315,9.0,38.0,88.0,149.0,180.0,5.9045415086178545,7.453031401923873,0.14126302083333334,0.18084635416666667,0.21658854166666666,0.2903125,0.29635416666666664,0.355859375,9.0,38.0,88.0,149.0,180.0,5.898860420907519,7.452124900067323,0.14122395833333334,0.18098958333333334,0.21799479166666666,0.2940364583333333,0.30046875,0.35989583333333336,9.0,37.0,87.0,149.0,180.0,5.894019302970137,7.453231767058714,0.14010416666666667,0.18,0.2165625,0.29161458333333334,0.2977604166666667,0.35640625,9.0,38.0,88.0,150.0,180.0,5.902120915009795,7.448256484633529,0.0022561732660295185,0.003133475325776156,0.004756510371343416,0.6614378277661477,0.33071891388307384,0.01251152134316755,0.17406184623430962
coco,000000480275,0,640,470,42.86493018617021,0.5287533244680851,0.57625,0.6159109042553191,0.6757746010638298,0.6824135638297872,0.7300299202127659,0.0,1.0,12.0,69.0,131.0,3.583291463909047,5.9929536881892185,0.5265625,0.5759533898305085,0.615479343220339,0.6749470338983051,0.6813824152542373,0.72890625,0.0,1.0,12.0,70.0,131.0,3.593059521846946,6.0045578463458,0.5267213983050848,0.5763241525423729,0.6154925847457627,0.673728813559322,0.6802171610169492,0.7280720338983051,0.0,1.0,12.0,70.0,132.0,3.591526268073051,5.99574967693041,0.5251059322033899,0.573093220338983,0.6124470338983051,0.672510593220339,0.6791313559322034,0.7266949152542372,0.0,1.0,12.0,70.0,133.0,3.6018348665504085,5.997308715440731,0.0031932870948956707,0.0038757566174463776,0.003503603027306274,0.5266343608235224,1.25,0.016588258942344697,0.6351363031914894
coco,000000480944,0,480,640,50.05553385416667,0.37554361979166667,0.4541015625,0.5199055989583333,0.6163118489583334,0.6261360677083333,0.6804720052083333,4.0,9.0,29.0,85.0,129.0,4.7388371069752,6.841049246810029,0.3747786458333333,0.4521614583333333,0.5183203125,0.6149088541666666,0.6248046875,0.6786458333333333,4.0,9.0,29.0,85.0,129.0,4.747407465264393,6.847275302390667,0.37255208333333334,0.4490104166666667,0.51703125,0.6141666666666666,0.6244270833333333,0.6785677083333334,4.0,9.0,29.0,86.0,129.0,4.753427836717539,6.848191990770355,0.37713541666666667,0.45145833333333335,0.5173958333333334,0.6132291666666667,0.6234895833333334,0.6783333333333333,4.0,9.0,29.0,86.0,130.0,4.748006484755506,6.848905983703617,0.0035227536113173266,0.0031818408469841816,0.00275717298797276,0.5555121510822243,0.6343057228182637,0.0107576741999838,0.5848177083333334
coco,000000481390,0,640,480,75.06780924479166,0.2943359375,0.33228515625,0.36824869791666665,0.4320149739583333,0.44086263020833333,0.5023307291666667,0.0,9.0,63.0,126.0,171.0,4.9675214228526015,6.992092274568189,0.2960286458333333,0.3337109375,0.36899739583333335,0.43279947916666667,0.4419140625,0.5041796875,0.0,9.0,63.0,126.0,171.0,4.961828660591399,6.986408456375253,0.299453125,0.33729166666666666,0.372421875,0.43549479166666666,0.4446614583333333,0.50734375,0.0,9.0,62.0,126.0,171.0,4.9412157605766245,6.966789773278662,0.30083333333333334,0.33838541666666666,0.3728125,0.43572916666666667,0.4444270833333333,0.5080729166666667,0.0,8.0,62.0,126.0,173.0,4.933883495013985,6.955581389710242,0.0036588078288880706,0.0032579090359231653,0.002994336964462031,0.7473912964438374,0.9164298936634487,0.018475592764854498,0.357666015625
coco,000000482275,0,640,480,57.82723307291667,0.43352864583333334,0.494150390625,0.5403125,0.6127115885416666,0.6207421875,0.67296875,2.0,6.0,24.0,89.0,164.0,4.54384442128132,6.742516548692672,0.43309895833333334,0.49485677083333335,0.5417447916666667,0.6129817708333334,0.6210677083333334,0.6727994791666667,2.0,6.0,24.0,89.0,163.0,4.540621831383857,6.7386880981149515,0.4340625,0.49450520833333333,0.5415885416666667,0.6135677083333333,0.6218229166666667,0.672734375,2.0,6.0,24.0,89.0,163.0,4.537920171463122,6.7375372490358,0.433125,0.49354166666666666,0.5408854166666667,0.61109375,0.6201041666666667,0.67140625,2.0,6.0,24.0,89.0,163.0,4.539509593145042,6.740307570397055,0.0020868703698452857,0.0021497391890015764,0.0026136221569078855,0.5590169943749475,1.346291201783626,0.008418485376819905,0.6050716145833334
coco,000000483050,0,640,478,50.767037133891215,0.500111140167364,0.561270920502092,0.6133008629707113,0.6648535564853556,0.6687238493723849,0.6975189592050209,2.0,4.0,15.0,80.0,157.0,4.222615083718536,6.482823995719437,0.5013151041666667,0.563046875,0.6157161458333333,0.6665755208333334,0.6706901041666666,0.6990364583333334,2.0,4.0,15.0,80.0,157.0,4.216385244474279,6.474235293491057,0.5011197916666666,0.5627604166666667,0.6157552083333333,0.6662239583333334,0.6702864583333333,0.69875,2.0,4.0,15.0,80.0,157.0,4.215329628336392,6.46595919551352,0.5018229166666667,0.5629166666666666,0.6157291666666667,0.66625,0.6703645833333334,0.6991666666666667,2.0,4.0,15.0,80.0,157.0,4.210485541257408,6.46314581427464,0.0023643392283842738,0.002965898704920753,0.0025921256236005915,0.4330127018922193,0.9921567416492215,0.015390051636436777,0.6555112447698744
coco,000000483999,0,640,428,46.36602292640187,0.4412346670560748,0.5127153913551402,0.581363171728972,0.6830351927570093,0.6944253796728972,0.7741639894859813,1.0,3.0,22.0,59.0,122.0,4.086783046696188,6.286653533743284,0.438419976635514,0.5110251168224299,0.5807096962616822,0.6827102803738317,0.6947721962616823,0.7748831775700935,1.0,3.0,22.0,59.0,122.0,4.095321599959413,6.287801813688409,0.4370659722222222,0.5081018518518519,0.5772858796296296,0.6806134259259259,0.6929976851851852,0.7758101851851852,1.0,3.0,22.0,59.0,121.0,4.097556369685851,6.290740889398043,0.4379050925925926,0.5082175925925926,0.5775462962962963,0.6809027777777777,0.6928240740740741,0.7759259259259259,1.0,3.0,22.0,59.0,124.0,4.094230323597775,6.281871676555936,0.00434656946112225,0.004312338792118573,0.0034149931853728137,0.4841229182759271,2.6190408549696205,0.015686274100361306,0.704800671728972
coco,000000484415,0,320,240,29.8508203125,0.5336458333333334,0.6564453125,0.7154817708333333,0.8025651041666667,0.8144010416666667,0.8619661458333333,2.0,6.0,14.0,38.0,81.0,3.908887558427361,6.130669224088682,0.5333333333333333,0.6559375,0.7159375,0.8019791666666667,0.81390625,0.8613541666666666,2.0,6.0,14.0,38.0,81.0,3.9144910640839914,6.126921344166803,0.53375,0.6545833333333333,0.7157291666666666,0.8019791666666667,0.8145833333333333,0.8616666666666667,2.0,6.0,14.0,39.0,82.0,3.917862265591153,6.119550003154776,0.5333333333333333,0.6497916666666667,0.7095833333333333,0.7939583333333333,0.8089583333333333,0.8570833333333333,2.0,6.0,14.0,40.0,82.0,3.926362895486419,6.115497160178914,0.004211348960777828,0.005137919199873329,0.003974661362016674,0.33071891388307384,1.118033988749895,0.011065816847284811,0.8036848958333334
coco,000000485424,0,640,480,38.34816080729167,0.2566861979166667,0.41113606770833333,0.5575162760416666,0.7533561197916666,0.7703255208333334,0.8608756510416666,9.0,15.0,28.0,47.0,75.0,4.849072548293699,6.434155734493702,0.2576171875,0.41227864583333335,0.5587239583333333,0.7546614583333333,0.7719270833333334,0.8621223958333334,9.0,15.0,28.0,47.0,75.0,4.845348942576516,6.4274897117810115,0.25763020833333333,0.4137239583333333,0.55828125,0.7538802083333334,0.7706510416666666,0.86203125,9.0,15.0,28.0,47.0,75.0,4.847256666358112,6.425382209959739,0.25895833333333335,0.41734375,0.56078125,0.75609375,0.7719270833333334,0.8638541666666667,9.0,15.0,28.0,47.0,75.0,4.8405525679576185,6.415128726358802,0.0015908746316543954,0.0027653698896335475,0.002796146271839927,0.0,0.6614378277661477,0.00666465386332524,0.7870735677083334
coco,000000488075,0,640,480,62.850504557291664,0.21956705729166667,0.301845703125,0.38990234375,0.5187141927083333,0.5336848958333333,0.6324479166666667,5.0,19.0,45.0,96.0,150.0,5.203790969654533,7.1791282267214065,0.21850260416666667,0.3013151041666667,0.38873697916666666,0.5187760416666667,0.5337890625,0.6321744791666667,5.0,19.0,45.0,96.0,150.0,5.206111539509305,7.178342853352703,0.218984375,0.300625,0.38934895833333333,0.5199479166666666,0.5350260416666667,0.6325260416666667,5.0,19.0,45.0,96.0,150.0,5.20161506584276,7.178067626144816,0.21880208333333334,0.29890625,0.38666666666666666,0.5171875,0.5325520833333334,0.6308333333333334,5.0,19.0,45.0,96.0,150.0,5.204353456114213,7.178001244819609,0.002027801455471272,0.0026155917995163242,0.0019276551094322273,0.4330127018922193,0.7806247497997998,0.010785461065769145,0.5141276041666667
coco,000000488166,0,360,640,79.094765625,0.46301649305555553,0.5219053819444445,0.5629253472222222,0.6112413194444445,0.6156987847222222,0.6436371527777778,1.0,3.0,20.0,157.0,255.0,4.468588948120993,5.82281093544138,0.4600694444444444,0.5184722222222222,0.5593576388888889,0.6066145833333333,0.6110416666666667,0.6394965277777778,1.0,3.0,20.0,163.0,255.0,4.4932431754589395,5.8340308123321805,0.4534722222222222,0.5107986111111111,0.5523263888888889,0.6014583333333333,0.6059027777777778,0.6339930555555555,1.0,4.0,22.0,169.0,255.0,4.533195762319096,5.857498821329152,0.45340277777777777,0.5120138888888889,0.5530555555555555,0.6008333333333333,0.605625,0.6338888888888888,1.0,4.0,22.0,169.0,255.0,4.53062403609821,5.8454951814573235,0.005476156181542231,0.0058619335977505614,0.005911628819025545,0.9270248108869579,0.0,0.03642021623317885,0.5999956597222222
coco,000000488592,0,480,640,49.621865234375,0.47763671875,0.5568684895833333,0.6264322916666667,0.7186263020833333,0.7268001302083333,0.7715690104166667,0.0,4.0,17.0,56.0,179.0,4.058754847937647,6.315427372273679,0.47696614583333335,0.5568229166666666,0.6256380208333333,0.7190104166666667,0.7273046875,0.7713541666666667,0.0,4.0,18.0,56.0,181.0,4.060067752019293,6.316093631103819,0.47411458333333334,0.5538802083333333,0.622734375,0.716953125,0.725390625,0.7696614583333333,0.0,4.0,18.0,56.0,180.0,4.066952816838238,6.325011247183063,0.4759375,0.5556770833333333,0.62375,0.71859375,0.72734375,0.7715104166666666,0.0,4.0,18.0,55.0,179.0,4.057539998822683,6.313447681275079,0.003158880734207455,0.003425246468220289,0.0032629578978326515,0.5,2.1469455046647083,0.01468687845306327,0.7182161458333334
coco,000000488664,0,628,488,130.16875391563119,0.25101480108593505,0.2818862900699593,0.3063002506003968,0.33581758379450766,0.33861073405032893,0.35668463506317216,1.0,15.0,155.0,235.0,255.0,5.816670096294883,6.242079456143421,0.25137047091991227,0.2828651978698966,0.3080296543802861,0.3376448783543907,0.3406207580662003,0.35820194215307505,1.0,15.0,156.0,237.0,255.0,5.802738783775094,6.208388862562866,0.254124464863736,0.2860238070376945,0.3128850370679754,0.34392294037798893,0.34668998642581184,0.3647018899446591,1.0,15.0,155.0,235.0,255.0,5.779739005655812,6.219321157172969,0.24512346959950196,0.27542021166217057,0.30058103340942105,0.33165594521685,0.3343536003320191,0.3514733347167462,1.0,17.0,157.0,240.0,255.0,5.85099463479194,6.211187988574391,0.007587229844054154,0.010037188399624562,0.010712329998129586,1.6909686573085854,0.0,0.05878820546840428,0.3318105878667641
coco,000000489924,0,612,612,56.64944038617626,0.11356209150326797,0.20418161818104147,0.30040262292280745,0.4764940834721688,0.49642765602973216,0.6378689820154642,15.0,27.0,50.0,78.0,113.0,5.492716692150669,6.901050164673249,0.1136955871673288,0.20351146994745611,0.29980990217437736,0.47527660301593405,0.49634755863129565,0.637041308898287,15.0,27.0,50.0,78.0,113.0,5.4947252305584255,6.901982636725275,0.11393345216874629,0.20520329343858756,0.3025210084033613,0.47729394788218316,0.498896528308293,0.6396316102198455,15.0,27.0,50.0,77.0,113.0,5.488886053222905,6.898531748955239,0.11532298869961208,0.20720188902007083,0.3070500927643785,0.47984483049418114,0.5016866250632485,0.6430679709900489,14.0,27.0,49.0,77.0,111.0,5.477789362237659,6.889426158847979,0.0018034355272879578,0.004229149154718898,0.004534294705600927,0.4330127018922193,0.5555121510822243,0.011666565237050681,0.4270873382032552
coco,000000490936,0,480,640,51.822018229166666,0.373017578125,0.43510091145833335,0.5053841145833333,0.6235546875,0.6354947916666667,0.71552734375,1.0,5.0,31.0,71.0,136.0,4.443748862713647,6.711983964180929,0.371484375,0.434140625,0.5048828125,0.6236067708333334,0.635546875,0.7163020833333333,1.0,5.0,31.0,71.0,136.0,4.446005270495697,6.707794865390896,0.37111979166666664,0.43494791666666666,0.50640625,0.624453125,0.6356510416666666,0.7169270833333333,1.0,5.0,31.0,71.0,136.0,4.444048225717275,6.703047326665689,0.37057291666666664,0.43640625,0.5077083333333333,0.62625,0.6376041666666666,0.7185416666666666,1.0,5.0,31.0,70.0,134.0,4.431732918492998,6.687427971987473,0.0025886562022730294,0.0029925758899912182,0.003339735875856962,0.0,1.5761900266148114,0.014846024799537961,0.6234212239583333
coco,000000491090,0,478,640,45.50091527196653,0.41477510460251044,0.49637813807531384,0.5840448483263598,0.6932694822175732,0.7024320083682009,0.7659584205020921,1.0,4.0,24.0,60.0,126.0,4.195648284236152,6.504455792455556,0.41442708333333333,0.4966276041666667,0.5837890625,0.692734375,0.7015625,0.7657421875,1.0,4.0,24.0,60.0,127.0,4.199233594178556,6.504202853030373,0.41315104166666666,0.49552083333333335,0.5828385416666667,0.6919270833333333,0.7011979166666666,0.7653125,1.0,4.0,24.0,61.0,128.0,4.206332442426497,6.507095327240933,0.41192708333333333,0.49265625,0.5805729166666667,0.6906770833333333,0.7006770833333333,0.7653125,1.0,4.0,24.0,61.0,129.0,4.213649618552523,6.500145794858291,0.0024973277235943404,0.0033126429844245017,0.002015449485337576,0.33071891388307384,1.653594569415369,0.012574372858587058,0.7040271966527196
coco,000000491757,0,640,478,109.31300666841004,0.0319364539748954,0.048957243723849374,0.0709401150627615,0.10794979079497909,0.11117939330543933,0.13504510983263598,43.0,82.0,108.0,145.0,167.0,6.584954396226565,7.017038789339203,0.031888020833333336,0.048736979166666666,0.0709375,0.1076953125,0.1108984375,0.13506510416666667,43.0,82.0,108.0,145.0,167.0,6.585832027634306,7.015141770891552,0.032526041666666665,0.049192708333333335,0.07091145833333333,0.108125,0.11119791666666666,0.13552083333333334,43.0,82.0,108.0,145.0,167.0,6.583685520180446,7.0155655028454245,0.03244791666666667,0.048541666666666664,0.07015625,0.10875,0.11166666666666666,0.1353125,43.0,82.0,108.0,145.0,167.0,6.584323116827784,7.010847916214644,0.00047948872281821254,0.0006247713734484757,0.0009473527637750006,0.33071891388307384,0.0,0.0026335291296506903,0.10441945606694561
coco,000000492878,0,640,640,68.58437744140625,0.3327685546875,0.38885009765625,0.43842041015625,0.51843994140625,0.52677734375,0.58756591796875,0.0,5.0,44.0,119.0,181.0,4.636930747700486,6.715212696240989,0.33318359375,0.389638671875,0.438916015625,0.518955078125,0.5273828125,0.5873828125,0.0,6.0,43.0,119.0,181.0,4.635470456810878,6.709460687214673,0.334140625,0.3895703125,0.43935546875,0.5206640625,0.52810546875,0.58763671875,0.0,6.0,43.0,117.0,181.0,4.629881079721123,6.705556835748842,0.3344921875,0.39078125,0.440625,0.5213671875,0.52890625,0.588046875,0.0,6.0,43.0,116.0,181.0,4.628702575068686,6.704871339080144,0.0013114965326726524,0.0016710333443630053,0.0017785238184112886,0.5,0.6614378277661477,0.0095184969603052,0.42720947265625
coco,000000493772,0,640,640,63.6826025390625,0.298916015625,0.38736572265625,0.45693603515625,0.547333984375,0.55679443359375,0.61902587890625,6.0,12.0,39.0,99.0,161.0,5.1342857646272115,7.136240565342349,0.298857421875,0.386337890625,0.4562890625,0.5469921875,0.556572265625,0.619033203125,6.0,12.0,39.0,99.0,161.0,5.137716462503362,7.135610829148359,0.29728515625,0.385078125,0.45451171875,0.54421875,0.554375,0.6181640625,6.0,13.0,39.0,99.0,161.0,5.146066701421612,7.138432423578453,0.2970703125,0.384921875,0.45359375,0.5437890625,0.5545703125,0.61890625,6.0,13.0,39.0,99.0,161.0,5.1479533764405145,7.137451848614735,0.0016087218505483332,0.0012581345992804633,0.0014467943173152135,0.46351240544347894,0.7071067811865476,0.007575885926849198,0.533251953125
coco,000000494188,0,480,640,62.54532552083333,0.370615234375,0.39946940104166667,0.43535481770833334,0.5011490885416666,0.5100553385416666,0.5995670572916667,0.0,2.0,47.0,105.0,161.0,4.446323269106036,6.5960833845732365,0.36932291666666667,0.39846354166666664,0.43389322916666667,0.4998046875,0.5089453125,0.597578125,0.0,2.0,48.0,105.0,161.0,4.453430562213743,6.60149291571547,0.37005208333333334,0.39966145833333333,0.43419270833333334,0.4995833333333333,0.5091145833333334,0.5964322916666667,0.0,2.0,48.0,107.0,161.0,4.450696698488008,6.595637684739631,0.36755208333333333,0.3961458333333333,0.4315104166666667,0.49963541666666667,0.5094791666666667,0.5949479166666667,0.0,2.0,48.0,107.0,161.0,4.462230896286369,6.601814264644558,0.003102196462877083,0.003022753226000112,0.003001773380724524,0.7043392293490403,0.7806247497997998,0.012637271488344266,0.44851888020833336
coco,000000494913,0,640,428,73.11710718457944,0.30705315420560747,0.350668078271028,0.3879234813084112,0.44985032126168223,0.45700569509345795,0.5208455023364486,1.0,8.0,60.0,108.0,185.0,4.922175642587872,6.84420050239982,0.30570969626168226,0.3491676401869159,0.3857476635514019,0.4485105140186916,0.4555052570093458,0.5187792056074766,1.0,8.0,60.0,109.0,185.0,4.931601291972798,6.846199593993132,0.3039351851851852,0.34652777777777777,0.3826967592592593,0.44580439814814815,0.45306712962962964,0.5174479166666667,1.0,8.0,60.0,110.0,185.0,4.943230192005307,6.858910503826921,0.30190972222222223,0.34542824074074074,0.3809606481481482,0.44548611111111114,0.45295138888888886,0.5159722222222223,1.0,8.0,61.0,110.0,187.0,4.954355833308545,6.855436109584855,0.003943793788796654,0.003974011165854416,0.0034866164890284615,0.5590169943749475,1.4882351124738322,0.02185174375599155,0.4129745911214953
coco,000000497344,0,500,332,41.382981927710844,0.5312650602409639,0.578144578313253,0.621078313253012,0.680156626506024,0.6871024096385542,0.7359156626506024,0.0,1.0,6.0,68.0,122.0,3.4127347626886064,5.7302317351740655,0.5327469879518072,0.5794939759036145,0.6220240963855421,0.679855421686747,0.686843373493976,0.7352530120481928,0.0,1.0,6.0,68.0,122.0,3.406339736736879,5.720194782764958,0.5342857142857143,0.582,0.6242857142857143,0.6825238095238095,0.6890952380952381,0.7376190476190476,0.0,1.0,6.0,68.0,121.0,3.395585913674838,5.705042480890249,0.5331632653061225,0.5810657596371882,0.624244142101285,0.683390022675737,0.6901927437641724,0.7391345427059712,0.0,1.0,7.0,67.0,120.0,3.4007483043742504,5.712977457667867,0.003522014132491039,0.003006932673492971,0.0031711769025726286,0.6959705453537527,1.71277370075559,0.018017257084373038,0.6640602409638554
coco,000000498709,0,640,424,62.68737470518868,0.20260170990566037,0.27687573702830187,0.3482642983490566,0.48466244103773587,0.5000994988207547,0.6010465801886793,7.0,20.0,49.0,92.0,139.0,5.332008937203249,7.1905950143154955,0.20383254716981133,0.27719634433962265,0.34911556603773586,0.48475825471698114,0.5003537735849056,0.6011055424528302,7.0,20.0,49.0,92.0,139.0,5.330723529795987,7.190736036716537,0.20474646226415094,0.28104363207547167,0.35112028301886794,0.4854952830188679,0.4998820754716981,0.6012087264150944,7.0,20.0,50.0,92.0,141.0,5.329673122682234,7.192929558136418,0.20224056603773585,0.2798938679245283,0.34911556603773586,0.4835495283018868,0.4986438679245283,0.5995283018867924,7.0,20.0,50.0,93.0,141.0,5.3404873656467435,7.197248117299815,0.0022904273633933296,0.0029920784778069893,0.0032642096515126786,0.4841229182759271,1.8360538526960477,0.010372162856629138,0.4475346403301887
coco,000000498807,0,640,426,99.95368984741783,0.15955839201877933,0.170756308685446,0.1829262030516432,0.22490096830985915,0.2311693075117371,0.2958773474178404,3.0,54.0,101.0,145.0,179.0,5.857034935543698,7.211782955563148,0.15918516355140186,0.17016647196261683,0.18285630841121495,0.22502920560747663,0.23111857476635514,0.29591121495327105,3.0,54.0,101.0,145.0,179.0,5.858691381406253,7.215684586022281,0.15671296296296297,0.16782407407407407,0.18055555555555555,0.22337962962962962,0.22934027777777777,0.2955729166666667,3.0,54.0,101.0,145.0,179.0,5.865818637344439,7.216128068248307,0.15671296296296297,0.16689814814814816,0.1804976851851852,0.22181712962962963,0.22743055555555555,0.29311342592592593,3.0,55.0,102.0,145.0,179.0,5.868022589622647,7.204282755356809,0.001983074017920517,0.001987404364125061,0.002139705266322416,0.5,0.8637671850678283,0.007990645983831576,0.1917987089201878
coco,000000499313,0,640,478,37.75573679393305,0.5242056746861925,0.6042821652719665,0.6536774320083683,0.6997613755230125,0.7041219926778243,0.7379216788702929,1.0,4.0,14.0,68.0,116.0,4.013556458809849,6.286468514066672,0.524375,0.6053385416666667,0.6549348958333333,0.7004036458333334,0.7047265625,0.7386979166666666,1.0,4.0,14.0,68.0,115.0,4.006326019464441,6.280238992447477,0.522890625,0.604453125,0.65234375,0.6995572916666667,0.7039322916666667,0.739375,1.0,4.0,14.0,67.0,115.0,4.010724117388737,6.2829209072952406,0.5236458333333334,0.605,0.6532291666666666,0.7009375,0.7058333333333333,0.7409895833333333,1.0,4.0,14.0,66.0,115.0,4.0079487623556345,6.27251623776216,0.0030305498582746332,0.0032970161869790814,0.002282856503911938,0.3903123748998999,0.46351240544347894,0.011028919900718382,0.6873921286610879
coco,000000500211,0,640,480,92.737734375,0.068740234375,0.13614908854166666,0.217919921875,0.33634114583333335,0.349208984375,0.44958984375,19.0,36.0,70.0,120.0,255.0,6.046040212782393,6.973826093782245,0.0681640625,0.13541666666666666,0.21591145833333333,0.3337630208333333,0.34610677083333335,0.44712239583333335,20.0,36.0,70.0,121.0,255.0,6.052756335599315,6.970416743444116,0.066953125,0.133203125,0.213828125,0.3294270833333333,0.34171875,0.443046875,20.0,36.0,71.0,121.0,255.0,6.066033465638886,6.957070569875997,0.06619791666666666,0.13182291666666668,0.21239583333333334,0.32494791666666667,0.33666666666666667,0.4383854166666667,20.0,36.0,71.0,121.0,255.0,6.071974876489779,6.949285470188042,0.0013285358267273871,0.0030559576136083397,0.005531669873754562,0.6123724356957945,0.0,0.014195235126172873,0.28494140625
coco,000000500478,0,328,640,46.34894245426829,0.39623666158536586,0.4680020960365854,0.5241139481707318,0.6133193597560975,0.6211032774390244,0.6829363567073171,1.0,6.0,28.0,78.0,117.0,4.435397967544996,6.703572898550947,0.39609375,0.4680449695121951,0.5257621951219512,0.6146532012195122,0.6225990853658536,0.6840701219512195,1.0,6.0,28.0,78.0,117.0,4.433119225082518,6.702597624916689,0.3924923780487805,0.46665396341463417,0.5264862804878049,0.6169969512195121,0.6248856707317073,0.6847560975609757,1.0,6.0,28.0,78.0,117.0,4.445571318099491,6.708574638649758,0.3899390243902439,0.46722560975609756,0.5272865853658537,0.6173780487804879,0.6259908536585366,0.6867378048780488,1.0,6.0,28.0,78.0,119.0,4.444729890121033,6.704167726332989,0.004204084355196316,0.003188362843193952,0.00284011982518721,0.6123724356957945,0.8660254037844386,0.015008892109395069,0.6258336509146342
coco,000000500716,0,444,500,34.934130630630634,0.4580855855855856,0.6056981981981981,0.7106891891891892,0.8086171171171171,0.8155045045045045,0.8570360360360361,4.0,8.0,17.0,36.0,89.0,4.316952009523679,6.291589698648476,0.45706306306306305,0.6034054054054054,0.7098738738738739,0.8085585585585585,0.8156216216216217,0.8564324324324324,4.0,8.0,17.0,36.0,90.0,4.3222366522818705,6.292981235222586,0.4574932074932075,0.6022451022451022,0.7089232089232089,0.8065565565565566,0.8135635635635635,0.855033605033605,4.0,8.0,17.0,37.0,91.0,4.323257660730098,6.296925197240918,0.4583333333333333,0.6023951247165533,0.7066326530612245,0.8037840136054422,0.810374149659864,0.8541666666666666,4.0,8.0,17.0,37.0,91.0,4.324261467256287,6.298991913468911,0.0016643196920166545,0.0026125997053547366,0.0025477277582132618,0.24206145913796356,1.6189792308735773,0.008215142204926643,0.821472972972973
coco,000000502737,0,480,640,16.828876953125,0.7838541666666666,0.8201009114583333,0.8471321614583334,0.8898958333333333,0.8934407552083333,0.9161393229166667,0.0,0.0,2.0,10.0,53.0,2.191149722179255,4.4028275378184,0.7841666666666667,0.8202864583333334,0.8475911458333333,0.8901822916666666,0.8938671875,0.9161067708333334,0.0,0.0,2.0,10.0,53.0,2.187754188777372,4.398690436873179,0.786171875,0.8222916666666666,0.8484114583333333,0.8906510416666666,0.894296875,0.916640625,0.0,0.0,2.0,10.0,53.0,2.1774686986735015,4.3827971399222925,0.785,0.8203125,0.8469791666666666,0.8905208333333333,0.8942708333333333,0.9172916666666666,0.0,0.0,2.0,10.0,53.0,2.1848738671750576,4.391320342611057,0.0028878670213775015,0.002811020827152421,0.0011598732571402484,0.0,0.5555121510822243,0.01657999691386542,0.896015625
coco,000000505638,0,640,482,90.69704032676349,0.2927904564315353,0.3388453060165975,0.37557053941908713,0.444686851659751,0.4530763744813278,0.5117057831950207,1.0,10.0,60.0,166.0,228.0,5.243263059749102,7.1121319293369805,0.29241993801652894,0.33854597107438017,0.37490960743801655,0.4449896694214876,0.4534220041322314,0.5131844008264462,1.0,10.0,60.0,165.0,228.0,5.241125681853628,7.108886943972332,0.29144467213114755,0.3368340163934426,0.3730276639344262,0.4424436475409836,0.45087090163934423,0.5103995901639344,1.0,10.0,60.0,166.0,226.0,5.250696789386078,7.116032650987873,0.29006147540983607,0.3348360655737705,0.3717213114754098,0.4415983606557377,0.4500512295081967,0.5117827868852459,1.0,10.0,60.0,164.0,226.0,5.258900177704468,7.11559903600056,0.003270663680539084,0.0037923961628060976,0.004032169613468375,0.9333240326917549,0.8660254037844386,0.014338279654544848,0.4306956690871369
coco,000000506310,0,640,424,47.20560141509434,0.4357642983490566,0.4877579599056604,0.541015625,0.6332915683962265,0.642832399764151,0.7190706073113208,0.0,1.0,25.0,70.0,122.0,3.891717071343054,6.138795142613123,0.43605542452830187,0.4883254716981132,0.5416568396226416,0.6348024764150944,0.6440595518867924,0.7204893867924528,0.0,1.0,25.0,70.0,122.0,3.886489711592402,6.132655733465903,0.43316627358490567,0.48534787735849055,0.5395931603773585,0.6331073113207547,0.6424233490566038,0.7202535377358491,0.0,1.0,26.0,70.0,123.0,3.9019919579336033,6.144636551486844,0.43284198113207545,0.4851415094339623,0.5409198113207547,0.6342570754716981,0.6435731132075472,0.7211674528301887,0.0,1.0,26.0,69.0,121.0,3.8967234827585826,6.135103242726225,0.00263975254663031,0.0024749998588310504,0.0030262327327825475,0.6123724356957945,2.517904634810461,0.014738453676967696,0.6549528301886792
coco,000000507037,0,640,480,72.36345703125,0.34961263020833333,0.416875,0.47531575520833336,0.564775390625,0.5784798177083333,0.654296875,2.0,8.0,36.0,98.0,255.0,4.833534347627534,6.353839334183393,0.34877604166666665,0.41604166666666664,0.47446614583333335,0.5632682291666666,0.5775651041666666,0.6533333333333333,2.0,8.0,36.0,99.0,255.0,4.837818917958595,6.352283951455952,0.3455729166666667,0.41234375,0.47125,0.55953125,0.5737760416666666,0.6504947916666667,2.0,8.0,37.0,99.0,255.0,4.854220836830873,6.356887440458387,0.34770833333333334,0.41541666666666666,0.47322916666666665,0.5616666666666666,0.5763541666666666,0.6526041666666667,2.0,8.0,37.0,99.0,255.0,4.846525507584046,6.349187449851829,0.004595264741569496,0.005012072717091594,0.004968440805301032,1.0897247358851685,0.0,0.019820015584572935,0.55685546875
coco,000000507081,0,640,640,28.96665771484375,0.77468505859375,0.788662109375,0.8001708984375,0.8172802734375,0.81928955078125,0.83408935546875,0.0,0.0,0.0,7.0,121.0,1.7495334059243577,3.2286414908792143,0.775673828125,0.789501953125,0.80125,0.818330078125,0.8203515625,0.835146484375,0.0,0.0,0.0,7.0,121.0,1.744995438796588,3.2246034871860694,0.7756640625,0.78912109375,0.80087890625,0.81767578125,0.8196875,0.834140625,0.0,0.0,0.0,7.0,122.0,1.7463826685246147,3.217129366618931,0.775234375,0.78828125,0.799609375,0.817109375,0.8191796875,0.8337890625,0.0,0.0,0.0,7.0,122.0,1.7468251987919923,3.215439891578833,0.0022141697310470846,0.0018983468242073209,0.001538463727784423,0.0,1.2686114456365274,0.009579932120106117,0.81250244140625
coco,000000507473,0,640,480,73.92794921875,0.141748046875,0.21070638020833332,0.28884440104166664,0.428212890625,0.44281575520833333,0.5388346354166667,10.0,28.0,57.0,104.0,167.0,5.564838768321101,7.371248304150774,0.140078125,0.2089453125,0.2863671875,0.42473958333333334,0.4395442708333333,0.5353125,10.0,28.0,58.0,104.0,167.0,5.576773116617113,7.377227516868674,0.13799479166666667,0.20661458333333332,0.28294270833333335,0.421171875,0.43645833333333334,0.5320833333333334,10.0,28.0,59.0,105.0,167.0,5.590333047276415,7.378065085066244,0.13625,0.20453125,0.28020833333333334,0.4184375,0.43307291666666664,0.5280208333333334,11.0,28.0,59.0,105.0,169.0,5.602000667617142,7.378877451175667,0.003362853937378124,0.004852779817911322,0.005567969862930663,0.8454843286542927,1.9364916731037085,0.021569609936186195,0.4091927083333333
coco,000000510095,0,640,428,28.458644859813084,0.5021721670560748,0.6007264894859813,0.683480578271028,0.7995108060747663,0.8106892523364486,0.8729191004672897,2.0,5.0,15.0,40.0,72.0,3.9756950199015635,6.179730017357168,0.5014018691588785,0.60008761682243,0.6825496495327102,0.798992406542056,0.810981308411215,0.8719480140186916,2.0,5.0,15.0,40.0,72.0,3.9780953438817703,6.180984533654525,0.5006944444444444,0.6002314814814815,0.6834780092592593,0.7991608796296297,0.8104745370370371,0.8717881944444444,2.0,5.0,15.0,40.0,72.0,3.9741084647083307,6.179820916031392,0.5042245370370371,0.6031828703703703,0.6850694444444444,0.8003472222222222,0.8115740740740741,0.8732638888888888,2.0,5.0,15.0,40.0,71.0,3.9600716695528484,6.165481989810352,0.003143925546502546,0.002266437014617516,0.0026143605705160277,0.4330127018922193,0.7680128579652817,0.012427283897429241,0.8705461448598131
coco,000000511599,0,640,480,65.59908854166666,0.25283203125,0.2922819010416667,0.33181640625,0.4112369791666667,0.42154296875,0.5061165364583333,2.0,15.0,63.0,98.0,148.0,5.164984444361216,6.945113797388195,0.2537890625,0.295078125,0.33252604166666666,0.41158854166666664,0.4216536458333333,0.5065885416666667,2.0,15.0,62.0,96.0,148.0,5.156843555691801,6.936122253026139,0.257890625,0.301484375,0.33856770833333333,0.418359375,0.42828125,0.5126041666666666,2.0,14.0,62.0,96.0,148.0,5.133935930262141,6.926837820694031,0.25854166666666667,0.30145833333333333,0.3372395833333333,0.41802083333333334,0.42770833333333336,0.5136458333333334,2.0,14.0,62.0,96.0,148.0,5.131960617765097,6.920183871886744,0.005531230229631568,0.006955706132769486,0.007588674711249346,0.9682458365518543,0.0,0.028236759244759723,0.390478515625
coco,000000512476,0,640,426,36.520374853286384,0.554306044600939,0.6249339788732394,0.6757592429577465,0.741362235915493,0.7477552816901408,0.7900491490610329,0.0,1.0,11.0,50.0,114.0,3.5370481417300184,6.016926479574337,0.5554176401869159,0.6258031542056075,0.6760952102803738,0.7416910046728972,0.7481454439252336,0.791179906542056,0.0,1.0,11.0,50.0,113.0,3.529675435099608,6.007326634806958,0.5581597222222222,0.6288483796296296,0.6782986111111111,0.7423900462962963,0.7488425925925926,0.7918981481481482,0.0,1.0,10.0,50.0,113.0,3.5139588873654266,5.989593607064391,0.5552083333333333,0.6259259259259259,0.6763310185185185,0.7418402777777777,0.748900462962963,0.7931712962962963,0.0,1.0,10.0,50.0,112.0,3.515833253863018,5.989393257964171,0.0030192547774670416,0.0019120517947570008,0.0011810445221705304,0.4330127018922193,1.0135796712641785,0.014996265912202262,0.7421691607981221
coco,000000512836,0,480,640,65.57175130208333,0.216962890625,0.3054329427083333,0.37960611979166664,0.47129231770833335,0.479873046875,0.5379915364583333,7.0,18.0,54.0,98.0,152.0,5.3874582001575755,7.059221868094206,0.21772135416666666,0.3064192708333333,0.3807552083333333,0.4726171875,0.48092447916666664,0.539375,7.0,18.0,54.0,97.0,152.0,5.382722039335076,7.054088983795561,0.21854166666666666,0.307265625,0.3823697916666667,0.47270833333333334,0.48109375,0.5404166666666667,7.0,18.0,53.0,97.0,152.0,5.378886156893847,7.055109938275945,0.22020833333333334,0.30927083333333333,0.38645833333333335,0.47604166666666664,0.48401041666666667,0.5424479166666667,7.0,18.0,53.0,97.0,152.0,5.373126993311089,7.047078008927272,0.0017249256505008752,0.0027556814209416312,0.0029536903732709473,0.7806247497997998,0.0,0.00833076795537364,0.490673828125
coco,000000513688,0,640,480,75.570908203125,0.357451171875,0.4429752604166667,0.5291666666666667,0.6168782552083333,0.6233528645833334,0.661611328125,1.0,8.0,28.0,117.0,255.0,4.787534571798026,6.3079802051364915,0.3572005208333333,0.44415364583333333,0.5304947916666667,0.6174348958333333,0.6241666666666666,0.662734375,1.0,8.0,28.0,116.0,255.0,4.7848144035085545,6.306549246614964,0.35466145833333335,0.4429166666666667,0.530546875,0.6166927083333333,0.6238802083333334,0.6630729166666667,1.0,8.0,28.0,116.0,255.0,4.792075000474099,6.308377402093969,0.35578125,0.44447916666666665,0.5327083333333333,0.61875,0.6258854166666666,0.6654166666666667,1.0,8.0,28.0,116.0,255.0,4.781255155228356,6.306909190501605,0.003599617264264578,0.0036395966000998476,0.003139283492079275,0.5994789404140899,0.0,0.01808609391050874,0.6309700520833333
coco,000000515445,0,640,480,47.315296223958335,0.274130859375,0.38369140625,0.4985807291666667,0.6772037760416667,0.691708984375,0.7662858072916666,1.0,14.0,32.0,60.0,113.0,4.66585770232418,6.751027351737982,0.27079427083333335,0.38138020833333336,0.4968359375,0.6753645833333334,0.6896354166666666,0.7648697916666667,1.0,14.0,32.0,60.0,114.0,4.680854025729318,6.757923142221761,0.26739583333333333,0.37828125,0.49247395833333335,0.6731770833333334,0.6865104166666667,0.7604427083333334,2.0,14.0,32.0,61.0,117.0,4.707171950065902,6.7780817083141995,0.26567708333333334,0.376875,0.49114583333333334,0.6732291666666667,0.6872395833333333,0.760625,2.0,15.0,32.0,61.0,117.0,4.708819034701063,6.778748367238062,0.0038730235648146987,0.00333203608383458,0.0026444295528359465,0.49607837082461076,2.368411915187052,0.024828907609094227,0.653720703125
coco,000000520324,0,640,480,74.21315104166666,0.19324869791666666,0.23040690104166667,0.26485026041666665,0.40905924479166667,0.42295247395833335,0.49522786458333334,4.0,28.0,64.0,111.0,167.0,5.4681923133930255,7.205025510645191,0.19131510416666667,0.22830729166666666,0.26295572916666665,0.40694010416666665,0.42109375,0.493671875,4.0,28.0,65.0,111.0,169.0,5.480591223472884,7.206582063647069,0.19020833333333334,0.22674479166666667,0.26036458333333334,0.40557291666666667,0.41901041666666666,0.491015625,4.0,29.0,65.0,111.0,169.0,5.488770455776471,7.205313199725621,0.18921875,0.22583333333333333,0.25864583333333335,0.40453125,0.41822916666666665,0.49046875,4.0,29.0,65.0,111.0,169.0,5.493719716736026,7.204864430456741,0.0026748148092494914,0.0030486481552557455,0.0026304480314406583,0.582961190818051,0.8660254037844386,0.013819080212410345,0.326474609375
coco,000000522007,0,640,480,54.13072265625,0.37952799479166666,0.4637272135416667,0.5328190104166667,0.6315006510416666,0.641103515625,0.703232421875,1.0,6.0,28.0,76.0,154.0,4.532962568001052,6.838864754552803,0.38088541666666664,0.46541666666666665,0.5349739583333334,0.6338541666666667,0.6435286458333334,0.70484375,1.0,6.0,28.0,76.0,154.0,4.523419554870487,6.831202238871335,0.38177083333333334,0.46588541666666666,0.5359375,0.6347395833333334,0.6450260416666667,0.7058854166666667,1.0,6.0,27.0,76.0,154.0,4.522342336124943,6.826007700102526,0.38385416666666666,0.46760416666666665,0.53796875,0.6361979166666667,0.64734375,0.7080729166666667,1.0,6.0,27.0,75.0,152.0,4.510961982251847,6.812839607596198,0.0034583720009721797,0.00355766125421152,0.003682489586762391,0.46351240544347894,1.4361406616345072,0.017777375455584495,0.6387369791666667
coco,000000522889,0,424,640,60.2866413620283,0.311497641509434,0.3311541863207547,0.36880896226415094,0.41143130896226415,0.41698850235849055,0.45861954599056604,0.0,5.0,66.0,83.0,105.0,4.691069127382427,6.1602282897975496,0.31174823113207545,0.33099941037735847,0.36904481132075473,0.412278891509434,0.4176002358490566,0.45972877358490566,0.0,5.0,66.0,83.0,105.0,4.687433320861529,6.154330406560162,0.3116745283018868,0.33089622641509436,0.3697818396226415,0.4140625,0.41966391509433965,0.46273584905660375,0.0,5.0,66.0,83.0,105.0,4.686694130771586,6.163523272214924,0.3104952830188679,0.3295990566037736,0.36821933962264153,0.41226415094339625,0.4178066037735849,0.46126179245283017,0.0,5.0,66.0,83.0,107.0,4.699461698214209,6.169241733054573,0.001203863030017425,0.0016016423738320373,0.0029707178062387154,0.3903123748998999,0.9013878188659973,0.010390176390376591,0.30597361438679244
coco,000000524108,0,640,400,29.161375,0.65210546875,0.717484375,0.767609375,0.82558203125,0.8307109375,0.85970703125,0.0,0.0,5.0,28.0,98.0,2.8076595418125923,5.215139747987502,0.65178125,0.71759375,0.76684375,0.825484375,0.830765625,0.85975,0.0,0.0,5.0,28.0,98.0,2.8063006481472197,5.210718824338658,0.65271875,0.71921875,0.76828125,0.82609375,0.8313125,0.8595625,0.0,0.0,5.0,28.0,98.0,2.8062486381111995,5.2121645151076645,0.6515625,0.7179375,0.7685,0.8276875,0.8328125,0.8613125,0.0,0.0,4.0,28.0,98.0,2.796300631376159,5.1879978707373695,0.003132157330961923,0.0030747125754897768,0.002751054041607285,0.49607837082461076,2.9895651857753496,0.01584979767377463,0.83020703125
coco,000000524456,0,640,480,71.42709635416666,0.31246744791666664,0.37812174479166666,0.43885416666666666,0.5365462239583333,0.5481640625,0.6126009114583333,2.0,10.0,41.0,111.0,204.0,4.9774033561417665,7.069783369294938,0.3118619791666667,0.377265625,0.4385546875,0.5362369791666667,0.5477864583333333,0.6119661458333333,2.0,10.0,42.0,111.0,204.0,4.982001906949033,7.073767727482143,0.31083333333333335,0.37713541666666667,0.438125,0.53578125,0.5476822916666667,0.6116666666666667,2.0,10.0,41.0,111.0,204.0,4.985966327947094,7.074032841729018,0.3106770833333333,0.3763020833333333,0.435,0.53328125,0.5453125,0.6086458333333333,2.0,10.0,42.0,111.0,206.0,4.996171908743412,7.072592164878008,0.0022335094325541104,0.002234960708974481,0.002072440599122784,0.5,0.9921567416492215,0.010988240191709468,0.51310546875
coco,000000527528,0,640,480,99.843828125,0.12885416666666666,0.19254557291666666,0.2536393229166667,0.36501627604166664,0.37584309895833334,0.44328450520833335,13.0,31.0,99.0,163.0,189.0,6.038062528191136,7.287439492175709,0.12813802083333334,0.19127604166666667,0.2530598958333333,0.36454427083333335,0.3751302083333333,0.4415364583333333,13.0,31.0,101.0,163.0,189.0,6.0430112190197525,7.283746389042147,0.12575520833333334,0.18794270833333335,0.24994791666666666,0.3595052083333333,0.37059895833333334,0.43872395833333333,13.0,32.0,102.0,163.0,189.0,6.0571265649143,7.281559218251872,0.12484375,0.18765625,0.25015625,0.35984375,0.3701041666666667,0.4390104166666667,13.0,31.0,102.0,163.0,189.0,6.0576083333445,7.280480965999972,0.0028583027740713327,0.0030448641757638128,0.003467221707146705,2.7810744326608736,0.0,0.013850264432200658,0.30154622395833336
coco,000000528980,0,426,640,112.64233421361503,0.1710130575117371,0.21528022300469485,0.26197549882629106,0.33017532276995304,0.3367297535211268,0.3759169600938967,7.0,29.0,100.0,178.0,255.0,6.011425724184394,6.967471352251103,0.17115946261682244,0.21561039719626168,0.2617844626168224,0.3295998831775701,0.33615654205607476,0.375,7.0,29.0,100.0,178.0,255.0,6.0118428642987,6.964342362356234,0.1703271028037383,0.21507009345794392,0.2600759345794392,0.32806658878504674,0.33408294392523363,0.37263434579439253,7.0,29.0,101.0,179.0,255.0,6.020257740930872,6.967804931023054,0.1708912037037037,0.21585648148148148,0.26134259259259257,0.3293402777777778,0.33501157407407406,0.37355324074074076,7.0,29.0,101.0,180.0,255.0,6.026321519249536,6.9581644557449565,0.0022981869973055587,0.003390493803959308,0.002654914115906603,0.6959705453537527,0.0,0.009772994982486015,0.291175176056338
coco,000000529762,0,640,480,61.10771158854167,0.4776920572916667,0.5450358072916667,0.62125,0.67779296875,0.6829654947916667,0.71400390625,1.0,3.0,19.0,83.0,255.0,4.270899341051528,6.005313947890494,0.4794791666666667,0.5458333333333333,0.6226302083333334,0.6793880208333334,0.6844921875,0.7158854166666667,1.0,3.0,19.0,81.0,255.0,4.260639020106869,6.002901307072776,0.4856770833333333,0.5527864583333333,0.6299479166666667,0.6866666666666666,0.6911458333333333,0.7205729166666667,1.0,3.0,18.0,79.0,255.0,4.239508366564466,5.998133876678904,0.48614583333333333,0.55328125,0.6309895833333333,0.6871875,0.69203125,0.7206770833333334,1.0,3.0,17.0,79.0,252.0,4.233895612415989,5.994953656547334,0.005475495553004415,0.006519394850988105,0.006312579197486469,0.9333240326917549,0.7261843774138906,0.02559271919622664,0.6650227864583333
coco,000000530146,0,640,640,50.73247802734375,0.4513623046875,0.50705322265625,0.5514599609375,0.61940673828125,0.62654541015625,0.67960693359375,0.0,3.0,22.0,81.0,137.0,4.142585062907333,6.530683549337141,0.451533203125,0.50732421875,0.550908203125,0.6192578125,0.62640625,0.68052734375,0.0,3.0,22.0,81.0,137.0,4.144590416465556,6.532103310909168,0.45095703125,0.5069921875,0.54994140625,0.61830078125,0.62583984375,0.68021484375,0.0,3.0,22.0,81.0,138.0,4.151962644255077,6.535971125421615,0.453125,0.508125,0.551171875,0.6196484375,0.627109375,0.67984375,0.0,3.0,22.0,81.0,137.0,4.142459614968016,6.526961255753351,0.0017788924292495391,0.0013928174512748246,0.0013229426083561878,0.3903123748998999,0.7905694150420949,0.009301863671286938,0.62390380859375
coco,000000530854,0,640,424,27.963948260613208,0.551256633254717,0.6354178950471698,0.6941590507075471,0.7904075766509434,0.8007149174528302,0.8805129716981132,1.0,3.0,12.0,41.0,69.0,3.6037058144559673,5.94401536269225,0.5506928066037736,0.6344339622641509,0.6936615566037736,0.7899616745283019,0.7999557783018868,0.8795253537735849,1.0,3.0,12.0,41.0,69.0,3.6099858040034856,5.946927381574202,0.5514740566037736,0.6339327830188679,0.6931014150943396,0.7891214622641509,0.7990271226415094,0.8770341981132076,1.0,3.0,12.0,41.0,70.0,3.6245779773147677,5.960672047316182,0.5493514150943396,0.632311320754717,0.6927476415094339,0.788502358490566,0.7978183962264151,0.8763561320754717,1.0,3.0,12.0,41.0,70.0,3.6283444164259833,5.959629465204526,0.0018438932459148357,0.0024370100203707917,0.002420046766855572,0.0,0.6817945071647321,0.016754859723094633,0.8610627948113208
coco,000000531707,0,640,480,123.51475260416667,0.0543359375,0.09630533854166666,0.15505533854166667,0.244736328125,0.2562890625,0.33667643229166666,24.0,48.0,104.0,207.0,255.0,6.398353652338818,6.599591605699628,0.052408854166666664,0.09483072916666667,0.15453125,0.2433203125,0.25528645833333335,0.3361328125,24.0,49.0,104.0,207.0,255.0,6.408971900910752,6.590148935973139,0.051354166666666666,0.09239583333333333,0.150390625,0.23716145833333332,0.24924479166666666,0.3299479166666667,24.0,50.0,105.0,207.0,255.0,6.4167971486887,6.567993183574248,0.05088541666666667,0.09114583333333333,0.148125,0.2353125,0.24755208333333334,0.32916666666666666,25.0,50.0,105.0,207.0,255.0,6.421973013114297,6.567078831248993,0.0037135407535646373,0.0034430426407866263,0.0044269109954201205,1.2686114456365274,0.0,0.01595462034322262,0.25469075520833334
coco,000000532855,0,640,456,36.69800918311404,0.40313870614035086,0.4766447368421053,0.5840494791666667,0.7277480811403508,0.7389322916666666,0.8045607182017543,0.0,3.0,26.0,51.0,96.0,3.972178265849897,6.270633976654234,0.4070175438596491,0.47934484649122805,0.586938048245614,0.7301672149122806,0.7414610745614035,0.8067571271929824,0.0,3.0,25.0,51.0,96.0,3.9553617920051005,6.253752884982369,0.4101699561403509,0.482702850877193,0.5884320175438597,0.7330866228070175,0.7444078947368421,0.8086622807017544,0.0,3.0,25.0,50.0,95.0,3.9397397032164405,6.23896370038065,0.41211622807017545,0.4856359649122807,0.5902412280701754,0.7338267543859649,0.7441337719298246,0.8100328947368421,0.0,3.0,25.0,50.0,95.0,3.9265850109116958,6.225175661209288,0.004668605959534147,0.003672195448266509,0.0032765918157515016,0.46351240544347894,0.9270248108869579,0.023534758230412393,0.6933319627192982
coco,000000537153,0,640,396,65.69585306186869,0.22045454545454546,0.275485321969697,0.32721748737373735,0.44376578282828283,0.4629419191919192,0.5711371527777778,6.0,19.0,53.0,101.0,144.0,5.383655666081175,7.258801364657129,0.2210385101010101,0.2753787878787879,0.3263257575757576,0.4420138888888889,0.4620107323232323,0.5698390151515151,7.0,19.0,53.0,101.0,144.0,5.385991954838156,7.255654912571046,0.220875,0.27440625,0.3248125,0.4418125,0.46209375,0.5711875,6.0,20.0,53.0,101.0,144.0,5.384803096357087,7.2516328261309475,0.2230625,0.275375,0.3236875,0.439875,0.461625,0.5708125,7.0,20.0,53.0,100.0,144.0,5.385909472709508,7.244689310841389,0.0016750287167479948,0.001518251794633378,0.0013341391544786706,0.0,0.5,0.0030721823871767756,0.40177162247474746
coco,000000537812,0,640,480,70.149443359375,0.2869140625,0.34431315104166665,0.40091145833333336,0.48469401041666665,0.49334309895833334,0.5618815104166667,3.0,12.0,51.0,112.0,175.0,5.150009374595299,7.253499340645137,0.286015625,0.34307291666666667,0.39858072916666665,0.48248697916666666,0.49106770833333335,0.5588932291666666,3.0,12.0,52.0,112.0,177.0,5.161320601503739,7.257792501053286,0.28127604166666664,0.3379947916666667,0.39424479166666665,0.47854166666666664,0.48684895833333336,0.5540104166666666,3.0,12.0,52.0,113.0,177.0,5.184987176487277,7.271429731399971,0.2822395833333333,0.3397395833333333,0.39734375,0.48072916666666665,0.48911458333333335,0.5544270833333333,3.0,12.0,52.0,113.0,177.0,5.179686976095257,7.265313559256356,0.004130067942391178,0.005024692176344125,0.004615852129860584,1.0606601717798212,0.9270248108869579,0.02276413047860671,0.4995930989583333
coco,000000539445,0,612,612,59.62161188004614,0.33011074800290485,0.3841925114272288,0.43291842880943227,0.5248034943825025,0.5346261053440984,0.6133351488743646,2.0,8.0,43.0,89.0,148.0,4.794067379216001,6.994445202666658,0.32981972745525223,0.3837946943483276,0.43165022000085435,0.5237195095903285,0.5332244008714597,0.6123819898329702,2.0,8.0,43.0,90.0,148.0,4.79847022094424,6.995410893958736,0.3276462099991512,0.3842627960275019,0.4324972413207707,0.5242975978270096,0.5335073423308717,0.6127450980392157,2.0,8.0,43.0,89.0,148.0,4.805312568313465,7.000351236848953,0.3309158374093439,0.3870382863889357,0.43578175071681563,0.526184854106932,0.5358829482206106,0.615112160566706,2.0,8.0,43.0,89.0,148.0,4.791998395573839,6.989550155118768,0.0034611028139323132,0.003139135553707759,0.0022018985924155575,0.5266343608235224,0.8660254037844386,0.01318268352925691,0.5029475842624631
coco,000000542625,0,640,480,55.38387369791667,0.3724446614583333,0.445244140625,0.500576171875,0.5710384114583333,0.576875,0.6220540364583333,2.0,8.0,31.0,88.0,154.0,4.699034321637456,6.8831311207994865,0.3719140625,0.4455208333333333,0.49963541666666667,0.5696354166666666,0.5755859375,0.6219010416666667,2.0,8.0,32.0,88.0,154.0,4.698079926954203,6.879958843458621,0.3696875,0.4442447916666667,0.4970833333333333,0.5681510416666666,0.5743229166666667,0.6219270833333334,2.0,8.0,32.0,88.0,154.0,4.697774273928517,6.8783513487413455,0.3695833333333333,0.44317708333333333,0.49635416666666665,0.5683333333333334,0.5738541666666667,0.6209375,2.0,8.0,32.0,88.0,154.0,4.701947154843258,6.874230853754657,0.00259101292254913,0.0027521414847611015,0.002183388372994224,0.6091746465505602,0.0,0.009799741777144743,0.5511490885416667
coco,000000542856,0,640,426,90.06121625586854,0.23928990610328638,0.27188600352112674,0.3031726819248826,0.38707086267605634,0.3957306338028169,0.46979900234741784,2.0,18.0,70.0,158.0,204.0,5.485223023566712,7.320753878009575,0.23922313084112148,0.27083820093457944,0.3020297897196262,0.3858206775700935,0.39472838785046727,0.4681950934579439,3.0,18.0,70.0,158.0,204.0,5.492515380185889,7.321873561658046,0.24068287037037037,0.27416087962962965,0.30572916666666666,0.390306712962963,0.3996238425925926,0.47332175925925923,3.0,17.0,69.0,157.0,204.0,5.476811570917015,7.316046151223121,0.24091435185185187,0.27413194444444444,0.3052662037037037,0.38917824074074076,0.39861111111111114,0.4726851851851852,3.0,17.0,70.0,158.0,204.0,5.486754783168983,7.3194597737050655,0.002594486674875333,0.0030818909035894076,0.0037921602252839457,0.5555121510822243,0.9270248108869579,0.02056054738416393,0.32771786971830985
coco,000000545826,0,500,332,59.87754819277109,0.5608012048192771,0.5989939759036145,0.6262349397590361,0.6694819277108434,0.674,0.7035843373493976,0.0,3.0,11.0,81.0,255.0,4.0322063101888,5.887012304493571,0.5576867469879518,0.5961686746987952,0.623421686746988,0.6656626506024096,0.6705301204819277,0.7000722891566266,0.0,3.0,11.0,82.0,255.0,4.052094084656788,5.904359108108031,0.5583809523809524,0.5973809523809523,0.6234761904761905,0.6656666666666666,0.670047619047619,0.6999047619047619,0.0,3.0,11.0,82.0,255.0,4.047571778961449,5.908860604921454,0.5584845049130763,0.5998677248677249,0.6264172335600907,0.6678949357520786,0.6712962962962963,0.702286470143613,0.0,3.0,11.0,81.0,255.0,4.034693921484404,5.903144385453359,0.0033082397523977094,0.004196704175050696,0.004194875464392023,0.0,0.0,0.023498002006986613,0.671012048192771
coco,000000546829,0,640,424,34.57649616745283,0.4176076061320755,0.5494103773584905,0.6495061910377359,0.7669848172169811,0.7774543042452831,0.8390551297169812,4.0,9.0,20.0,45.0,84.0,4.356173801161172,6.450682178142922,0.41882370283018866,0.5500294811320755,0.6493661556603774,0.7670990566037735,0.7778301886792452,0.8392393867924528,4.0,9.0,20.0,45.0,84.0,4.354933009905596,6.448069500424856,0.41857311320754714,0.5484964622641509,0.6495872641509434,0.7663030660377359,0.7770341981132075,0.8374705188679246,4.0,9.0,20.0,45.0,85.0,4.35813712790842,6.44797764680547,0.41350235849056605,0.5445165094339622,0.6468160377358491,0.7640919811320754,0.7755896226415094,0.8345518867924528,4.0,9.0,20.0,45.0,86.0,4.3747003451160476,6.4513572567990956,0.003520488803539261,0.0038899387441792906,0.002370975485978694,0.0,0.9921567416492215,0.012101588826736873,0.7843455188679245
coco,000000546964,0,640,478,54.27356498430962,0.48644089958159,0.5322567991631799,0.5692076359832636,0.624973849372385,0.6307498692468619,0.6695149058577405,0.0,2.0,17.0,95.0,163.0,4.0157520796223105,6.420580179258228,0.485625,0.5310416666666666,0.567734375,0.6229036458333334,0.6286979166666666,0.6676302083333333,0.0,2.0,18.0,95.0,165.0,4.022788879780489,6.422507042146182,0.484921875,0.52984375,0.566796875,0.6235677083333333,0.628984375,0.6672135416666667,0.0,2.0,18.0,95.0,164.0,4.0189741784713275,6.416471637821914,0.48328125,0.5271875,0.5642708333333334,0.6206770833333334,0.6265625,0.6640625,0.0,2.0,18.0,96.0,163.0,4.028601957916776,6.416018187884312,0.003817468051305751,0.0034295808870902704,0.0038693535436240068,0.7880950133074057,1.4128318194321643,0.018414779663134605,0.6154877092050209
coco,000000547816,0,426,640,81.93646200117371,0.18455839201877935,0.2442488262910798,0.2866453931924883,0.3590155516431925,0.366006455399061,0.41809712441314556,9.0,24.0,84.0,121.0,155.0,5.715261324165634,7.351793934635597,0.18186331775700934,0.24315128504672898,0.2848568925233645,0.3560747663551402,0.36268983644859815,0.41555198598130844,9.0,24.0,85.0,122.0,155.0,5.724693578408272,7.355173951587716,0.18148364485981308,0.2433411214953271,0.2852803738317757,0.3554322429906542,0.3627336448598131,0.4169392523364486,9.0,24.0,85.0,122.0,155.0,5.724769813931864,7.35215213059068,0.1806134259259259,0.2414351851851852,0.2824652777777778,0.3517939814814815,0.3592592592592593,0.41354166666666664,9.0,25.0,85.0,122.0,155.0,5.730893008380066,7.345735072326522,0.0024149484894684242,0.0021423482391385697,0.0033346833583965734,0.582961190818051,0.7905694150420949,0.010084880770592709,0.2512727406103286
coco,000000547854,0,640,640,121.441767578125,0.19630859375,0.23900390625,0.2824755859375,0.35366943359375,0.3603759765625,0.4018994140625,6.0,26.0,101.0,244.0,255.0,6.019349418874534,6.437442816175421,0.196806640625,0.23998046875,0.283603515625,0.355244140625,0.3619921875,0.403564453125,6.0,25.0,100.0,244.0,255.0,6.013339161320146,6.439390863558634,0.19626953125,0.23865234375,0.28328125,0.35548828125,0.361796875,0.4040234375,6.0,26.0,100.0,244.0,255.0,6.01446121967598,6.450682534574817,0.1980078125,0.2404296875,0.2844140625,0.35671875,0.3630859375,0.4053515625,6.0,25.0,100.0,244.0,255.0,6.010311471031927,6.453067938138327,0.0018892888163129804,0.0018955817701955134,0.0020268260022739213,1.3448396744593758,0.0,0.010139511751341798,0.3367919921875
coco,000000549055,0,640,304,91.88777240953948,0.12793996710526315,0.1676552220394737,0.21661698190789475,0.2907277960526316,0.29967105263157895,0.3682462993421053,10.0,39.0,81.0,131.0,193.0,5.855318829977873,7.2319828403058235,0.12715871710526316,0.16675575657894737,0.21591282894736843,0.2903166118421053,0.29913651315789475,0.36749588815789475,10.0,39.0,81.0,131.0,193.0,5.859941808792258,7.224039875515704,0.12364309210526316,0.16208881578947368,0.21225328947368421,0.2847861842105263,0.2944078947368421,0.3640625,11.0,39.0,81.0,132.0,193.0,5.879256502695791,7.219520734499725,0.12417763157894737,0.16258223684210527,0.2118421052631579,0.2867598684210526,0.2969572368421053,0.36373355263157897,11.0,39.0,81.0,132.0,193.0,5.873878346914649,7.214606013124694,0.0027267900339324608,0.002896218354238725,0.003556208603690732,0.0,0.0,0.015503159869653336,0.24665912828947367
coco,000000549220,0,480,640,45.014947916666664,0.468916015625,0.5481184895833333,0.6154427083333334,0.7131315104166667,0.722021484375,0.771171875,0.0,2.0,19.0,57.0,141.0,3.899381319102634,6.29601187606931,0.47002604166666667,0.5488541666666666,0.6149739583333333,0.7127994791666666,0.7219270833333333,0.7713020833333334,0.0,2.0,18.0,56.0,141.0,3.8914708329991443,6.28638435017502,0.47197916666666667,0.550390625,0.6154947916666667,0.7117447916666667,0.7212239583333333,0.7719791666666667,0.0,2.0,18.0,56.0,141.0,3.8846601303708135,6.279096189596013,0.47390625,0.5533854166666666,0.61515625,0.7121875,0.7216145833333333,0.7708333333333334,0.0,2.0,18.0,56.0,141.0,3.8781470320713742,6.27051521952938,0.002320283181019169,0.0013615334476218507,0.0011872856437448746,0.4841229182759271,0.9013878188659973,0.013518118429966527,0.7211067708333333
coco,000000551804,0,640,426,30.88017899061033,0.41525088028169016,0.5989766725352113,0.696475205399061,0.7591255868544601,0.765331572769953,0.8428880575117371,1.0,6.0,19.0,45.0,73.0,4.055395768759484,6.100735391971513,0.41622371495327104,0.5994596962616823,0.6958235981308412,0.7592727803738317,0.765347546728972,0.8424795560747663,1.0,6.0,19.0,45.0,73.0,4.053695236667155,6.098096132925264,0.4157986111111111,0.5984375,0.6967592592592593,0.7607060185185185,0.7664930555555556,0.8446180555555556,1.0,6.0,19.0,45.0,73.0,4.05198916160298,6.096520802699959,0.4163773148148148,0.5972222222222222,0.6974537037037037,0.7599537037037037,0.7666087962962963,0.8441550925925926,1.0,6.0,19.0,45.0,73.0,4.054479318625478,6.089601451754447,0.002229081192226923,0.0013528783981664096,0.0015194667935512077,0.0,0.4330127018922193,0.00429838720631392,0.9495268485915493
coco,000000551815,0,640,480,18.110341796875,0.45725911458333335,0.619794921875,0.87794921875,0.9515950520833333,0.9599348958333334,0.9999153645833333,1.0,5.0,19.0,27.0,35.0,3.639873018200434,5.342725740775395,0.45600260416666666,0.61921875,0.8779947916666667,0.9516145833333334,0.9598307291666667,0.9999088541666666,1.0,5.0,19.0,27.0,35.0,3.642563260262132,5.340506604532826,0.456015625,0.6188802083333333,0.8775260416666667,0.9523177083333333,0.96015625,0.99984375,1.0,5.0,19.0,27.0,35.0,3.6433608330447638,5.342869513776994,0.45598958333333334,0.6202083333333334,0.8772395833333333,0.9525520833333333,0.95984375,0.9997916666666666,1.0,5.0,19.0,27.0,35.0,3.646715233798954,5.351066502421866,0.0016982955665869005,0.0016182412990037177,0.0005544184597928026,0.0,0.33071891388307384,0.004734663814255082,0.9999967447916667
coco,000000551822,0,640,452,22.41581512721239,0.6485930586283186,0.7091848727876107,0.7603878595132744,0.8282840154867257,0.8352530420353982,0.8798396017699115,0.0,0.0,4.0,30.0,71.0,2.7021949574092976,5.0987927088027805,0.6471515486725664,0.7083379424778761,0.7601078539823009,0.8274198008849557,0.8346653761061947,0.8799640486725664,0.0,0.0,4.0,30.0,71.0,2.7110134991073465,5.1091678168921,0.647998903508772,0.7099780701754386,0.761485745614035,0.8270010964912281,0.8337719298245614,0.8799342105263158,0.0,0.0,4.0,29.0,71.0,2.7018258989936283,5.0928440416837075,0.6478070175438596,0.7080592105263158,0.7606359649122807,0.8270285087719298,0.8337719298245614,0.8789473684210526,0.0,0.0,4.0,30.0,72.0,2.7114088403079117,5.098640326853066,0.00197924261751388,0.0010769210105741073,0.0016020462586130264,0.33071891388307384,0.9662265521087692,0.013213045335470663,0.8385163163716814
coco,000000552775,0,374,500,63.57242245989305,0.34158823529411764,0.4037860962566845,0.46098395721925134,0.5521336898395722,0.5613208556149732,0.6295294117647059,0.0,7.0,38.0,96.0,171.0,4.638176290051104,6.853538413420658,0.3397659574468085,0.4012340425531915,0.45880851063829786,0.5514042553191489,0.5603829787234043,0.6285531914893617,0.0,7.0,38.0,96.0,171.0,4.650611991280517,6.859911584732173,0.34059439378588313,0.4002870651806822,0.4581644714623438,0.5519672407970281,0.5610013508949679,0.6283772374197906,0.0,7.0,38.0,98.0,171.0,4.649098603922423,6.851578010487709,0.34034110097939885,0.40037149611617695,0.4562647754137116,0.5505741303613644,0.5597771023302939,0.6285038838230328,0.0,7.0,38.0,98.0,173.0,4.647737723350269,6.837229168101051,0.0026657890624540406,0.002574960902116432,0.0027586721373525436,0.3903123748998999,1.3169567191065923,0.0160068082712745,0.5387860962566845
coco,000000553339,0,500,374,75.65010160427808,0.35862032085561496,0.43302673796791447,0.491379679144385,0.5603155080213904,0.5662245989304813,0.5996042780748663,2.0,7.0,33.0,133.0,233.0,4.917199269118125,6.825795035875538,0.35623404255319147,0.43114893617021277,0.49029787234042554,0.5593191489361702,0.5647659574468085,0.5977872340425532,2.0,7.0,34.0,133.0,233.0,4.930204988624662,6.826803246323131,0.35408510638297874,0.4258297872340426,0.48527659574468085,0.5540425531914893,0.5592340425531915,0.5921702127659575,2.0,7.0,34.0,134.0,235.0,4.951752037089498,6.83481665902917,0.3558763931104357,0.42764268828098617,0.4862377575143533,0.5569908814589666,0.5616345829111786,0.5952380952380952,2.0,7.0,34.0,133.0,233.0,4.9392643464747925,6.833816058548185,0.0028767865938151677,0.004321906665760452,0.004767328431870972,0.7043392293490403,1.6770509831248424,0.022092168136652438,0.5562780748663102
coco,000000554156,0,640,428,13.32457651869159,0.9002299941588785,0.9109630549065421,0.9200423481308411,0.9307096962616822,0.9313011098130841,0.934860543224299,0.0,1.0,3.0,9.0,15.0,2.201473235460219,4.282066792787322,0.899357476635514,0.9106746495327103,0.9194947429906543,0.9304760514018692,0.9311331775700935,0.9346816588785046,0.0,1.0,3.0,9.0,16.0,2.2075913612893343,4.287763225569728,0.9004918981481481,0.9116608796296296,0.9205729166666666,0.9310763888888889,0.9315104166666667,0.9350405092592593,0.0,1.0,3.0,9.0,15.0,2.205540045358528,4.279573525978215,0.9000578703703703,0.9116898148148148,0.9206018518518518,0.930787037037037,0.93125,0.9346643518518518,0.0,1.0,3.0,9.0,15.0,2.2095340378418515,4.2813144644375525,0.0012354098992081338,0.0008971334854189695,0.0005107731989212737,0.0,0.5994789404140899,0.005422550892879445,0.9327978971962617
coco,000000554579,0,494,640,56.94498671558704,0.37582236842105265,0.4422475961538462,0.5009741902834008,0.5811899038461539,0.5880977985829959,0.6414884868421052,0.0,4.0,31.0,96.0,155.0,4.4307362254993725,6.789380272257196,0.37557963709677417,0.4411038306451613,0.5004410282258065,0.5808089717741935,0.5875756048387096,0.6405367943548387,0.0,4.0,31.0,96.0,155.0,4.43675898875004,6.792746767994364,0.3727318548387097,0.4377016129032258,0.4961189516129032,0.5754788306451613,0.582258064516129,0.6351310483870968,0.0,5.0,33.0,97.0,155.0,4.455312547354836,6.802286943996937,0.37505040322580646,0.44067540322580645,0.4990423387096774,0.5772681451612903,0.5841229838709677,0.6357862903225806,0.0,4.0,32.0,97.0,157.0,4.446736499896518,6.794502684029895,0.002951486652773136,0.004103093823917518,0.004975360380339204,0.7043392293490403,0.7806247497997998,0.017651261447112657,0.5831034919028341
coco,000000555005,0,640,480,57.992958984375,0.38509440104166665,0.43425130208333335,0.476357421875,0.5618912760416667,0.5715625,0.6334309895833333,1.0,4.0,36.0,91.0,154.0,4.553793486347837,6.819521107577406,0.384609375,0.43365885416666666,0.475859375,0.5615364583333333,0.5711067708333334,0.63390625,1.0,4.0,36.0,91.0,154.0,4.553272314130675,6.818691613991925,0.38471354166666666,0.4342447916666667,0.47578125,0.5609895833333334,0.5709114583333333,0.6334895833333334,1.0,4.0,36.0,91.0,154.0,4.554879968678474,6.8152458996204555,0.38364583333333335,0.4336979166666667,0.47640625,0.56015625,0.5701041666666666,0.6335416666666667,1.0,4.0,36.0,91.0,154.0,4.55380091378055,6.812040181450827,0.0010892794844890666,0.0008616346456356596,0.0010881553341550174,0.0,0.6959705453537527,0.004098628024227887,0.5384993489583333
coco,000000557172,0,640,480,50.509833984375,0.28918619791666667,0.37311197916666666,0.446279296875,0.6145735677083334,0.636494140625,0.7624837239583333,4.0,13.0,37.0,61.0,116.0,4.850380980686908,6.79505891245867,0.2900520833333333,0.3735807291666667,0.4473046875,0.6152213541666667,0.6376302083333333,0.7632161458333333,4.0,13.0,37.0,61.0,116.0,4.850735235393108,6.792844384529904,0.2890625,0.3727083333333333,0.4476041666666667,0.6144791666666667,0.637421875,0.763984375,4.0,13.0,37.0,61.0,116.0,4.858981649800924,6.7929639676820095,0.2894791666666667,0.3748958333333333,0.4483333333333333,0.6152083333333334,0.6386458333333334,0.7628645833333333,4.0,13.0,37.0,61.0,116.0,4.859899826749929,6.7911718526978,0.0019108156098981263,0.002278383076368238,0.0018523222361194317,0.33071891388307384,0.9270248108869579,0.009239737526777666,0.6748111979166667
coco,000000558114,0,640,480,30.026595052083334,0.64884765625,0.6926790364583333,0.7210514322916667,0.7558854166666666,0.7594498697916666,0.7866178385416667,0.0,0.0,3.0,45.0,113.0,2.770044523311543,5.06129889792212,0.6484244791666667,0.691953125,0.7209244791666667,0.7556510416666666,0.7593098958333333,0.7863541666666667,0.0,0.0,3.0,45.0,113.0,2.7715717809712626,5.0599778040773025,0.6492708333333334,0.6935416666666666,0.7220052083333334,0.7572135416666667,0.7607552083333333,0.7876041666666667,0.0,0.0,3.0,44.0,113.0,2.767464364137276,5.05386429637028,0.64859375,0.69375,0.7216145833333333,0.75578125,0.75953125,0.7861979166666667,0.0,0.0,3.0,45.0,113.0,2.7625988952554796,5.038829744888879,0.0018610114581756262,0.0021282765179416333,0.0017633466846751365,0.0,0.0,0.01289852480949135,0.7202604166666666
coco,000000558854,0,500,374,55.014545454545456,0.38144919786096254,0.47357754010695186,0.5424171122994652,0.6286256684491979,0.6361550802139038,0.6878556149732621,4.0,8.0,26.0,80.0,154.0,4.747848080663993,6.800220516603538,0.3839574468085106,0.4754468085106383,0.5436382978723404,0.6307021276595745,0.6380212765957447,0.6890851063829787,4.0,8.0,26.0,79.0,154.0,4.7403041062537845,6.792623451245285,0.3853617021276596,0.47429787234042553,0.5411489361702128,0.6291914893617021,0.6363829787234042,0.6873617021276596,4.0,8.0,26.0,80.0,154.0,4.740698789269955,6.792218474386175,0.38753799392097266,0.4745018574805809,0.5429753461668355,0.6319655521783182,0.6388888888888888,0.689547450185748,4.0,8.0,26.0,80.0,154.0,4.73598492476519,6.781672030912276,0.0028720665354540495,0.003468668117381192,0.00356377907196797,0.4330127018922193,1.6758859597239903,0.010575278004103099,0.6093262032085561
coco,000000559513,0,640,420,55.264713541666666,0.42023809523809524,0.4752157738095238,0.5243005952380952,0.5929575892857143,0.6000074404761905,0.6609895833333334,0.0,4.0,28.0,87.0,159.0,4.3227609244632115,6.683074263781885,0.4170982142857143,0.4729761904761905,0.521875,0.5907291666666666,0.5976636904761905,0.6586755952380953,1.0,4.0,28.0,87.0,159.0,4.337490038279497,6.693343771416074,0.41712853773584907,0.4736143867924528,0.5216981132075472,0.590182783018868,0.5967865566037736,0.657311320754717,1.0,4.0,28.0,87.0,159.0,4.335486130876182,6.68639908489257,0.41474056603773585,0.47193396226415096,0.5208726415094339,0.5899174528301887,0.5969929245283019,0.6591981132075472,1.0,4.0,28.0,87.0,159.0,4.341272974277895,6.691480045615204,0.0032816484943785583,0.002914188088840158,0.002873224097330039,0.49607837082461076,1.2975337182516684,0.014369781358808452,0.5645498511904762
coco,000000560880,0,640,508,69.93686946358268,0.0774052657480315,0.12695927657480316,0.19286109744094487,0.3251199557086614,0.3418245570866142,0.5182947834645669,19.0,38.0,62.0,105.0,132.0,5.830536235694857,6.848402970900294,0.07723917322834646,0.12608267716535432,0.19171998031496063,0.3249261811023622,0.341449311023622,0.5187623031496063,19.0,38.0,62.0,105.0,132.0,5.831792186967779,6.841551907216356,0.0760009765625,0.12431640625,0.191455078125,0.3264404296875,0.3419921875,0.5189208984375,19.0,38.0,62.0,104.0,132.0,5.833146456286689,6.843256632652285,0.0763671875,0.12490234375,0.19140625,0.32578125,0.341650390625,0.51943359375,19.0,38.0,62.0,105.0,132.0,5.832263650026704,6.837012914546488,0.002057989662800568,0.002339191317202444,0.001529506878608981,0.0,0.0,0.0052987909355460255,0.24927411417322834
coco,000000562561,0,640,480,72.34534505208333,0.38764322916666666,0.47326171875,0.545,0.6413671875,0.648994140625,0.69056640625,2.0,7.0,26.0,111.0,255.0,4.746017318780074,6.308560856096253,0.3875651041666667,0.4715234375,0.5440364583333334,0.6401692708333333,0.6475651041666667,0.689375,2.0,7.0,26.0,111.0,255.0,4.75096561389716,6.308427421428949,0.38643229166666665,0.46911458333333333,0.5416927083333334,0.6378645833333333,0.6449479166666666,0.6863020833333333,2.0,7.0,27.0,115.0,255.0,4.7621688843640895,6.3209381364574195,0.3865625,0.46911458333333333,0.5440104166666667,0.6396875,0.6463020833333334,0.6872916666666666,2.0,7.0,27.0,115.0,255.0,4.759248175980094,6.309343997406748,0.0025756577525115625,0.0031732387941099532,0.003299373248657592,0.4841229182759271,0.0,0.01401904466467185,0.6538509114583333
coco,000000562843,0,500,374,76.73359893048128,0.2898128342245989,0.338,0.37633689839572193,0.4440427807486631,0.45087700534759356,0.5008823529411764,2.0,11.0,63.0,129.0,183.0,5.230194639722269,7.233908303366444,0.2874255319148936,0.3367872340425532,0.37461702127659574,0.44240425531914895,0.4492978723404255,0.49942553191489364,2.0,12.0,64.0,130.0,183.0,5.239811428624416,7.237020962225925,0.28710638297872343,0.33689361702127657,0.37617021276595747,0.4434468085106383,0.45038297872340427,0.49982978723404253,3.0,12.0,64.0,129.0,183.0,5.239377435011924,7.235366756061831,0.28655859506923337,0.33527524484971294,0.3757176629517055,0.44275582573454914,0.4501857480580885,0.4997467071935157,3.0,12.0,64.0,129.0,183.0,5.244551251096704,7.2258127391261455,0.004448946341089488,0.0024755211480677703,0.002483216363655579,0.5590169943749475,0.4841229182759271,0.014108725411991842,0.41880213903743313
coco,000000563267,0,500,374,43.2271871657754,0.4560855614973262,0.520524064171123,0.5902299465240641,0.7011122994652407,0.7110909090909091,0.7720320855614973,1.0,3.0,21.0,57.0,127.0,4.049965512974209,6.422292081709609,0.45674468085106384,0.5199148936170213,0.589531914893617,0.6996170212765958,0.7099574468085106,0.7709148936170213,1.0,3.0,21.0,58.0,129.0,4.049528166663906,6.416721038183903,0.45485106382978724,0.5200851063829787,0.5903829787234043,0.7018297872340425,0.7125531914893617,0.7734893617021277,1.0,3.0,21.0,57.0,127.0,4.049979670316143,6.411347909121048,0.4548294495103006,0.5201789935832489,0.5891590678824722,0.700354609929078,0.7107396149949341,0.772289766970618,1.0,3.0,21.0,57.0,126.0,4.053222351880823,6.401313435710236,0.004057917034927117,0.005467625619688328,0.004942791700065044,0.75,1.346291201783626,0.018801585767380127,0.7063475935828877
coco,000000563281,0,488,500,55.70716803278688,0.2881188524590164,0.3482827868852459,0.40488934426229506,0.5057868852459017,0.5178565573770492,0.6108073770491803,2.0,11.0,47.0,85.0,122.0,4.921250131073245,6.9824370567478535,0.2892131147540984,0.34881967213114756,0.4060983606557377,0.5074426229508197,0.5192131147540984,0.6110983606557377,2.0,11.0,46.0,85.0,121.0,4.916136712287392,6.976987350336827,0.28880431954202446,0.3489136091595108,0.4062256049960968,0.5076112412177985,0.5192883164194639,0.6108183710642727,2.0,11.0,46.0,85.0,122.0,4.913609626054669,6.973168519439265,0.28792609940150926,0.34562841530054644,0.4048269581056466,0.5070257611241218,0.519255789747593,0.6102654176424668,2.0,11.0,46.0,85.0,121.0,4.918869127486644,6.970506414224548,0.0019253625093821108,0.002587177796753703,0.0017508712270592431,0.49607837082461076,0.4330127018922193,0.00677830881417567,0.5138811475409836
coco,000000563349,0,426,640,157.3110732100939,0.03764304577464789,0.045980046948356806,0.054903902582159624,0.0653755868544601,0.06733054577464789,0.09661091549295775,65.0,109.0,142.0,217.0,244.0,7.006626028796398,6.479215901562785,0.03745619158878505,0.045692172897196265,0.05487733644859813,0.06528913551401869,0.06737733644859813,0.09615946261682243,65.0,109.0,142.0,217.0,244.0,7.007360301558007,6.476106147731894,0.037587616822429906,0.0455607476635514,0.05496495327102804,0.06495327102803738,0.06717289719626168,0.09576518691588785,66.0,109.0,142.0,217.0,242.0,7.005554651465625,6.480009154161042,0.037210648148148145,0.045023148148148145,0.05416666666666667,0.0642361111111111,0.06666666666666667,0.09490740740740741,66.0,109.0,142.0,217.0,244.0,7.008963331174289,6.48514405830294,0.0006923852348822135,0.0008591114848826123,0.0009329235180947074,0.0,0.7806247497997998,0.005229829430154443,0.06919014084507043
coco,000000565877,0,426,640,54.12859448356807,0.49184272300469484,0.5231697476525822,0.5522630575117371,0.6306558098591549,0.6369571596244131,0.6642899061032864,0.0,1.0,18.0,100.0,189.0,3.868751551081815,5.963937822009343,0.4904643691588785,0.5216997663551401,0.5511682242990654,0.6293954439252336,0.635294976635514,0.6632301401869158,0.0,1.0,18.0,100.0,189.0,3.8717077942955216,5.960838505263186,0.4886682242990654,0.5191588785046729,0.5495911214953271,0.6273364485981309,0.6327394859813084,0.6607476635514019,0.0,1.0,19.0,100.0,189.0,3.8824409056881315,5.969278895004528,0.48813657407407407,0.51875,0.5497106481481482,0.6271412037037037,0.632349537037037,0.6612847222222222,0.0,1.0,19.0,100.0,189.0,3.8765852739345887,5.9592004046781035,0.0019850938238252114,0.002001331605493648,0.0027053031722972646,0.6959705453537527,0.0,0.012707450043716623,0.630131308685446
coco,000000565962,0,478,322,89.7780997427168,0.34370695704150317,0.39236336703136776,0.42957197432365707,0.48948777255126175,0.49699836274331455,0.539151225343694,1.0,5.0,50.0,152.0,255.0,4.9659873469639315,6.268679254651225,0.3421296296296296,0.39071502057613167,0.4272633744855967,0.48852880658436215,0.4960133744855967,0.5374228395061729,1.0,5.0,51.0,152.0,255.0,4.976515955522025,6.271619990778748,0.3388211382113821,0.3863821138211382,0.42378048780487804,0.4820630081300813,0.4900406504065041,0.5328252032520325,1.0,5.0,52.0,156.0,255.0,5.0018795862209195,6.269846805140681,0.3386178861788618,0.38465447154471544,0.42266260162601627,0.48292682926829267,0.4907520325203252,0.531910569105691,1.0,5.0,52.0,158.0,255.0,5.006641289455435,6.263911399872253,0.00313964289837666,0.003660284899583454,0.0047307684750362905,1.4577379737113252,0.0,0.021412904288039023,0.47735128251773695
coco,000000566758,0,640,480,54.870768229166664,0.28391927083333335,0.337060546875,0.3908235677083333,0.547685546875,0.5639225260416667,0.6453580729166667,2.0,12.0,43.0,77.0,119.0,4.90217737383017,6.937128290015219,0.2851432291666667,0.337734375,0.3918229166666667,0.5486979166666667,0.5648177083333333,0.6450520833333333,2.0,12.0,43.0,77.0,117.0,4.895918565701034,6.929568688683185,0.285703125,0.33979166666666666,0.39401041666666664,0.5487760416666667,0.5650520833333333,0.6466666666666666,2.0,12.0,43.0,77.0,117.0,4.8960256817383865,6.929180459482902,0.2863541666666667,0.33932291666666664,0.39479166666666665,0.550625,0.5659895833333334,0.64859375,2.0,11.0,43.0,77.0,116.0,4.890829261981783,6.918679894008721,0.003592499593759637,0.0029704181825139257,0.0025677610731092725,0.24206145913796356,2.0068242947502903,0.015249537250162816,0.47138346354166666
coco,000000567197,0,500,406,60.02564039408867,0.382256157635468,0.4141330049261084,0.44742364532019707,0.5166847290640394,0.5258571428571429,0.5913546798029556,0.0,3.0,44.0,96.0,152.0,4.458360599063955,6.717376826535003,0.38441176470588234,0.4153921568627451,0.44701960784313727,0.5161372549019608,0.5251960784313725,0.5909803921568627,0.0,3.0,45.0,97.0,152.0,4.452705360771954,6.7085312559560775,0.3840392156862745,0.41505882352941176,0.44662745098039214,0.514,0.5237254901960784,0.5889019607843137,0.0,3.0,45.0,98.0,154.0,4.450767010314519,6.698592183786909,0.38453159041394336,0.41526610644257705,0.4470121381886088,0.5120603797074386,0.5226423902894491,0.5865234982882042,0.0,3.0,45.0,98.0,152.0,4.45168749879171,6.691133465779764,0.004444571176960909,0.004151259459125466,0.002963046910407828,0.8569568250501305,1.2686114456365274,0.01602150430001567,0.4940886699507389
coco,000000568690,0,480,640,71.291923828125,0.11190104166666667,0.18532552083333334,0.266416015625,0.42722005208333336,0.44250325520833333,0.5371223958333333,14.0,30.0,57.0,101.0,145.0,5.674354094701407,7.274225654277771,0.11177083333333333,0.18529947916666667,0.2660677083333333,0.427109375,0.4425,0.5372135416666667,14.0,30.0,57.0,100.0,145.0,5.67340723004575,7.270703515367334,0.11234375,0.18606770833333333,0.2668229166666667,0.42901041666666667,0.4437760416666667,0.5386197916666666,14.0,30.0,57.0,100.0,145.0,5.670186030768344,7.269371369206162,0.11072916666666667,0.18239583333333334,0.26395833333333335,0.42973958333333334,0.4434895833333333,0.5372395833333333,14.0,30.0,57.0,99.0,145.0,5.6775144367219745,7.261624355623356,0.001418613666663004,0.0028294614627983037,0.002746776734032488,0.7071067811865476,0.49607837082461076,0.006263170492414429,0.367744140625
coco,000000568710,0,640,426,24.897263791079812,0.45961340962441316,0.6063783744131456,0.7025454812206573,0.8545334507042254,0.8692414906103286,0.9348041373239436,2.0,5.0,18.0,38.0,54.0,3.885533254766151,5.999651102567575,0.4590391355140187,0.6060017523364486,0.7014018691588785,0.8547897196261682,0.8702248831775701,0.9353533878504673,2.0,5.0,18.0,38.0,54.0,3.8830358610779783,5.996118868196851,0.45891203703703703,0.6063657407407408,0.7043113425925925,0.8583333333333333,0.8736979166666666,0.9380787037037037,2.0,5.0,18.0,38.0,53.0,3.87604803536093,5.980820763022994,0.45815972222222223,0.6063657407407408,0.7034722222222223,0.8582175925925926,0.8736111111111111,0.9368055555555556,2.0,5.0,18.0,38.0,54.0,3.873701645978806,5.981114560909005,0.0011256913868292883,0.002099622813075521,0.0029674979623505638,0.0,0.3903123748998999,0.008258223044945825,0.8945936032863849
coco,000000568981,0,640,426,71.22658450704225,0.1697879988262911,0.25004401408450705,0.3278755868544601,0.4572806631455399,0.4714201877934272,0.5629218016431925,9.0,23.0,53.0,105.0,167.0,5.493511705188697,7.329260385363652,0.17037091121495326,0.2513434579439252,0.3299065420560748,0.4586302570093458,0.4727073598130841,0.563054906542056,9.0,23.0,53.0,105.0,167.0,5.489407992868113,7.3261190547489115,0.1714409722222222,0.25289351851851855,0.3306423611111111,0.4586226851851852,0.47181712962962963,0.5630787037037037,9.0,23.0,53.0,105.0,169.0,5.486582993268158,7.324511969460961,0.17314814814814813,0.2538773148148148,0.3314814814814815,0.4590856481481482,0.4722222222222222,0.5655092592592592,9.0,23.0,53.0,105.0,169.0,5.479649406246731,7.318379526204616,0.0025470393065543545,0.003663774660079471,0.003922073891391368,0.6959705453537527,2.6190408549696205,0.01156240680679449,0.44675396126760564
coco,000000569030,0,500,374,59.73536898395722,0.40955614973262033,0.48571657754010694,0.5494866310160428,0.637,0.6460267379679144,0.6968770053475936,1.0,6.0,25.0,83.0,211.0,4.521963272467279,6.630063511746043,0.412,0.48817021276595746,0.5505531914893617,0.6380425531914894,0.6468936170212766,0.6978936170212766,1.0,6.0,25.0,82.0,210.0,4.508861659644383,6.622122708045733,0.4094468085106383,0.487531914893617,0.5503404255319149,0.6394468085106383,0.6488085106382979,0.7015744680851064,1.0,6.0,25.0,80.0,202.0,4.504436826524077,6.626395762193356,0.4112630867950017,0.48851739277271194,0.5492232353934482,0.6377912867274569,0.6482607227288079,0.700354609929078,1.0,6.0,25.0,80.0,202.0,4.504248804661702,6.625018336979587,0.00537165459399675,0.0037039371604579495,0.003969370127623306,0.5590169943749475,5.829611908180509,0.020522567585139786,0.6109465240641712
coco,000000569273,0,640,480,58.15173502604166,0.258173828125,0.34751953125,0.4321484375,0.5585546875,0.5712825520833333,0.6541959635416666,5.0,15.0,40.0,84.0,144.0,5.083232594339876,7.1387758127697545,0.25807291666666665,0.34587239583333335,0.43,0.555859375,0.5686328125,0.6521354166666666,5.0,15.0,40.0,84.0,145.0,5.09125959188626,7.145437663744595,0.25526041666666666,0.34236979166666665,0.4264322916666667,0.5510677083333333,0.5636979166666667,0.6472395833333333,5.0,15.0,41.0,85.0,145.0,5.104655628934622,7.153956110162544,0.25505208333333335,0.34208333333333335,0.42401041666666667,0.55140625,0.5641145833333333,0.6457291666666667,5.0,15.0,41.0,87.0,146.0,5.107341180150924,7.1548573653650465,0.0035418327143022076,0.0037054509880363475,0.004936214059588489,0.6817945071647321,1.4882351124738322,0.013976635313355256,0.55490234375
coco,000000570471,0,374,500,64.83006951871658,0.3730374331550802,0.4268930481283422,0.4716577540106952,0.5329090909090909,0.5389411764705883,0.5867700534759358,0.0,4.0,38.0,105.0,175.0,4.5400635585605125,6.798547684530908,0.37325531914893617,0.42751063829787234,0.47372340425531917,0.5352765957446809,0.5415744680851063,0.5881914893617022,0.0,4.0,38.0,104.0,175.0,4.534709734554816,6.795392264561735,0.37187605538669366,0.4288247213779129,0.47289766970618036,0.5341100979398852,0.5398936170212766,0.5870060790273556,0.0,4.0,38.0,105.0,175.0,4.5348857917699945,6.7913818725956325,0.3708206686930091,0.4294157379263762,0.47374197906112797,0.5347855454238433,0.5409490037149611,0.5866261398176292,0.0,4.0,38.0,105.0,176.0,4.536271679740479,6.788456728715961,0.0016881335492010732,0.0024902542040486707,0.0028281112911416315,0.7680128579652817,1.4456291882775472,0.007132363373648488,0.5246844919786097
coco,000000571857,0,640,426,85.01615316901409,0.04412045187793427,0.08645466549295774,0.12141651995305164,0.1958149941314554,0.2037888791079812,0.2823466842723005,27.0,59.0,82.0,111.0,143.0,6.180495124025903,7.062032816986303,0.045400116822429906,0.08812792056074767,0.1223714953271028,0.19705023364485982,0.20499415887850467,0.28373247663551404,27.0,59.0,81.0,110.0,143.0,6.175571023407781,7.064700293558548,0.04594907407407407,0.08854166666666667,0.12236689814814815,0.1962384259259259,0.20419560185185184,0.2833043981481482,27.0,59.0,81.0,110.0,143.0,6.174638844921582,7.058682202220391,0.045717592592592594,0.08813657407407408,0.12297453703703703,0.19600694444444444,0.20416666666666666,0.28327546296296297,27.0,59.0,81.0,111.0,143.0,6.173876921742869,7.0536058727334865,0.0020226599922047476,0.0018831613928020675,0.0024576522848982754,0.46351240544347894,0.6614378277661477,0.008038666247622055,0.0692231514084507
coco,000000579635,0,640,428,115.1905410338785,0.027460572429906543,0.04236273364485981,0.0863463785046729,0.14452759929906542,0.14959842289719627,0.1964113609813084,34.0,71.0,115.0,171.0,187.0,6.555426880586897,7.226147903533086,0.0274678738317757,0.0425963785046729,0.08555782710280374,0.14491822429906542,0.15021904205607475,0.1955461448598131,34.0,71.0,115.0,171.0,187.0,6.555848812005709,7.224873783723146,0.027112268518518518,0.04259259259259259,0.0837962962962963,0.1419849537037037,0.14756944444444445,0.19288194444444445,35.0,71.0,115.0,171.0,187.0,6.564099394381632,7.224544847244457,0.026851851851851852,0.04247685185185185,0.08310185185185186,0.14131944444444444,0.14699074074074073,0.1918402777777778,35.0,71.0,115.0,171.0,187.0,6.565265615228527,7.220233286658161,0.001397254061495538,0.002034476515302741,0.002463034615538004,0.42847841252506524,0.0,0.009202757495425299,0.08442610981308411
coco,000000580197,0,640,480,10.10556640625,0.811884765625,0.8628255208333333,0.896337890625,0.9639680989583334,0.9686588541666666,0.984609375,0.0,2.0,4.0,10.0,33.0,2.491876986091651,4.592039583866263,0.8131119791666667,0.8635416666666667,0.8967057291666667,0.9638020833333333,0.9686197916666667,0.9846354166666667,0.0,2.0,4.0,10.0,33.0,2.492147658586141,4.586650314797934,0.8140625,0.86328125,0.8973958333333333,0.9641145833333333,0.96875,0.98484375,0.0,2.0,4.0,10.0,33.0,2.4909961693179077,4.583762528426052,0.8166145833333334,0.8651041666666667,0.899375,0.9638020833333333,0.9684895833333333,0.9849479166666667,0.0,2.0,4.0,10.0,32.0,2.4942901243070885,4.587327212070623,0.002886353048154837,0.0033482899490768817,0.0009565661072021664,0.0,1.1301963325015703,0.01198325965294484,0.969521484375
coco,000000581062,0,500,374,80.88200534759358,0.08098395721925133,0.12972727272727272,0.19396256684491978,0.3428395721925134,0.3562673796791444,0.430379679144385,19.0,37.0,77.0,120.0,146.0,5.904557574244856,7.3118744130793845,0.08004255319148937,0.12836170212765957,0.19187234042553192,0.34027659574468083,0.3538723404255319,0.42929787234042555,19.0,38.0,77.0,120.0,146.0,5.911012779895855,7.308303194237676,0.08093617021276596,0.12927659574468084,0.19340425531914893,0.3405531914893617,0.3545106382978723,0.43046808510638296,19.0,37.0,77.0,120.0,146.0,5.906515516049289,7.300606072143607,0.08232016210739615,0.1307835190813914,0.19444444444444445,0.3416075650118203,0.35553866936845663,0.4300067544748396,19.0,37.0,77.0,120.0,146.0,5.901660249516187,7.298309010121324,0.0017498630128829314,0.0026003487717408597,0.002365284213311864,0.5,0.5266343608235224,0.00881667871021224,0.214524064171123
exdark,2015_00039,1,338,508,14.188871546382146,0.7959861156408703,0.8542724688999674,0.8940502259702744,0.9347190513907655,0.9368389787075432,0.9502341238410288,0.0,1.0,2.0,11.0,33.0,2.2252106578039594,4.463622734303566,0.795252431681334,0.8537285780453914,0.8940481704492821,0.9345298749421028,0.9366836498378879,0.9498378879110699,0.0,1.0,2.0,11.0,33.0,2.23170100464255,4.470232008705025,0.8001838235294118,0.8567555147058824,0.8959558823529412,0.9370404411764706,0.9392463235294117,0.9518382352941176,0.0,1.0,2.0,10.0,33.0,2.21599452027802,4.441087064662981,0.8005087209302325,0.856922238372093,0.8944404069767442,0.9359556686046512,0.9386809593023255,0.9511264534883721,0.0,1.0,2.0,10.0,33.0,2.2259876311062956,4.445395943838143,0.0049992746363041,0.0024387430633574384,0.0025531949184732106,0.4330127018922193,0.6343057228182637,0.025055171236095727,0.940682802963239
exdark,2015_00054,1,506,338,17.353573683841244,0.7771709895455715,0.8127441120752158,0.8452651027901864,0.8820660944406764,0.8851942372009262,0.905576864606965,0.0,0.0,1.0,11.0,59.0,1.903906490561669,4.041745010496122,0.7760768874478925,0.8114404817044928,0.8453682260305697,0.8826771653543307,0.8859194071329319,0.9056276053728578,0.0,0.0,1.0,11.0,59.0,1.8942249670556799,4.018103716306617,0.7784288591832997,0.8125801135323201,0.8456326680095221,0.8827595678447171,0.8862845632668009,0.9063358359274858,0.0,0.0,1.0,11.0,58.0,1.8719413001573717,3.97971161899914,0.7803415697674418,0.8155886627906976,0.8478379360465116,0.8853561046511628,0.8878997093023255,0.9077943313953488,0.0,0.0,1.0,10.0,57.0,1.8684994585869852,3.974284171248131,0.002662425012049023,0.0021613007579346266,0.0019456394904029965,0.0,1.713913650100261,0.02143741902569509,0.8982154968777042
exdark,2015_00056,1,640,480,14.764733072916666,0.8379557291666667,0.8641080729166667,0.8824479166666667,0.9046614583333333,0.9067578125,0.9216341145833333,0.0,0.0,0.0,4.0,44.0,1.4252824040948502,3.194245179180512,0.8345703125,0.8610546875,0.8790104166666667,0.9012239583333334,0.9031770833333334,0.9189973958333333,0.0,0.0,0.0,4.0,47.0,1.4475064779267808,3.2178063185851844,0.8354166666666667,0.8619791666666666,0.8796875,0.9027604166666666,0.9050260416666667,0.9212760416666667,0.0,0.0,0.0,4.0,45.0,1.4262106312236653,3.1748203354135014,0.8372916666666667,0.8633333333333333,0.8802083333333334,0.90421875,0.9064583333333334,0.9228645833333333,0.0,0.0,0.0,4.0,44.0,1.4219123496174804,3.165433861173122,0.0036230454126419576,0.0032744742375102054,0.0034247762070159227,0.0,2.6896793489187516,0.030604726225645956,0.9017610677083333
exdark,2015_00060,1,606,404,14.786646733980328,0.7519034081625985,0.819829755252753,0.8648580204555109,0.9156087638466817,0.9198158677253864,0.9457446982321994,0.0,1.0,5.0,15.0,42.0,2.5429748150992793,4.904598005244549,0.753533741532048,0.8216844710786868,0.8662389265242314,0.9169652162584679,0.9210689161021365,0.946603048462741,0.0,1.0,5.0,15.0,42.0,2.5264096579357083,4.8826522197098665,0.7554179566563467,0.8242711558307534,0.8683243034055728,0.9193433952528379,0.9232456140350878,0.9476909184726522,0.0,1.0,5.0,15.0,41.0,2.5127163264178374,4.861734857741315,0.7576754385964912,0.826625386996904,0.8695175438596491,0.9192466460268318,0.9227941176470589,0.9473039215686274,0.0,1.0,5.0,15.0,41.0,2.5024075779674426,4.841825014014604,0.002710373652676298,0.0017033785635505853,0.0016181477659315154,0.0,0.4841229182759271,0.01781447744229265,0.931869424566219
exdark,2015_00073,1,422,500,30.92444549763033,0.7050473933649289,0.7523270142180095,0.7858293838862559,0.8258483412322275,0.8292843601895734,0.8512369668246446,0.0,0.0,3.0,23.0,112.0,2.623133929189404,4.875467516352395,0.7052452830188679,0.7517358490566037,0.7845094339622641,0.8244339622641509,0.8278867924528301,0.850754716981132,0.0,0.0,3.0,23.0,114.0,2.620658925967676,4.868633284176537,0.7130128781072177,0.7598457622042528,0.7914794848757113,0.8285414794848757,0.8316112608565439,0.8525756214435459,0.0,0.0,3.0,21.0,113.0,2.5818339661487895,4.812170371858685,0.7075471698113207,0.7562893081761006,0.7881102126385146,0.8265947888589398,0.8298891883797544,0.8507038035339922,0.0,0.0,3.0,22.0,111.0,2.60200749988276,4.833486725138304,0.006112427134973911,0.005165992055682916,0.0035174978929386797,0.0,2.7943861132635197,0.028248582610049658,0.8254976303317536
exdark,2015_00087,1,1024,682,12.467401140945748,0.8737012577895894,0.897062866568915,0.9153354678335777,0.9343712770344574,0.9360566348973607,0.9469506048387096,1.0,2.0,2.0,4.0,24.0,2.286618873301787,3.6719532967541557,0.8737436038011696,0.8971182839912281,0.9155187774122807,0.9345646016081871,0.9362150493421053,0.9470543220029239,1.0,2.0,2.0,4.0,24.0,2.2837931112083334,3.670803081091043,0.8742846111918605,0.8975290697674418,0.9156295421511628,0.9347406431686046,0.9362622638081395,0.9471293604651163,1.0,2.0,2.0,4.0,24.0,2.2826139875300715,3.6710892305794984,0.8742732558139535,0.8977788880813954,0.916015625,0.9350018168604651,0.9366597020348837,0.9479696584302325,1.0,2.0,2.0,4.0,24.0,2.281583950327317,3.676823402732914,0.0011703890871114164,0.0007314354024968202,0.0005310269671615563,0.0,0.5,0.004582641583143896,0.935213240010997
exdark,2015_00116,1,640,426,16.547791960093896,0.8331352699530516,0.8536054870892019,0.8711120892018779,0.8944175469483568,0.8968493251173709,0.9125110035211268,0.0,0.0,0.0,3.0,52.0,1.4252060278008571,3.1324291896153813,0.8324766355140187,0.8527015186915888,0.8700350467289719,0.8938230140186916,0.8960864485981308,0.9119304906542056,0.0,0.0,0.0,3.0,53.0,1.4274050883221696,3.1316628862391855,0.832667824074074,0.8530671296296296,0.8708622685185186,0.8939236111111111,0.8960069444444444,0.9118344907407407,0.0,0.0,0.0,3.0,53.0,1.4200549178814084,3.116130052960157,0.8361689814814814,0.8561921296296297,0.8729166666666667,0.896875,0.8991898148148149,0.9145833333333333,0.0,0.0,0.0,3.0,50.0,1.3958093293357252,3.0823930311848566,0.0033510937879714805,0.002709820292521356,0.00290578995060796,0.0,2.2878756522153907,0.02213971090467973,0.892888057511737
exdark,2015_00140,1,500,374,26.32599465240642,0.5124117647058823,0.6546577540106951,0.7689411764705882,0.8587967914438502,0.865716577540107,0.9085935828877005,1.0,3.0,15.0,30.0,60.0,3.6044431328824005,5.903035205091433,0.5106595744680851,0.6531489361702127,0.7680638297872341,0.8585957446808511,0.8655744680851064,0.9088936170212766,1.0,3.0,15.0,30.0,60.0,3.6056563165073388,5.899937337991611,0.5173617021276595,0.6577021276595745,0.7691063829787234,0.8572340425531915,0.8641702127659574,0.9081702127659574,1.0,3.0,15.0,30.0,61.0,3.5883472077639427,5.882142946027361,0.515113137453563,0.6564505234718001,0.7678993583248902,0.8554542384329619,0.8628841607565012,0.9066193853427896,1.0,3.0,15.0,30.0,61.0,3.5940064786897867,5.882379796029906,0.004773366324685446,0.001986298472806397,0.002357607851238057,0.0,0.5994789404140899,0.01659189064541784,0.8724278074866311
exdark,2015_00161,1,524,426,26.41387574812744,0.8411640325413038,0.8491784037558685,0.8557995556033401,0.8653684191663978,0.8663270974447193,0.8729527290972297,0.0,0.0,0.0,0.0,129.0,1.2302760108370079,2.039338003452882,0.8401762145965613,0.8480594991795677,0.8548369836626953,0.8646108297067846,0.86559178140829,0.8721374045801527,0.0,0.0,0.0,0.0,131.0,1.234987962281206,2.044911592600632,0.8395886344359627,0.84764631043257,0.8541136556403732,0.8642564320045236,0.86542267458298,0.8725261521063048,0.0,0.0,0.0,0.0,131.0,1.2363382861835226,2.059332932877662,0.8408389450056116,0.8493967452300786,0.8564113355780022,0.8669332210998878,0.868195847362514,0.874438832772166,0.0,0.0,0.0,0.0,127.0,1.2293485927797714,2.0573876405049587,0.002118929296640464,0.002153880426601158,0.0021503936865383865,0.0,3.3018697354680726,0.011736164340704151,0.8599344156542307
exdark,2015_00187,1,1024,684,26.32535521747076,0.6823087993421053,0.7489606176900585,0.7948233621162281,0.8462813527960527,0.8507030107821637,0.8767118398209064,1.0,2.0,5.0,24.0,81.0,3.13891318682815,5.38319819853719,0.6820460983187134,0.7490291483918129,0.7938653600146199,0.8455317982456141,0.8498777869152047,0.8759137426900585,1.0,2.0,5.0,24.0,81.0,3.1437150721622933,5.385483165964766,0.6814589389534884,0.7479106104651163,0.7927416424418605,0.84423828125,0.8487917877906976,0.8755677688953488,1.0,2.0,5.0,24.0,82.0,3.144921557448001,5.388529241289983,0.6816860465116279,0.7477062136627907,0.7912200218023255,0.8424554869186046,0.8472020348837209,0.8745457848837209,1.0,2.0,5.0,24.0,83.0,3.15103666801939,5.39672912831694,0.0019282855281700102,0.0015305097921101954,0.0014315247855485414,0.0,1.1110243021644486,0.006678701920135262,0.8492981313961988
exdark,2015_00195,1,640,426,10.080901555164319,0.9016945422535211,0.9152142018779342,0.9274537852112676,0.9421875,0.9433465375586855,0.9507555751173709,0.0,0.0,0.0,1.0,15.0,0.9491154475279042,2.3626306227826284,0.9014748831775701,0.9152015186915888,0.927847546728972,0.9423481308411215,0.943428738317757,0.9506133177570093,0.0,0.0,0.0,1.0,15.0,0.9460769835776223,2.349779384366833,0.9019675925925926,0.9157407407407407,0.9282118055555556,0.94296875,0.9440104166666666,0.9512731481481481,0.0,0.0,0.0,1.0,15.0,0.9367816622965088,2.327848905922866,0.9012152777777778,0.915625,0.928125,0.9439814814814815,0.944849537037037,0.952662037037037,0.0,0.0,0.0,1.0,15.0,0.9364268943786465,2.320419485699709,0.001318293508717037,0.0013529014052895097,0.0009682575284975407,0.0,0.6343057228182637,0.011253931747234328,0.9423232100938967
exdark,2015_00198,1,682,1024,0.7756956217925219,0.990875870601173,0.993072420271261,0.994415551686217,0.9959534228372434,0.9960908861803519,0.9968369111986803,0.0,0.0,0.0,0.0,0.0,0.15623127840135448,0.6483378312887956,0.9908111750730995,0.9930841100146199,0.9944204586988304,0.9959338450292398,0.9960823282163743,0.9969218293128655,0.0,0.0,0.0,0.0,0.0,0.15570482370801253,0.6458463032959257,0.9909311038011696,0.993249725877193,0.994563230994152,0.9961165935672515,0.9962764985380117,0.9970874451754386,0.0,0.0,0.0,0.0,0.0,0.15543807682182284,0.6452005831452798,0.9909384084302325,0.993186773255814,0.9946629723837209,0.9961845930232558,0.9963208575581395,0.9970248909883721,0.0,0.0,0.0,0.0,0.0,0.1559262225742575,0.6470635813470582,0.0004163815911384798,0.0003317070210675593,0.00036016936053641385,0.0,0.0,0.00235654183770578,0.9958975783541055
exdark,2015_00226,1,500,374,3.625711229946524,0.9758877005347594,0.9838342245989304,0.9882566844919786,0.992,0.9923101604278075,0.9939732620320856,1.0,1.0,2.0,3.0,5.0,1.636214546948541,2.8489037574852336,0.9761702127659575,0.9838936170212766,0.9885744680851064,0.9920851063829788,0.9923617021276596,0.9939574468085106,1.0,1.0,2.0,3.0,5.0,1.6372469357379775,2.8419324191439768,0.9753191489361702,0.9829787234042553,0.9879148936170212,0.9916595744680851,0.9919148936170212,0.9938297872340426,1.0,1.0,2.0,3.0,5.0,1.6350966691703757,2.8477867747468286,0.97483958122256,0.9829449510300574,0.9880952380952381,0.9918946301925026,0.9923167848699763,0.9936676798378926,1.0,1.0,2.0,3.0,5.0,1.627573506830864,2.846279295790314,0.0016748505895481192,0.0012001836960220578,0.0008233893965277034,0.0,0.0,0.00958492124188688,0.9927433155080214
exdark,2015_00234,1,1024,672,8.696265811011905,0.9158891950334821,0.9314865838913691,0.9431704566592262,0.9575616745721727,0.9589567638578869,0.9664481026785714,1.0,1.0,1.0,2.0,11.0,1.7527726699827675,2.873200261669333,0.9158005487351191,0.9312918526785714,0.9430629185267857,0.9574788411458334,0.9589204334077381,0.9664481026785714,1.0,1.0,1.0,2.0,11.0,1.7519479837239695,2.8725773670520813,0.9148763020833334,0.9307105654761905,0.9428827194940477,0.9572870163690477,0.958984375,0.9669363839285714,1.0,1.0,1.0,2.0,11.0,1.7531452828802738,2.879729528333485,0.9146205357142857,0.9302687872023809,0.9429408482142857,0.9572870163690477,0.9588681175595238,0.9672619047619048,1.0,1.0,1.0,2.0,11.0,1.7555270701131906,2.8888364212605326,0.0009393489230872313,0.0004915143364753477,0.00030374342211639824,0.0,0.46351240544347894,0.003950624799106651,0.9580819266183036
exdark,2015_00249,1,1024,682,3.8713715405058653,0.9521727799670088,0.9782664726906158,0.9836074963343109,0.9878702918804986,0.9882654989919355,0.9905178931451613,0.0,0.0,0.0,3.0,9.0,1.0198263098589366,2.6800463026408843,0.9522569444444444,0.9781901041666666,0.9835412097953217,0.9878243786549707,0.9882127192982456,0.9905541849415205,0.0,0.0,0.0,3.0,9.0,1.0183867179958168,2.676280478276356,0.9520916606104651,0.9781522529069767,0.983387082122093,0.9877589026162791,0.9881904069767442,0.9904387718023255,0.0,0.0,0.0,3.0,9.0,1.0155838655744203,2.670821556012342,0.9521938590116279,0.9783339389534884,0.9833303052325582,0.9879632994186046,0.9884175145348837,0.9905523255813954,0.0,0.0,0.0,3.0,9.0,1.0194562114611165,2.675711550670568,0.0003138318776741514,0.00020982669358370366,0.00020384129948728693,0.0,0.0,0.004101802407870875,0.9886120211693549
exdark,2015_00264,1,640,360,9.344357638888889,0.8978298611111111,0.9208376736111111,0.9355164930555555,0.9510677083333333,0.9524479166666666,0.9607161458333333,0.0,0.0,0.0,2.0,16.0,1.2177309158620513,3.002235747412968,0.8973958333333333,0.9205381944444444,0.9357638888888888,0.9506770833333333,0.9520138888888889,0.9607291666666666,0.0,0.0,0.0,2.0,16.0,1.2156958263019062,2.996887518465803,0.8982291666666666,0.9210763888888889,0.9359375,0.950625,0.9518055555555556,0.9605555555555556,0.0,0.0,0.0,2.0,16.0,1.2124006879084137,2.9898464721231788,0.8993055555555556,0.9204166666666667,0.935625,0.9497222222222222,0.9510416666666667,0.9606944444444444,0.0,0.0,0.0,2.0,16.0,1.2071558331517476,2.974313705464329,0.0020445610860823377,0.0010919486792709816,0.0010487318271207588,0.0,0.6584783595532961,0.011854693176384401,0.9530121527777777
exdark,2015_00272,1,426,640,31.03662705399061,0.7594336854460094,0.7794160798122066,0.7948650234741784,0.8167840375586854,0.819318515258216,0.8345143779342723,0.0,0.0,1.0,13.0,137.0,2.0519529677916517,3.9037734037937386,0.7572429906542056,0.7771466121495327,0.7930490654205608,0.8160776869158879,0.8183995327102803,0.8337616822429906,0.0,0.0,1.0,14.0,137.0,2.065396747218142,3.9171378818338773,0.7536799065420561,0.7735397196261682,0.7884929906542056,0.8126752336448598,0.8145735981308411,0.8313084112149532,0.0,0.0,1.0,15.0,138.0,2.0893199754728293,3.940391148196789,0.7525462962962963,0.771875,0.7860532407407408,0.8114583333333333,0.8134837962962963,0.8302662037037037,0.0,0.0,1.0,15.0,138.0,2.0896203403317926,3.9328939527207365,0.003972324645550994,0.004066931328920687,0.0032335013179845356,0.49607837082461076,0.9662265521087692,0.026228439638550788,0.8090155516431925
exdark,2015_00274,1,1024,508,33.56271914985236,0.7102915846456693,0.734490342027559,0.7533775990403543,0.7798793522391733,0.7825341412401575,0.7997239480807087,0.0,0.0,1.0,30.0,143.0,2.35206166311962,4.367883477788144,0.7104069266732284,0.734136626476378,0.7531911294291339,0.7788662647637795,0.7816652312992126,0.798582062007874,0.0,0.0,1.0,30.0,143.0,2.35275991369306,4.3637038926137,0.7168426513671875,0.74029541015625,0.758575439453125,0.7841033935546875,0.7869415283203125,0.80322265625,0.0,0.0,1.0,28.0,141.0,2.3131388654795346,4.315124740345869,0.7166748046875,0.739532470703125,0.758026123046875,0.783111572265625,0.78594970703125,0.8026123046875,0.0,0.0,1.0,28.0,142.0,2.312363459995094,4.304500581819456,0.004999941207797799,0.004226837836728651,0.003999407610579366,0.0,1.79843682124227,0.02988465870211848,0.7659460353100394
exdark,2015_00290,1,640,480,1.013916015625,0.9932552083333334,0.9948046875,0.9958626302083333,0.9968912760416667,0.9970084635416666,0.9975358072916667,0.0,0.0,0.0,0.0,2.0,0.3414020687846241,1.219635951936097,0.9934635416666666,0.9948177083333334,0.9959895833333333,0.9969921875,0.997109375,0.9975260416666667,0.0,0.0,0.0,0.0,2.0,0.33997956602833956,1.213576464727295,0.99390625,0.9952083333333334,0.996015625,0.9969010416666667,0.9970052083333333,0.9973958333333334,0.0,0.0,0.0,0.0,2.0,0.34060856342522244,1.2144866686996547,0.9938020833333333,0.9955729166666667,0.99609375,0.9971354166666667,0.9971354166666667,0.99765625,0.0,0.0,0.0,0.0,2.0,0.3347263384011705,1.195689522142451,0.00039963565763601337,0.00020336586780517172,0.00015069188800916026,0.0,0.0,0.0034339172641624,0.9970377604166667
exdark,2015_00331,1,640,426,5.657174295774648,0.8877384096244132,0.9212184565727699,0.9463211561032864,0.9747285798122066,0.9768339201877935,0.9871405516431925,0.0,0.0,0.0,3.0,18.0,1.1308856661368991,2.8166131557228287,0.8862295560747664,0.9211302570093458,0.9457651869158878,0.9742990654205608,0.9762558411214953,0.9870035046728972,0.0,0.0,0.0,3.0,18.0,1.146899349343033,2.8447947423886215,0.8859375,0.9217881944444445,0.9467881944444444,0.9746817129629629,0.9765625,0.9865162037037037,0.0,0.0,0.0,3.0,18.0,1.1535695510005515,2.8562515752976423,0.8842013888888889,0.9216435185185186,0.9461805555555556,0.9746527777777778,0.9763888888888889,0.9861111111111112,0.0,0.0,0.0,3.0,19.0,1.165058824008142,2.8729326030577242,0.0021755670005118933,0.0011497603272349237,0.0008661739051458367,0.0,0.7473912964438374,0.015697288519748352,0.987881455399061
exdark,2015_00333,1,640,426,6.50697256455399,0.9200850938967137,0.9346354166666667,0.9444322183098591,0.9576621185446009,0.9588394953051643,0.9665713028169014,0.0,0.0,0.0,0.0,10.0,0.7470951415532773,1.9361541935039988,0.9203709112149533,0.9347984813084113,0.9441880841121495,0.9579585280373831,0.959097546728972,0.9666764018691589,0.0,0.0,0.0,0.0,9.0,0.7461215349037063,1.9328572248314269,0.9223958333333333,0.9373842592592593,0.9469618055555555,0.9596064814814815,0.9605902777777777,0.9678240740740741,0.0,0.0,0.0,0.0,9.0,0.7344897307826611,1.913064310011899,0.9219907407407407,0.937037037037037,0.9473958333333333,0.959375,0.9605902777777777,0.9678819444444444,0.0,0.0,0.0,0.0,9.0,0.7356659540971497,1.9126811563016068,0.002344465793243007,0.0019280494811230793,0.0012595650182808712,0.0,0.6123724356957945,0.012043245079073263,0.9585020539906103
exdark,2015_00336,1,426,604,10.386927525417406,0.8738651556135932,0.9170941765382582,0.9378284053104499,0.9589979168609893,0.9605758169325,0.9704785001399123,0.0,1.0,3.0,8.0,19.0,2.1758970577374184,4.2834347471304355,0.8762765364857338,0.9184873429473294,0.9386798291762084,0.9594602958470013,0.9612861298508386,0.9711270656681315,0.0,1.0,3.0,8.0,19.0,2.170449798327668,4.269138526001003,0.8755841121495327,0.9185624692572553,0.9391908509591737,0.959204377766847,0.9611719134284309,0.9710403344810624,0.0,1.0,3.0,8.0,19.0,2.171228249910406,4.267662873073344,0.8765838206627681,0.9173976608187134,0.939327485380117,0.9591861598440545,0.9607090643274854,0.9708211500974658,0.0,1.0,3.0,8.0,19.0,2.168211660187948,4.258315027979141,0.004302488706544841,0.0014808588422215016,0.0010820723221030345,0.0,0.46351240544347894,0.020704568415274672,0.9655776824301215
exdark,2015_00338,1,640,480,6.919427083333333,0.9216959635416667,0.9384440104166667,0.9496907552083333,0.964150390625,0.9654134114583334,0.97255859375,0.0,0.0,0.0,2.0,10.0,1.0551844095919014,2.7439410770921895,0.9197526041666667,0.93734375,0.9481380208333333,0.9627734375,0.9642317708333333,0.97171875,0.0,0.0,0.0,2.0,11.0,1.0644102956332844,2.7585987282776445,0.9187760416666667,0.937109375,0.946953125,0.9609635416666666,0.9627604166666667,0.9704427083333333,0.0,0.0,0.0,2.0,11.0,1.0680303129785313,2.760993680816377,0.9186458333333334,0.9377604166666667,0.9468229166666666,0.9605729166666667,0.9623958333333333,0.9706770833333334,0.0,0.0,0.0,2.0,11.0,1.0713377599001566,2.757129385831318,0.002121394570666183,0.002044599956089605,0.0018617942024607883,0.0,0.5266343608235224,0.012608204453759745,0.9654296875
exdark,2015_00344,1,426,640,13.26508582746479,0.8181448063380282,0.8521823650234742,0.879181338028169,0.9196266138497653,0.9231147300469483,0.9406433392018779,0.0,0.0,1.0,8.0,40.0,1.7613272520582566,3.882340768728365,0.8172751168224299,0.8509929906542056,0.8778913551401869,0.9189252336448598,0.9226927570093458,0.9406542056074766,0.0,0.0,1.0,8.0,40.0,1.763710688112143,3.8823452081792107,0.815625,0.8495911214953271,0.8771028037383177,0.9188376168224299,0.9228679906542057,0.9417640186915888,0.0,0.0,1.0,8.0,41.0,1.7645396152355897,3.880285500275961,0.8162037037037037,0.8511574074074074,0.8772569444444445,0.9189814814814815,0.9226273148148149,0.9412037037037037,0.0,0.0,1.0,8.0,40.0,1.761845529914745,3.870820900340924,0.003199436568912808,0.0026635929737499333,0.0022538614456502717,0.0,0.9682458365518543,0.01625816022755574,0.9269879694835681
exdark,2015_00346,1,640,426,18.668478579812206,0.639906103286385,0.7189884096244131,0.8007519072769953,0.9076731220657277,0.9108201291079813,0.9308795481220657,0.0,2.0,7.0,27.0,44.0,3.068323897971456,5.393833456004783,0.6402745327102803,0.7186915887850467,0.8002190420560747,0.908046144859813,0.9110397196261683,0.9312207943925234,0.0,2.0,7.0,27.0,44.0,3.0655953011398434,5.38992329639601,0.6382523148148148,0.7182291666666667,0.8001157407407408,0.9078993055555555,0.910792824074074,0.93125,0.0,2.0,7.0,27.0,44.0,3.0742728702591524,5.396996221356585,0.6413194444444444,0.7204282407407407,0.8019097222222222,0.9108217592592592,0.9133680555555556,0.9317708333333333,0.0,1.0,7.0,27.0,43.0,3.0506446053853433,5.3698661035083,0.0034653681850524967,0.0018155949516270357,0.00216084616099701,0.33071891388307384,0.82915619758885,0.02011806817103616,0.9724765258215963
exdark,2015_00374,1,500,498,16.43975502008032,0.839413654618474,0.8639196787148594,0.8833052208835341,0.9076987951807229,0.9100281124497992,0.9237831325301205,0.0,0.0,0.0,4.0,42.0,1.5538472447596392,3.434148129940855,0.840528,0.864816,0.883936,0.908192,0.910416,0.92384,0.0,0.0,0.0,4.0,42.0,1.5509644270224006,3.430068546627822,0.840031746031746,0.8644761904761905,0.8836507936507937,0.9075873015873016,0.910063492063492,0.9242222222222222,0.0,0.0,0.0,4.0,42.0,1.549371635399721,3.4257586968197,0.8403880070546738,0.86432350718065,0.8839128243890149,0.9081632653061225,0.9107457797933989,0.9244142101284959,0.0,0.0,0.0,4.0,42.0,1.545536826043714,3.41514103771294,0.002187373235678604,0.002702229214087425,0.0019498681200229608,0.0,1.589762167747113,0.013021758972516811,0.9067670682730924
exdark,2015_00377,1,640,480,26.499326171875,0.744990234375,0.8089518229166667,0.8442220052083333,0.876474609375,0.879013671875,0.89396484375,0.0,1.0,5.0,16.0,70.0,2.9205873222644323,5.112640665821275,0.744296875,0.8077213541666667,0.8435546875,0.8754036458333333,0.8778255208333333,0.8933333333333333,0.0,1.0,5.0,16.0,71.0,2.926681254190105,5.118428324057069,0.7427083333333333,0.80828125,0.8444270833333334,0.875546875,0.8781510416666667,0.8938541666666666,0.0,1.0,5.0,16.0,71.0,2.925284438010053,5.117139386844143,0.7416666666666667,0.8068229166666666,0.8427083333333333,0.8734895833333334,0.8760416666666667,0.8932291666666666,0.0,1.0,5.0,16.0,71.0,2.9321937950909653,5.11748575546597,0.0023285982133203526,0.0013619653179566017,0.001599546574876321,0.0,1.6770509831248424,0.011764559057048516,0.8734928385416667
exdark,2015_00387,1,478,640,54.17315638075314,0.5775039225941423,0.62550339958159,0.6595842050209205,0.7003563023012552,0.7045600156903765,0.727873300209205,0.0,2.0,9.0,80.0,195.0,3.6972794864909324,5.933574982538678,0.5772395833333334,0.6252864583333333,0.6597786458333333,0.6998697916666666,0.7042578125,0.7276822916666666,0.0,2.0,9.0,80.0,195.0,3.697951973769723,5.934010429811757,0.5755729166666667,0.6240625,0.658125,0.697890625,0.7021875,0.7254947916666666,0.0,2.0,9.0,81.0,196.0,3.7100440935820416,5.938376806924795,0.5752604166666667,0.6234375,0.6571354166666666,0.6977604166666667,0.7024479166666666,0.72625,0.0,2.0,9.0,81.0,195.0,3.715280600091408,5.936653858578972,0.004112784027937921,0.002846801176527832,0.002974928688868227,0.4330127018922193,1.6583123951777,0.025524258667607366,0.6912460774058578
exdark,2015_00410,1,640,480,6.19568359375,0.8653971354166666,0.94703125,0.9736165364583333,0.9818684895833333,0.9822884114583333,0.9858072916666667,0.0,0.0,0.0,9.0,18.0,1.5018067900704863,3.3295265926265807,0.8660286458333334,0.9476432291666667,0.9732421875,0.9818880208333334,0.9823567708333333,0.9856901041666667,0.0,0.0,0.0,9.0,17.0,1.5021313753376597,3.329118041290752,0.8654947916666667,0.9477604166666667,0.9728645833333334,0.9815364583333334,0.98203125,0.985625,0.0,0.0,0.0,9.0,18.0,1.508745416062947,3.339666114261866,0.86734375,0.9489583333333333,0.973125,0.9819791666666666,0.9825,0.98609375,0.0,0.0,0.0,9.0,17.0,1.4978674632845306,3.3192862680443853,0.0012224163325134578,0.0005406292493159394,0.00037307300664728713,0.0,0.49607837082461076,0.008150746405160465,0.9803938802083333
exdark,2015_00424,1,428,640,14.499788259345795,0.8467216705607477,0.888237441588785,0.9122919100467289,0.9310346086448598,0.932516793224299,0.9433812792056074,0.0,0.0,1.0,6.0,27.0,1.7130045008861847,3.739453496956253,0.8479556074766356,0.8886390186915888,0.9123831775700935,0.9313960280373832,0.9327832943925234,0.9433265186915888,0.0,0.0,1.0,6.0,27.0,1.7058046267812101,3.7296157454051833,0.8472546728971962,0.8888726635514018,0.912266355140187,0.931571261682243,0.9330899532710281,0.9430490654205608,0.0,0.0,1.0,6.0,27.0,1.7052757504797997,3.7252153714118683,0.8488425925925925,0.8893518518518518,0.9120370370370371,0.9315972222222222,0.9332754629629629,0.9433449074074074,0.0,0.0,1.0,6.0,27.0,1.6948925042469254,3.7078226950991433,0.0016129441528685306,0.0008357025738537589,0.0008743042196493314,0.0,0.4841229182759271,0.012631180194210934,0.9381899824766355
exdark,2015_00458,1,2448,2448,14.72507202091076,0.8250020358088769,0.8665777585544021,0.8928093228031954,0.9207965219039685,0.9231166765453458,0.9368568846383869,0.0,0.0,2.0,8.0,35.0,2.067417561330952,4.315042957723732,0.8248169774445726,0.8664496027169037,0.8927482485368875,0.9206902259814601,0.9229843489683455,0.9368038201119228,0.0,0.0,2.0,9.0,35.0,2.068272012720217,4.316238351585241,0.8245359690717246,0.8662333397411253,0.8926294373958734,0.9206608569353667,0.9229676620103379,0.9367884681105557,0.0,0.0,2.0,9.0,35.0,2.069370402785533,4.317542511483877,0.8244211628006323,0.8662133153915161,0.8927442436669657,0.9205460506642744,0.9228555256525268,0.936661647229698,0.0,0.0,2.0,9.0,35.0,2.0683906512568178,4.3165470636454835,0.00039614258409414685,0.00016300382270737786,0.00019618462734952315,0.0,0.0,0.002828112420541575,0.9225449813640053
exdark,2015_00465,1,720,540,8.788760288065843,0.8919701646090535,0.9228472222222223,0.9380478395061729,0.9553858024691358,0.9569135802469135,0.964997427983539,0.0,0.0,1.0,3.0,17.0,1.3509354172749863,3.2593041784649315,0.8912139917695473,0.9219444444444445,0.9375411522633745,0.9548662551440329,0.9562551440329218,0.9644650205761317,0.0,0.0,1.0,3.0,17.0,1.358097820797493,3.269251713605864,0.890686274509804,0.921609477124183,0.9367851307189542,0.9547385620915033,0.9561274509803922,0.9644403594771241,0.0,0.0,1.0,3.0,17.0,1.3612145534146174,3.272116052431718,0.8908088235294118,0.9219771241830066,0.9364787581699346,0.9543709150326798,0.9559640522875817,0.9647058823529412,0.0,0.0,1.0,3.0,17.0,1.3624739734177804,3.270014297774503,0.001524519815649714,0.0008715056288801468,0.0006501445943151658,0.0,0.33071891388307384,0.007466994589731443,0.9569393004115226
exdark,2015_00468,1,1024,768,8.901307423909506,0.9201024373372396,0.9489339192708334,0.9593531290690104,0.9661509195963541,0.9666519165039062,0.9697265625,0.0,0.0,1.0,3.0,12.0,1.3461095401119412,3.1892531606673615,0.9194437662760416,0.9485880533854166,0.9591217041015625,0.9658660888671875,0.9664357503255209,0.9697621663411459,0.0,0.0,1.0,3.0,12.0,1.3491372781645599,3.193330215773221,0.9199930826822916,0.948333740234375,0.9590962727864584,0.9658304850260416,0.966339111328125,0.9696553548177084,0.0,0.0,1.0,3.0,12.0,1.3507296021077464,3.194867926957775,0.9200236002604166,0.9484049479166666,0.959228515625,0.9659016927083334,0.9664103190104166,0.9696248372395834,0.0,0.0,1.0,3.0,12.0,1.3521172435318718,3.1936775529157027,0.0006600736905627065,0.0005110555493473632,0.0003453325385421048,0.0,0.0,0.004844318951310494,0.9660593668619791
exdark,2015_00471,1,640,480,2.996650390625,0.939580078125,0.9762434895833333,0.9911881510416667,0.9991145833333334,0.999130859375,0.9993001302083333,0.0,0.0,0.0,2.0,11.0,0.9186014333475778,2.3844979770376815,0.939609375,0.9760677083333333,0.9910026041666666,0.998984375,0.998984375,0.9991015625,0.0,0.0,0.0,2.0,11.0,0.9159540571051764,2.3801207931876185,0.9402604166666667,0.976328125,0.9908072916666667,0.9989583333333333,0.9989583333333333,0.9990885416666667,0.0,0.0,0.0,2.0,11.0,0.9041077679053906,2.357912130443727,0.93890625,0.9753125,0.9900520833333334,0.9984895833333334,0.9984895833333334,0.9986458333333333,0.0,0.0,0.0,2.0,11.0,0.9107669182169499,2.3691005325576326,0.0013731231210061395,0.0004385600493165587,0.0002628265771410705,0.0,0.0,0.014909695765360961,0.9990559895833333
exdark,2015_00476,1,1280,960,2.9770198567708333,0.9617317708333334,0.9732666015625,0.9864306640625,0.9930460611979167,0.9934757486979167,0.995244140625,0.0,0.0,0.0,2.0,5.0,1.0046871975151566,2.630953726355395,0.9615950520833333,0.97326171875,0.9863606770833333,0.9930305989583333,0.9934505208333333,0.9953059895833334,0.0,0.0,0.0,2.0,5.0,1.0041493715549334,2.629557291429879,0.9616015625,0.9733138020833333,0.9863216145833333,0.9928645833333334,0.9933072916666666,0.9951497395833333,0.0,0.0,0.0,2.0,5.0,1.0005383630388027,2.623356875834694,0.961953125,0.9732291666666667,0.9860546875,0.9928125,0.9932421875,0.9949739583333334,0.0,0.0,0.0,2.0,5.0,1.0007136433687354,2.6207267847846714,0.00047854884025876754,0.0001774536449574091,0.00014422216960342538,0.0,0.0,0.004423756408105282,0.9937239583333334
exdark,2015_00484,1,900,598,23.300611296915644,0.583859160163508,0.707603121516165,0.7826978818283166,0.859453734671126,0.8661798587885544,0.9121516164994425,1.0,3.0,11.0,28.0,60.0,3.503223695165015,5.804424902065518,0.5845259259259259,0.7083037037037037,0.7832666666666667,0.8598518518518519,0.8664296296296297,0.9124666666666666,1.0,3.0,11.0,27.0,60.0,3.4976414310946433,5.79902076650697,0.5836888888888889,0.7078518518518518,0.7825777777777778,0.859437037037037,0.8655259259259259,0.9123111111111111,1.0,3.0,11.0,28.0,60.0,3.5022073096042328,5.802348230994785,0.5851032448377581,0.708495575221239,0.783952802359882,0.8604129793510324,0.8661946902654867,0.9123598820058997,1.0,3.0,11.0,27.0,60.0,3.4964903017241618,5.795301989373695,0.0024612817150864706,0.0016347418073653806,0.001157159527650386,0.3903123748998999,0.0,0.01429482893130696,0.8759661835748792
exdark,2015_00508,1,640,480,4.045345052083333,0.9484830729166667,0.9670572916666667,0.9771061197916666,0.9858984375,0.9865462239583334,0.9896744791666666,0.0,0.0,0.0,2.0,8.0,1.0331004589519353,2.739795298917478,0.948046875,0.9672916666666667,0.977734375,0.98609375,0.9867838541666667,0.9900260416666666,0.0,0.0,0.0,2.0,8.0,1.0306581356619111,2.733447646910332,0.9501302083333333,0.968125,0.9786458333333333,0.9866927083333333,0.987265625,0.9904947916666667,0.0,0.0,0.0,2.0,8.0,1.0149869762038055,2.7015181131901853,0.95234375,0.96890625,0.9794791666666667,0.9871875,0.9877083333333333,0.9911458333333333,0.0,0.0,0.0,2.0,8.0,1.0041329023004009,2.6782957016052134,0.0021969256102663845,0.0010499295892268104,0.0006134232601638295,0.0,0.0,0.017060097047551116,0.9879264322916667
exdark,2015_00545,1,900,464,15.730907567049808,0.863338122605364,0.8743366858237548,0.8831609195402299,0.8963553639846743,0.8977610153256705,0.9076197318007663,0.0,0.0,0.0,0.0,53.0,1.0914891240699698,2.378246114048882,0.8648275862068966,0.8759482758620689,0.8840900383141762,0.897183908045977,0.8986877394636016,0.9081704980842912,0.0,0.0,0.0,0.0,51.0,1.0832830630567547,2.3649850710090874,0.8676819923371647,0.8781800766283525,0.8867049808429118,0.8991954022988505,0.9004406130268199,0.9097892720306513,0.0,0.0,0.0,0.0,49.0,1.0658008218973256,2.335941735115062,0.8687824229478182,0.8787763198046994,0.8874351541043638,0.9003661885871224,0.9015105279218798,0.91108483368935,0.0,0.0,0.0,0.0,47.0,1.0608916784468356,2.3322168229749414,0.0032738207896881926,0.0030125335539379233,0.002576578748087334,0.0,3.3018697354680726,0.020594036101051035,0.8896144636015325
exdark,2015_00583,1,1024,768,2.441786448160807,0.9918746948242188,0.9981040954589844,0.9990882873535156,0.9994824727376302,0.9995028177897135,0.9996083577473959,0.0,0.0,1.0,3.0,7.0,1.192014456243493,2.8864010840256613,0.9918568929036459,0.9980926513671875,0.9991099039713541,0.99951171875,0.9995269775390625,0.999603271484375,0.0,0.0,1.0,3.0,7.0,1.1934259195510688,2.8878491987908554,0.991851806640625,0.9981282552083334,0.9990437825520834,0.9995015462239584,0.9995218912760416,0.9995930989583334,0.0,0.0,1.0,3.0,7.0,1.1898502376390825,2.882731285441399,0.9919026692708334,0.998291015625,0.9989827473958334,0.9994913736979166,0.9994913736979166,0.9995524088541666,0.0,0.0,1.0,3.0,7.0,1.1895540158631268,2.8808296217199185,0.0002613245516350288,0.0001235906968641881,5.753044650200159e-05,0.0,0.0,0.0036934311021546927,0.9995511372884115
exdark,2015_00591,1,500,374,10.479914438502673,0.839716577540107,0.8755721925133689,0.9018342245989305,0.9365187165775402,0.9394064171122994,0.9564705882352941,0.0,0.0,1.0,6.0,31.0,1.6195587387004449,3.672868743004784,0.8395531914893617,0.8753191489361702,0.903,0.936595744680851,0.9393829787234043,0.9565106382978723,0.0,0.0,1.0,6.0,31.0,1.6195109809976096,3.668466961171555,0.8406382978723405,0.8761702127659574,0.9038723404255319,0.9383404255319149,0.9408936170212766,0.9582127659574468,0.0,0.0,1.0,6.0,31.0,1.6018832901086184,3.638507082933526,0.8424518743667679,0.8775751435325904,0.9044241810199257,0.9380276933468423,0.9405606214116853,0.958628841607565,0.0,0.0,1.0,6.0,31.0,1.5931206195189347,3.620424984476754,0.0021616867504958425,0.0018080495012275408,0.0015473652968555724,0.0,0.6584783595532961,0.015842994535528322,0.9379946524064171
exdark,2015_00614,1,652,490,2.8506291473644674,0.957158507574809,0.971725929635658,0.9803743583322899,0.9886096156253913,0.9891824214348316,0.992638036809816,0.0,0.0,0.0,1.0,5.0,0.770358268575397,2.2231265060576098,0.9569180507755998,0.9717192877450247,0.9801236969424909,0.9887151478876752,0.989226395331438,0.9926305551399073,0.0,0.0,0.0,1.0,5.0,0.7682876764678328,2.2168035463494293,0.956337819117356,0.9708588957055214,0.9800366119137146,0.9892885414605185,0.9898080348307936,0.9933702750841085,0.0,0.0,0.0,1.0,5.0,0.7704749721064795,2.2188574119738127,0.9565302911093627,0.9706923682140047,0.979986231313926,0.9892800944138473,0.9896734854445318,0.9934107002360346,0.0,0.0,0.0,1.0,5.0,0.769631407083692,2.2138402707239555,0.0009524825779662486,0.0003088279158460193,0.00045986634542558133,0.0,0.4330127018922193,0.004084865653094651,0.9910166520595969
exdark,2015_00658,1,332,500,42.541319277108435,0.3803674698795181,0.4700120481927711,0.5658072289156626,0.6472710843373494,0.6549277108433735,0.7199578313253012,0.0,6.0,26.0,70.0,120.0,4.1467118918624095,6.257751527267447,0.38183132530120484,0.4691566265060241,0.565710843373494,0.6472048192771084,0.655277108433735,0.7186265060240964,0.0,6.0,26.0,71.0,120.0,4.14542320980785,6.252463412554122,0.38018741633199465,0.4662459361254542,0.5612927902084529,0.642904953145917,0.6518932874354562,0.7140466628418436,0.0,6.0,26.0,71.0,121.0,4.160169261970537,6.265678911707585,0.3798185941043084,0.46636432350718066,0.5608465608465608,0.6435185185185185,0.6512660619803476,0.7143801965230536,0.0,6.0,26.0,71.0,121.0,4.162789139496857,6.262740363837437,0.0026203763643454403,0.0038918751462490033,0.003176415531514618,0.4330127018922193,0.7680128579652817,0.015062869469871093,0.6227409638554217
exdark,2015_00670,1,640,440,13.859048295454546,0.8680752840909091,0.8873011363636364,0.9016051136363636,0.9194353693181818,0.9209659090909091,0.9314737215909091,0.0,0.0,0.0,2.0,31.0,1.2475672686870434,2.901357890353651,0.8680539772727273,0.8870170454545454,0.9009943181818182,0.9188636363636363,0.9203267045454545,0.9308806818181818,0.0,0.0,0.0,2.0,31.0,1.2485316852725765,2.9020123179166206,0.8691761363636363,0.8875852272727273,0.9020170454545454,0.9194034090909091,0.9211079545454546,0.9314772727272728,0.0,0.0,0.0,2.0,31.0,1.246248266292956,2.897621906468509,0.8703409090909091,0.8892045454545454,0.9033522727272727,0.9194318181818182,0.9209090909090909,0.9308522727272728,0.0,0.0,0.0,2.0,30.0,1.2480034193434588,2.8973040148271125,0.0017252383868922054,0.001766225419924532,0.0013148223256143328,0.0,1.2103072956898178,0.009497641961953568,0.915390625
exdark,2015_00692,1,506,338,5.0827642257408145,0.9461316275697547,0.9572058376406203,0.9646432163154571,0.973746988797156,0.974436934303155,0.9796407605772154,0.0,0.0,1.0,2.0,7.0,1.137198399550245,2.9033068449094124,0.9486104678091709,0.9600277906438166,0.9671375636868921,0.9751505326540065,0.9757526632700324,0.9805002315886985,0.0,0.0,1.0,2.0,6.0,1.1260008604232048,2.8802465359858904,0.9432796191173778,0.9556857718366599,0.9635597875846914,0.9722120490752609,0.9725782823658671,0.9773850943050724,0.0,0.0,1.0,2.0,7.0,1.1460011099246117,2.913019455063966,0.9458575581395349,0.9582122093023255,0.9659338662790697,0.9737463662790697,0.974109738372093,0.9787427325581395,0.0,0.0,1.0,2.0,7.0,1.1372935013032508,2.8916887971594645,0.006016629618386691,0.004677795675060333,0.0033155701754585126,0.0,0.5,0.03152892691079804,0.9740627265710877
exdark,2015_00706,1,640,426,34.952101672535214,0.5957929870892019,0.6201767899061033,0.6439297241784038,0.6878961267605633,0.6935702758215962,0.738006161971831,0.0,0.0,0.0,66.0,117.0,2.725517062713788,4.539125631065946,0.5976197429906542,0.6220210280373831,0.6453271028037383,0.6880110981308412,0.6937792056074766,0.7380987149532711,0.0,0.0,0.0,66.0,117.0,2.718418729270856,4.526950508998337,0.5977719907407407,0.6220775462962963,0.6462962962962963,0.6877025462962963,0.6932870370370371,0.7375868055555556,0.0,0.0,0.0,67.0,116.0,2.7173914658665015,4.523238358272039,0.5961226851851852,0.6217013888888889,0.6458333333333334,0.6864583333333333,0.6923032407407408,0.7371527777777778,0.0,0.0,0.0,67.0,116.0,2.720771350684305,4.518321115503767,0.004288890069580338,0.0034042836924891642,0.002935998510944615,0.4330127018922193,0.6123724356957945,0.027848366171675076,0.6711744424882629
exdark,2015_00719,1,506,338,12.92048670393152,0.7325350235049232,0.8251046612250625,0.8991393222162453,0.9548378043361321,0.958731903547957,0.974384311340833,0.0,1.0,5.0,17.0,32.0,2.704723686030062,4.944479343470305,0.731032885595183,0.8237378415933303,0.8985409911996295,0.954284390921723,0.9579434923575729,0.9733672996757758,0.0,1.0,5.0,17.0,32.0,2.7062042285189043,4.944118943060217,0.7331532686321186,0.8249862662516023,0.9007507782457426,0.9570133675151071,0.9609961545504486,0.9758286028199963,0.0,1.0,5.0,17.0,31.0,2.698437093814386,4.921682248625457,0.7347383720930233,0.8245821220930233,0.9007994186046512,0.9552143895348837,0.9585755813953488,0.9742914244186046,0.0,1.0,5.0,17.0,31.0,2.6887877217610026,4.907161205295888,0.002643695590780228,0.0024676981355951015,0.003284289908308876,0.0,0.582961190818051,0.012655842932453327,0.9657833804990995
exdark,2015_00724,1,640,426,17.849013350938968,0.7376357100938967,0.8103213028169014,0.8456902875586855,0.8887360622065728,0.8939737382629108,0.9280406396713615,0.0,1.0,4.0,17.0,52.0,2.6151278266975555,5.0225884152015645,0.7381133177570094,0.8096816588785046,0.8459258177570094,0.8895589953271028,0.8950788551401869,0.9290157710280373,0.0,1.0,4.0,17.0,52.0,2.608400257637576,5.014073336969209,0.7337673611111111,0.8052951388888889,0.84140625,0.8856481481481482,0.8916087962962963,0.9271412037037037,0.0,1.0,4.0,17.0,53.0,2.616731053497684,5.022955870908692,0.7363425925925926,0.8066550925925926,0.8422453703703704,0.8863425925925926,0.8921296296296296,0.9271412037037037,0.0,1.0,4.0,17.0,53.0,2.6005198758372745,5.000242571336553,0.005174177039005365,0.003744522146297639,0.003340324746098907,0.24206145913796356,1.3228756555322954,0.023647877544354507,0.9091072476525821
exdark,2015_00730,1,640,640,5.36642333984375,0.938916015625,0.95123779296875,0.95982177734375,0.96852294921875,0.96920166015625,0.97351318359375,0.0,0.0,0.0,0.0,5.0,0.6811537068470043,1.9347515369564918,0.938369140625,0.95064453125,0.95919921875,0.968154296875,0.968779296875,0.972783203125,0.0,0.0,0.0,0.0,5.0,0.688385556375186,1.9461943484350677,0.93833984375,0.95095703125,0.95904296875,0.96771484375,0.96830078125,0.9723046875,0.0,0.0,0.0,1.0,5.0,0.6915289143021965,1.9490627430042928,0.941953125,0.9536328125,0.961171875,0.96875,0.9694140625,0.9733203125,0.0,0.0,0.0,0.0,4.0,0.6648534310116251,1.8938935686975462,0.002431091491709933,0.0013792692144402774,0.0012210521961837058,0.0,0.6584783595532961,0.019425440179191303,0.9646533203125
exdark,2015_00735,1,506,338,59.097253081366794,0.47697453048623617,0.545279135580139,0.5885585985920434,0.6347323245316556,0.638491942839769,0.6604708001029072,0.0,0.0,19.0,122.0,165.0,3.8199372901029163,5.770182729389936,0.47779064381658176,0.546479851783233,0.5892079666512274,0.6355488652153775,0.6393932376100047,0.6616025937934229,0.0,0.0,19.0,121.0,165.0,3.8149464317839965,5.773008979991594,0.4768815235304889,0.5463285112616737,0.5879417689067936,0.635872550814869,0.639580662882256,0.6602270646401758,0.0,0.0,19.0,122.0,165.0,3.823887197151332,5.777558238157778,0.47819767441860467,0.5487827034883721,0.5895712209302325,0.6374454941860465,0.6409883720930233,0.6624273255813954,0.0,0.0,19.0,121.0,163.0,3.8170739756330874,5.77419263855243,0.00320339221446425,0.0025665620764590774,0.002558691067525107,0.4330127018922193,1.0532687216470449,0.014566999720716218,0.5624459152887247
exdark,2015_00738,1,506,336,36.36934170901562,0.28809053265575,0.38450498776585734,0.5070640410314323,0.7199734142668925,0.7407126388104649,0.841497270845097,3.0,13.0,31.0,50.0,78.0,4.534412602053272,6.469450353691976,0.2879640044994376,0.38488938882639673,0.5073584551931009,0.7211520434945632,0.7416338582677166,0.8419806899137607,3.0,13.0,31.0,50.0,78.0,4.5267371526481055,6.462095690968015,0.2827146606674166,0.3809992500937383,0.5073584551931009,0.7203787026621672,0.7417041619797525,0.8413948256467941,3.0,13.0,31.0,50.0,79.0,4.533078213270901,6.46209478932579,0.28664434523809523,0.3845796130952381,0.5111607142857143,0.7224702380952381,0.7446986607142857,0.8424479166666666,3.0,13.0,31.0,50.0,77.0,4.518311468059814,6.4477922592862775,0.004995244451179903,0.004461826071155122,0.0031687082351412672,0.24206145913796356,0.9354143466934853,0.021692751536993002,0.7466179653679653
exdark,2015_00742,1,508,338,15.080510646228394,0.7140951870661137,0.7850603363928621,0.8371383310813959,0.8973349485160509,0.9032812281600895,0.9417835344546429,0.0,0.0,4.0,19.0,49.0,2.552560919916412,4.903407667670375,0.7157017137563687,0.7862667901806392,0.8380500231588699,0.8977999073645206,0.9040064844835572,0.9418712366836498,0.0,0.0,4.0,19.0,48.0,2.5415910987429964,4.887879724466673,0.718503937007874,0.787310016480498,0.8397729353598242,0.8999267533418788,0.9060153817982055,0.9427760483427944,0.0,0.0,4.0,19.0,48.0,2.5192722729993906,4.858650169381923,0.7206577034883721,0.7876998546511628,0.8406613372093024,0.9004360465116279,0.9061591569767442,0.9427688953488372,0.0,0.0,4.0,19.0,47.0,2.511779393823542,4.847205688479098,0.0024662934263406135,0.0017850357570825934,0.0015505289268396057,0.3903123748998999,0.6091746465505602,0.021335830468823588,0.9067872617993756
exdark,2015_00747,1,640,426,14.057581426056338,0.8580582453051643,0.884800469483568,0.9010893485915493,0.921368838028169,0.9233164612676056,0.9342833039906103,0.0,0.0,0.0,4.0,31.0,1.4842103493044183,3.390729339865428,0.8600321261682243,0.8873831775700934,0.9033148364485981,0.9228095794392523,0.9248393691588785,0.9355432242990654,0.0,0.0,0.0,4.0,30.0,1.4651926914091418,3.356010339763347,0.8597511574074074,0.8872106481481481,0.9033564814814815,0.9229456018518518,0.9252604166666667,0.9365451388888889,0.0,0.0,0.0,4.0,29.0,1.4578166425846328,3.341840825371653,0.8590856481481481,0.8882523148148148,0.9041087962962963,0.9223958333333333,0.9245949074074075,0.9356481481481481,0.0,0.0,0.0,4.0,29.0,1.4537879283460957,3.326758866103399,0.00227778183713502,0.0021212218957658135,0.0015449570897619566,0.0,1.4086784586980805,0.01724722630718917,0.9151225058685446
exdark,2015_00767,1,338,508,24.14873270279085,0.6551856683595024,0.7154696454363323,0.7663886688720123,0.8348495084564134,0.840743372315147,0.8757512929227041,0.0,0.0,5.0,28.0,76.0,2.767374668877378,5.167192870715549,0.6552802223251505,0.7155396016674386,0.7665354330708661,0.8353867531264474,0.841130152848541,0.8759610930986568,0.0,0.0,5.0,28.0,76.0,2.7638123519065063,5.156874560644864,0.6576746323529412,0.7187040441176471,0.7696691176470588,0.8378216911764705,0.8424172794117647,0.8777113970588235,0.0,0.0,5.0,28.0,76.0,2.75842079386656,5.146031541681165,0.6550690406976745,0.715843023255814,0.7664425872093024,0.8343931686046512,0.8384811046511628,0.8749091569767442,0.0,0.0,5.0,28.0,77.0,2.7766059857544962,5.159208814008767,0.0036934756708332877,0.0034652099638778945,0.0032847199819229338,0.0,1.4238482187368147,0.02274521351305201,0.838891347901039
exdark,2015_00802,1,1024,682,12.969736585868768,0.887052384989003,0.9067654875366569,0.9183410465542522,0.9321360657991202,0.933350325329912,0.9403924578445748,0.0,0.0,1.0,4.0,20.0,1.6421004847818288,3.624581388867676,0.887272706505848,0.9070837902046783,0.9188310946637427,0.9325543676900585,0.9337422331871345,0.9409379568713451,0.0,0.0,1.0,4.0,20.0,1.639621421389218,3.619646370218339,0.8888762718023255,0.9081577034883721,0.919921875,0.9333552870639535,0.9346043786337209,0.9416447129360465,0.0,0.0,1.0,4.0,19.0,1.6278494672261214,3.599222006352525,0.8881495276162791,0.9074309593023255,0.9193768168604651,0.9330032703488372,0.9341842296511628,0.9412699854651163,0.0,0.0,1.0,4.0,20.0,1.6325020800545615,3.604014472564181,0.0014629677728982366,0.001030527188968644,0.0009643314842464659,0.0,0.5555121510822243,0.010045822674573053,0.9297533678519062
exdark,2015_00818,1,640,412,4.005582524271845,0.9385998179611651,0.9633191747572816,0.9761187803398058,0.986085406553398,0.986646692961165,0.9904012439320389,0.0,0.0,0.0,2.0,10.0,1.016453332311222,2.6915637040516303,0.9389259708737864,0.9635618932038835,0.9763956310679611,0.9862105582524272,0.9867566747572816,0.990382281553398,0.0,0.0,0.0,2.0,10.0,1.016166719242153,2.6903399375768298,0.9401141826923077,0.9641826923076923,0.9763822115384615,0.9859675480769231,0.9865384615384616,0.9903846153846154,0.0,0.0,0.0,2.0,10.0,1.0064007331659397,2.6706809046434157,0.9394831730769231,0.9642427884615384,0.9763221153846153,0.9859375,0.98671875,0.9905048076923076,0.0,0.0,0.0,2.0,10.0,1.0087794755445245,2.6717996789501774,0.0012915769046347298,0.0007829645410371102,0.0009100648614774406,0.0,0.0,0.011000914471239027,0.9901168082524272
exdark,2015_00838,1,506,338,1.9961175947798022,0.9865577566246463,0.9936560095422972,0.9964508735411746,0.9986493439670697,0.9987604368875271,0.9994153004186449,0.0,0.0,0.0,1.0,8.0,0.8053988366109908,2.2120967178121225,0.986544696618805,0.9938397406206577,0.9965493283927744,0.998772579898101,0.9988883742473367,0.9994905048633627,0.0,0.0,0.0,1.0,8.0,0.8009185169677514,2.2025581045029052,0.9867698223768541,0.9938655923823475,0.9966581212232192,0.9984892876762498,0.9986724043215528,0.9991301959348104,0.0,0.0,0.0,1.0,8.0,0.7956217678356453,2.1920152440773393,0.9862827034883721,0.9935501453488372,0.9966388081395349,0.9982739825581395,0.9983648255813954,0.9990915697674418,0.0,0.0,0.0,1.0,8.0,0.7958750034524649,2.1896132445047236,0.0007643325641548276,0.00036244763216596027,0.0002979429131565198,0.0,0.0,0.006681998250050371,0.9996082512804921
exdark,2015_00869,1,640,426,13.717205839201878,0.8365793720657277,0.8742480927230047,0.8995781983568075,0.924636883802817,0.9268302523474179,0.9388350938967136,0.0,0.0,1.0,7.0,32.0,1.8499524871761128,4.028362261483284,0.8364632009345795,0.8742114485981308,0.8998101635514019,0.9261244158878504,0.9283002336448598,0.9398072429906542,0.0,0.0,1.0,7.0,32.0,1.8473953905614235,4.023822865449375,0.8385416666666666,0.8761574074074074,0.9002314814814815,0.9267361111111111,0.92890625,0.9406828703703703,0.0,0.0,1.0,7.0,31.0,1.8271536867998084,3.990941647413041,0.8375578703703703,0.8741319444444444,0.8983796296296296,0.9250578703703703,0.9273148148148148,0.9390046296296296,0.0,0.0,1.0,7.0,33.0,1.8345035928047557,3.9941880415164435,0.0017325313341904288,0.0012253997909547451,0.0013153758742943428,0.0,0.7473912964438374,0.015129989341873212,0.924512177230047
exdark,2015_00873,1,512,334,6.881046500748503,0.8916892776946108,0.9185008888473054,0.9382543506736527,0.9606743544161677,0.9622064464820359,0.9727673559131736,0.0,0.0,0.0,2.0,18.0,1.2016134527664133,3.001881013980595,0.89306640625,0.9193405877976191,0.9386858258928571,0.9605654761904762,0.9620070684523809,0.9724702380952381,0.0,0.0,0.0,2.0,17.0,1.1976556006383026,2.9911476634270393,0.8928571428571429,0.9191778273809523,0.9380115327380952,0.9589378720238095,0.9602864583333334,0.9714471726190477,0.0,0.0,0.0,2.0,17.0,1.2030229613451902,2.997777342603012,0.8936011904761905,0.9192708333333334,0.9383370535714286,0.9576822916666666,0.9592633928571429,0.9705171130952381,0.0,0.0,0.0,2.0,17.0,1.2099504099961316,3.003020636645715,0.0019062109801156893,0.0015744381585495956,0.0013432159716300258,0.0,0.6123724356957945,0.009152642613852348,0.9663699943862275
exdark,2015_00884,1,1022,1024,1.5382397795376712,0.9921311231042075,0.9935214346868885,0.9943928877201565,0.995465004280822,0.995558647260274,0.9961606378424658,0.0,0.0,1.0,1.0,2.0,0.8944937836470109,1.8748706409633162,0.9921188354492188,0.9935073852539062,0.9944496154785156,0.9954681396484375,0.9955406188964844,0.9961929321289062,0.0,0.0,1.0,1.0,2.0,0.8936510082459552,1.8724067978443257,0.9919967651367188,0.9935684204101562,0.9943771362304688,0.9954376220703125,0.9955062866210938,0.9961700439453125,0.0,0.0,1.0,1.0,2.0,0.8939894320168145,1.870173964943461,0.99200439453125,0.9935455322265625,0.9942626953125,0.995208740234375,0.9953155517578125,0.995880126953125,0.0,0.0,1.0,1.0,2.0,0.893878127832893,1.8688355757859378,0.00018723228610178906,0.00019064652403239944,0.00018152299062262567,0.0,0.0,0.0021414009377041018,0.9951620979085127
exdark,2015_00893,1,488,352,7.033677580104322,0.8988741151266766,0.9289947373323398,0.948199981371088,0.967667194485842,0.9692622950819673,0.9793917660208644,0.0,1.0,2.0,6.0,16.0,1.8135303132118155,3.8897946218080772,0.9006147540983607,0.9303977272727273,0.9490266393442623,0.9692390089418778,0.9709156110283159,0.9804629284649776,0.0,1.0,2.0,6.0,15.0,1.8048011942030475,3.8735548228340035,0.9021050670640834,0.93149217585693,0.9493759314456036,0.9700074515648286,0.9714511922503726,0.9806259314456036,0.0,1.0,2.0,6.0,15.0,1.8085989815014525,3.870431242571894,0.901359910581222,0.9326564828614009,0.9515648286140089,0.970193740685544,0.9714977645305514,0.981371087928465,0.0,1.0,2.0,6.0,15.0,1.8100405456837514,3.868393499634462,0.002345023855675618,0.001930328316057771,0.0015540772832957788,0.0,0.5590169943749475,0.008967340635205828,0.973215117362146
exdark,2015_00908,1,604,400,9.404983443708609,0.8905753311258278,0.9292135761589404,0.9537996688741722,0.9616887417218543,0.9624006622516557,0.9670364238410596,0.0,0.0,1.0,6.0,17.0,1.7423209546765719,3.7938095798735385,0.8910927152317881,0.9296688741721855,0.9542218543046358,0.9614900662251655,0.9622350993377483,0.9672019867549669,0.0,0.0,1.0,6.0,17.0,1.7432281857051277,3.7907783185314283,0.8906291390728477,0.9305629139072847,0.9547682119205299,0.9620529801324503,0.9627483443708609,0.968112582781457,0.0,0.0,1.0,6.0,17.0,1.7494959924927929,3.7990735824360944,0.8903947368421052,0.9315131578947369,0.9551973684210526,0.9617105263157895,0.9624342105263158,0.968421052631579,0.0,0.0,1.0,6.0,17.0,1.7445452602977523,3.7839695803602784,0.001544746935854675,0.0013689706803859361,0.001272993430072246,0.0,0.4841229182759271,0.010096376118296394,0.9603104304635761
exdark,2015_00915,1,640,564,9.389591644503547,0.888422539893617,0.907034020390071,0.9216699911347518,0.9410017730496454,0.9427969858156028,0.9535793439716312,0.0,0.0,0.0,1.0,20.0,0.9860224050913401,2.426061093069749,0.8891622340425532,0.9078568262411347,0.9220744680851064,0.9411015070921985,0.9428080673758865,0.9536015070921986,0.0,0.0,0.0,1.0,20.0,0.9835368831510087,2.4221632050014605,0.8880501760563381,0.9063380281690141,0.9209507042253521,0.9400968309859155,0.9419674295774648,0.9527288732394367,0.0,0.0,0.0,1.0,20.0,0.9917937766009406,2.4294875101019198,0.8856073943661972,0.9040933098591549,0.9196742957746479,0.9382042253521127,0.9400528169014084,0.9514964788732394,0.0,0.0,0.0,1.0,21.0,1.0026520770673433,2.4409051641406645,0.0019661715483478277,0.0015260049510990976,0.0014845663764310063,0.0,0.8267972847076845,0.013544132103987092,0.940838320035461
exdark,2015_00964,1,640,428,6.015566588785047,0.9165413259345795,0.9388726635514019,0.9533841997663551,0.968176839953271,0.9694545852803739,0.976171875,0.0,0.0,0.0,2.0,12.0,1.013472737274119,2.6457758776773073,0.9166764018691589,0.9381717289719627,0.9533294392523365,0.9678154205607477,0.969115070093458,0.9757447429906542,0.0,0.0,0.0,2.0,12.0,1.0174284650526275,2.6493266805162987,0.9175925925925926,0.9392939814814815,0.9544849537037037,0.9684606481481481,0.9701678240740741,0.9766782407407407,0.0,0.0,0.0,2.0,12.0,1.0086206076937758,2.6305974324373684,0.9188078703703704,0.9409143518518519,0.9552083333333333,0.9688078703703704,0.9707754629629629,0.9773726851851852,0.0,0.0,0.0,2.0,11.0,1.000511863649773,2.6160196262229958,0.0019483577075907258,0.002357956839994396,0.0018586789228744567,0.0,0.4841229182759271,0.01948902825994119,0.968541910046729
exdark,2015_00969,1,640,426,3.125506161971831,0.9665786384976526,0.9768082453051643,0.9818148474178404,0.9864033157276996,0.9868031103286385,0.9892825704225352,0.0,0.0,0.0,2.0,5.0,0.8639662776150578,2.423128632087911,0.9666910046728971,0.976518691588785,0.981848714953271,0.9863901869158879,0.986857476635514,0.9892669392523364,0.0,0.0,0.0,2.0,5.0,0.862428018350015,2.41798984284596,0.9666666666666667,0.9764756944444445,0.9818865740740741,0.9860532407407407,0.9866608796296297,0.9890914351851852,0.0,0.0,0.0,2.0,5.0,0.8602946846570854,2.4119495221204805,0.9673611111111111,0.9766782407407407,0.9815972222222222,0.9859375,0.9862847222222222,0.9890625,0.0,0.0,0.0,2.0,5.0,0.8516401715299294,2.3920488720590716,0.0006730730321443955,0.0003015213507542683,0.00023823619608468407,0.0,0.0,0.005875472101294798,0.9876503814553991
exdark,2015_00989,1,336,506,5.977396245059288,0.916696075663467,0.938370506305289,0.9532102860907209,0.9691793713532844,0.9704380764163373,0.9772256728778468,0.0,0.0,0.0,2.0,12.0,1.0763840635854969,2.8060413740509778,0.916362017247844,0.9378983877015373,0.9527793400824897,0.968644544431946,0.9700271841019873,0.9767060367454068,0.0,0.0,0.0,2.0,12.0,1.079480139918137,2.8083593211980236,0.9155505952380952,0.9373604910714286,0.9534040178571429,0.96875,0.9701450892857143,0.9765625,0.0,0.0,0.0,2.0,12.0,1.0821043773620584,2.809931124988197,0.9172247023809523,0.9381510416666666,0.9547061011904762,0.9709821428571429,0.9720982142857143,0.9782366071428571,0.0,0.0,0.0,2.0,12.0,1.0821114271386363,2.8051187247320533,0.0018352413541242747,0.001543930637531705,0.0014453009282422108,0.0,0.4841229182759271,0.010161363915656859,0.9696499153020892
exdark,2015_01019,1,636,386,40.718052432626195,0.5610926450940138,0.6216883370808486,0.6637093883403395,0.723930328803728,0.729677876625281,0.7721795874474533,0.0,2.0,10.0,56.0,131.0,3.633190397042373,6.022492928087247,0.5614342216170655,0.6219444984763016,0.6635382221357713,0.7211469882642806,0.7267068663684109,0.7691921156713999,0.0,2.0,10.0,56.0,132.0,3.6378097286473943,6.018676723928275,0.5559299191374663,0.6172827621614684,0.6601848286484405,0.7202220510845848,0.7257091515851624,0.7681298934668207,0.0,2.0,10.0,57.0,136.0,3.6660815575093295,6.037023911932322,0.5566964285714285,0.6170280612244898,0.6605229591836734,0.7213010204081632,0.7267219387755102,0.7683673469387755,0.0,2.0,10.0,56.0,136.0,3.659849530681172,6.022751413729664,0.006269387790823818,0.0040516773409731465,0.004575520924960345,0.42847841252506524,3.637908052713812,0.03768898543398554,0.7181827809821749
exdark,2015_01033,1,1024,684,6.754088998538012,0.8548077142726608,0.9034816451937134,0.9414876302083334,0.9764268663194444,0.9787026567068714,0.9911595394736842,0.0,0.0,0.0,7.0,23.0,1.4687764405764114,3.371487191310301,0.8551032529239766,0.9038856907894737,0.9417603252923976,0.9764825475146199,0.9786812408625731,0.9910567434210527,0.0,0.0,0.0,7.0,23.0,1.4704440664957474,3.3741838334429266,0.8566610646802325,0.9055346111918605,0.9427121184593024,0.977062136627907,0.9788676417151163,0.9913131359011628,0.0,0.0,0.0,7.0,22.0,1.46219470549696,3.3593614473101088,0.8574672965116279,0.9062954215116279,0.9432912427325582,0.9774255087209303,0.9792650799418605,0.9914380450581395,0.0,0.0,0.0,7.0,22.0,1.461587189118011,3.3583787185972316,0.0016730460992872387,0.0009864683749493178,0.00047787760965845586,0.0,0.3903123748998999,0.008700530037390932,0.9948159379568714
exdark,2015_01060,1,900,600,0.9253462962962963,0.9922166666666666,0.9946648148148148,0.9960388888888889,0.9975740740740741,0.997637037037037,0.9979814814814815,0.0,0.0,0.0,0.0,1.0,0.31587117347926835,1.1758455907721206,0.9921407407407408,0.9945555555555555,0.9960296296296296,0.9975777777777778,0.9976518518518519,0.9979555555555556,0.0,0.0,0.0,0.0,1.0,0.31587693628011115,1.1747907851342188,0.9921333333333333,0.9944444444444445,0.9958074074074074,0.9975407407407407,0.9976444444444444,0.9979555555555556,0.0,0.0,0.0,0.0,1.0,0.3144111059969929,1.1700015909125796,0.992212389380531,0.9943952802359882,0.9958997050147492,0.9975516224188791,0.9976106194690265,0.9978171091445428,0.0,0.0,0.0,0.0,1.0,0.3166632606994882,1.1718503064226125,0.0007792141848749287,0.00045349667923337707,0.00029290102232473823,0.0,0.3903123748998999,0.008327366362045927,0.9975166666666667
exdark,2015_01085,1,1024,768,3.7786382039388022,0.95074462890625,0.975006103515625,0.9845555623372396,0.9916496276855469,0.992303212483724,0.995293935139974,0.0,0.0,1.0,3.0,9.0,1.4221032567071827,3.256923459703138,0.9506988525390625,0.974761962890625,0.9845428466796875,0.9916483561197916,0.9922536214192709,0.9952443440755209,0.0,0.0,1.0,3.0,9.0,1.4240355263083444,3.2596332532588064,0.9501444498697916,0.9736328125,0.9827168782552084,0.9907124837239584,0.9914347330729166,0.994842529296875,0.0,0.0,1.0,3.0,9.0,1.4265927249691135,3.26451693087828,0.9498291015625,0.9734090169270834,0.9824015299479166,0.9903971354166666,0.9911702473958334,0.9946085611979166,0.0,0.0,1.0,3.0,9.0,1.424792651993875,3.2606201859276585,0.0012647317984071091,0.0014456243114226704,0.0006452027890034942,0.0,0.0,0.003200347442931299,0.9932912190755209
exdark,2015_01086,1,200,200,15.984675,0.8826,0.90445,0.917225,0.932275,0.93355,0.94005,0.0,0.0,1.0,4.0,21.0,1.8020382362084169,3.642598256047991,0.8797,0.9019,0.9138,0.9284,0.93,0.9363,0.0,0.0,1.0,4.0,23.0,1.8373849721531617,3.6674796420725895,0.8826,0.9038,0.9158,0.9298,0.9312,0.9382,0.0,0.0,1.0,4.0,22.0,1.8219843941478466,3.62748926671677,0.8668,0.8904,0.9048,0.9204,0.9212,0.9264,0.0,0.0,1.0,5.0,28.0,1.912373804455968,3.7195358710304585,0.011510864433221343,0.009704090632305531,0.008361668493787586,0.0,5.367363761661771,0.07305693568941497,0.931425
exdark,2015_01101,1,800,426,52.41591842723005,0.4313849765258216,0.4920745305164319,0.5450205399061033,0.6216842723004695,0.6305604460093897,0.682168427230047,1.0,4.0,25.0,84.0,146.0,4.297133757349126,6.692616822175886,0.4324299065420561,0.49339953271028036,0.5462149532710281,0.6220911214953271,0.630642523364486,0.682803738317757,1.0,4.0,24.0,84.0,145.0,4.2901255732526,6.686136143108004,0.4342824074074074,0.49472222222222223,0.5480324074074074,0.6224537037037037,0.6302314814814814,0.6819907407407407,1.0,4.0,24.0,84.0,145.0,4.282983690822467,6.6761410305818885,0.4348611111111111,0.49574074074074076,0.5489351851851851,0.6239814814814815,0.6318055555555555,0.6837037037037037,1.0,4.0,24.0,84.0,143.0,4.277409840962954,6.671810594939675,0.003480030603574567,0.0033192784738628783,0.002686037713907008,0.75,1.1162856937182344,0.016248005077365443,0.6217605633802817
exdark,2015_01127,1,900,674,21.30350642927794,0.6584470820969337,0.8116749093306956,0.8772766238048137,0.9172551928783382,0.9199637322782723,0.9341905703923508,1.0,3.0,11.0,20.0,39.0,3.370379679392312,5.442806308973723,0.6594017094017094,0.812741617357002,0.8777777777777778,0.9173372781065089,0.9200394477317554,0.9345627876397107,1.0,3.0,10.0,20.0,38.0,3.363817691045912,5.438008599619449,0.6588235294117647,0.8114640522875817,0.8776209150326797,0.9174771241830065,0.9199346405228758,0.9345751633986928,1.0,3.0,10.0,20.0,38.0,3.362103866228916,5.441350173049523,0.6592920353982301,0.8116085372201978,0.8779021343050495,0.9169963560645498,0.9194950546590318,0.9343571056741281,1.0,3.0,10.0,20.0,38.0,3.359512894721732,5.439183073418131,0.002946506428633302,0.001099586041660509,0.0005936820157207963,0.5,0.4841229182759271,0.015280232613385597,0.9192944279591164
exdark,2015_01131,1,774,456,8.544893807516207,0.9195113105761821,0.944078947368421,0.9566531801078925,0.9681649213472959,0.9691764132553606,0.9744718708916995,1.0,1.0,3.0,6.0,13.0,2.1568275535452015,3.9527278017084853,0.9193909386869235,0.9443389401338398,0.9572368421052632,0.9680887140531742,0.9690721649484536,0.9741928920238742,1.0,1.0,3.0,6.0,13.0,2.1575952439798725,3.95140812449006,0.9191083378549466,0.9446328449990957,0.9572707542051003,0.9680095858202207,0.9690947730150118,0.9741363718574787,1.0,1.0,3.0,6.0,13.0,2.1645806721810907,3.951904500080236,0.9210978477120637,0.9447006691987702,0.9563664315427745,0.9677156809549647,0.9688460842828721,0.9740007234581298,1.0,1.0,3.0,6.0,13.0,2.164263316791116,3.9456406552531735,0.0010333359840465626,0.0010296585173774305,0.0006521040822136587,0.0,0.0,0.008895423764470172,0.9678730903486106
exdark,2015_01141,1,900,600,27.00271111111111,0.3566185185185185,0.4777092592592593,0.6001685185185185,0.7906055555555556,0.8102851851851852,0.9264925925925926,0.0,7.0,25.0,43.0,61.0,3.873027711271573,5.578179740099705,0.3577037037037037,0.4782148148148148,0.6005185185185186,0.7895777777777778,0.809362962962963,0.9261925925925926,0.0,7.0,25.0,43.0,61.0,3.870713568293923,5.579502501533362,0.3559407407407407,0.4739111111111111,0.5998666666666667,0.7872296296296296,0.807362962962963,0.9256592592592593,0.0,7.0,25.0,43.0,61.0,3.876513415105091,5.582217908194993,0.35628318584070795,0.47348082595870206,0.5990855457227139,0.7872271386430678,0.807669616519174,0.9259882005899706,0.0,7.0,25.0,43.0,61.0,3.876350135138181,5.580745580297067,0.0025592109641392,0.0016342120109345101,0.0021510845538787234,0.42847841252506524,0.0,0.008430789622404301,0.8167592592592593
exdark,2015_01159,1,500,274,31.369627737226278,0.5276642335766424,0.580948905109489,0.6363941605839416,0.7226496350364964,0.7302846715328467,0.7889051094890511,0.0,0.0,12.0,54.0,94.0,3.213774848402868,5.464941285947704,0.5290144927536232,0.5825217391304348,0.6371884057971015,0.7234782608695652,0.7308115942028985,0.7891304347826087,0.0,0.0,12.0,54.0,94.0,3.210223844640179,5.4642308418630545,0.5278285714285714,0.5823428571428572,0.6372,0.7242857142857143,0.7313142857142857,0.79,0.0,0.0,12.0,54.0,94.0,3.211513523944404,5.4635295568507924,0.5298185941043084,0.5835600907029479,0.6390022675736962,0.7258503401360544,0.7328798185941043,0.792063492063492,0.0,0.0,12.0,53.0,93.0,3.2028051653497993,5.454601540705315,0.0033876449078126046,0.0022383455542358864,0.0022616513354290603,0.4841229182759271,0.5590169943749475,0.009767565031956537,0.7756861313868613
exdark,2015_01163,1,374,500,33.45754545454545,0.6089197860962566,0.6636631016042781,0.6787005347593583,0.7002780748663101,0.7033957219251337,0.7453048128342246,0.0,1.0,5.0,64.0,96.0,3.1435447312862124,5.386654818830921,0.6081489361702128,0.6627872340425532,0.6777021276595745,0.699404255319149,0.7026808510638298,0.7458085106382979,0.0,1.0,5.0,64.0,96.0,3.151404638434629,5.391297034334684,0.6054120229652145,0.6608831475852752,0.6768405943937859,0.698919284025667,0.7025075987841946,0.7459895305639986,0.0,1.0,5.0,64.0,96.0,3.1571138534751384,5.398980423040999,0.6044410672070246,0.6610097939885174,0.6762917933130699,0.6984971293481932,0.702549814251942,0.7464539007092199,0.0,1.0,5.0,64.0,96.0,3.159952022807398,5.398384020936339,0.002440790490308783,0.0016706733586332578,0.0011476279421734575,0.0,0.7806247497997998,0.018982685296942366,0.6563155080213904
exdark,2015_01234,1,900,572,7.005831390831391,0.9107245532245533,0.9263325563325563,0.9384090909090909,0.9532750582750583,0.9546891996891997,0.9636111111111111,0.0,0.0,0.0,1.0,12.0,0.8541792356988893,2.2425311282806955,0.9103962703962704,0.9267055167055167,0.9384926184926184,0.953053613053613,0.9544910644910645,0.9634498834498835,0.0,0.0,0.0,1.0,12.0,0.8552285650218856,2.243390238000411,0.9111728395061729,0.9274691358024691,0.938641975308642,0.9533179012345679,0.9550308641975309,0.9636419753086419,0.0,0.0,0.0,1.0,12.0,0.8461284060038492,2.2230179873188733,0.9105825958702065,0.9269604228121927,0.9378380039331367,0.9529867256637168,0.9547382005899705,0.963096116027532,0.0,0.0,0.0,1.0,12.0,0.8505861186284155,2.2287196597179273,0.0009126515727250855,0.0009890325098556385,0.0007755299356376444,0.0,0.49607837082461076,0.008501638380731494,0.9521620046620046
exdark,2015_01260,1,800,532,51.51078242481203,0.4539285714285714,0.4940953947368421,0.5329464285714286,0.5957401315789473,0.6024201127819548,0.6543256578947368,0.0,0.0,25.0,90.0,143.0,3.7142812547018544,5.847016952085651,0.4526973684210526,0.4932800751879699,0.5322838345864662,0.5954981203007519,0.602453007518797,0.6540601503759399,0.0,0.0,25.0,90.0,143.0,3.722486385142732,5.856667360918744,0.45361940298507464,0.4952425373134328,0.5343283582089552,0.5975559701492538,0.6042537313432835,0.6558208955223881,0.0,0.0,24.0,89.0,143.0,3.715764433997505,5.846088012366945,0.45313432835820894,0.4950373134328358,0.5341417910447761,0.5967910447761194,0.6035447761194029,0.6551119402985075,0.0,0.0,24.0,89.0,143.0,3.717421559858495,5.846492523437467,0.0024996903945164965,0.003061015052674075,0.002542681508822014,0.7680128579652817,0.5,0.012172584018176382,0.5681109022556391
exdark,2015_01262,1,900,600,8.249201851851852,0.8771018518518519,0.9189388888888889,0.9438888888888889,0.9704314814814815,0.9721351851851852,0.9809018518518519,0.0,1.0,3.0,7.0,19.0,2.097042103133173,4.188466759846078,0.877437037037037,0.9193037037037037,0.9442074074074074,0.9706888888888889,0.9723851851851851,0.9811777777777778,0.0,1.0,3.0,7.0,19.0,2.0941820290822974,4.183055154280215,0.8774074074074074,0.9191407407407407,0.9443111111111111,0.9706518518518519,0.9724888888888888,0.9814074074074074,0.0,1.0,3.0,7.0,19.0,2.0924173898857132,4.178202133174509,0.8778171091445428,0.9191740412979351,0.9446017699115045,0.9707669616519174,0.9726548672566372,0.9814749262536873,0.0,1.0,3.0,7.0,19.0,2.0906666348488705,4.174482663358976,0.0009408615948898842,0.0006952511157167189,0.0002781402344373027,0.0,0.4330127018922193,0.0036016854396530556,0.9761796296296297
exdark,2015_01265,1,1280,960,36.48712158203125,0.5152042643229167,0.5573388671875,0.5955305989583334,0.6650862630208333,0.6758211263020834,0.7474308268229166,0.0,0.0,13.0,64.0,107.0,3.3370927411669125,5.57796199788419,0.514443359375,0.556552734375,0.5948372395833333,0.6642415364583333,0.675068359375,0.746875,0.0,0.0,13.0,64.0,107.0,3.342635412818649,5.583682861308743,0.5140885416666666,0.55552734375,0.5939778645833333,0.6644856770833333,0.67533203125,0.7467513020833333,0.0,0.0,13.0,64.0,107.0,3.351127351151668,5.597901172542113,0.5134895833333334,0.5551302083333334,0.5936588541666666,0.6641276041666667,0.6751041666666666,0.7466145833333333,0.0,0.0,13.0,64.0,107.0,3.352467878319318,5.597032682791492,0.0012346187624491637,0.0015890118679539663,0.0015755777900426109,0.0,0.0,0.011005445932506625,0.6558780924479166
exdark,2015_01266,1,730,1094,7.170049585535048,0.9670857228719542,0.9841501590243169,0.9898800430743032,0.9939458065162405,0.9941624301920814,0.9954471463274148,3.0,4.0,6.0,8.0,10.0,2.75829066411487,3.6291814554317816,0.9670685253878983,0.9842048582027043,0.9897989709225798,0.993912289098959,0.9941665669498624,0.9953980694826692,3.0,4.0,6.0,8.0,10.0,2.7576352618178994,3.627137942869682,0.9663954369590363,0.9838359060268836,0.9896394240357385,0.9937377846914762,0.994007020063021,0.9952036217143313,3.0,4.0,6.0,8.0,10.0,2.7591455319053653,3.6378337911143506,0.9664590606156775,0.9839138368771818,0.9895469692161218,0.993732148524278,0.9939304982545224,0.9950610917169153,3.0,4.0,6.0,8.0,10.0,2.757708834544647,3.6366213757951513,0.0006810488910281895,0.0002915947193300285,0.00023271714954142467,0.0,0.0,0.0019741080001693455,0.995834063759986
exdark,2015_01286,1,800,600,47.51238958333333,0.30126458333333334,0.40628333333333333,0.51315,0.64701875,0.6619520833333333,0.74325,2.0,11.0,31.0,65.0,114.0,4.648702035916143,6.840517901087039,0.299325,0.4053333333333333,0.5121333333333333,0.6464916666666667,0.6616416666666667,0.7432416666666667,2.0,12.0,31.0,65.0,114.0,4.652411223432241,6.840157193667221,0.2975333333333333,0.4043333333333333,0.5115666666666666,0.6452166666666667,0.6607166666666666,0.7433666666666666,2.0,12.0,31.0,65.0,114.0,4.660866292362809,6.840229760061986,0.29893333333333333,0.40463333333333334,0.5113666666666666,0.6464,0.6611,0.7435,2.0,12.0,31.0,65.0,113.0,4.65918264685349,6.835159320904891,0.003150693679131977,0.0022421777608189475,0.0012391175595515226,0.4330127018922193,0.49607837082461076,0.009650600179672578,0.6701729166666667
exdark,2015_01312,1,1280,720,1.9558799913194445,0.979521484375,0.98978515625,0.9938726128472222,0.9966948784722223,0.9968934461805555,0.9978146701388889,0.0,0.0,0.0,1.0,5.0,0.7429194644899578,2.156059594843574,0.9794314236111111,0.9898394097222222,0.9938628472222222,0.9967404513888889,0.9969401041666667,0.9978515625,0.0,0.0,0.0,1.0,5.0,0.7430647017640502,2.1559671896544943,0.9797309027777777,0.9898350694444444,0.9936024305555555,0.9965711805555556,0.9968402777777777,0.9977690972222222,0.0,0.0,0.0,1.0,5.0,0.742843263815583,2.1565578660281806,0.9795659722222222,0.9897916666666666,0.9936458333333333,0.9966145833333333,0.9968576388888889,0.9977256944444445,0.0,0.0,0.0,1.0,5.0,0.7435551520201342,2.157083186960132,0.00032819898019163714,0.00023855492957402868,0.00013299516957426835,0.0,0.0,0.0013161418745179893,0.9968869357638889
exdark,2015_01315,1,1280,544,22.36330135569853,0.6908274931066176,0.7658016429227941,0.8188074448529412,0.8671903722426471,0.8712445427389706,0.8985782398897059,0.0,1.0,5.0,21.0,64.0,2.7481561507666736,5.1201756660825835,0.6911764705882353,0.7658835018382353,0.8185776654411765,0.8668255974264706,0.8709214154411765,0.8984662224264706,0.0,1.0,5.0,21.0,64.0,2.7444839032033186,5.11563487258759,0.6913602941176471,0.766164981617647,0.8192325367647059,0.8669232536764706,0.8710707720588236,0.8992072610294117,0.0,1.0,5.0,21.0,64.0,2.7395158475647796,5.10918861176441,0.6917738970588235,0.7667049632352941,0.8196691176470589,0.8671875,0.8713924632352941,0.8993336397058823,0.0,1.0,5.0,21.0,64.0,2.735645934390604,5.10192863639138,0.0008185526206856565,0.000919009931647739,0.0005309824332822513,0.0,0.5266343608235224,0.007724261274198502,0.8691506778492647
exdark,2015_01320,1,1278,480,4.426560054773083,0.9860459050599896,0.9916650365153886,0.993244653103808,0.9947492827334377,0.9948666536254565,0.9956409754825247,0.0,0.0,2.0,6.0,10.0,1.7081612462954288,3.5153512361193315,0.98623046875,0.9916015625,0.9932356770833334,0.9947721354166666,0.9948893229166667,0.9956380208333333,0.0,0.0,2.0,6.0,10.0,1.7083978151726065,3.513637479651196,0.986484375,0.9917838541666667,0.9932161458333333,0.9948567708333333,0.9949739583333334,0.9956770833333334,0.0,0.0,2.0,6.0,10.0,1.7115536621757126,3.5131517108702948,0.9859114583333334,0.9918229166666667,0.993359375,0.9950520833333333,0.9951822916666667,0.9959375,0.0,0.0,2.0,6.0,10.0,1.7109615396610176,3.5125503225206454,0.0004388589024019526,0.00018356698930993792,0.0002005671301207067,0.0,0.0,0.003943598722961463,0.9948242696922275
exdark,2015_01373,1,640,360,2.2767881944444444,0.9730295138888889,0.9775954861111111,0.9811284722222222,0.9854730902777777,0.9858637152777778,0.9883203125,0.0,0.0,0.0,0.0,0.0,0.22938026860107347,0.6814114648844012,0.9728645833333334,0.9774479166666666,0.9809375,0.9853298611111111,0.9857118055555556,0.9881076388888889,0.0,0.0,0.0,0.0,0.0,0.23119536140165697,0.6816534778178814,0.9732638888888889,0.9778125,0.9810069444444445,0.9849305555555555,0.9854166666666667,0.9881597222222223,0.0,0.0,0.0,0.0,0.0,0.23086519919231907,0.6791201565743333,0.9725,0.9775694444444445,0.980625,0.9845138888888889,0.985,0.9879861111111111,0.0,0.0,0.0,0.0,0.0,0.23387033783098818,0.6731480329264022,0.0009050702063988201,0.0009337954068653048,0.0008777132034693179,0.0,0.0,0.00530913158595706,0.9861067708333333
exdark,2015_01393,1,584,480,20.91652040525114,0.7571561073059361,0.7766124429223744,0.7939604737442922,0.824136700913242,0.8280215468036529,0.8519656107305936,0.0,0.0,1.0,13.0,96.0,2.0295077896954092,4.063900804640837,0.7559788812785389,0.7752996575342466,0.7922802511415525,0.8230308219178082,0.8269406392694064,0.8505279680365296,0.0,0.0,1.0,13.0,96.0,2.0400119094579514,4.075938162466319,0.7525970319634703,0.7722888127853881,0.7893550228310502,0.8195776255707763,0.823458904109589,0.8481449771689498,0.0,0.0,1.0,15.0,96.0,2.0653182763901277,4.109937814288983,0.7517123287671232,0.7719178082191781,0.7894406392694064,0.8194063926940639,0.8234018264840183,0.848744292237443,0.0,0.0,1.0,15.0,96.0,2.064904331123778,4.105851726340456,0.004071203185083793,0.0041372036220877146,0.00321143880576512,0.0,0.3903123748998999,0.02679921405916839,0.8002711187214612
exdark,2015_01405,1,500,374,8.369203208556149,0.9042085561497326,0.9415935828877006,0.9576951871657754,0.9710320855614973,0.9717860962566844,0.976860962566845,0.0,1.0,2.0,6.0,15.0,1.921539935962714,3.9059919031360444,0.9043829787234042,0.9427446808510638,0.9580212765957447,0.9716382978723405,0.9724255319148937,0.9770851063829787,0.0,1.0,2.0,6.0,15.0,1.9231103554110758,3.904778311567519,0.9065106382978724,0.943531914893617,0.958,0.9715744680851064,0.9724255319148937,0.9776595744680852,0.0,1.0,2.0,6.0,15.0,1.916219322445757,3.8868542700751783,0.9038331644714623,0.9426713947990544,0.957193515704154,0.9712934819317798,0.9721377912867275,0.9778790949003715,0.0,1.0,2.0,6.0,15.0,1.9114782073018974,3.875390394195076,0.002863516548896385,0.0014200046594003877,0.0009825027098680098,0.0,0.5,0.008223480821657614,0.9725401069518717
exdark,2015_01431,1,500,374,13.105711229946523,0.8108074866310161,0.8379732620320856,0.8612727272727273,0.9059197860962567,0.9102459893048128,0.932048128342246,0.0,0.0,0.0,6.0,45.0,1.5101057370254076,3.338351794176943,0.8105531914893617,0.836936170212766,0.8608936170212766,0.9055531914893618,0.9102978723404256,0.9322553191489362,0.0,0.0,0.0,6.0,46.0,1.5154538679204757,3.34437266115497,0.8094893617021277,0.8353191489361702,0.8598297872340426,0.9030212765957447,0.9078723404255319,0.9302553191489362,0.0,0.0,0.0,6.0,47.0,1.5324967649566097,3.3692204831799355,0.8106214116852415,0.8351063829787234,0.8597602161431949,0.9041708882134414,0.9092367443431273,0.9306822019587977,0.0,0.0,0.0,6.0,46.0,1.5296937473911796,3.3560091698811947,0.002557171798135494,0.0023006548546457136,0.001887499438237033,0.0,0.7880950133074057,0.016991743405430783,0.9182192513368984
exdark,2015_01435,1,500,334,57.58753293413174,0.7095868263473054,0.7325149700598802,0.7445269461077845,0.7590419161676647,0.7604311377245508,0.7675449101796408,0.0,0.0,1.0,37.0,255.0,2.6971161048588104,3.5822679312803674,0.7046190476190476,0.7293095238095239,0.7412380952380953,0.7558095238095238,0.7571190476190476,0.7646666666666667,0.0,0.0,1.0,41.0,255.0,2.7234971006026787,3.5944137760708106,0.7012380952380952,0.7238571428571429,0.7352380952380952,0.7504285714285714,0.7518571428571429,0.7597142857142857,0.0,0.0,1.0,47.0,255.0,2.7605817953484073,3.613476279769778,0.7059712773998488,0.7299697656840514,0.7399848828420257,0.7528344671201814,0.753968253968254,0.7612433862433863,0.0,0.0,1.0,42.0,255.0,2.738449502993909,3.5893891578375854,0.005831692239587762,0.0069786711264580885,0.006416819073046516,0.0,0.0,0.03775414018062534,0.7557724550898204
exdark,2015_01454,1,640,320,5.3653857421875,0.945234375,0.956845703125,0.9639697265625,0.9703466796875,0.97091796875,0.974853515625,0.0,0.0,0.0,1.0,6.0,0.8249551293628687,2.311290159537633,0.9455859375,0.9576953125,0.96482421875,0.97115234375,0.9717578125,0.97572265625,0.0,0.0,0.0,1.0,6.0,0.8234974089487176,2.3096930786718834,0.9435546875,0.955859375,0.963515625,0.970234375,0.9708984375,0.9749609375,0.0,0.0,0.0,1.0,6.0,0.8385577626346747,2.338021154789292,0.942578125,0.955,0.962734375,0.969921875,0.970546875,0.975234375,0.0,0.0,0.0,1.0,6.0,0.8445737763209493,2.341564671741435,0.0021984588773836158,0.0018486137248090089,0.0018335464816020635,0.0,0.4841229182759271,0.015028028171335283,0.9704541015625
exdark,2015_01489,1,640,480,4.882734375,0.85765625,0.9028092447916667,0.9535123697916666,0.99216796875,0.9945084635416667,0.9997102864583334,0.0,0.0,0.0,2.0,23.0,1.0132479233841765,2.346813844477911,0.8568229166666667,0.9023697916666666,0.9532291666666667,0.9919270833333333,0.994140625,0.9997395833333333,0.0,0.0,0.0,2.0,23.0,1.0166964776442022,2.3509075338204934,0.8562239583333333,0.9016927083333334,0.9523958333333333,0.991484375,0.9940625,0.9997916666666666,0.0,0.0,0.0,2.0,23.0,1.0209148801537402,2.35967057826762,0.85625,0.9011979166666667,0.9529166666666666,0.9917708333333334,0.9940625,0.9997395833333333,0.0,0.0,0.0,2.0,23.0,1.0239782586224668,2.3633342679708145,0.001100087048717939,0.0008877055185400628,0.00039621381710103345,0.0,0.0,0.00647531829505128,0.9997884114583333
exdark,2015_01490,1,638,446,15.245884701350914,0.7571341214838972,0.793047218746925,0.8273156022885418,0.8757081406300519,0.8805614518464372,0.9151285547605325,0.0,0.0,0.0,14.0,57.0,1.75581679263164,3.6229071981870398,0.7574079241071429,0.7923409598214286,0.8267299107142857,0.8756556919642857,0.8800223214285714,0.9146902901785714,0.0,0.0,0.0,14.0,57.0,1.7577465508142136,3.627021687223478,0.7598214285714285,0.7940290178571429,0.8277901785714286,0.8762834821428571,0.8809430803571429,0.9149553571428571,0.0,0.0,0.0,13.0,57.0,1.747490223402638,3.612404305429804,0.760546875,0.79375,0.827734375,0.8770647321428572,0.881640625,0.916796875,0.0,0.0,0.0,13.0,56.0,1.7487333889702732,3.613941689196542,0.0020861143645093993,0.00142050539384267,0.0012728121256301804,0.0,0.75,0.010517910263546634,0.8961721748176055
exdark,2015_01498,1,640,416,25.584232271634615,0.5885103665865384,0.6078801081730769,0.647119140625,0.7604529747596154,0.7712627704326923,0.843701171875,0.0,0.0,0.0,46.0,76.0,2.518296740597377,4.23222175485403,0.5898888221153846,0.6103665865384615,0.6511117788461539,0.763671875,0.7746995192307692,0.8462890625,0.0,0.0,0.0,45.0,75.0,2.505874920365175,4.221505507962394,0.5876802884615384,0.6083533653846154,0.649248798076923,0.7620492788461538,0.771875,0.8450721153846154,0.0,0.0,0.0,45.0,75.0,2.5187426691605763,4.234809950497709,0.5857572115384615,0.6057692307692307,0.6470552884615385,0.762860576923077,0.7729567307692308,0.84375,0.0,0.0,0.0,45.0,75.0,2.518836973598993,4.21768374125673,0.0035636575062445845,0.00428005659675949,0.004243498040633597,0.0,1.2686114456365274,0.02139685533832917,0.7285006009615385
exdark,2015_01505,1,1024,768,5.115400950113933,0.9530754089355469,0.9605000813802084,0.965844472249349,0.9725761413574219,0.9731114705403646,0.9765739440917969,0.0,0.0,0.0,0.0,2.0,0.48849361729706214,1.3887305327119281,0.9528656005859375,0.9603474934895834,0.9656880696614584,0.9725545247395834,0.9730733235677084,0.9765523274739584,0.0,0.0,0.0,0.0,2.0,0.48903226127845184,1.3894877220038642,0.9529215494791666,0.960357666015625,0.9655354817708334,0.97247314453125,0.9730021158854166,0.976470947265625,0.0,0.0,0.0,0.0,2.0,0.4880610455424886,1.3858983587387663,0.95281982421875,0.96038818359375,0.96588134765625,0.9725748697916666,0.9731241861979166,0.97686767578125,0.0,0.0,0.0,0.0,2.0,0.4881452730850064,1.385475683420624,0.0005196442914301892,0.00048210791392165565,0.0003565376051935217,0.0,0.0,0.0023282946098359585,0.9760411580403646
exdark,2015_01523,1,634,640,2.0344883675078864,0.9783098383280757,0.9827706033123028,0.9859547515772871,0.9897180599369085,0.9900236593059937,0.9918326104100946,0.0,0.0,0.0,0.0,1.0,0.2975052322377014,1.017376830206097,0.9781544811320755,0.9829009433962265,0.9860062893081761,0.9897209119496856,0.9900058962264151,0.9918435534591195,0.0,0.0,0.0,0.0,1.0,0.2964750817606528,1.0106812939684031,0.9783411949685534,0.9828812893081761,0.9860259433962264,0.9897995283018868,0.9901336477987421,0.9918632075471698,0.0,0.0,0.0,0.0,1.0,0.29428753603763685,1.0015261238812105,0.9779296875,0.9822265625,0.985703125,0.98953125,0.9898828125,0.991484375,0.0,0.0,0.0,0.0,1.0,0.2947678431761966,0.9985531984118035,0.0003864720127828184,0.0003919063286626565,0.00033087861349517377,0.0,0.0,0.0034034731842559457,0.9921037066246057
exdark,2015_01544,1,1024,682,3.9878173112170088,0.9534142457844574,0.961335570931085,0.9673624793804986,0.974762589351173,0.9755730503115836,0.9800320175036656,0.0,0.0,0.0,0.0,2.0,0.4894342078547396,1.455091704202831,0.9535590277777778,0.9613486842105263,0.9672708790204678,0.9746265076754386,0.9755745157163743,0.9799433479532164,0.0,0.0,0.0,0.0,2.0,0.4883704795984126,1.45157230325789,0.9533066860465116,0.9612213844476745,0.9673305777616279,0.9748819040697675,0.9758357558139535,0.9802189316860465,0.0,0.0,0.0,0.0,2.0,0.48740113030659615,1.4470295157313786,0.9531704215116279,0.9612554505813954,0.967273800872093,0.9748137718023255,0.9757449127906976,0.979969113372093,0.0,0.0,0.0,0.0,2.0,0.486570557048414,1.4406244550160214,0.0004175035443800746,0.00040425710408321307,0.0003909051314335119,0.0,0.0,0.001834381755309736,0.9747754765395894
exdark,2015_01566,1,640,508,2.7451648622047244,0.9666799950787401,0.9725855068897638,0.9775098425196851,0.9840151328740158,0.9845656988188977,0.9878844734251968,0.0,0.0,0.0,0.0,1.0,0.32397554859250227,1.0064417053295553,0.967064468503937,0.9730684055118111,0.978125,0.984621062992126,0.9851747047244095,0.9882627952755906,0.0,0.0,0.0,0.0,1.0,0.32210374650008294,1.0037402568294818,0.9666748046875,0.973193359375,0.978857421875,0.9849609375,0.985498046875,0.98876953125,0.0,0.0,0.0,0.0,1.0,0.3223157898348655,0.9994340160323173,0.9662109375,0.973388671875,0.97919921875,0.984814453125,0.98544921875,0.98896484375,0.0,0.0,0.0,0.0,1.0,0.3230629631914099,1.0032744201549215,0.000968267105907577,0.0011408402379894146,0.0009387085378534054,0.0,0.0,0.005583590193671063,0.9850885826771654
exdark,2015_01588,1,640,480,4.340139973958333,0.9207096354166666,0.940498046875,0.9551790364583334,0.9744108072916666,0.9759114583333334,0.9871940104166667,0.0,0.0,0.0,1.0,10.0,0.9226952823680286,2.4883865664195697,0.9212109375,0.9408333333333333,0.9556119791666666,0.9747005208333334,0.9764713541666666,0.9874869791666666,0.0,0.0,0.0,1.0,10.0,0.9176727229664247,2.4765946687491875,0.9213541666666667,0.9413541666666667,0.9561458333333334,0.9745833333333334,0.9764583333333333,0.9874479166666666,0.0,0.0,0.0,1.0,10.0,0.9121572714439888,2.464948419949941,0.920625,0.94109375,0.9559375,0.97359375,0.97578125,0.9864583333333333,0.0,0.0,0.0,1.0,10.0,0.9135290938516062,2.463457359005537,0.0018811274119977489,0.0011206950011323949,0.000831704136597478,0.0,0.33071891388307384,0.009584700671393259,0.9858203125
exdark,2015_01591,1,682,1024,9.943196137280058,0.8999610520527859,0.9183439103739003,0.9296173364186217,0.9433121219758065,0.9445879536290323,0.9519465382148093,0.0,0.0,1.0,2.0,16.0,1.2919382446117433,3.119844713421381,0.9002307200292398,0.9184484649122807,0.9294419316520468,0.9430566977339181,0.9444672880116959,0.9517772295321637,0.0,0.0,1.0,2.0,15.0,1.2885144890477085,3.112997686727907,0.9004591557017544,0.9183342470760234,0.929264894005848,0.9429025036549707,0.94437591374269,0.9518800255847953,0.0,0.0,1.0,2.0,15.0,1.2876452218351064,3.1103609299766255,0.9000045421511628,0.9178324854651163,0.9289834665697675,0.9430868459302325,0.9443813590116279,0.951648800872093,0.0,0.0,1.0,2.0,15.0,1.282896771909348,3.099725085311828,0.0006745808606787051,0.0008189828467882732,0.0007960794069344114,0.0,0.49607837082461076,0.006673283977541501,0.9415694877199413
exdark,2015_01594,1,426,640,1.0257299002347418,0.9877604166666667,0.9908597417840376,0.9925762910798122,0.9945019072769953,0.994681631455399,0.9955545774647887,0.0,0.0,0.0,0.0,0.0,0.18259593918420072,0.7122795365928317,0.9877628504672897,0.9907272196261683,0.9923919392523365,0.9943341121495327,0.9945531542056075,0.9955315420560747,0.0,0.0,0.0,0.0,0.0,0.18302737453543544,0.7125075303858227,0.9872663551401869,0.9905081775700935,0.9921728971962617,0.993983644859813,0.9941880841121495,0.9952978971962617,0.0,0.0,0.0,0.0,0.0,0.1856867073768872,0.715272604395183,0.9882523148148148,0.9917824074074074,0.9927662037037037,0.994386574074074,0.9945023148148148,0.9953703703703703,0.0,0.0,0.0,0.0,0.0,0.1781147976807479,0.688531276883589,0.0009092860160546569,0.000677469827553053,0.0005386624321075168,0.0,0.0,0.008061248350165372,0.9945129107981221
exdark,2015_01602,1,426,640,15.318144806338028,0.8468199823943662,0.8701401115023474,0.8862272593896714,0.9045041079812206,0.9060079225352112,0.9179357394366198,0.0,0.0,0.0,4.0,43.0,1.484455072674621,3.323969426950006,0.8478679906542056,0.8704439252336449,0.8864047897196262,0.904643691588785,0.906016355140187,0.9175379672897196,0.0,0.0,0.0,4.0,43.0,1.4787161071422747,3.3118728789726766,0.8478387850467289,0.8701518691588785,0.8861273364485981,0.9035046728971963,0.9049941588785047,0.9165303738317757,0.0,0.0,0.0,4.0,44.0,1.4824602593348033,3.3124404108864223,0.8496527777777778,0.8708333333333333,0.8868055555555555,0.9047453703703704,0.9064236111111111,0.9175925925925926,0.0,0.0,0.0,4.0,43.0,1.4722802206667063,3.295037992806816,0.0018136493280561392,0.001984340997009031,0.001985717589882863,0.0,1.79843682124227,0.01003880998393642,0.8993801349765258
exdark,2015_01604,1,1024,682,10.128052831744869,0.8663713114002932,0.9011581286656891,0.9240285923753666,0.9448399697580645,0.9463377474340176,0.955411759989003,0.0,0.0,0.0,5.0,23.0,1.5104482504554628,3.504786734498704,0.8661938048245614,0.9012358369883041,0.9239823190789473,0.9447756761695907,0.9461520010964912,0.955415067616959,0.0,0.0,0.0,5.0,23.0,1.5075692077748406,3.4993811989293078,0.8672783430232558,0.9021961300872093,0.9246570675872093,0.9450513263081395,0.9464821039244186,0.9557708030523255,0.0,0.0,0.0,5.0,23.0,1.5039935336040768,3.4929902394073293,0.8679142441860465,0.9032521802325582,0.9246911337209303,0.9448582848837209,0.9464480377906976,0.9558502906976745,0.0,0.0,0.0,5.0,22.0,1.4993298239215966,3.484537419865073,0.0011222419712134998,0.0007855658860130147,0.0006019268207032723,0.24206145913796356,0.5994789404140899,0.005747093283338824,0.9439106602822581
exdark,2015_01622,1,1600,1066,45.46451629924953,0.6932217401500939,0.7144447701688555,0.7303459193245778,0.7514452392120075,0.7534785412757974,0.7644752579737336,0.0,0.0,1.0,46.0,179.0,2.734412875543862,4.651860666603659,0.6933871722846442,0.7144452247191011,0.7303441011235955,0.7515308988764045,0.7536025280898876,0.7645833333333333,0.0,0.0,1.0,46.0,179.0,2.73411633131631,4.650915329456802,0.6938246268656716,0.7146875,0.7304244402985075,0.7517257462686567,0.7537873134328358,0.7648367537313433,0.0,0.0,1.0,46.0,179.0,2.732541984262786,4.648110570705153,0.694160447761194,0.715186567164179,0.7304757462686567,0.7516324626865671,0.753731343283582,0.7647108208955223,0.0,0.0,1.0,46.0,179.0,2.7307309186308997,4.643922909094587,0.0008870872906548062,0.0008401012068313071,0.0006844780086027318,0.0,0.24206145913796356,0.0051477904032625295,0.7472760318949343
exdark,2015_01661,1,640,480,18.48318359375,0.8160188802083334,0.84923828125,0.875869140625,0.9112630208333333,0.9136881510416667,0.9274837239583333,0.0,0.0,1.0,7.0,41.0,1.7801503539868069,3.733665197998962,0.8168229166666666,0.8494270833333334,0.875546875,0.9114453125,0.9139453125,0.9278515625,0.0,0.0,1.0,7.0,41.0,1.7743755955951743,3.7212971322271993,0.8150260416666667,0.8478385416666666,0.87484375,0.9113541666666667,0.91375,0.9279166666666666,0.0,0.0,1.0,7.0,42.0,1.7768426316464032,3.7238708853573366,0.8127604166666667,0.8455208333333334,0.8731770833333333,0.9097916666666667,0.9124479166666667,0.9272916666666666,0.0,0.0,1.0,7.0,42.0,1.7948344160425862,3.746442445621169,0.003240276626373778,0.0020506649892640624,0.0015320623409910447,0.0,0.8569568250501305,0.015421017798865856,0.9164127604166666
exdark,2015_01673,1,640,456,3.6494346217105265,0.9719640899122807,0.9765419407894737,0.9795607182017544,0.9829015899122807,0.9831928453947368,0.9852761787280702,0.0,0.0,0.0,2.0,4.0,0.7917835979899202,2.2538916061321217,0.9721628289473684,0.9768229166666667,0.9800575657894737,0.9833333333333333,0.9835663377192982,0.9855674342105263,0.0,0.0,0.0,2.0,4.0,0.7885360054032069,2.2465582502766988,0.9706688596491229,0.9760416666666667,0.9792214912280702,0.9825657894736842,0.9828399122807018,0.9848684210526316,0.0,0.0,0.0,2.0,4.0,0.7983771174788616,2.2650940637962287,0.9699013157894737,0.9756030701754386,0.9783991228070176,0.9822368421052632,0.9825109649122807,0.984375,0.0,0.0,0.0,2.0,4.0,0.8044006840264096,2.2722437177521693,0.0011496625230276198,0.0009141530682534209,0.0007561936744493038,0.0,0.0,0.009674225745414567,0.9797868695175439
exdark,2015_01675,1,480,640,7.926083984375,0.8671256510416666,0.9093326822916666,0.9407779947916667,0.9692513020833333,0.9707389322916666,0.9788151041666666,0.0,0.0,0.0,6.0,22.0,1.4764187060375757,3.4026460926360906,0.8677604166666667,0.909296875,0.9409635416666666,0.9694010416666666,0.9708723958333333,0.9789713541666667,0.0,0.0,0.0,6.0,21.0,1.479474296587178,3.4092385363243123,0.8667708333333334,0.90890625,0.9406510416666667,0.96890625,0.9702083333333333,0.97859375,0.0,0.0,0.0,6.0,22.0,1.4888156583382242,3.4243591747690467,0.8653645833333333,0.9074479166666667,0.9409895833333334,0.9689583333333334,0.9703645833333333,0.97859375,0.0,0.0,0.0,6.0,22.0,1.4907972436783499,3.4188098409897565,0.0012984609443393294,0.0009312342608982889,0.0009702432260647609,0.0,0.49607837082461076,0.008582521180851291,0.97615234375
exdark,2015_01697,1,500,374,8.103748663101605,0.8924491978609626,0.9191336898395722,0.9369251336898395,0.9583155080213904,0.9601229946524065,0.9700106951871658,0.0,0.0,0.0,4.0,17.0,1.34951045477004,3.270996037355732,0.8909574468085106,0.918468085106383,0.9372553191489361,0.9592553191489361,0.961,0.9704893617021276,0.0,0.0,0.0,4.0,18.0,1.3519595408724354,3.2715623822033777,0.8940851063829788,0.9199148936170213,0.9386382978723404,0.9610212765957447,0.9628510638297872,0.9726382978723405,0.0,0.0,0.0,4.0,17.0,1.3270950062894151,3.236478647354064,0.8897331982438366,0.9159912191827085,0.934903748733536,0.9572779466396487,0.958966565349544,0.9690982776089159,0.0,0.0,0.0,4.0,18.0,1.346491314563713,3.2589918856182454,0.005364711628419408,0.00524732618311468,0.004376642152820607,0.0,1.2103072956898178,0.03180025548344205,0.9660748663101604
exdark,2015_01724,1,2448,3264,0.2137227618784442,1.0,1.0,1.0,1.0,1.0,1.0,0.0,0.0,0.0,0.0,1.0,0.18277530068479209,0.7867726506385655,1.0,1.0,1.0,1.0,1.0,1.0,0.0,0.0,0.0,0.0,1.0,0.18261770014820122,0.7863901612229726,1.0,1.0,1.0,1.0,1.0,1.0,0.0,0.0,0.0,0.0,1.0,0.1826925071460863,0.7867584528652807,1.0,1.0,1.0,1.0,1.0,1.0,0.0,0.0,0.0,0.0,1.0,0.18353104765623918,0.789130438284707,0.0,0.0,0.0,0.0,0.0,0.0010539161126845453,1.0
exdark,2015_01729,1,2448,3264,0.3295363411908881,0.9994592174083686,0.9996705994489299,0.9997568293044342,0.999903632817506,0.99991214316609,0.9999518164087531,0.0,0.0,0.0,0.0,1.0,0.2532994069045656,1.0122666801999476,0.9994548370818915,0.9996700988401896,0.9997577053697296,0.9999013800781751,0.9999123934704601,0.9999529427784185,0.0,0.0,0.0,0.0,1.0,0.2536031962133877,1.0130890819593616,0.9994573401255927,0.9996716006664104,0.999760709022171,0.9999018806869153,0.9999128940792003,0.9999569476483404,0.0,0.0,0.0,0.0,1.0,0.254045991790689,1.0144879013793102,0.9994613449955145,0.9996675957964886,0.9997617102396514,0.9998998782519544,0.9999118928617199,0.9999559464308599,0.0,0.0,0.0,0.0,1.0,0.2551468655766241,1.017340182891944,9.079357597410163e-06,7.689478986102868e-06,3.5309776637432787e-06,0.0,0.0,0.0009458080368531289,0.9999264105151865
exdark,2015_01732,1,3000,4000,1.6317710833333334,0.9523318333333334,0.9809896666666666,0.9843433333333333,0.9999988333333333,0.9999999166666667,1.0,0.0,0.0,0.0,0.0,1.0,0.4213443847935271,1.2673213879430283,0.9523553333333333,0.9810283333333333,0.9844156666666667,0.9999986666666667,1.0,1.0,0.0,0.0,0.0,0.0,1.0,0.42088759419105254,1.2670639475681105,0.952308,0.9809293333333333,0.9844346666666667,0.999998,1.0,1.0,0.0,0.0,0.0,0.0,1.0,0.4214452749703387,1.2691560650636753,0.9524826666666667,0.9809693333333334,0.984544,0.999996,1.0,1.0,0.0,0.0,0.0,0.0,1.0,0.42030405468399934,1.2672010059560213,0.0001997252974574028,0.00010673643551601166,3.227486121753161e-07,0.0,0.0,0.0014003414312646401,1.0
exdark,2015_01746,1,900,602,3.8965430047988185,0.96672019195275,0.9738169066076042,0.97812476928756,0.9820727205610926,0.982390180878553,0.984437061646364,0.0,0.0,0.0,0.0,2.0,0.44418571105121984,1.3551884347126162,0.9666225165562914,0.9739293598233996,0.9782266372332598,0.9821633554083885,0.9824282560706402,0.9846504782928625,0.0,0.0,0.0,0.0,2.0,0.4430165107635145,1.3501836404749565,0.9655994152046784,0.9735087719298245,0.9782163742690059,0.9824707602339181,0.9827046783625731,0.9850438596491228,0.0,0.0,0.0,0.0,2.0,0.44347670024715247,1.349759620824332,0.965649743828598,0.973596879366558,0.9783418723800652,0.9825046576618538,0.9827375407545412,0.9849499301350721,0.0,0.0,0.0,0.0,2.0,0.44378174034522044,1.3467082186980481,0.0010096495578534263,0.0005844253269386363,0.0005608895708963219,0.0,0.0,0.00522818639286081,0.9818180140273164
exdark,2015_01752,1,1024,682,0.05753700054985337,0.9999656341642229,0.9999842489919355,0.9999856809017595,0.9999856809017595,0.9999871128115836,0.9999914085410557,0.0,0.0,0.0,0.0,0.0,0.05308049305910999,0.3130806610904969,0.9999486019736842,0.9999714455409356,0.9999771564327485,0.9999771564327485,0.9999828673245614,0.9999828673245614,0.0,0.0,0.0,0.0,0.0,0.05320036672103045,0.3134879110889791,0.9999659338662791,1.0,1.0,1.0,1.0,1.0,0.0,0.0,0.0,0.0,0.0,0.05408516671435385,0.3177782853451597,0.9999318677325582,1.0,1.0,1.0,1.0,1.0,0.0,0.0,0.0,0.0,0.0,0.05429275429885569,0.318471051112213,3.333076741354788e-05,2.420194672903145e-05,2.1445864721776072e-05,0.0,0.0,0.0008596769286206725,0.9999914085410557
exdark,2015_01765,1,1032,774,9.617821445025339,0.9563014542395288,0.9574194259159104,0.9583458526130241,0.9594650762173748,0.9595865132303748,0.9602062175750656,0.0,0.0,0.0,0.0,1.0,0.4686903876118653,1.0638824518447274,0.9564053384480141,0.9574942060257332,0.9583832813873572,0.959507112602893,0.9596070087109406,0.9602213697754336,0.0,0.0,0.0,0.0,1.0,0.4676797294729471,1.0606220303739544,0.9570346839287142,0.9580835930632142,0.9588727723167906,0.9597918165108288,0.959861743786462,0.960371213937505,0.0,0.0,0.0,0.0,1.0,0.46649029425234,1.06123981168562,0.9569647566530808,0.9580835930632142,0.9587628865979382,0.9596219931271478,0.9597019100135858,0.960241348997043,0.0,0.0,0.0,0.0,1.0,0.46590811363707113,1.0537542195523453,0.0006575564894555734,0.00045342920931124795,0.0003586590884154466,0.0,0.0,0.001719555653693985,0.9588829297117561
exdark,2015_01781,1,590,726,33.03969043283373,0.6656767988046879,0.6969743661577251,0.7217584162114208,0.7556707288602512,0.7583671849465378,0.775416725031517,0.0,1.0,4.0,44.0,116.0,3.126424012750431,5.203471578519999,0.6641112266112266,0.695305539055539,0.7206712206712207,0.7540651915651916,0.7567567567567568,0.7736579299079299,0.0,1.0,4.0,45.0,116.0,3.1315261339606133,5.205785432501176,0.665521978021978,0.6965028215028215,0.7212652212652213,0.7550675675675675,0.7579447579447579,0.7753749628749629,0.0,1.0,4.0,45.0,116.0,3.1147855778687683,5.194795258845327,0.6623106623106623,0.6938298188298189,0.7189263439263439,0.7524502524502524,0.7556430056430057,0.7728690228690228,0.0,1.0,4.0,46.0,117.0,3.1327254604439583,5.213259527782415,0.002650925586809803,0.0020325571366591787,0.00244555948312107,0.0,0.9354143466934853,0.018497696966947707,0.6995354157911939
exdark,2015_01785,1,640,480,14.941702473958333,0.8450065104166666,0.86724609375,0.8829720052083333,0.9038118489583333,0.90603515625,0.9188899739583334,0.0,0.0,0.0,2.0,44.0,1.2444190949222862,2.703920191733673,0.8443489583333333,0.8671354166666667,0.8825520833333333,0.9029557291666667,0.9053645833333334,0.91828125,0.0,0.0,0.0,2.0,45.0,1.2492887066658003,2.7106939348208714,0.8412239583333333,0.8644791666666667,0.8799479166666667,0.9009895833333333,0.9036458333333334,0.9170572916666667,0.0,0.0,0.0,2.0,46.0,1.2671009238559394,2.734802706534817,0.84234375,0.8655208333333333,0.880625,0.9019270833333334,0.9040625,0.9178125,0.0,0.0,0.0,2.0,46.0,1.2550496521856953,2.705919898276396,0.003182941310104877,0.0020420277594093996,0.001973064451714807,0.0,1.899835519196333,0.021450398636488552,0.9047786458333333
exdark,2015_01793,1,500,374,17.06822459893048,0.8239090909090909,0.840711229946524,0.8546096256684492,0.8782673796791444,0.8806951871657754,0.8969358288770053,0.0,0.0,0.0,3.0,66.0,1.492858129853181,3.2819506557607663,0.8237446808510638,0.8403617021276596,0.8539361702127659,0.8777021276595744,0.8798297872340426,0.895936170212766,0.0,0.0,0.0,3.0,68.0,1.4980862257534955,3.2865587222866957,0.8247659574468085,0.8417872340425532,0.856,0.880127659574468,0.8820851063829788,0.8980425531914894,0.0,0.0,0.0,3.0,65.0,1.4863187260745716,3.264095334824119,0.8258189800742992,0.8438872002701789,0.8574805808848363,0.8817966903073287,0.8839918946301925,0.8990206011482608,0.0,0.0,0.0,3.0,64.0,1.4725158450009264,3.2341421011282483,0.002848449981508303,0.0022321325169989293,0.002316052249192336,0.0,2.165063509461097,0.017068214184077415,0.8646310160427807
exdark,2015_01800,1,500,374,5.226807486631016,0.9387700534759358,0.9743743315508021,0.988716577540107,0.9968609625668449,0.9972139037433155,0.9983796791443851,1.0,1.0,2.0,7.0,13.0,1.9892235155398015,3.6817641689630585,0.9381489361702128,0.9743617021276596,0.9888510638297873,0.9969148936170212,0.9972553191489362,0.9982978723404256,1.0,1.0,2.0,7.0,13.0,1.9901420766757207,3.676069491977743,0.9404255319148936,0.9743404255319149,0.987531914893617,0.9963404255319149,0.9965957446808511,0.9977872340425532,1.0,1.0,2.0,7.0,13.0,1.9878170322613993,3.6661517368605163,0.9391252955082743,0.9729821006416751,0.986322188449848,0.995356298547788,0.9956095913542722,0.9968760553866937,1.0,1.0,2.0,7.0,13.0,1.9991460227045945,3.680660603095687,0.0019029172347377295,0.0009635296566592521,0.0006328582185479726,0.0,0.4330127018922193,0.006529591661982541,0.9983048128342246
exdark,2015_01804,1,500,374,6.397566844919786,0.8821711229946524,0.9148877005347593,0.9378128342245989,0.9634491978609626,0.9656577540106952,0.976764705882353,0.0,0.0,0.0,3.0,19.0,1.1121503886124853,2.734720235230279,0.8814893617021277,0.9157446808510639,0.9378936170212766,0.9631702127659575,0.9652340425531915,0.976404255319149,0.0,0.0,0.0,3.0,19.0,1.1118731794535501,2.7325203900167057,0.8823404255319149,0.9162978723404255,0.9380851063829787,0.9629787234042553,0.9651489361702128,0.9762978723404255,0.0,0.0,0.0,2.0,19.0,1.1025821679741987,2.711705809939783,0.8841607565011821,0.916919959473151,0.9383654170888214,0.9631036811887875,0.9659743329956096,0.9772036474164134,0.0,0.0,0.0,3.0,19.0,1.106978643991821,2.7131767945349967,0.004364720005215133,0.002507508104514603,0.001968946092266319,0.0,0.9354143466934853,0.020971506241651967,0.9690106951871658
exdark,2015_01847,1,774,1032,33.786541273561284,0.676342817939627,0.7298715021132545,0.7679113334535184,0.8098747070488552,0.8140899485207219,0.8378352663101176,0.0,0.0,4.0,27.0,122.0,2.7980022534477027,5.003293817054258,0.6758171501638296,0.72934148485575,0.7676516422920163,0.8095131063693759,0.8137586909614002,0.8375439542875409,0.0,0.0,4.0,27.0,122.0,2.802958891171836,5.007440728320393,0.6754675137856629,0.7284823783265404,0.7670123072005115,0.8096379765044354,0.8138835610964597,0.8379185646927195,0.0,0.0,4.0,28.0,124.0,2.807758584769971,5.011799681962149,0.6755574202829058,0.7287021497642452,0.7675417565731639,0.8090585790777591,0.813613841604731,0.8375289698713339,0.0,0.0,4.0,28.0,124.0,2.810696798603175,5.01449171776472,0.0012037689887619263,0.0010406762244957333,0.0008050887552710505,0.0,1.260890062614501,0.006895274325855758,0.8125275424153195
exdark,2015_01877,1,720,404,5.495039191419142,0.9246080858085809,0.9497696644664466,0.9616955445544555,0.9721809680968097,0.9730782453245325,0.9785409790979098,0.0,0.0,0.0,3.0,13.0,1.1112294779364065,2.859566720776125,0.9241474147414741,0.9493261826182618,0.9608910891089109,0.9717271727172717,0.9725247524752475,0.9781215621562156,0.0,0.0,0.0,3.0,13.0,1.1152429985441,2.8639922560360414,0.9252178649237472,0.9494825708061002,0.9606753812636165,0.9711601307189542,0.9719226579520697,0.9773148148148149,0.0,0.0,0.0,2.0,13.0,1.1006971473690155,2.832094736280319,0.9246732026143791,0.949673202614379,0.9610021786492374,0.9703703703703703,0.9712962962962963,0.9765795206971678,0.0,0.0,0.0,2.0,13.0,1.0988833901587918,2.8252987159381178,0.001188739713018883,0.001563437396806144,0.0015452231883511653,0.0,0.46351240544347894,0.014313908963248006,0.9709158415841584
exdark,2015_01894,1,640,426,9.558971537558685,0.8780149647887324,0.9019476232394367,0.9199090375586855,0.9427413438967136,0.9448980340375587,0.9579702171361503,0.0,0.0,0.0,3.0,23.0,1.259762530565398,3.0651336280239394,0.8779643691588785,0.9020297897196262,0.9204293224299065,0.9435309579439253,0.9457067757009345,0.9580899532710281,0.0,0.0,0.0,3.0,23.0,1.257590410783554,3.0596716120981924,0.8774884259259259,0.9014756944444444,0.9203125,0.9439525462962963,0.9462384259259259,0.9582465277777777,0.0,0.0,0.0,3.0,23.0,1.2510250020230205,3.0440882045369118,0.8765625,0.900636574074074,0.9192708333333334,0.9432291666666667,0.9456018518518519,0.9580439814814815,0.0,0.0,0.0,3.0,23.0,1.2594228808204069,3.0598935188226632,0.0018595930778360127,0.0010330529708323399,0.001153466266360052,0.0,0.7680128579652817,0.01241795091602341,0.9477222711267606
exdark,2015_01909,1,506,338,22.263477325350234,0.5990890380522488,0.667557359028931,0.7380078115864069,0.8290864653740908,0.8375587623079261,0.8888252216011413,0.0,0.0,1.0,33.0,67.0,2.5349825253620395,4.461216657463104,0.5999536822603057,0.6694766095414544,0.739601667438629,0.8299907364520611,0.8384437239462714,0.8890690134321445,0.0,0.0,2.0,33.0,66.0,2.531652198122645,4.458660752259477,0.6028199963376671,0.6732741256180187,0.7438655923823475,0.8335011902581945,0.840963193554294,0.890954037722029,0.0,0.0,1.0,33.0,66.0,2.5170009043763213,4.443129696064549,0.6035610465116279,0.6746002906976745,0.7454578488372093,0.8350290697674418,0.8422056686046512,0.8918059593023255,0.0,0.0,1.0,32.0,66.0,2.511107424460135,4.424824694002684,0.0034298262182257005,0.0038969903687256844,0.0023141674512017693,0.5,0.9270248108869579,0.019580073097867422,0.8316649905278668
exdark,2015_01960,1,640,438,9.559457049086758,0.8754173801369863,0.909189497716895,0.9320847602739726,0.9542380136986301,0.955818350456621,0.9652825342465754,0.0,0.0,0.0,5.0,21.0,1.399620689755435,3.3040231365858537,0.8753267045454546,0.9093465909090909,0.9323579545454546,0.9541761363636364,0.9556818181818182,0.9647443181818182,0.0,0.0,0.0,5.0,21.0,1.3982792110068274,3.299515312184031,0.8784375,0.9093465909090909,0.9330681818181819,0.9545454545454546,0.9559375,0.9649431818181818,0.0,0.0,0.0,4.0,21.0,1.3804779987209153,3.271248248800117,0.8780681818181818,0.9092045454545454,0.9326704545454545,0.9540909090909091,0.9554545454545454,0.9646022727272727,0.0,0.0,0.0,4.0,20.0,1.3832629065614326,3.2719204510927353,0.002583494495803565,0.0010885628400804051,0.0011598032599612583,0.0,0.49607837082461076,0.014822224724438384,0.9579658961187215
exdark,2015_01962,1,1600,1062,5.162738347457627,0.9365566148775895,0.9531008709981168,0.9610475517890772,0.9668243879472693,0.9672216337099812,0.9712046845574388,0.0,0.0,0.0,2.0,8.0,1.096679205517634,2.836794983728954,0.9364826127819549,0.9531156015037594,0.9609962406015038,0.966891447368421,0.9672814849624061,0.9712124060150376,0.0,0.0,0.0,2.0,8.0,1.095965586366375,2.8352933046417204,0.9364802631578948,0.9530404135338346,0.9607236842105263,0.9668233082706766,0.9672227443609023,0.9711983082706767,0.0,0.0,0.0,2.0,8.0,1.0939499161822082,2.8316057853095167,0.9360432330827068,0.9527537593984963,0.9604041353383459,0.9667293233082707,0.9671240601503759,0.9713063909774436,0.0,0.0,0.0,2.0,8.0,1.095031381193158,2.833093017200954,0.0004839900238926951,0.00043360846253388813,0.0002455190806930432,0.0,0.0,0.001882080497924735,0.962994938794727
exdark,2015_01971,1,640,426,13.310420334507043,0.8474691901408451,0.8796581572769953,0.9020576584507042,0.9287081866197183,0.9306484741784038,0.9432034917840375,0.0,0.0,1.0,6.0,31.0,1.9288498785434682,4.066257441348996,0.8469188084112149,0.8792348130841121,0.9016209112149532,0.9286945093457943,0.9305198598130842,0.9433849299065421,0.0,0.0,1.0,6.0,31.0,1.9339003982463543,4.070218853489308,0.8454282407407407,0.8774594907407407,0.9000868055555555,0.927488425925926,0.929224537037037,0.9423900462962963,0.0,0.0,1.0,6.0,31.0,1.9497872811392998,4.086696516981245,0.8441550925925926,0.8773726851851852,0.8999421296296296,0.9278356481481481,0.9298611111111111,0.9418981481481481,0.0,0.0,1.0,7.0,32.0,1.9680429387424871,4.102646864879246,0.00305372064087545,0.0020395284161341455,0.0014308731082099996,0.0,0.8569568250501305,0.014552607553974495,0.934881161971831
exdark,2015_01982,1,500,332,9.071228915662651,0.8171807228915663,0.9583915662650603,0.9822469879518072,0.9895421686746988,0.9900240963855421,0.9927650602409639,0.0,1.0,6.0,13.0,19.0,2.5226100916345486,4.478734318681921,0.8166987951807229,0.9587951807228916,0.9820722891566265,0.9898795180722891,0.9902168674698795,0.9927710843373494,0.0,1.0,6.0,13.0,19.0,2.5198148386998396,4.470833023986022,0.8196666666666667,0.9598571428571429,0.9818571428571429,0.9895238095238095,0.9900952380952381,0.9924285714285714,0.0,1.0,6.0,13.0,19.0,2.513130104571526,4.461338251212475,0.8224678760393046,0.9621126228269086,0.9827097505668935,0.9899848828420257,0.9904572940287226,0.9924414210128496,0.0,1.0,6.0,13.0,19.0,2.4942606807459216,4.435441660622745,0.0036471925690033783,0.0015180006368438756,0.0014086856545941634,0.0,0.0,0.016859403013602163,0.9908674698795181
exdark,2015_01985,1,640,466,15.911373390557939,0.8907088251072961,0.901693267167382,0.9090195815450643,0.9183208154506438,0.9192127145922747,0.9246714055793992,0.0,0.0,0.0,2.0,22.0,1.224098342149522,2.7884325758560307,0.8899305555555556,0.9014155982905983,0.9088141025641026,0.9183894230769231,0.9193108974358974,0.9247996794871794,0.0,0.0,0.0,2.0,22.0,1.2275403095562096,2.791618753466984,0.8920815677966102,0.9027542372881356,0.9103283898305085,0.9198887711864406,0.9207891949152542,0.926509533898305,0.0,0.0,0.0,2.0,21.0,1.2104506450377268,2.764811337227653,0.8909427966101695,0.9022245762711865,0.9096398305084745,0.9194385593220339,0.9201271186440678,0.9260063559322034,0.0,0.0,0.0,2.0,22.0,1.224585936662941,2.78291698046686,0.002528748972940284,0.0022117845271404655,0.0020751578495072673,0.0,1.8540496217739157,0.02123480250085175,0.9101394849785408
exdark,2015_01990,1,480,640,8.554827473958333,0.9229850260416667,0.9448567708333333,0.9558756510416667,0.9632421875,0.96375,0.966572265625,0.0,0.0,1.0,1.0,10.0,1.1191149318441247,2.7035675302876903,0.9226953125,0.9445572916666667,0.9557161458333333,0.9628645833333334,0.9633333333333334,0.9661979166666667,0.0,0.0,1.0,1.0,10.0,1.1210686248330533,2.703007750030816,0.9228125,0.944375,0.955859375,0.9633072916666666,0.963828125,0.9663541666666666,0.0,0.0,1.0,1.0,10.0,1.1219877396506472,2.703553624235328,0.9219270833333333,0.9441145833333333,0.955625,0.963125,0.9635416666666666,0.96640625,0.0,0.0,1.0,1.0,10.0,1.126153286656971,2.7063778145567436,0.0008324618551064356,0.0005050400915902521,0.0005802677071655522,0.0,0.4841229182759271,0.0036131470101913076,0.961748046875
exdark,2015_01993,1,640,480,12.715764973958333,0.7754720052083334,0.8295930989583333,0.8698209635416667,0.9175455729166667,0.9218522135416667,0.9497981770833334,0.0,0.0,2.0,13.0,41.0,2.0512975328434244,4.267939111155646,0.7748567708333334,0.8285286458333333,0.8688541666666667,0.917109375,0.9214583333333334,0.9494140625,0.0,0.0,2.0,13.0,41.0,2.058197755433816,4.275821737795328,0.7745572916666666,0.8281510416666666,0.8697135416666667,0.9175,0.9216927083333334,0.9495052083333333,0.0,0.0,2.0,13.0,41.0,2.0662433527298005,4.287823335289908,0.7768229166666667,0.8297395833333333,0.8711979166666667,0.9179166666666667,0.9219791666666667,0.9497916666666667,0.0,0.0,2.0,13.0,41.0,2.0630010357367206,4.280736905364027,0.0016169409817391905,0.0015461348658543143,0.0008585793250702848,0.0,0.33071891388307384,0.009860050588581278,0.9279231770833334
exdark,2015_01996,1,640,426,6.089330252347418,0.9169490903755868,0.9373789612676057,0.9502164025821597,0.9639157863849765,0.9652325410798122,0.9731514084507042,0.0,0.0,0.0,1.0,11.0,0.8327727263594926,2.1823863774944927,0.9163405373831776,0.9376606308411215,0.9505403037383178,0.9645005841121496,0.9657710280373831,0.9734228971962616,0.0,0.0,0.0,1.0,11.0,0.8331607498160916,2.18403035356283,0.9164351851851852,0.9388888888888889,0.9519965277777778,0.9666087962962963,0.9677372685185185,0.9754340277777778,0.0,0.0,0.0,1.0,12.0,0.8384813801209259,2.1935700998924315,0.9172453703703703,0.9394097222222222,0.9531828703703704,0.9674768518518518,0.9685185185185186,0.9763888888888889,0.0,0.0,0.0,1.0,11.0,0.8328402625837187,2.1827104486526014,0.0025681750673666364,0.002033404404922866,0.0018439320860138561,0.0,0.6091746465505602,0.0128416843119461,0.9657056924882629
exdark,2015_02019,1,338,506,15.733850597562972,0.7648396753747925,0.8136328554388755,0.8483581635755548,0.8947716163435226,0.8991334752204317,0.9244743550763618,0.0,0.0,2.0,14.0,50.0,2.204618847767477,4.526720220442142,0.7651690597498843,0.8143584993052339,0.849536822603057,0.8959703566465956,0.9000926354793886,0.9251968503937008,0.0,0.0,2.0,14.0,49.0,2.195525947196825,4.510667849382198,0.7670036764705882,0.8160386029411765,0.8509650735294118,0.8965533088235295,0.9011029411764706,0.9249080882352941,0.0,0.0,2.0,13.0,49.0,2.1901298963986524,4.498305182219248,0.7661700581395349,0.8147710755813954,0.8503815406976745,0.8963481104651163,0.9003452034883721,0.9245094476744186,0.0,0.0,2.0,13.0,49.0,2.1953978695298564,4.499077991251387,0.0034338371837703296,0.0018818648443577315,0.0016788991253887053,0.0,0.9354143466934853,0.0182282247965661,0.9080384498444699
exdark,2015_02023,1,506,338,5.130089809855696,0.9489557265476998,0.9607608110952592,0.9677245831091985,0.9744135463199008,0.9749397759431204,0.9781907056154547,0.0,0.0,0.0,1.0,5.0,0.7140747691903575,2.0427121021966133,0.9489810097267254,0.9606762389995368,0.9675312644742936,0.9740852246410375,0.9745252431681334,0.9782769800833719,0.0,0.0,0.0,1.0,5.0,0.7132973815038933,2.0384135601153934,0.9485900018311665,0.9582494048709027,0.9657114081670024,0.9727613990111701,0.973356528108405,0.976881523530489,0.0,0.0,0.0,1.0,5.0,0.7122422686816092,2.02485848002427,0.946765988372093,0.9568495639534884,0.96484375,0.9727470930232558,0.9732921511627907,0.9770167151162791,0.0,0.0,0.0,1.0,5.0,0.717041564225964,2.02980808058591,0.002821090412741837,0.0025137806960106555,0.0016596244997740073,0.0,0.24206145913796356,0.01636999939978527,0.974255677432935
exdark,2015_02046,1,1024,682,12.640679412573315,0.8313482290139296,0.8843460754215543,0.9190655929252199,0.956298112170088,0.9584202025293255,0.9698282280975073,2.0,3.0,6.0,11.0,27.0,2.9482097855619203,4.739312586064787,0.8323225054824561,0.8850568804824561,0.919367918494152,0.9565629568713451,0.9586988304093568,0.9699778417397661,2.0,3.0,6.0,11.0,27.0,2.9448042265660472,4.733355161468064,0.8321561591569767,0.884776980377907,0.9191042877906976,0.9563385719476745,0.9585982921511628,0.9697719840116279,2.0,3.0,6.0,11.0,27.0,2.9437135654240594,4.734363764827383,0.8321448037790697,0.8846747819767442,0.9190815770348837,0.9566678779069767,0.959007085755814,0.9696811409883721,2.0,3.0,6.0,11.0,27.0,2.946180221365726,4.7333597209712215,0.0011937193048195919,0.0005369670907370548,0.0003015007981775137,0.0,0.0,0.0048030517471698364,0.9599852799670088
exdark,2015_02069,1,1024,880,5.126389382102273,0.9507102272727272,0.9610029740767045,0.9675059925426136,0.97392578125,0.9744662198153409,0.97755126953125,0.0,0.0,0.0,1.0,5.0,0.6909560443696104,1.9843658223399163,0.9505814985795454,0.9607555042613637,0.9673650568181819,0.9738902698863636,0.9743563565340909,0.9774591619318181,0.0,0.0,0.0,1.0,5.0,0.6909682709594225,1.982374678740992,0.9508433948863636,0.9609019886363637,0.9676402698863636,0.9738370028409091,0.9743430397727273,0.9776012073863637,0.0,0.0,0.0,1.0,5.0,0.6910819543208758,1.9821636817622057,0.9512606534090909,0.9615056818181819,0.9678977272727273,0.9743252840909091,0.974911221590909,0.9784623579545455,0.0,0.0,0.0,1.0,5.0,0.6829171105302335,1.9649542188514648,0.0006387419905452398,0.0004976926145446377,0.00047000050898041927,0.0,0.0,0.006571449314464242,0.9705133611505682
exdark,2015_02070,1,1024,680,8.443735638786764,0.9021857766544118,0.9284050436580882,0.941232479319853,0.9562945197610294,0.9574577780330882,0.9644574333639706,0.0,0.0,0.0,2.0,15.0,1.1976961824551788,2.9823979552169124,0.9018382352941177,0.9281479779411764,0.9409581801470588,0.956204044117647,0.9573759191176471,0.9644014246323529,0.0,0.0,0.0,2.0,15.0,1.197867480983057,2.981373936950159,0.9016888786764706,0.9277688419117647,0.9404756433823529,0.9557904411764706,0.9569967830882353,0.9639705882352941,0.0,0.0,0.0,2.0,15.0,1.1985925210456627,2.9805749077714707,0.9020220588235294,0.9277803308823529,0.9405560661764706,0.955859375,0.9572150735294118,0.9641084558823529,0.0,0.0,0.0,2.0,15.0,1.1964235036294664,2.9769638117928516,0.0010734005404205384,0.0007190466002389281,0.0008336421422974005,0.0,0.24206145913796356,0.002961281936187233,0.9520062614889706
exdark,2015_02073,1,1024,684,10.976749531706872,0.8852781775402047,0.9064598752741229,0.9209584018640351,0.9375685307017544,0.9390876279239766,0.9487518845942983,0.0,0.0,0.0,2.0,20.0,1.1876144714640176,2.8643804272665525,0.8852796052631579,0.9063470851608187,0.920812774122807,0.9375513980263158,0.9389448556286549,0.9487733004385965,0.0,0.0,0.0,2.0,20.0,1.187606410243803,2.8633329619465813,0.8856513444767442,0.9064657521802325,0.9207962390988372,0.9376703306686046,0.9391578851744186,0.9488440225290697,0.0,0.0,0.0,2.0,20.0,1.1839629276758996,2.854235054510789,0.8858557412790697,0.9065452398255814,0.9210347020348837,0.9377952398255814,0.9392487281976745,0.948741824127907,0.0,0.0,0.0,2.0,20.0,1.1834104146847773,2.851017432193862,0.0005978327618701956,0.0003881906586247061,0.000368720679505267,0.0,0.46351240544347894,0.004237468765603051,0.934326171875
exdark,2015_02074,1,1024,854,8.284661107655152,0.9234393296252927,0.9330277096750585,0.9401026419789227,0.9495560871633489,0.950438881367096,0.9566516027517564,0.0,0.0,0.0,0.0,6.0,0.7228656749881331,1.8687678006030188,0.9236136463200935,0.9331282856308412,0.9402152088200935,0.9496705242406542,0.950583199474299,0.9567939544392523,0.0,0.0,0.0,0.0,6.0,0.7212297291461439,1.8627530570198048,0.923828125,0.9332743136682243,0.9405483352803738,0.9499397634345794,0.9508341851635514,0.9568487149532711,0.0,0.0,0.0,0.0,6.0,0.719368192262036,1.8564717632870424,0.9235908294392523,0.9331921728971962,0.9403658002336449,0.9495473130841121,0.9504234813084113,0.956319363317757,0.0,0.0,0.0,0.0,6.0,0.7221912211546163,1.861316571517595,0.0007567533227654228,0.0006055228690787582,0.0006194439404554298,0.0,0.3903123748998999,0.00542808879607277,0.9483062243852459
exdark,2015_02080,1,1024,776,2.5497644168814433,0.9766354904961341,0.9796243254671392,0.9818782216494846,0.9846405343911082,0.984899776498067,0.9865949178479382,0.0,0.0,0.0,0.0,0.0,0.25131311237310316,0.8283683719156074,0.9765473985180413,0.9795475596005154,0.9816668009020618,0.984485744201031,0.9847877738402062,0.9865949178479382,0.0,0.0,0.0,0.0,0.0,0.25099038013340214,0.8256152316074326,0.9765222293814433,0.9795727287371134,0.9815963273195877,0.9845058795103093,0.9848179768041238,0.9865798163659794,0.0,0.0,0.0,0.0,0.0,0.2520054130290599,0.8285045632780401,0.9765423646907216,0.9797841494845361,0.9817976804123711,0.9845159471649485,0.9847575708762887,0.9864489368556701,0.0,0.0,0.0,0.0,0.0,0.2529957887248483,0.8310142555984742,0.00041746638019923165,0.00039043813284603024,0.0003288957122297983,0.0,0.0,0.002241185524200678,0.9826282619201031
exdark,2015_02094,1,640,480,5.213779296875,0.9314713541666667,0.960693359375,0.9717252604166666,0.9803841145833333,0.9813509114583333,0.9870149739583334,0.0,0.0,0.0,5.0,12.0,1.2932095830446515,3.1306888897005525,0.9312760416666667,0.9602083333333333,0.9712369791666666,0.9801822916666667,0.9812239583333333,0.9869921875,0.0,0.0,0.0,5.0,12.0,1.2957798365388475,3.133914289357335,0.9313802083333333,0.9601822916666667,0.9711979166666667,0.9803385416666667,0.9813541666666666,0.987890625,0.0,0.0,0.0,5.0,12.0,1.2981312617933192,3.1339025683080357,0.9320833333333334,0.9598958333333333,0.9707291666666666,0.9798958333333333,0.9808333333333333,0.9876041666666666,0.0,0.0,0.0,5.0,12.0,1.2971472956927173,3.1292441529953128,0.001516633667080333,0.0014427735535423587,0.0010596540645503255,0.0,0.33071891388307384,0.00813316368772471,0.9816243489583333
exdark,2015_02100,1,1024,768,3.883591969807943,0.9523328145345052,0.9639981587727865,0.9728736877441406,0.9817059834798177,0.9823964436848959,0.9860699971516927,0.0,0.0,0.0,1.0,5.0,0.655320826565732,1.9256965641282977,0.952423095703125,0.9640909830729166,0.9730682373046875,0.981781005859375,0.9824879964192709,0.9861094156901041,0.0,0.0,0.0,1.0,5.0,0.6536826870572642,1.9206966263884488,0.9525655110677084,0.964141845703125,0.97308349609375,0.982025146484375,0.982757568359375,0.98614501953125,0.0,0.0,0.0,1.0,5.0,0.6513547649101494,1.9148835147751049,0.95172119140625,0.9629720052083334,0.97222900390625,0.9813435872395834,0.982177734375,0.9855143229166666,0.0,0.0,0.0,1.0,5.0,0.6554698361152079,1.9191338911907088,0.0010027156688875087,0.0008365849406415969,0.0006284983070737269,0.0,0.0,0.0052231578674279905,0.9820391337076823
exdark,2015_02124,1,640,480,26.987018229166665,0.6758268229166666,0.7192122395833334,0.76029296875,0.8191276041666666,0.8245149739583333,0.8591829427083333,0.0,0.0,3.0,29.0,89.0,2.6396599790772597,5.0032863869551845,0.6780208333333333,0.7202734375,0.7615104166666666,0.8197265625,0.8251041666666666,0.8597786458333333,0.0,0.0,3.0,29.0,89.0,2.6274016664258837,4.983999032583569,0.6805989583333333,0.7209375,0.761953125,0.8215625,0.8265885416666666,0.861875,0.0,0.0,3.0,29.0,87.0,2.6131867948158507,4.96710276222966,0.6777604166666666,0.7177604166666667,0.7597916666666666,0.8190625,0.82453125,0.8602604166666666,0.0,0.0,3.0,30.0,89.0,2.6260450845562104,4.975729589802831,0.0050477145992259415,0.0036580373773219595,0.0038147583545455792,0.0,2.6427968139832467,0.02524827689740514,0.8233170572916667
exdark,2015_02129,1,1024,768,19.130725860595703,0.8014068603515625,0.8382225036621094,0.864386240641276,0.8969103495279948,0.8997001647949219,0.9157600402832031,0.0,0.0,1.0,9.0,50.0,1.9122721001750598,3.9977510425573377,0.8018544514973959,0.8380279541015625,0.8643951416015625,0.8967183430989584,0.89947509765625,0.9153391520182291,0.0,0.0,1.0,9.0,50.0,1.9087469752421642,3.9920499772081874,0.8018290201822916,0.8382670084635416,0.8646443684895834,0.8970947265625,0.8999735514322916,0.91558837890625,0.0,0.0,1.0,9.0,50.0,1.9087196929970505,3.9919880970776433,0.8013916015625,0.83831787109375,0.8650105794270834,0.8971964518229166,0.90032958984375,0.9158121744791666,0.0,0.0,1.0,9.0,49.0,1.9132256515194108,3.997748716517853,0.0011535056949745928,0.001153914220845621,0.0012495545404402591,0.0,0.9682458365518543,0.006554238329885961,0.903436024983724
exdark,2015_02154,1,640,426,7.095580252347418,0.8012030516431925,0.908531396713615,0.9632262323943662,0.9894586267605634,0.99050029342723,0.9988189553990611,0.0,0.0,1.0,12.0,22.0,1.769893041904255,3.708837965643474,0.8020297897196261,0.9084696261682244,0.9635221962616822,0.9895443925233645,0.9905519859813084,0.9988317757009346,0.0,0.0,1.0,12.0,22.0,1.7688153700620783,3.706155804653353,0.8049768518518519,0.91015625,0.9641493055555556,0.9902777777777778,0.9912037037037037,0.9993344907407408,0.0,0.0,1.0,11.0,22.0,1.7541866798134993,3.6866734896174034,0.8034143518518518,0.9103587962962963,0.9648148148148148,0.9901041666666667,0.9909722222222223,0.9992476851851851,0.0,0.0,1.0,11.0,22.0,1.75161558797226,3.6792650946471523,0.0035327430094606567,0.0013798204569326323,0.0006608064085569071,0.0,0.3903123748998999,0.02103968170577273,0.9988299589201878
exdark,2015_02170,1,426,640,5.6201804577464785,0.9346500880281691,0.9495855340375586,0.9590118838028169,0.9699163732394366,0.9710790786384976,0.9774537852112676,0.0,0.0,1.0,2.0,7.0,1.30890586711502,2.9317301013449324,0.9349591121495328,0.9497809579439253,0.9595064252336448,0.9705023364485982,0.9716851635514019,0.9779789719626168,0.0,0.0,1.0,2.0,7.0,1.30701532128452,2.929622202739409,0.9357184579439253,0.9497371495327103,0.9588785046728971,0.9698598130841122,0.9710280373831776,0.9776577102803738,0.0,0.0,1.0,2.0,7.0,1.308198912145675,2.9326052094909127,0.932349537037037,0.9470486111111112,0.9563078703703703,0.9675925925925926,0.9689236111111111,0.9752893518518518,0.0,0.0,1.0,2.0,8.0,1.3250425112228246,2.9537875904096316,0.0026181438746902146,0.0020908376930166925,0.0020024670224177894,0.0,0.4841229182759271,0.014190562068131643,0.9712954812206572
exdark,2015_02177,1,480,640,24.452893880208332,0.7347265625,0.782978515625,0.8192513020833333,0.859970703125,0.8634733072916667,0.8839615885416666,0.0,0.0,2.0,18.0,79.0,2.379874266887432,4.668238654993287,0.7341015625,0.7823046875,0.818671875,0.8594791666666667,0.8631901041666666,0.8841666666666667,0.0,0.0,2.0,18.0,79.0,2.3781218560801447,4.662217275687268,0.7358854166666666,0.7840104166666667,0.819609375,0.86015625,0.8638802083333333,0.8836197916666667,0.0,0.0,2.0,17.0,80.0,2.3655878497903338,4.650357235300226,0.7338541666666667,0.7816666666666666,0.8180729166666667,0.8590104166666667,0.8627083333333333,0.8833333333333333,0.0,0.0,2.0,18.0,81.0,2.380416513070158,4.656885141238155,0.003109090360715445,0.0018332921803797442,0.0016308528775652387,0.0,1.6758859597239903,0.018237906841171745,0.860029296875
exdark,2015_02187,1,640,480,9.175602213541667,0.8963639322916667,0.9202669270833334,0.93634765625,0.95236328125,0.9536979166666667,0.961689453125,0.0,0.0,1.0,3.0,17.0,1.5210388256550618,3.484286295548498,0.8967578125,0.9209895833333334,0.9368880208333333,0.9532291666666667,0.9544140625,0.9622265625,0.0,0.0,1.0,3.0,16.0,1.515807514373342,3.4746691640027842,0.8977604166666666,0.9217708333333333,0.9375260416666666,0.9540625,0.955390625,0.9630729166666666,0.0,0.0,1.0,3.0,16.0,1.508782156991996,3.4598653893476716,0.8979166666666667,0.92140625,0.9377604166666667,0.9541145833333333,0.9557291666666666,0.9634375,0.0,0.0,1.0,3.0,16.0,1.5062077205392337,3.4527313360263885,0.0016980303704818723,0.0012584990739616362,0.0011960753511630156,0.0,0.6123724356957945,0.00855274201865658,0.955478515625
exdark,2015_02214,1,640,274,9.400096943430658,0.870648950729927,0.9045962591240876,0.9260492700729926,0.948654197080292,0.9507242244525548,0.9626653740875912,0.0,0.0,1.0,7.0,22.0,1.7106757037917824,3.8461532111295123,0.8695425724637681,0.9045289855072464,0.925384963768116,0.9467391304347826,0.9489130434782609,0.9607563405797102,0.0,0.0,1.0,7.0,22.0,1.7211831376494682,3.856998594556038,0.8645535714285715,0.9013839285714286,0.9238839285714285,0.9465178571428572,0.9487053571428572,0.9611607142857143,0.0,0.0,1.0,7.0,23.0,1.7522554930450607,3.899989642805488,0.8670535714285714,0.9033928571428571,0.925,0.9479464285714285,0.9496428571428571,0.96125,0.0,0.0,1.0,7.0,22.0,1.7437677002062135,3.8786979833666577,0.004996005557771199,0.00394085866713,0.003105428825859004,0.0,1.3792547806696194,0.02965655850548429,0.9505018248175182
exdark,2015_02216,1,640,426,19.41555897887324,0.7882995892018779,0.839150528169014,0.874955985915493,0.9049992664319249,0.9073980340375587,0.9215632335680751,0.0,1.0,3.0,11.0,43.0,2.465735751668084,4.678292426706227,0.7891355140186916,0.8392815420560747,0.8747809579439252,0.9054906542056075,0.9078125,0.9217873831775701,0.0,1.0,3.0,11.0,43.0,2.4643781317473787,4.671645720444144,0.7872395833333333,0.8383101851851852,0.8744791666666667,0.9052083333333333,0.9077835648148148,0.9211805555555556,0.0,1.0,3.0,12.0,43.0,2.471704871132109,4.674929976146618,0.7888310185185186,0.8384837962962963,0.8738425925925926,0.9043402777777778,0.9070601851851852,0.9197916666666667,0.0,1.0,3.0,12.0,44.0,2.469418836970427,4.658457617840729,0.0016645430283369438,0.00098188752881497,0.001368346122588363,0.0,0.8454843286542927,0.010290351367511776,0.9118397887323944
exdark,2015_02218,1,1024,682,4.808645298753666,0.9392941830095308,0.9590903363269795,0.9690492691532258,0.9794979151392962,0.9804544309017595,0.9856937889479472,0.0,0.0,1.0,3.0,9.0,1.3225837964737575,3.195491781171312,0.9396986933479532,0.9592070997807017,0.9691554733187134,0.979789153874269,0.9806629203216374,0.9859626279239766,0.0,0.0,1.0,3.0,9.0,1.3184153840867545,3.1881364968345016,0.9397142986918605,0.9587572674418605,0.9690225290697675,0.9798328488372093,0.9807299236918605,0.9859079760174418,0.0,0.0,1.0,3.0,9.0,1.3170071549950222,3.185533846093667,0.9398846293604651,0.9584166061046512,0.9681368095930233,0.9791742369186046,0.9800372456395349,0.9854196947674418,0.0,0.0,1.0,3.0,9.0,1.3134714821157247,3.1791552903246694,0.0006691398761784458,0.0006588885637938629,0.0006984587822464056,0.0,0.0,0.004529364155077856,0.9803226951979472
exdark,2015_02225,1,500,334,28.67714371257485,0.7473293413173653,0.7805329341317365,0.803502994011976,0.8306407185628742,0.8332095808383233,0.8497185628742515,0.0,0.0,1.0,16.0,119.0,2.1942694984186857,4.253418529068718,0.7494285714285714,0.7821428571428571,0.8044761904761905,0.8314523809523809,0.8342380952380952,0.8507619047619047,0.0,0.0,1.0,16.0,117.0,2.179190764836116,4.237136847306719,0.7484285714285714,0.779952380952381,0.8024761904761905,0.8294285714285714,0.8323333333333334,0.8478095238095238,0.0,0.0,1.0,16.0,121.0,2.1841664910252194,4.219973356814704,0.7509448223733938,0.780801209372638,0.8020597127739985,0.8296485260770975,0.8318216175359032,0.8469387755102041,0.0,0.0,1.0,15.0,121.0,2.1787150739651704,4.197950096960711,0.0027586391274850024,0.00256051652029985,0.0029180868922553537,0.0,3.635222654803967,0.015087515692145309,0.8187245508982036
exdark,2015_02226,1,640,428,17.74437426985981,0.7478059287383177,0.7947977511682243,0.8273364485981308,0.8657199182242991,0.869374269859813,0.8920305198598131,0.0,0.0,1.0,16.0,69.0,2.003896224958814,4.113325586794869,0.7467581775700934,0.7941588785046729,0.8268107476635514,0.8650992990654206,0.8688522196261682,0.8914281542056075,0.0,0.0,1.0,16.0,70.0,2.0120707728419696,4.121966325865254,0.7464409722222223,0.7939814814814815,0.8265625,0.8655092592592593,0.8689525462962963,0.8919560185185185,0.0,0.0,1.0,16.0,69.0,2.0127563703492095,4.1194134916924705,0.7456597222222222,0.7921296296296296,0.825925925925926,0.8653356481481481,0.8688078703703703,0.8916087962962963,0.0,0.0,1.0,16.0,69.0,2.0226982845881896,4.13252697423057,0.001277004216712135,0.000760394027195717,0.0007292702588210808,0.0,0.6614378277661477,0.008121958141866538,0.8780227803738317
exdark,2015_02227,1,640,480,9.371279296875,0.8341829427083334,0.884052734375,0.912998046875,0.9448502604166666,0.9476953125,0.964833984375,0.0,0.0,1.0,7.0,27.0,1.6691886832320242,3.7468783742591096,0.8347395833333333,0.88375,0.9134244791666667,0.945078125,0.9479817708333333,0.9651953125,0.0,0.0,1.0,7.0,27.0,1.6674382467044115,3.7441997338449413,0.833359375,0.882578125,0.91265625,0.9451041666666666,0.94796875,0.96609375,0.0,0.0,1.0,7.0,28.0,1.6676133893609877,3.742084735208857,0.8339583333333334,0.8844270833333333,0.913125,0.94515625,0.9484375,0.9659895833333333,0.0,0.0,1.0,7.0,27.0,1.6584497190445637,3.721286797260147,0.0017473860094653698,0.0011660690593563393,0.0009455133510225201,0.0,0.6343057228182637,0.007874227728799709,0.9536686197916666
exdark,2015_02247,1,1024,768,9.17587407430013,0.8933741251627604,0.9224383036295573,0.9432423909505209,0.9595133463541666,0.9608484903971354,0.9678370157877604,0.0,0.0,1.0,4.0,17.0,1.5719331788685782,3.5610828452954806,0.8935496012369791,0.9224039713541666,0.9431406656901041,0.9593556722005209,0.9607696533203125,0.9677225748697916,0.0,0.0,1.0,4.0,17.0,1.5732034430739261,3.5612530597396,0.8947347005208334,0.923065185546875,0.9439290364583334,0.96014404296875,0.9614766438802084,0.9681294759114584,0.0,0.0,1.0,4.0,17.0,1.5727193096839034,3.5605080705857506,0.8952433268229166,0.9232584635416666,0.9438273111979166,0.95989990234375,0.96136474609375,0.9678548177083334,0.0,0.0,1.0,4.0,17.0,1.5805714943767828,3.568115520692405,0.0014970881899331466,0.0007327926544940096,0.0006553931644074424,0.0,0.24206145913796356,0.010769143694342943,0.9608243306477865
exdark,2015_02296,1,900,600,13.324374074074074,0.7928907407407407,0.869087037037037,0.9080481481481482,0.9391481481481482,0.941725925925926,0.9579462962962964,0.0,2.0,5.0,13.0,29.0,2.6351400955973197,4.877210641206594,0.7930962962962963,0.8685037037037037,0.9070518518518519,0.9384296296296296,0.9410296296296297,0.9573925925925926,0.0,1.0,5.0,12.0,29.0,2.634210409387292,4.878042588149435,0.7949185185185185,0.8712888888888889,0.909837037037037,0.9403555555555555,0.9430814814814815,0.9584888888888888,0.0,1.0,5.0,12.0,29.0,2.6311656481382335,4.866720986141242,0.7942772861356933,0.8704719764011799,0.9085840707964602,0.939646017699115,0.9421533923303835,0.957905604719764,0.0,2.0,5.0,13.0,29.0,2.6415529493651637,4.875381425145907,0.001763650420463644,0.002937002665955461,0.002367472045899415,0.0,1.0307764064044151,0.008655848973825108,0.9501703703703703
exdark,2015_02321,1,434,318,3.390444309190505,0.9648363910384604,0.9764730603135959,0.9815595745297511,0.9853201170912674,0.9855229980001738,0.987435875141292,0.0,0.0,0.0,1.0,6.0,0.774117101294038,2.2143255633360956,0.9647075688073394,0.9762901376146789,0.9814793577981651,0.985579128440367,0.9858084862385321,0.9878153669724771,0.0,0.0,0.0,1.0,6.0,0.7749539727608882,2.2137533392978725,0.9661123853211009,0.9767775229357798,0.981651376146789,0.9850917431192661,0.9852064220183486,0.9869266055045871,0.0,0.0,0.0,1.0,6.0,0.7648537658650675,2.1839924767097725,0.9665909090909091,0.9770454545454546,0.9822727272727273,0.9863636363636363,0.9865909090909091,0.9879545454545454,0.0,0.0,0.0,1.0,6.0,0.7636806905658087,2.1742873483522027,0.0012955551404512523,0.0009142691861734373,0.0007809170189888702,0.0,0.0,0.008440402341659404,0.9840231284236154
exdark,2015_02337,1,836,412,9.084989199609792,0.9113497003762716,0.9277419055140057,0.938670042272495,0.9516014772146607,0.9526728062433223,0.9595420866818414,0.0,0.0,0.0,2.0,12.0,1.2117043074799503,3.0009203194489054,0.9124123194128304,0.9283341849770056,0.9390068286338087,0.9517350304269058,0.9528150694476704,0.9596553165791797,0.0,0.0,0.0,2.0,12.0,1.203131896662506,2.9842570285745786,0.9160149061464851,0.930737026131763,0.9411805299963195,0.9536253220463746,0.9547064777327935,0.9611244019138756,0.0,0.0,0.0,2.0,11.0,1.185318431409911,2.9567690285849335,0.9182692307692307,0.9330128205128205,0.9422619047619047,0.9539835164835165,0.9551282051282052,0.9618589743589744,0.0,0.0,0.0,2.0,10.0,1.1705027436276743,2.926717345544029,0.0035810636908094077,0.0024247008911572675,0.0018604659794847038,0.0,0.9921567416492215,0.021593537532552824,0.9494617224880383
exdark,2015_02345,1,700,524,27.424787350054526,0.7251990185387132,0.7610468920392585,0.7891521264994548,0.8319411123227917,0.8355398037077426,0.8611150490730644,0.0,0.0,1.0,20.0,104.0,2.2416745112147893,4.353045561252142,0.7258560523446019,0.7616902944383861,0.7895747001090513,0.831701199563795,0.8353762268266085,0.8609705561613958,0.0,0.0,1.0,20.0,105.0,2.237506399009117,4.345535085304942,0.7264718614718615,0.7623160173160173,0.7904761904761904,0.831948051948052,0.8355844155844155,0.8608874458874459,0.0,0.0,1.0,20.0,105.0,2.235416181218926,4.346245224384358,0.7274879476584022,0.7638171487603306,0.7902462121212122,0.8324724517906336,0.8360451101928374,0.8613550275482094,0.0,0.0,1.0,20.0,105.0,2.2361232763909484,4.344349476928205,0.001596143871347562,0.0011780149370424,0.001456392761673555,0.0,1.14564392373896,0.007010726670907262,0.8435005452562705
exdark,2015_02352,1,266,182,27.681174089068826,0.4985127654300587,0.5613897380814674,0.6530612244897959,0.7920350326365364,0.8061017929438982,0.8716227381640915,0.0,1.0,16.0,42.0,73.0,3.4631231825967816,5.811672012185908,0.49407852044127193,0.558565866320571,0.6516872160934458,0.7916125892277742,0.8054023361453602,0.8710253082414017,0.0,1.0,16.0,42.0,73.0,3.48714503540358,5.8261670354074795,0.49318624269954575,0.5566190785204412,0.6534717715768981,0.7928293316028553,0.8064568462037638,0.8731343283582089,0.0,1.0,16.0,42.0,74.0,3.4890571567971356,5.817133965783961,0.49264705882352944,0.5556265984654731,0.6528132992327366,0.7921994884910486,0.8059462915601023,0.875,0.0,1.0,16.0,42.0,73.0,3.4867801318446405,5.7919561962821335,0.004876736865984025,0.005283212424164277,0.005467548395928167,0.6614378277661477,1.260890062614501,0.019154827203869844,0.8460299099396844
exdark,2015_02362,1,900,600,3.780925925925926,0.9785851851851852,0.9799555555555556,0.9809055555555556,0.9821111111111112,0.9822388888888889,0.9829814814814815,0.0,0.0,0.0,0.0,0.0,0.19019412002356537,0.4640699795092521,0.9789851851851852,0.9803555555555555,0.9812592592592593,0.9822740740740741,0.9823851851851851,0.9830296296296296,0.0,0.0,0.0,0.0,0.0,0.18879405949733583,0.4603074499811952,0.9786666666666667,0.9800888888888889,0.9809481481481481,0.9820296296296296,0.9821777777777778,0.9828,0.0,0.0,0.0,0.0,0.0,0.19224415042489384,0.462511374336838,0.978141592920354,0.9798525073746313,0.9806489675516225,0.9819469026548673,0.9821238938053097,0.9827728613569322,0.0,0.0,0.0,0.0,0.0,0.19442202732067249,0.4671355216898013,0.0006861267789337051,0.0006057382495242672,0.00044663863820143497,0.0,0.0,0.004524036488936651,0.9814703703703703
exdark,2015_02373,1,600,450,8.237411111111111,0.8979925925925926,0.9200444444444444,0.9352222222222222,0.952362962962963,0.9538518518518518,0.9628888888888889,0.0,0.0,0.0,2.0,16.0,1.2198276258993157,3.0361988900405046,0.8980383480825959,0.9202654867256637,0.9355457227138643,0.9526106194690266,0.9544542772861357,0.9632300884955752,0.0,0.0,0.0,2.0,16.0,1.2170872258957504,3.0299855800756013,0.8986549707602339,0.9206725146198831,0.9360818713450293,0.9530994152046783,0.9549122807017544,0.9635672514619883,0.0,0.0,0.0,2.0,16.0,1.2113605801336227,3.018308960828543,0.8971345029239766,0.92,0.9353801169590643,0.9531578947368421,0.9550292397660819,0.9633333333333334,0.0,0.0,0.0,2.0,17.0,1.2142683007699187,3.016702080763552,0.0014095488589678372,0.001434413586722399,0.0013843957370104293,0.0,0.5994789404140899,0.006350773126273825,0.9525888888888889
exdark,2015_02377,1,600,400,55.86528333333333,0.6397375,0.642425,0.6436958333333334,0.6504625,0.6530208333333334,0.6698541666666666,0.0,0.0,1.0,113.0,194.0,2.901772385048724,4.41646516129098,0.6362666666666666,0.6389166666666667,0.6403833333333333,0.6472666666666667,0.6498666666666667,0.6666333333333333,0.0,0.0,1.0,114.0,195.0,2.9249009121507195,4.439135906469461,0.6318333333333334,0.6344666666666666,0.636,0.6429333333333334,0.6453,0.6624333333333333,0.0,0.0,1.0,116.0,195.0,2.954408049359225,4.477431996154283,0.6325333333333333,0.6351333333333333,0.6368666666666667,0.6433333333333333,0.6456,0.6628666666666667,0.0,0.0,1.0,116.0,195.0,2.949952809692732,4.464705617460659,0.005774968434257173,0.00579918426974384,0.005800992192432824,0.0,1.5761900266148114,0.038580511092481486,0.6431333333333333
exdark,2015_02392,1,900,674,2.1853082756346853,0.9804747774480712,0.9844609297725024,0.9868183316848005,0.9893323442136499,0.9895367622815694,0.9911490273656446,0.0,0.0,0.0,1.0,2.0,0.545930511486741,1.7534789390071999,0.9806245890861276,0.9845299145299146,0.9868310322156476,0.9892702169625247,0.9895200525969756,0.9910585141354372,0.0,0.0,0.0,1.0,2.0,0.5449874675677842,1.7503081162575707,0.9808627450980392,0.9847843137254902,0.9871503267973856,0.9893725490196078,0.9896209150326798,0.9910588235294118,0.0,0.0,0.0,1.0,2.0,0.5453077735384573,1.7500789843823656,0.9809734513274336,0.9849297241020302,0.9872201978136387,0.9894065590838105,0.9897709526288392,0.9912024986985944,0.0,0.0,0.0,1.0,2.0,0.5436860580687767,1.744987220887967,0.0005676868268508236,0.0003837089784723246,0.0003175539389680066,0.0,0.4330127018922193,0.003748373174832959,0.9921002307945929
exdark,2015_02407,1,500,346,18.387595375722544,0.7924566473988439,0.8225433526011561,0.8460751445086705,0.8778265895953757,0.8811040462427746,0.9003699421965318,0.0,0.0,1.0,9.0,63.0,1.97260809577644,4.178282089494665,0.7919540229885057,0.8215632183908046,0.8459080459770115,0.8778620689655172,0.8810114942528736,0.9003218390804598,0.0,0.0,1.0,9.0,63.0,1.9672265674122984,4.164820461771569,0.7933181818181818,0.8224090909090909,0.8469545454545454,0.8771818181818182,0.8805,0.8997727272727273,0.0,0.0,1.0,9.0,64.0,1.9519373368111803,4.136178198812999,0.7914862914862915,0.8213383838383839,0.8465909090909091,0.8776154401154401,0.8805916305916306,0.898538961038961,0.0,0.0,1.0,10.0,64.0,1.9641922562283414,4.146293317676386,0.0021600724778528934,0.001975862807856923,0.001683494666800954,0.0,1.4347800354061246,0.016543195807103426,0.8782658959537573
exdark,2015_02420,1,306,472,96.23740583804143,0.5343206491636202,0.5434598980835272,0.5482303090727817,0.5525576049628891,0.5529453306746427,0.5548147224991692,0.0,0.0,7.0,219.0,255.0,3.8978329621249452,4.37905495806753,0.5298536209553159,0.5395938806955756,0.5444364957076822,0.548728813559322,0.549058991855602,0.550627338762932,0.0,0.0,7.0,219.0,255.0,3.9228823486199236,4.396090773591304,0.5257539071098393,0.536154523442659,0.5408320493066255,0.5449592780101254,0.5453995157384988,0.5466651992075721,0.0,0.0,8.0,219.0,255.0,3.9538221252635677,4.429043460795066,0.5207518470230335,0.5312907431551499,0.5371577574967406,0.5409604519774012,0.5411777488048675,0.542264232942199,0.0,0.0,9.0,219.0,255.0,3.9861666494144785,4.436986904717552,0.006522506789094906,0.0059036392820918104,0.005841997814555074,0.9013878188659973,0.0,0.04172750201146792,0.5509236180347845
exdark,2015_02422,1,640,424,2.627045253537736,0.9759286556603773,0.979831220518868,0.9823997641509434,0.9855284492924529,0.9858306308962265,0.9875810731132075,0.0,0.0,0.0,0.0,1.0,0.3420371661614265,1.155819303271763,0.9761497641509433,0.9798496462264151,0.9823850235849056,0.9854805424528302,0.9857311320754717,0.9872641509433963,0.0,0.0,0.0,0.0,1.0,0.3438845443488677,1.1564231603525,0.9756485849056604,0.9794811320754717,0.9818985849056604,0.9848466981132076,0.9850825471698114,0.9868219339622641,0.0,0.0,0.0,0.0,1.0,0.3416182883791787,1.1391918084243877,0.9747641509433962,0.9784198113207547,0.9807193396226415,0.9836084905660377,0.9839033018867924,0.9855542452830188,0.0,0.0,0.0,0.0,1.0,0.34218421071729227,1.124607684005125,0.0009554115815506582,0.000923140820274257,0.0007378293848128406,0.0,0.0,0.0055757314442121285,0.9850088443396227
exdark,2015_02452,1,640,480,4.784244791666667,0.9748893229166666,0.9781022135416667,0.9796126302083333,0.9809993489583333,0.9810904947916667,0.9818619791666666,0.0,0.0,0.0,1.0,2.0,0.6188824472760267,1.8181229956240705,0.9745833333333334,0.9778776041666667,0.979609375,0.9810677083333333,0.9811458333333334,0.981953125,0.0,0.0,0.0,1.0,2.0,0.617353004350194,1.8139811642367125,0.974609375,0.9775520833333333,0.979375,0.9806770833333334,0.98078125,0.9816145833333333,0.0,0.0,0.0,1.0,2.0,0.6175166377155324,1.8105373952583366,0.9747916666666666,0.97734375,0.9794791666666667,0.9808854166666666,0.9809895833333333,0.981875,0.0,0.0,0.0,1.0,2.0,0.6163939219409875,1.8019008071135079,0.0003901364131921514,0.0005243917342455846,0.0005000639980472734,0.0,0.46351240544347894,0.0054513996966083,0.9806608072916667
exdark,2015_02456,1,1600,1062,10.441287076271186,0.8738429849340866,0.8927642419962335,0.9073334510357816,0.9271998587570621,0.9290754472693032,0.9417720103578154,0.0,0.0,0.0,1.0,27.0,1.1266437742687827,2.730051695937955,0.8738604323308271,0.8926785714285714,0.9071968984962406,0.9267175751879699,0.9285737781954887,0.9411936090225564,0.0,0.0,0.0,1.0,27.0,1.1289906560594323,2.7329184866340777,0.8745958646616542,0.8935432330827068,0.9078571428571428,0.927359022556391,0.9291165413533835,0.9415507518796993,0.0,0.0,0.0,1.0,27.0,1.1264715357048853,2.7313770034126525,0.874906015037594,0.8936654135338346,0.9075093984962406,0.9270206766917293,0.9287687969924812,0.9415037593984963,0.0,0.0,0.0,1.0,27.0,1.1279925833037676,2.733877928965195,0.001367804396518669,0.001473450496475305,0.0010598221302568177,0.0,0.7680128579652817,0.005181607129636456,0.9242655367231638
exdark,2015_02463,1,640,478,1.1608884675732218,0.983423770920502,0.9923378661087866,0.9974274320083683,0.9996273535564854,0.9997515690376569,0.999973849372385,0.0,0.0,0.0,1.0,2.0,0.6467748986630906,1.7516467767766697,0.983359375,0.992109375,0.9972916666666667,0.9995963541666667,0.9997005208333334,0.9999609375,0.0,0.0,0.0,1.0,2.0,0.6484189176060463,1.7542230480450665,0.9830729166666666,0.9920833333333333,0.9976041666666666,0.9997135416666667,0.999765625,0.9999479166666667,0.0,0.0,0.0,1.0,2.0,0.6471051167535812,1.7568784657253493,0.9834895833333334,0.9919791666666666,0.9977604166666667,0.9997395833333333,0.9997916666666666,0.9999479166666667,0.0,0.0,0.0,1.0,2.0,0.6470317116180763,1.7561742893838328,0.00047636173959055684,0.00026960551396040165,8.519658009960797e-05,0.0,0.0,0.006859227038979401,0.9999934623430963
exdark,2015_02468,1,506,338,24.21675398180415,0.736586991603714,0.7928117033468204,0.8272622026802628,0.8676181677853919,0.871079589307014,0.8912985008302734,0.0,0.0,2.0,17.0,72.0,2.494081600865985,4.768357995357466,0.7379573876794813,0.7930986567855489,0.8279527559055118,0.8677860120426123,0.871259842519685,0.8916859657248726,0.0,0.0,2.0,17.0,71.0,2.479155824633806,4.748224337282817,0.7402948177989379,0.794909357260575,0.8287401574803149,0.8692089360922908,0.8724134773850943,0.8926020875297564,0.0,0.0,2.0,17.0,71.0,2.472078274611459,4.731700516702442,0.7433684593023255,0.7986010174418605,0.8303052325581395,0.8709120639534884,0.8737281976744186,0.8938953488372093,0.0,0.0,2.0,16.0,70.0,2.4576497104136292,4.706053144123228,0.0032365008954792366,0.0016563869167471332,0.0016541908508466536,0.0,2.368411915187052,0.019400165154918575,0.868436747199289
exdark,2015_02489,1,640,480,2.5044466145833333,0.960810546875,0.9715299479166667,0.980380859375,0.9892057291666667,0.9899251302083333,0.9936360677083333,0.0,0.0,0.0,1.0,2.0,0.6589091934581565,1.931911346030868,0.9605859375,0.9713020833333333,0.9800260416666666,0.9890234375,0.9897265625,0.9934505208333333,0.0,0.0,0.0,1.0,2.0,0.6600038974445055,1.9340526939795446,0.9617708333333334,0.971875,0.9808333333333333,0.9896875,0.9904427083333334,0.993828125,0.0,0.0,0.0,1.0,2.0,0.650355718732725,1.9161899158728568,0.9623958333333333,0.9726041666666667,0.9811979166666667,0.9898958333333333,0.99078125,0.9940104166666667,0.0,0.0,0.0,1.0,2.0,0.6475138463183178,1.9098801162507804,0.0009987868261570258,0.0008228339946441082,0.0006198159434802517,0.0,0.0,0.007439258418768748,0.9927799479166667
exdark,2015_02491,1,640,640,7.57100830078125,0.909501953125,0.95326171875,0.96883056640625,0.97951171875,0.9803369140625,0.98435791015625,0.0,0.0,3.0,8.0,15.0,1.931115709836967,3.982506359299863,0.90947265625,0.95330078125,0.96884765625,0.9795703125,0.98033203125,0.984345703125,0.0,0.0,3.0,8.0,15.0,1.936656076700694,3.988028049805247,0.909140625,0.95328125,0.96869140625,0.979765625,0.98041015625,0.984375,0.0,0.0,3.0,8.0,15.0,1.941680060570792,3.9928997568106577,0.9083984375,0.9534375,0.9689453125,0.979765625,0.9803125,0.984296875,0.0,0.0,3.0,8.0,15.0,1.9439260165680026,3.9913086947229814,0.00043574827182271496,0.00028554017858834456,0.00016216525298258942,0.0,0.0,0.006727686999551614,0.98061279296875
exdark,2015_02493,1,640,480,10.764742838541666,0.9266634114583333,0.9346744791666667,0.9396158854166666,0.9457194010416666,0.9462434895833334,0.9499055989583334,0.0,0.0,0.0,1.0,7.0,0.8276748504261507,2.055770895716731,0.9269921875,0.9345833333333333,0.9391796875,0.9454817708333333,0.9459765625,0.9495703125,0.0,0.0,0.0,1.0,7.0,0.8277385470849006,2.050500606171237,0.92796875,0.9355208333333334,0.9398697916666666,0.9457291666666666,0.9463541666666667,0.9497135416666667,0.0,0.0,0.0,1.0,7.0,0.8183455613925766,2.0291953915238006,0.9267708333333333,0.9346875,0.9392708333333334,0.9455208333333334,0.94609375,0.9496875,0.0,0.0,0.0,1.0,7.0,0.8216725646386172,2.0195047572444307,0.0021622009227331247,0.001523479232868557,0.0014174030858242147,0.0,0.3903123748998999,0.014789082556819528,0.9406608072916667
exdark,2015_02551,1,336,506,4.987930547713156,0.9406644080557124,0.9534514398644833,0.9617565405608884,0.9713321099190665,0.9721555618294748,0.9768668831168831,0.0,0.0,0.0,1.0,7.0,0.7513508807087965,2.10266043811971,0.9406871016122985,0.953669853768279,0.9619891263592051,0.9713629546306711,0.9720659917510311,0.9768935133108362,0.0,0.0,0.0,1.0,7.0,0.7513622304793541,2.102115244018343,0.9412202380952381,0.9541480654761905,0.9620535714285714,0.9715401785714286,0.9721912202380952,0.9766555059523809,0.0,0.0,0.0,1.0,7.0,0.7502351606477656,2.0972911719794323,0.9418712797619048,0.9543340773809523,0.9622395833333334,0.9719122023809523,0.9725632440476191,0.9767485119047619,0.0,0.0,0.0,1.0,7.0,0.7512133538551214,2.091245741939117,0.0007965015469879581,0.0004711310294209109,0.00038599907167711676,0.0,0.33071891388307384,0.003086351912307297,0.971490918501788
exdark,2015_02591,1,640,602,33.00457329734219,0.7277123131229236,0.7539010589700996,0.7731987126245847,0.8003919227574751,0.8031846968438539,0.82390469269103,0.0,0.0,1.0,22.0,134.0,2.349886239633688,4.390510947299704,0.7275765728476821,0.7537355132450331,0.7731167218543047,0.8005173841059603,0.8034561258278146,0.8235513245033113,0.0,0.0,1.0,22.0,134.0,2.3506110645361535,4.390730196836255,0.7308799342105263,0.7579358552631579,0.7768092105263158,0.8035567434210527,0.8066200657894737,0.8268503289473684,0.0,0.0,1.0,21.0,131.0,2.330062667477676,4.3723288521462464,0.7287417763157895,0.75703125,0.7756578947368421,0.8027960526315789,0.8057154605263158,0.8262335526315789,0.0,0.0,1.0,21.0,131.0,2.3422330939359797,4.386900068567499,0.003551184038134934,0.003685637233666886,0.0029523924500930573,0.0,1.9324531042175384,0.02321538758771711,0.8187162583056479
exdark,2015_02599,1,640,426,5.6524134389671365,0.9271090082159624,0.9501723884976526,0.9636296948356807,0.9776041666666667,0.9788292253521127,0.9851195715962441,0.0,0.0,1.0,4.0,11.0,1.4934300487258534,3.4416533406906336,0.9273656542056075,0.9496933411214953,0.963463785046729,0.9775408878504673,0.9786653037383177,0.9851051401869159,0.0,0.0,1.0,4.0,11.0,1.493357541370309,3.4394793865475033,0.9276909722222222,0.9492476851851852,0.9639756944444444,0.9772280092592592,0.9784432870370371,0.9849826388888889,0.0,0.0,1.0,4.0,11.0,1.4909928108577353,3.432667572530141,0.9273148148148148,0.9484953703703703,0.9633101851851852,0.9772569444444444,0.9784722222222222,0.9849537037037037,0.0,0.0,1.0,4.0,11.0,1.5005054875127062,3.4427899483696094,0.0021212825611326104,0.0016896370278902018,0.0014106080450412416,0.0,0.3535533905932738,0.015640514634877895,0.9818038438967136
exdark,2015_02619,1,498,356,4.856047786652227,0.9051712467848924,0.9604880194937051,0.987664139704887,0.9963787735210505,0.9964972248544741,0.9972079328550155,0.0,0.0,1.0,6.0,15.0,1.5010094979336943,3.4412759037018232,0.9068539325842697,0.9615730337078652,0.9875955056179775,0.9965168539325843,0.9966741573033708,0.9973932584269662,0.0,0.0,1.0,6.0,15.0,1.49094927820203,3.4246282487967865,0.9071111111111111,0.9614666666666667,0.9866666666666667,0.9962222222222222,0.9963555555555555,0.9968888888888889,0.0,0.0,1.0,6.0,15.0,1.4954948229334162,3.4301496629715422,0.9029982363315696,0.9598765432098766,0.9865961199294533,0.9962962962962963,0.9965608465608465,0.9970899470899471,0.0,0.0,1.0,6.0,15.0,1.5091224766216513,3.442520964917477,0.003638224977959491,0.0009493582468564789,0.0004381287988015966,0.0,0.4841229182759271,0.015803114951046724,0.996705924822887
exdark,2015_02634,1,3200,2400,1.5234786458333334,0.98531328125,0.9884861979166667,0.9904397135416667,0.992823828125,0.9930514322916667,0.9944743489583333,0.0,0.0,0.0,0.0,1.0,0.38570017341711366,1.3556426096334946,0.9853234375,0.9885130208333334,0.9904552083333333,0.9928364583333333,0.9930682291666667,0.9944958333333334,0.0,0.0,0.0,0.0,1.0,0.3858325046369252,1.3560324330425844,0.9851708333333333,0.9884229166666667,0.9904364583333334,0.9927833333333334,0.9930302083333333,0.994459375,0.0,0.0,0.0,0.0,1.0,0.38740248469802463,1.3598705882095705,0.98505625,0.98841875,0.99039375,0.9927541666666667,0.9930020833333333,0.9944145833333333,0.0,0.0,0.0,0.0,1.0,0.38786197439357345,1.3607180339203528,0.00013625914812242734,6.659122012602575e-05,5.186788119452069e-05,0.0,0.0,0.0011679046567913296,0.9928178385416667
exdark,2015_02638,1,3200,2400,2.3478959635416667,0.9830248697916667,0.9861514322916667,0.9881678385416667,0.9902930989583333,0.9904791666666667,0.9916419270833333,0.0,0.0,0.0,1.0,3.0,0.4918221463984865,1.6009801340171297,0.9829984375,0.9861369791666666,0.9881479166666667,0.9902984375,0.9904927083333334,0.99163125,0.0,0.0,0.0,1.0,3.0,0.4923571190679122,1.6021724418162697,0.9829083333333334,0.9860895833333333,0.9881010416666667,0.9902927083333334,0.99048125,0.9916291666666667,0.0,0.0,0.0,1.0,3.0,0.4937351237189449,1.6055758959268525,0.9828875,0.9860729166666666,0.9881395833333333,0.9903125,0.9905083333333333,0.9916770833333334,0.0,0.0,0.0,1.0,3.0,0.4937874826608297,1.6056552629770355,6.67580296405176e-05,5.5139347376671965e-05,4.459744714292785e-05,0.0,0.0,0.001263245748674519,0.9903727864583334
exdark,2015_02642,1,3264,2448,18.509057263632577,0.8191264327422145,0.8719773244265027,0.8922079248366013,0.9156944844931436,0.9177355914792388,0.9292225596325131,0.0,1.0,5.0,12.0,36.0,2.699969394617454,4.882897706030623,0.8195415625400487,0.872123001569909,0.8923831378956811,0.9158496732026143,0.9179081763424324,0.9293395769255415,0.0,1.0,5.0,12.0,36.0,2.697120684394075,4.880427902643182,0.819693747597078,0.8722286300140971,0.8924622340766372,0.9159397827758554,0.9179852700884276,0.9293791250160195,0.0,1.0,5.0,12.0,36.0,2.694840498441102,4.878029335589355,0.8207280052543894,0.872803328847879,0.8927656029732154,0.9161200019223376,0.9181805074971164,0.929676486607715,0.0,1.0,5.0,12.0,36.0,2.6906490743060885,4.873800583448601,0.000664464231884274,0.0003496098904720072,0.0003012160907573221,0.0,0.0,0.0036421985176735188,0.9146061610918877
exdark,2015_02649,1,3264,2448,12.307144612849225,0.8501607955273612,0.887221236023004,0.9137334749054851,0.9437538546872998,0.946100333004934,0.9569796872997565,0.0,1.0,2.0,6.0,27.0,1.9955126038339484,4.03198126026151,0.8500501609957709,0.8872128508266052,0.9137215854479046,0.943774129341279,0.9461144752018454,0.9569841927784185,0.0,1.0,2.0,6.0,27.0,1.9944034068386145,4.031988068997371,0.850054666474433,0.887183815519672,0.9136760300525439,0.9437936530821479,0.9460704216327054,0.9570507737408689,0.0,1.0,2.0,6.0,27.0,1.9941731227733652,4.033087792779324,0.849973567858516,0.8872388824810971,0.9136449923106498,0.9438016628219915,0.9460844386774317,0.9570437652185056,0.0,1.0,2.0,6.0,27.0,1.9921705894653692,4.031220262393923,0.00025073652300755734,0.00010989295460752187,0.0001026100624143109,0.0,0.0,0.0022408433558744664,0.9458458986127131
exdark,2015_02650,1,3264,2448,15.015972172161348,0.8619311082276048,0.8835964532871973,0.8972483039375881,0.9144067936610919,0.9160411560457516,0.9269369052768166,0.0,0.0,1.0,4.0,34.0,1.5265691974998354,3.4418133944966858,0.8619771642317058,0.8836790537293349,0.8973301534666154,0.9144714973407664,0.9160579264385493,0.9269767036716647,0.0,0.0,1.0,4.0,34.0,1.5247135641933902,3.4386563450068346,0.862006199538639,0.8837145969498911,0.8974633153915161,0.9144830113417917,0.9160839580930411,0.9269912213251313,0.0,0.0,1.0,4.0,34.0,1.5230843668339435,3.435443687412658,0.862302559912854,0.8838747917467641,0.8976495418428809,0.9145120466487249,0.9161480360117903,0.9270633089837242,0.0,0.0,1.0,4.0,34.0,1.520041444120589,3.4305754497224816,0.00022767738340211005,0.00014568122907334085,7.411334453443161e-05,0.0,0.0,0.0026111050575608583,0.9181105474256697
exdark,2015_02698,1,3968,2232,0.521282152380333,0.992407675381547,0.9962614220213319,0.9980782641056769,0.9984488362093884,0.9984790962105445,0.9986450745750954,0.0,0.0,0.0,0.0,0.0,0.11718211523465967,0.4995772783833661,0.9924264185165915,0.9962712452306625,0.998069231269511,0.9984580948664585,0.9984919680020812,0.9986518492022199,0.0,0.0,0.0,0.0,0.0,0.11695992502844071,0.4987075847056014,0.9924133209041508,0.9962757616487455,0.9980416811192045,0.9984517718811423,0.9984833868077234,0.9986604303965776,0.0,0.0,0.0,0.0,0.0,0.11683786016254448,0.4982781084793369,0.992463001503064,0.9962838912012949,0.9980362614175049,0.9984391259105099,0.998475257255174,0.9986559139784946,0.0,0.0,0.0,0.0,0.0,0.11646694029649898,0.4966936237564708,3.910746050074617e-05,2.4708563429648e-05,1.9891476354231837e-05,0.0,0.0,0.00029855897262873535,0.9984952424051914
exdark,2015_02700,1,1024,682,4.909610692357038,0.9529173730755132,0.9634261592741935,0.9701074505131965,0.9771510149376833,0.9776994364002932,0.9810887669538123,0.0,0.0,0.0,1.0,5.0,0.8526696053572695,2.375476757108709,0.9528394554093568,0.963484557748538,0.9701777229532164,0.9771278782894737,0.9777332328216374,0.9812282986111112,0.0,0.0,0.0,1.0,5.0,0.853557841732378,2.3765374160382664,0.953635992005814,0.9641964934593024,0.9706349927325582,0.977561773255814,0.9781522529069767,0.9815134447674418,0.0,0.0,0.0,1.0,5.0,0.8515907548840537,2.372490935485138,0.9535565043604651,0.9637763444767442,0.9706577034883721,0.9776980377906976,0.9782430959302325,0.9820357921511628,0.0,0.0,0.0,1.0,5.0,0.8512744401304865,2.3719651686839294,0.0007006950833239664,0.0006760499953962514,0.00045570574504989124,0.0,0.24206145913796356,0.0032188643966965073,0.9776063622617303
exdark,2015_02706,1,900,674,4.604645565446752,0.9405473128915265,0.9538789976920541,0.9625700626442466,0.9737306297395318,0.9748911968348171,0.9823211341905704,0.0,0.0,0.0,0.0,6.0,0.6697889281721497,1.8967605128422973,0.9399868507560816,0.9539250493096647,0.9624391847468771,0.9738264299802761,0.9750164365548981,0.98232741617357,0.0,0.0,0.0,0.0,6.0,0.6721201560310947,1.9009721613901003,0.9397124183006536,0.9541437908496732,0.9626535947712418,0.9736993464052287,0.9750980392156863,0.9822745098039216,0.0,0.0,0.0,0.0,6.0,0.6728787504137895,1.9012712812086352,0.9394586153045289,0.95416449765747,0.9625455491931286,0.9736335242061427,0.9749089016137429,0.9820145757418012,0.0,0.0,0.0,0.0,6.0,0.6723850611823723,1.8974916709842709,0.0007827589936759439,0.00029678031540330397,0.000465253605024075,0.0,0.0,0.0028120338308881775,0.9783481701285855
exdark,2015_02725,1,480,640,53.31764973958333,0.6168880208333334,0.6244270833333333,0.630537109375,0.6398014322916666,0.6411002604166667,0.663828125,0.0,0.0,2.0,109.0,185.0,3.125882171870595,4.951505692088791,0.6174088541666667,0.6251302083333333,0.6316276041666666,0.640546875,0.6417838541666666,0.6643098958333333,0.0,0.0,2.0,108.0,187.0,3.1254254415197353,4.95924794917776,0.61296875,0.6204166666666666,0.62640625,0.6355729166666667,0.636796875,0.6585416666666667,0.0,0.0,2.0,109.0,189.0,3.1618957995684513,4.968700304462646,0.60265625,0.60984375,0.6169270833333333,0.6258333333333334,0.6271354166666666,0.6490104166666667,0.0,0.0,2.0,111.0,193.0,3.2305009958272195,5.003841412149724,0.009141839826086214,0.00903733482837186,0.008977859862217764,0.0,4.575751304430781,0.06455367321663501,0.63275390625
exdark,2015_02727,1,800,540,4.344625,0.9733148148148149,0.9769236111111111,0.979287037037037,0.981724537037037,0.9819189814814815,0.9833958333333334,0.0,1.0,1.0,2.0,2.0,1.2440567713284711,1.9904634090925057,0.9732407407407407,0.9769537037037037,0.9793703703703703,0.9817685185185185,0.9819814814814815,0.9833611111111111,0.0,1.0,1.0,2.0,2.0,1.249360568589098,1.979310191813267,0.9736029411764706,0.9772242647058823,0.979577205882353,0.9818933823529412,0.9820404411764706,0.9835294117647059,0.0,1.0,1.0,2.0,2.0,1.247663245246821,1.9684635632192689,0.9735661764705882,0.9771323529411765,0.9797426470588235,0.9821691176470588,0.9823161764705882,0.9839705882352942,0.0,1.0,1.0,2.0,2.0,1.2448623490303887,1.9702501385158655,0.0006473078989710416,0.00038634994831307203,0.00043290291766055565,0.0,0.0,0.006451622082090795,0.9799166666666667
exdark,2015_02738,1,792,566,2.1173863190205946,0.9674416425741514,0.98065014098583,0.9880162044472999,0.9937515615519149,0.9940705643002463,0.9952461898133276,0.0,0.0,0.0,0.0,2.0,0.39907201084805083,1.2410069230823677,0.9677496798975672,0.9807316118935837,0.9880672926447575,0.9937402190923318,0.9941403471333049,0.9952073552425665,0.0,0.0,0.0,0.0,2.0,0.39723083507998286,1.2320504477286518,0.9675629534784465,0.9803492673210983,0.9878361075544174,0.9937402190923318,0.9941492388675487,0.9951095461658842,0.0,0.0,0.0,0.0,2.0,0.3963335571317472,1.2291654071230245,0.9656423388817755,0.978446436192915,0.9855598235879927,0.9914283681889315,0.9917840375586855,0.9927087779200455,0.0,0.0,0.0,0.0,2.0,0.41516947527921105,1.244221788310308,0.002642542055655246,0.0024240979579762283,0.0024782866209308355,0.0,0.0,0.020543781450609457,0.9922480101367027
exdark,2015_02753,1,1188,672,2.3969669412377748,0.9677491682700016,0.9839628928170595,0.9916827000160333,0.9952112894821228,0.9954818522526856,0.9967319524611191,0.0,0.0,0.0,1.0,6.0,0.7603178392045664,2.17244723884837,0.9676376863876864,0.9838313692480359,0.9916877104377104,0.9952451098284432,0.9955006413339746,0.9967281946448613,0.0,0.0,0.0,1.0,6.0,0.7621616303478035,2.1767075470338395,0.9677429052429053,0.983836379669713,0.9916125541125541,0.9952701619368286,0.9955006413339746,0.9967532467532467,0.0,0.0,0.0,1.0,6.0,0.7648066253080796,2.1830267717514085,0.9677013422818792,0.9838606583573026,0.9916107382550335,0.9952860338766379,0.9955057526366251,0.9967241930329178,0.0,0.0,0.0,1.0,6.0,0.7620885569038762,2.175185430765997,0.00016314697530176456,0.00011568321860885481,6.472957601107897e-05,0.0,0.0,0.004764406819435104,0.9957423941798942
exdark,2015_02768,1,766,450,11.416240208877285,0.8560168262257035,0.9160371337394836,0.9411024078909196,0.9700058021467943,0.9721177835799246,0.9809109370467073,3.0,4.0,7.0,11.0,20.0,3.0687729638420267,4.509791428704604,0.8581535766961652,0.9175078355457227,0.9418556415929203,0.9703747234513275,0.9722299041297935,0.9813329646017699,2.0,4.0,7.0,11.0,20.0,3.058726172389608,4.494196925064708,0.8609283625730995,0.9180829678362573,0.9422514619883041,0.9708744517543859,0.9724963450292398,0.9818622076023392,2.0,4.0,7.0,11.0,20.0,3.0523595374255508,4.482467046134369,0.8605171783625731,0.9183570906432749,0.9421144005847953,0.971125730994152,0.9728618421052632,0.9819535818713451,2.0,4.0,7.0,11.0,20.0,3.0537659744514056,4.4782161520656665,0.002805148020319403,0.0012054735653486827,0.0009390855245743011,0.0,0.24206145913796356,0.009088527928845406,0.9755323469683783
exdark,2015_02770,1,2678,3442,12.90245599867038,0.8417635855284998,0.8714336455306088,0.8919412007972508,0.9166992851560415,0.9187678108885581,0.9332685375359255,0.0,0.0,1.0,5.0,36.0,1.6603819134970252,3.725860581358866,0.8419596269523463,0.8716833948723283,0.892090505659854,0.9167659091303066,0.9188430668954877,0.9333953057014579,0.0,0.0,1.0,5.0,36.0,1.6569925510624064,3.7204035695252626,0.8421243550230287,0.8718028188523739,0.8922914430169339,0.9167642068081865,0.9188229386709146,0.9334989784257367,0.0,0.0,1.0,5.0,36.0,1.656139460062445,3.7190619691324085,0.8422412300446722,0.8716764206808186,0.8921875541088063,0.9168351975620737,0.9187865775530699,0.9335318765799772,0.0,0.0,1.0,5.0,36.0,1.6557811775986142,3.718524757655631,0.0002465569750882769,0.00020639628503218126,0.00014735240651243692,0.0,0.0,0.003848418858148488,0.921126322947346
exdark,2015_02788,1,1280,740,6.08801097972973,0.9084522804054054,0.9558984375,0.9723173564189189,0.9812858952702703,0.981792652027027,0.9852776604729729,0.0,0.0,1.0,6.0,15.0,1.5451018361975806,3.547106225331955,0.9082432432432432,0.9556798986486487,0.9722086148648649,0.9813471283783783,0.9818665540540541,0.9851942567567568,0.0,0.0,1.0,6.0,15.0,1.547305798619816,3.549638271328709,0.9074596774193548,0.954788306451613,0.9712449596774193,0.980510752688172,0.9810987903225806,0.9846522177419355,0.0,0.0,1.0,6.0,15.0,1.552087982541993,3.558193942100829,0.9077956989247312,0.954771505376344,0.9712533602150538,0.9807795698924732,0.9812163978494624,0.9848622311827957,0.0,0.0,1.0,6.0,15.0,1.5539887211808228,3.558182321005776,0.0011347193988774187,0.0007117071432148742,0.0005779781613236671,0.0,0.0,0.00503307799784386,0.9837447212837838
exdark,2015_02791,1,900,540,8.896763374485596,0.8945761316872428,0.9357818930041152,0.9522551440329218,0.9641152263374485,0.9650061728395062,0.9704135802469136,0.0,1.0,2.0,7.0,16.0,1.9659124625585098,3.9923613389838373,0.8945925925925926,0.9360987654320988,0.9522880658436214,0.9639506172839506,0.9649218106995885,0.9703045267489712,0.0,1.0,2.0,7.0,16.0,1.9642449392799237,3.990962009026376,0.8952614379084968,0.9365359477124183,0.9530882352941177,0.9647058823529412,0.9657189542483661,0.9714869281045752,0.0,1.0,2.0,7.0,16.0,1.958145368759486,3.9796857735021423,0.8962454450806872,0.9373373243102551,0.9536699635606455,0.9652524726704841,0.9662610619469026,0.9716618948464342,0.0,1.0,2.0,7.0,16.0,1.9561680901212963,3.9721777678842325,0.0011386788092937852,0.0009450219247201082,0.00077528465724113,0.0,0.0,0.005355839377540904,0.9648683127572016
exdark,2015_02812,1,1024,768,26.754597981770832,0.5761121114095052,0.7175763448079427,0.8074633280436198,0.8481636047363281,0.8519503275553385,0.8720486958821615,0.0,0.0,11.0,25.0,84.0,2.9045998711179517,5.095080460618197,0.5762074788411459,0.7178497314453125,0.8082377115885416,0.8491973876953125,0.8529764811197916,0.8730112711588541,0.0,0.0,11.0,25.0,84.0,2.9036280615490018,5.093973341168858,0.574066162109375,0.7171223958333334,0.8084513346354166,0.848358154296875,0.852386474609375,0.873016357421875,0.0,0.0,11.0,25.0,84.0,2.915546926289854,5.107673827732936,0.5736083984375,0.7168986002604166,0.8085530598958334,0.8486124674479166,0.85260009765625,0.873046875,0.0,0.0,11.0,25.0,84.0,2.916029541204489,5.106048800617268,0.002087555877189878,0.001621121669788029,0.001567946794206272,0.46351240544347894,1.4523687548277813,0.016019341088839605,0.8458760579427084
exdark,2015_02821,1,900,600,0.5280796296296296,0.9995481481481482,0.9998074074074074,0.9998518518518519,0.9998981481481481,0.9999018518518519,0.9999296296296296,0.0,0.0,0.0,1.0,1.0,0.463443290782943,1.3041631251690087,0.9995777777777778,0.9998296296296296,0.9999037037037037,0.9999407407407407,0.9999407407407407,0.9999555555555556,0.0,0.0,0.0,1.0,1.0,0.465036007368978,1.3064920321510185,0.9996592592592592,0.9999111111111111,0.9999703703703704,0.9999703703703704,0.9999703703703704,0.9999703703703704,0.0,0.0,0.0,1.0,1.0,0.4658849765299401,1.3032632037128447,0.9996165191740413,0.999882005899705,0.9999705014749263,0.9999705014749263,0.9999705014749263,0.9999705014749263,0.0,0.0,0.0,1.0,1.0,0.466127586563322,1.3041424670865087,0.0001016025005595845,8.643467204812165e-05,7.245278355027908e-05,0.0,0.0,0.0033643044186428277,0.9999166666666667
exdark,2015_02829,1,600,450,4.380637037037037,0.9436777777777777,0.9578814814814814,0.9686703703703704,0.9792407407407407,0.9799925925925926,0.9847481481481482,0.0,0.0,0.0,1.0,5.0,0.7213340826358694,2.0672828060945276,0.9441592920353983,0.9582890855457227,0.9688200589970501,0.9794542772861357,0.9801327433628318,0.9848082595870207,0.0,0.0,0.0,1.0,5.0,0.7179156435296176,2.0593809528682403,0.9438888888888889,0.9580701754385965,0.9690643274853801,0.9797076023391813,0.9801754385964913,0.9848830409356725,0.0,0.0,0.0,1.0,5.0,0.7193572016769727,2.060245986613443,0.9443274853801169,0.9580116959064328,0.9690058479532164,0.9794736842105263,0.9801169590643275,0.9850292397660819,0.0,0.0,0.0,1.0,5.0,0.7179550193409753,2.0519583364515324,0.0008790028956857936,0.0007761698582905922,0.0003213719038691555,0.0,0.33071891388307384,0.003626267622164937,0.9833
exdark,2015_02839,1,1366,1026,8.167744071419806,0.9563044588859492,0.963605124736357,0.9671341604376975,0.9716207306944765,0.9720809466320756,0.9749399935498417,0.0,0.0,2.0,6.0,9.0,1.6680858440809483,3.5071965122754682,0.9563593646892848,0.9637688579425217,0.9672929892825449,0.9717699729219287,0.9721937788700025,0.9749982933988668,0.0,0.0,2.0,6.0,9.0,1.6685364798094517,3.505969986076301,0.9564066820798767,0.9638469558910195,0.9674339271952491,0.9718425585928646,0.972301554920894,0.9750441996464029,0.0,0.0,2.0,6.0,9.0,1.6715035553727544,3.509560624427318,0.9565936805838887,0.9637676231923478,0.967530259757922,0.971984224126207,0.9723582211342309,0.9751575320730768,0.0,0.0,2.0,6.0,9.0,1.6693345643535538,3.5066416026931377,0.00019522484770033533,0.0002430606113267229,0.0001553867231067293,0.0,0.24206145913796356,0.003755870140693114,0.9731519297674803
exdark,2015_02840,1,1024,682,4.012065272177419,0.9442500229105572,0.960357576521261,0.9710038260630498,0.9814739506964809,0.982268660648827,0.9871371540505866,0.0,0.0,0.0,1.0,7.0,0.9198780710338855,2.492138984900553,0.944078947368421,0.9600751553362573,0.9710058022660819,0.9815366867690059,0.9823305007309941,0.9871219389619883,0.0,0.0,0.0,1.0,7.0,0.9190894863417631,2.4902891650354544,0.9444949127906976,0.9602902434593024,0.9713730922965116,0.9815815770348837,0.9823878088662791,0.9869186046511628,0.0,0.0,0.0,1.0,6.0,0.9151752628032617,2.4832524039023127,0.9442450944767442,0.9600744912790697,0.9712254723837209,0.9821039244186046,0.9828306686046512,0.9872138444767442,0.0,0.0,0.0,1.0,7.0,0.9155242711308814,2.482762387623994,0.0004098344957700998,0.0006073808513983463,0.0004896211428292521,0.0,0.33071891388307384,0.003043465092169648,0.9851181611986803
exdark,2015_02850,1,900,600,0.7959444444444445,0.9925944444444444,0.9940388888888889,0.9950685185185185,0.9962240740740741,0.9963018518518518,0.9968185185185185,0.0,0.0,0.0,0.0,0.0,0.08877682170753881,0.3464419351045987,0.9926296296296296,0.9940222222222223,0.9950740740740741,0.9962,0.9962814814814814,0.9968074074074074,0.0,0.0,0.0,0.0,0.0,0.08872981660362182,0.3454914042915968,0.9928,0.9941333333333333,0.9950814814814815,0.9960592592592593,0.9961037037037037,0.996562962962963,0.0,0.0,0.0,0.0,0.0,0.08841101735750358,0.3415018904327241,0.9927138643067847,0.9940117994100295,0.9948967551622419,0.9960176991150442,0.996047197640118,0.9966076696165191,0.0,0.0,0.0,0.0,0.0,0.08831570776412168,0.33785964088491266,0.00021248493776876122,0.00016993818506682906,0.0001590067608412293,0.0,0.0,0.0012418802350065484,0.9962444444444445
exdark,2015_02856,1,770,432,6.9680104617604615,0.9194083694083695,0.9358826358826359,0.9463023088023088,0.9584175084175084,0.9596951659451659,0.9664742664742665,0.0,0.0,0.0,2.0,10.0,1.0194698131684754,2.6696294701260066,0.9197850700441375,0.9360367491844176,0.9465553636538092,0.9585492227979274,0.9598925350220687,0.9666810592976396,0.0,0.0,0.0,2.0,10.0,1.0109556068305128,2.650949340545671,0.9201208981001727,0.9360727307618499,0.9464114373440798,0.9590769526002687,0.960324313951257,0.9669449241988102,0.0,0.0,0.0,2.0,10.0,0.9994902750834033,2.625513080607789,0.920389461626575,0.9365215731195112,0.9463535700649103,0.9593833524245895,0.9604810996563574,0.9670675830469645,0.0,0.0,0.0,2.0,10.0,0.9963069505025205,2.615425981768951,0.0004441761633727335,0.0003357037130871803,0.00038181457283032827,0.0,0.33071891388307384,0.011382763927186401,0.9652717652717653
exdark,2015_02870,1,500,332,14.709024096385543,0.8691927710843373,0.8835542168674699,0.8960602409638554,0.913566265060241,0.9151807228915663,0.9255361445783132,0.0,0.0,0.0,2.0,35.0,1.3391945913927752,3.088204508242332,0.8689156626506024,0.8825060240963856,0.8950120481927711,0.9126024096385542,0.9141204819277109,0.9244096385542169,0.0,0.0,0.0,2.0,36.0,1.338703897227378,3.0811559921692604,0.8714761904761905,0.8842857142857142,0.8977142857142857,0.915047619047619,0.9165714285714286,0.9277619047619048,0.0,0.0,0.0,2.0,34.0,1.319608537023925,3.0577654218500205,0.8698979591836735,0.8833144368858654,0.8974867724867724,0.9149659863945578,0.916005291005291,0.9279100529100529,0.0,0.0,0.0,2.0,34.0,1.3327935878326747,3.0774361514233837,0.0019950198242934068,0.0029001104193516524,0.0032938949324350917,0.0,2.7810744326608736,0.01706978950315317,0.9078373493975903
exdark,2015_02877,1,604,402,12.833061513623933,0.8795468024117822,0.8968856050871471,0.9095334585351389,0.9253566604065764,0.9267075219926856,0.935747586570459,0.0,0.0,0.0,2.0,25.0,1.3007803212890237,3.080704657867029,0.8791882499508229,0.896564159727231,0.9089240049832797,0.9253983345354403,0.9267261163202413,0.9357747032981444,0.0,0.0,0.0,2.0,26.0,1.3020622836507847,3.0786973030706926,0.8801454356577068,0.8971886767952214,0.9090053239838982,0.9253019088430074,0.9266329048175561,0.9356252434748734,0.0,0.0,0.0,2.0,25.0,1.2918891500242302,3.0564741881225186,0.8820949432404541,0.8986068111455109,0.9101522187822497,0.9263415892672858,0.9276315789473685,0.9366615067079463,0.0,0.0,0.0,2.0,24.0,1.2802212969735494,3.0309758871133288,0.0020159829256843004,0.0016273130596613109,0.0014501893041153817,0.0,1.2183492931011204,0.015483621258409005,0.9274406115119765
exdark,2015_02887,1,900,506,3.5003293807641636,0.9379029424681599,0.9675450153711024,0.9809969257795345,0.9932652613087396,0.9939306104523495,0.9972793148880106,0.0,0.0,0.0,3.0,11.0,1.048720581046187,2.7080189977718336,0.9379090113735783,0.968092738407699,0.9813123359580053,0.99334208223972,0.9939807524059493,0.9973140857392826,0.0,0.0,0.0,3.0,11.0,1.0439266501721214,2.6983373729753937,0.9386284722222222,0.9685069444444444,0.9817881944444444,0.9938194444444445,0.9944444444444445,0.9976736111111111,0.0,0.0,0.0,3.0,10.0,1.034924283719681,2.679830434827351,0.9384333517699115,0.9686808628318584,0.9819551991150443,0.9940887721238938,0.9946073008849557,0.9978221792035398,0.0,0.0,0.0,3.0,11.0,1.0291075650719983,2.669282989812834,0.0008639709015285939,0.0005144129894428549,0.00038798175428428144,0.0,0.24206145913796356,0.008874396732614993,0.9964800175669741
exdark,2015_02890,1,1094,730,10.476555808770128,0.9060016027647693,0.9190253186747139,0.9284315444141144,0.9399401467531492,0.9410445518519446,0.947673486764669,0.0,0.0,0.0,1.0,13.0,0.9150760330646263,2.275873411282653,0.90585237924295,0.9190249690877906,0.9283385186071557,0.939955526305293,0.9409427226676239,0.9477234653583821,0.0,0.0,0.0,1.0,13.0,0.9130721540893775,2.270074075377597,0.905654950809267,0.9194600920342748,0.9286734370041256,0.9403463186290066,0.9413579022532529,0.9478637734052682,0.0,0.0,0.0,1.0,13.0,0.9127703529854301,2.2656089511182893,0.9048119644557283,0.9189344652491273,0.9281973976515392,0.9398801967629324,0.9409711202792764,0.9475761662964138,0.0,0.0,0.0,1.0,14.0,0.914913334521187,2.2678621566846098,0.0011815830209882425,0.0008069284139831811,0.0006513267167958891,0.0,0.5994789404140899,0.0048883218004350274,0.9375522776789963
exdark,2015_02896,1,640,360,4.8214713541666665,0.9404904513888889,0.9687673611111111,0.9785112847222223,0.9854991319444445,0.9860286458333334,0.9890147569444444,0.0,0.0,1.0,4.0,11.0,1.375709132600505,3.251936410727844,0.9405381944444444,0.9685416666666666,0.9788715277777778,0.9853993055555555,0.9861111111111112,0.9891319444444444,0.0,0.0,1.0,4.0,11.0,1.3746023314284694,3.248998817740337,0.9415625,0.97,0.9795486111111111,0.9855902777777777,0.9862847222222222,0.9891319444444444,0.0,0.0,1.0,4.0,11.0,1.3705111519812128,3.237808703327225,0.9415972222222222,0.97,0.9794444444444445,0.9861111111111112,0.9867361111111111,0.9888888888888889,0.0,0.0,1.0,4.0,11.0,1.3856117356715771,3.2514991863545566,0.0023799884600913123,0.0008401661247846889,0.0006616468408480918,0.0,0.24206145913796356,0.01402488895100857,0.9861197916666666
exdark,2015_02912,1,900,600,22.851033333333334,0.6866962962962962,0.7660444444444444,0.8154888888888889,0.8712481481481481,0.8761796296296296,0.9056814814814815,0.0,2.0,7.0,21.0,60.0,3.080722383927555,5.445022804063418,0.6886666666666666,0.7673185185185185,0.8169333333333333,0.8725777777777778,0.8773481481481481,0.9064222222222222,0.0,2.0,7.0,21.0,60.0,3.0726723511722107,5.436101823999971,0.6904592592592592,0.7696444444444445,0.8188592592592593,0.8746814814814815,0.8791703703703704,0.9078222222222222,0.0,2.0,7.0,21.0,60.0,3.0602934511445263,5.42320966992033,0.6907964601769911,0.7702064896755162,0.8195575221238938,0.8752212389380531,0.8798230088495576,0.908259587020649,0.0,2.0,7.0,21.0,59.0,3.055157020076804,5.418567289569832,0.004036210416104269,0.0029039660193830217,0.0019224109633651976,0.0,0.6959705453537527,0.016763622624621922,0.8783074074074074
exdark,2015_02917,1,1024,768,12.401256561279297,0.8845303853352865,0.8984095255533854,0.9083595275878906,0.9219843546549479,0.9233411153157552,0.9324086507161459,0.0,0.0,0.0,1.0,25.0,1.1213588920106403,2.6960738049163546,0.8845316569010416,0.8984578450520834,0.9086151123046875,0.9222056070963541,0.9235076904296875,0.9325408935546875,0.0,0.0,0.0,1.0,24.0,1.1183220830927354,2.6900487652360527,0.8848876953125,0.8989664713541666,0.9091593424479166,0.9226175944010416,0.923828125,0.9327494303385416,0.0,0.0,0.0,1.0,24.0,1.11453455201543,2.684883726011162,0.8845011393229166,0.8987833658854166,0.9086710611979166,0.92236328125,0.9236246744791666,0.9327392578125,0.0,0.0,0.0,1.0,24.0,1.1128694672421702,2.6768478031470244,0.0010988439839711014,0.0010056075495381241,0.0010315831401182848,0.0,0.82915619758885,0.006037504164680301,0.9224383036295573
exdark,2015_02921,1,1024,768,22.137247721354168,0.8273366292317709,0.8468894958496094,0.8611729939778646,0.8797454833984375,0.8813883463541666,0.8919283548990885,0.0,0.0,1.0,5.0,76.0,2.0097926176146577,3.98886905146213,0.8272145589192709,0.846832275390625,0.8612060546875,0.8796284993489584,0.8812459309895834,0.8920237223307291,0.0,0.0,1.0,5.0,76.0,2.0084737377619573,3.9874412470592935,0.8270263671875,0.8467305501302084,0.860748291015625,0.8792622884114584,0.8809000651041666,0.8918558756510416,0.0,0.0,1.0,5.0,77.0,2.0047035028161018,3.9795995908805066,0.8260294596354166,0.8459269205729166,0.8596598307291666,0.87762451171875,0.8792928059895834,0.88995361328125,0.0,0.0,1.0,5.0,80.0,2.0142138086027703,3.992432492587745,0.0010165530024304863,0.00114401068637145,0.0013195691621407009,0.0,2.4748737341529163,0.009383990717641627,0.8812421162923177
exdark,2015_02942,1,774,1032,34.175068355267115,0.5635103058710415,0.5800645494060853,0.6072989904452858,0.6875312981992268,0.6985845702381668,0.7727249964946017,0.0,0.0,4.0,59.0,102.0,2.9742229123029165,5.047105139353981,0.5629295532646048,0.5798719331894829,0.6075681291456885,0.6878646207943738,0.698863182290418,0.7731259490130264,0.0,0.0,4.0,59.0,102.0,2.9757907382284783,5.050575292571293,0.5611164389035403,0.5780388396068089,0.6072184927675218,0.6879245584592024,0.6986434108527132,0.7725065931431312,0.0,0.0,4.0,59.0,102.0,2.985277957992035,5.063663281618105,0.5611563973467594,0.5783585071525613,0.6074682330376409,0.6881643091185168,0.6988731719012228,0.7726764165268121,0.0,0.0,4.0,59.0,102.0,2.9835285871431494,5.058169471419172,0.0019643440317143827,0.0006811114503872942,0.0006514236947324068,0.49607837082461076,0.0,0.009635596868223094,0.7045525108667348
exdark,2015_02944,1,1094,730,5.240635095539806,0.9412448974480979,0.958333124640004,0.9677406025393804,0.9787558538478877,0.98001302246375,0.9862838396233503,0.0,0.0,1.0,4.0,9.0,1.4024857604938454,3.2794047862336777,0.9415509951737067,0.9587272147102229,0.9680008775078777,0.9788051932511667,0.9800067807426908,0.9862739818914283,0.0,0.0,1.0,4.0,9.0,1.4003945071248234,3.2756938786134953,0.9422405585528404,0.9593184703268803,0.9685814027292923,0.9790741034592193,0.9801947794350999,0.9864725483973342,0.0,0.0,1.0,4.0,9.0,1.397680463956876,3.2705161149096997,0.9419628689304983,0.959298635353856,0.9683830529990479,0.9789947635671216,0.9800460171374167,0.9865320533164075,0.0,0.0,1.0,4.0,9.0,1.3956268695187335,3.266978145195575,0.0006034110022658093,0.0005012372379975766,0.00029767498146459,0.0,0.24206145913796356,0.0036678037999370795,0.9789674688838246
exdark,2015_02968,1,400,586,2.201305460750853,0.9800127986348123,0.9830972696245733,0.9849744027303754,0.9878199658703072,0.9880716723549489,0.9896203071672355,0.0,0.0,0.0,0.0,1.0,0.33503859889833293,1.1694893437186284,0.9803401360544217,0.983452380952381,0.9852380952380952,0.9878231292517007,0.9880952380952381,0.9895918367346939,0.0,0.0,0.0,0.0,1.0,0.3322256297831508,1.1593034643732514,0.9788175675675675,0.9819932432432432,0.9843581081081081,0.9868918918918919,0.987195945945946,0.9886486486486487,0.0,0.0,0.0,0.0,1.0,0.3385689773354136,1.1685198427465504,0.9788513513513514,0.9821621621621621,0.9844594594594595,0.9869594594594595,0.9873648648648649,0.9889189189189189,0.0,0.0,0.0,0.0,1.0,0.338629484629047,1.1662461240428672,0.0013114163528570076,0.0008522973113243162,0.0008054122737715828,0.0,0.0,0.006137730502236393,0.9869155290102389
exdark,2015_02975,1,1214,658,3.96971502681482,0.9605101075096518,0.9679499056098306,0.9727282514534084,0.9781538084054822,0.9786633150228089,0.981521309144079,0.0,0.0,0.0,0.0,2.0,0.4550365668257015,1.3769680041468928,0.9606907894736842,0.9679575358851674,0.9729266347687401,0.9785137559808612,0.9790121610845295,0.9817234848484848,0.0,0.0,0.0,0.0,2.0,0.4530769722521206,1.3714571906904542,0.9609424540266328,0.9679771718452759,0.9729212904248573,0.9784202599873177,0.9789453868103994,0.9816304692454026,0.0,0.0,0.0,0.0,2.0,0.448510081443985,1.3583677248543318,0.9615369372225745,0.9687896322130628,0.9735058655675333,0.9788165821179454,0.9793912492073558,0.982106055802156,0.0,0.0,0.0,0.0,2.0,0.4447085378969863,1.348879381878396,0.0007755861305928946,0.0006870328008340987,0.0006211518928328427,0.0,0.0,0.006049755332226527,0.977320070304402
exdark,2015_02976,1,1000,824,5.4686371359223305,0.921622572815534,0.9521674757281553,0.9693337378640776,0.9814963592233009,0.9823313106796117,0.9880558252427184,0.0,0.0,1.0,5.0,12.0,1.5622890205940907,3.5559231993797713,0.9215728155339806,0.9520631067961165,0.9693058252427185,0.9816116504854369,0.9824902912621359,0.988116504854369,0.0,0.0,1.0,5.0,12.0,1.5601041688563848,3.552948513313823,0.9215242718446602,0.9521650485436893,0.969378640776699,0.9815533980582525,0.982495145631068,0.9881553398058253,0.0,0.0,1.0,5.0,12.0,1.560568893879145,3.5543703282977126,0.9212815533980583,0.9524271844660194,0.9693592233009709,0.9817281553398058,0.9826407766990292,0.988252427184466,0.0,0.0,1.0,5.0,12.0,1.5561021672358717,3.54739307505972,0.0003343507170878442,0.00022910551473889323,0.00017086671846592864,0.0,0.0,0.004307300105924428,0.9893616504854369
exdark,2015_03015,1,1280,532,0.5050076362781954,0.9996783952067669,0.9999016094924812,0.9999574130639097,0.9999779722744361,0.9999794407894737,0.999992657424812,0.0,0.0,0.0,1.0,2.0,0.3613534014726995,1.3085793977492737,0.9997004229323309,0.999906015037594,0.9999823778195489,0.9999882518796992,0.9999941259398496,1.0,0.0,0.0,0.0,1.0,2.0,0.36059067957482926,1.3065900842499518,0.9997084888059702,0.999941697761194,0.9999883395522388,0.9999883395522388,1.0,1.0,0.0,0.0,0.0,1.0,2.0,0.36116687613473636,1.3080578598987513,0.9997667910447762,0.9999300373134329,1.0,1.0,1.0,1.0,0.0,0.0,0.0,1.0,2.0,0.36027596703433723,1.305187895445877,0.00011286039159501465,4.288531381565582e-05,2.629316331118458e-05,0.0,0.0,0.002762398334080966,0.9999941259398496
exdark,2015_03020,1,1280,692,5.748095420881503,0.9103775289017341,0.9457245755057804,0.9678242413294798,0.9904748464595375,0.9911759393063584,0.9933097001445087,0.0,1.0,2.0,6.0,14.0,1.7693600755344239,3.7884020134504994,0.9102601156069364,0.9452312138728324,0.9671784682080925,0.9901553468208093,0.9909004696531792,0.9931584176300579,0.0,1.0,2.0,6.0,14.0,1.7723387653696863,3.793607164709622,0.9099946120689655,0.9447108477011494,0.9667474856321839,0.9899335488505747,0.9907058189655172,0.9929597701149425,0.0,0.0,2.0,6.0,14.0,1.7702578083206664,3.7919856524746836,0.910614224137931,0.9463721264367816,0.9673670977011494,0.9903196839080459,0.9911278735632184,0.9933548850574713,0.0,0.0,2.0,6.0,14.0,1.7645007399073045,3.783352674898708,0.0007931787264545384,0.0008871903542660414,0.0003796525120087357,0.0,0.0,0.006013436536188264,0.9913148031069364
exdark,2015_03023,1,1788,942,0.7643145860347588,0.9945805250383543,0.9964893344162784,0.9974250369293758,0.9984112056313142,0.9984747336572669,0.9989111177607737,0.0,0.0,0.0,0.0,1.0,0.36359535806253923,1.3253028370893574,0.9946488833276457,0.9964878853372767,0.9974713722367573,0.9984453797444356,0.9985235847268039,0.9989880749251128,0.0,0.0,0.0,0.0,1.0,0.363090269617732,1.3237621718120358,0.9944829939711068,0.9964594471618701,0.9975827550904334,0.9985591324460623,0.9986444469722823,0.9990378417320744,0.0,0.0,0.0,0.0,1.0,0.36450112534727735,1.3270550091067121,0.9947979721549637,0.9966517857142857,0.9977678571428571,0.998619098062954,0.9987136803874092,0.9990825514527845,0.0,0.0,0.0,0.0,1.0,0.3637327859651198,1.3248176723115732,0.00028456722891576764,0.000270851803886426,0.0002145851974014588,0.0,0.0,0.0018878356453707527,0.9985335119242699
exdark,2015_03031,1,898,596,6.365612995321445,0.9027798538138443,0.9754189025575104,0.9884194556135185,0.9947478363552115,0.9948655476001853,0.995627868043826,0.0,0.0,3.0,9.0,15.0,2.0045299857935435,3.978275905250695,0.9034601043997017,0.9756972408650261,0.9885607755406414,0.9948173005219985,0.9949217002237136,0.9956301267710663,0.0,0.0,3.0,9.0,15.0,2.000402710377502,3.9724208289072886,0.9034666666666666,0.9754814814814815,0.9883851851851851,0.9948592592592592,0.9949481481481481,0.9957037037037038,0.0,0.0,3.0,9.0,15.0,1.997477088989495,3.9688765984404224,0.9040117994100295,0.9751327433628318,0.988377581120944,0.9947197640117994,0.9948377581120944,0.9957817109144543,0.0,0.0,3.0,9.0,15.0,1.9973008158460857,3.969375719412821,0.0009471764557287156,0.00027312057199966753,0.0001610984353568575,0.0,0.0,0.004685703078365805,0.9948954425195438
exdark,2015_03037,1,1024,768,6.008921305338542,0.9191271464029948,0.9380467732747396,0.9509442647298177,0.967309315999349,0.9686152140299479,0.9766311645507812,0.0,0.0,1.0,3.0,11.0,1.397007295579576,3.2915951934575505,0.9187520345052084,0.9378255208333334,0.9509938557942709,0.9672088623046875,0.9685821533203125,0.9767557779947916,0.0,0.0,1.0,3.0,11.0,1.3989431754896529,3.2939553892262365,0.9185791015625,0.9380289713541666,0.951080322265625,0.9669698079427084,0.96832275390625,0.97662353515625,0.0,0.0,1.0,3.0,11.0,1.401052264065622,3.296680623346568,0.9184163411458334,0.9381306966145834,0.950927734375,0.9668986002604166,0.96807861328125,0.9765421549479166,0.0,0.0,1.0,3.0,11.0,1.401203398761309,3.298292600626134,0.0004097185341121002,0.0003132261632576607,0.000304146195483778,0.0,0.0,0.0023998160651452203,0.9708824157714844
exdark,2015_03038,1,756,1056,9.075202671556838,0.853648088023088,0.8883352372935707,0.913183170995671,0.9409609487734488,0.9436127144460478,0.9585537918871252,0.0,0.0,1.0,4.0,26.0,1.6777131494850492,3.594851847632304,0.8526885922719256,0.8881022526855861,0.9132194965528299,0.9407718053551387,0.9434122975789643,0.9584485730319063,0.0,0.0,1.0,4.0,27.0,1.6822624756191407,3.5963273288385964,0.8531946448613116,0.8884680134680135,0.9132295173961841,0.9407768157768158,0.9434022767356101,0.9585337502004169,0.0,0.0,1.0,4.0,26.0,1.6783985010446443,3.586736413284891,0.8533692185007975,0.8887958532695375,0.9133373205741627,0.941566985645933,0.943939393939394,0.9587719298245614,0.0,0.0,1.0,4.0,26.0,1.6734210428418272,3.580263159034716,0.0010016688743496943,0.0008794008390587784,0.0005142678334314699,0.0,0.4841229182759271,0.007215055112816933,0.9678556397306397
exdark,2015_03049,1,374,500,11.874598930481284,0.7434705882352941,0.789283422459893,0.8060267379679145,0.9491925133689839,0.9646042780748663,0.99724064171123,0.0,0.0,3.0,16.0,42.0,2.348426196072279,4.441318635792979,0.7416595744680851,0.7880851063829787,0.8052127659574468,0.9491914893617022,0.9646595744680851,0.9971276595744681,0.0,0.0,3.0,16.0,42.0,2.353442816970994,4.446214650744736,0.7417679837892603,0.7878250591016549,0.8061043566362716,0.9477794663964877,0.963272543059777,0.996791624451199,0.0,0.0,3.0,16.0,42.0,2.3545963721861582,4.448588093852593,0.7420634920634921,0.7875717662951706,0.8067375886524822,0.9482438365417089,0.9624282337048294,0.9969604863221885,0.0,0.0,3.0,16.0,42.0,2.3558456586656327,4.4468384904461145,0.0025754379523272165,0.0013305970141244807,0.0011362880963473793,0.0,0.0,0.008281539199206529,0.9948663101604278
exdark,2015_03085,1,556,800,17.467407823741006,0.8500449640287769,0.8670930755395684,0.8774797661870504,0.8942153776978418,0.8959937050359712,0.9058498201438849,0.0,0.0,1.0,4.0,55.0,1.7145172780120912,3.686354537065209,0.8496852517985611,0.867410071942446,0.8784802158273382,0.8956025179856115,0.8971223021582734,0.9065377697841727,0.0,0.0,1.0,4.0,53.0,1.7173747285084495,3.692295598790227,0.8497841726618705,0.8673021582733813,0.8787230215827339,0.8961510791366907,0.8976618705035971,0.9071043165467626,0.0,0.0,1.0,4.0,53.0,1.7170698375616618,3.692858045024436,0.8498928571428571,0.86625,0.8763928571428572,0.8928214285714285,0.8944285714285715,0.9043928571428571,0.0,0.0,1.0,4.0,57.0,1.7202846521458448,3.692260381168925,0.002301026136973925,0.002216190165630905,0.002577755109968999,0.0,3.3674684482560484,0.008739709814666673,0.8904631294964028
exdark,2015_03086,1,640,426,2.360717429577465,0.9683795481220657,0.9780589788732394,0.983406690140845,0.9887617370892019,0.9891835387323944,0.9918353873239436,0.0,0.0,0.0,0.0,3.0,0.515858030119011,1.6420006634419,0.9679468457943925,0.97803738317757,0.9833382009345795,0.9886536214953271,0.9889748831775701,0.9916471962616823,0.0,0.0,0.0,0.0,3.0,0.5175653966723995,1.6436667532874867,0.9677372685185185,0.9779513888888889,0.9832465277777778,0.988744212962963,0.9890625,0.9911458333333333,0.0,0.0,0.0,0.0,3.0,0.5172394431808285,1.6411362944731958,0.9670717592592593,0.9774884259259259,0.9832175925925926,0.9887731481481481,0.9890625,0.9912037037037037,0.0,0.0,0.0,0.0,3.0,0.5238001594510081,1.6501577372927394,0.0010910048026864974,0.0010618692958167097,0.0009496221615608776,0.0,0.0,0.007980012268659251,0.9900564847417841
exdark,2015_03101,1,640,426,23.840100498826292,0.7021456866197183,0.759455692488263,0.8041666666666667,0.8544710974178403,0.8587477992957746,0.883362676056338,0.0,0.0,3.0,22.0,77.0,2.573507931788032,4.957085885463356,0.7017523364485981,0.7594918224299065,0.804001168224299,0.8542494158878504,0.8584842289719626,0.883046144859813,0.0,0.0,3.0,22.0,77.0,2.575794362160666,4.956041431088174,0.6999131944444444,0.7578993055555555,0.8026620370370371,0.85234375,0.8563078703703704,0.8811921296296297,0.0,0.0,3.0,22.0,80.0,2.5829386640627043,4.958263171057143,0.6987847222222222,0.7566550925925926,0.8004629629629629,0.8507523148148148,0.8545717592592592,0.8799768518518518,0.0,0.0,3.0,22.0,82.0,2.5886454790099918,4.9607087069259,0.002034033011054238,0.0018980476645584444,0.0023107398637562124,0.0,2.242173889331512,0.009304362391593757,0.8506382042253521
exdark,2015_03114,1,500,500,42.289468,0.742888,0.754216,0.7617,0.771644,0.772948,0.783808,0.0,0.0,1.0,20.0,237.0,2.1921612567498907,3.4587445506527503,0.741728,0.753504,0.76144,0.77184,0.77312,0.784192,0.0,0.0,1.0,21.0,242.0,2.1916507329197943,3.4550306251188774,0.7354603174603175,0.7476190476190476,0.7557142857142857,0.7666031746031746,0.7680317460317461,0.7784761904761904,0.0,0.0,1.0,26.0,255.0,2.2397424438635114,3.4519131829305794,0.7326782564877803,0.7438901486520534,0.750755857898715,0.7606449987402368,0.7622197026958931,0.7725497606449987,0.0,0.0,1.0,31.0,255.0,2.2689762486494502,3.419076753200664,0.006879607325525232,0.007361457910483832,0.007362758976187699,0.0,25.31296295872927,0.05414451889183894,0.769736
exdark,2015_03121,1,500,374,3.5166042780748663,0.9624171122994652,0.9910695187165776,0.9974491978609625,0.9996951871657754,0.9997647058823529,0.999951871657754,0.0,0.0,1.0,5.0,10.0,1.4375693127140572,3.28630353343847,0.9622127659574468,0.9906170212765958,0.9974042553191489,0.9996170212765958,0.9997021276595744,0.9998936170212765,0.0,0.0,1.0,5.0,10.0,1.4289621430744521,3.276297260824936,0.9614893617021276,0.9902127659574468,0.9974468085106383,0.9996170212765958,0.9997021276595744,0.9999148936170212,0.0,0.0,1.0,5.0,10.0,1.4243760015519271,3.269724674872794,0.9610773387369133,0.9898682877406282,0.9972137791286727,0.999662276258021,0.9997467071935157,1.0,0.0,0.0,1.0,5.0,10.0,1.4093354682662789,3.250085696318119,0.001078163861393006,0.00025949873174615725,9.307332932137961e-05,0.0,0.0,0.015512485777664125,0.9999679144385026
exdark,2015_03149,1,640,426,1.5440764377934273,0.9999339788732394,0.9999413145539906,0.9999523180751174,0.9999779929577465,0.9999779929577465,0.9999816607981221,0.0,0.0,1.0,2.0,4.0,1.0337423574628346,2.4195413263915215,0.9999269859813084,0.9999269859813084,0.9999269859813084,0.9999415887850467,0.9999415887850467,0.9999415887850467,0.0,0.0,1.0,2.0,4.0,1.033664759847748,2.4214734334331176,0.9998553240740741,0.9998553240740741,0.9998553240740741,0.9998842592592593,0.9998842592592593,0.9998842592592593,0.0,0.0,1.0,2.0,4.0,1.0369256839625496,2.429909417395516,0.9998263888888889,0.9998263888888889,0.9998263888888889,0.9998263888888889,0.9998263888888889,0.9998263888888889,0.0,0.0,1.0,2.0,4.0,1.0372001349648392,2.433709689357683,7.379666826166119e-05,6.892319349373971e-05,4.52304210513617e-05,0.0,0.0,0.007273535196163967,0.9999706572769953
exdark,2015_03152,1,424,640,7.914526827830189,0.9053913620283018,0.9290020636792453,0.9438642393867924,0.9631817511792453,0.9645968455188679,0.9726378242924528,0.0,0.0,1.0,3.0,14.0,1.4326356615476041,3.347648182234706,0.9046727594339623,0.9283018867924528,0.9437057783018868,0.9634581367924528,0.9649616745283018,0.9732900943396227,0.0,0.0,1.0,3.0,15.0,1.4296724314621974,3.344449676681975,0.903626179245283,0.9274469339622642,0.9423349056603774,0.9627063679245284,0.9640330188679245,0.9721403301886793,0.0,0.0,1.0,3.0,15.0,1.4365090853969142,3.352097551854156,0.9043042452830189,0.9284787735849057,0.9425117924528302,0.9617334905660377,0.9633254716981132,0.9712264150943396,0.0,0.0,1.0,3.0,15.0,1.432357574146122,3.3343222475595224,0.0012080015281372698,0.0011530606976979008,0.0009940801564870384,0.0,0.46351240544347894,0.006107574898419611,0.9651864681603773
exdark,2015_03159,1,426,622,13.848032999713178,0.8224982262276769,0.8552224385972858,0.8798967438068928,0.909760276557523,0.9122775236628776,0.9283848859502136,0.0,0.0,1.0,7.0,42.0,1.7150116328419274,3.790073446934122,0.8215612269350587,0.8544662113587347,0.8793433980349868,0.9087137550922597,0.9114995207284927,0.9279894560268392,0.0,0.0,1.0,7.0,42.0,1.7151492686935474,3.7853533918145703,0.8208123652048885,0.8530433740714115,0.8774562664749581,0.9072609633357297,0.909986820033549,0.9276599568655644,0.0,0.0,1.0,7.0,43.0,1.715128396309495,3.779066524020675,0.8249643874643875,0.855650522317189,0.8799857549857549,0.9094254510921178,0.9119183285849952,0.9291310541310541,0.0,0.0,0.0,6.0,41.0,1.678908701440682,3.719707643562792,0.0038787992737918543,0.0032100165529207426,0.0024952282698398943,0.3903123748998999,1.4577379737113252,0.027851651506437702,0.9147004211765771
exdark,2015_03181,1,688,1024,1.2282175463299418,0.9776157113008721,0.9849228969840116,0.9898468727289245,0.9946487781613372,0.9950107308321221,0.9968673351199128,0.0,0.0,0.0,0.0,0.0,0.24994792400259289,0.8434259522473788,0.9775958393895349,0.9850392896075582,0.989990234375,0.9947424600290697,0.9950660882994186,0.9968943041424418,0.0,0.0,0.0,0.0,0.0,0.24960388624468488,0.8421395562989795,0.9774368640988372,0.984851925872093,0.9899050690406976,0.9947083938953488,0.9950263444767442,0.9969681140988372,0.0,0.0,0.0,0.0,0.0,0.24963342483116116,0.8419797023649592,0.9773800872093024,0.9849200581395349,0.9901435319767442,0.9949582122093024,0.9952307412790697,0.9970248909883721,0.0,0.0,0.0,0.0,0.0,0.24898717819972932,0.8405002810704871,0.00028261833849325203,0.00023222632772758884,0.00015355367244275993,0.0,0.0,0.0010465976909818542,0.9959986487100291
exdark,2015_03182,1,640,480,3.1709700520833333,0.9746744791666667,0.990205078125,0.9939322916666666,0.9964453125,0.99669921875,0.998037109375,0.0,0.0,1.0,4.0,8.0,1.415169184879928,3.2003029592338925,0.9751041666666667,0.9904296875,0.9940104166666667,0.9964192708333334,0.9967447916666666,0.998046875,0.0,0.0,1.0,4.0,8.0,1.4084463524428936,3.1895035076317795,0.975078125,0.9904166666666666,0.9939322916666666,0.996171875,0.9965364583333334,0.9978385416666666,0.0,0.0,1.0,4.0,8.0,1.400273697877051,3.1797834227160426,0.9734375,0.9904166666666666,0.9941666666666666,0.9963020833333334,0.99671875,0.9980208333333334,0.0,0.0,1.0,4.0,8.0,1.4015016387447141,3.184000344151556,0.0009715147320375427,0.0002963491322067888,0.000271180541662227,0.0,0.0,0.0117734798411844,0.9964713541666667
exdark,2015_03197,1,768,1024,5.097768147786458,0.9578399658203125,0.9657338460286459,0.9707310994466146,0.9757296244303385,0.9761683146158854,0.9785486857096354,0.0,0.0,0.0,1.0,3.0,0.6067809533279237,1.782637341447206,0.957794189453125,0.9658203125,0.9708201090494791,0.9757741292317709,0.9762776692708334,0.9785563151041666,0.0,0.0,0.0,1.0,3.0,0.6058731666972669,1.7792708723368855,0.9574178059895834,0.965576171875,0.9705607096354166,0.975494384765625,0.97601318359375,0.978363037109375,0.0,0.0,0.0,1.0,3.0,0.6072958620254183,1.780236628675186,0.9573771158854166,0.96575927734375,0.97064208984375,0.9753011067708334,0.975830078125,0.978271484375,0.0,0.0,0.0,1.0,3.0,0.6066664636898917,1.7768006487556751,0.0003890575644381227,0.0002697997659954902,0.0002782027793917166,0.0,0.0,0.002281449512750982,0.9757906595865885
exdark,2015_03201,1,1024,682,0.400817334127566,0.9995847461510264,0.9998825833944281,0.9999226768695014,0.9999785213526393,0.9999828170821115,0.9999971361803519,0.0,0.0,0.0,0.0,1.0,0.24340211470503656,0.9634016433142811,0.999617370248538,0.999874360380117,0.9999086257309941,0.9999771564327485,0.9999771564327485,0.9999942891081871,0.0,0.0,0.0,0.0,1.0,0.24337343389336977,0.9626911708245834,0.9996706940406976,0.9999091569767442,0.9999318677325582,0.999977289244186,0.999977289244186,0.999988644622093,0.0,0.0,0.0,0.0,1.0,0.2420355360432317,0.9580395148777358,0.9996366279069767,0.9998864462209303,0.9999318677325582,0.999977289244186,0.999977289244186,0.999977289244186,0.0,0.0,0.0,0.0,1.0,0.243793523169051,0.9632913408501658,6.26720181072759e-05,2.682869013605512e-05,1.9042434763050957e-05,0.0,0.0,0.0016892834221293761,0.999998568090176
exdark,2015_03226,1,640,426,9.04915272887324,0.8247762617370892,0.8893742664319249,0.9323100058685446,0.9765808392018779,0.979900234741784,0.9927890258215962,0.0,0.0,5.0,11.0,25.0,2.3222415765838442,4.462181735930955,0.8252190420560748,0.8896174065420561,0.932491238317757,0.9765478971962617,0.9797459112149532,0.9927716121495327,0.0,0.0,5.0,11.0,25.0,2.321730408609309,4.460935330586205,0.8256944444444444,0.889380787037037,0.9320023148148148,0.9756944444444444,0.9793113425925926,0.9933738425925925,0.0,0.0,5.0,11.0,25.0,2.318727390450083,4.457602955996869,0.827025462962963,0.8907986111111111,0.9332754629629629,0.9767361111111111,0.9806134259259259,0.9939236111111112,0.0,0.0,5.0,11.0,25.0,2.3106536327566647,4.440380870100236,0.002179014504399769,0.001509239566190745,0.0011025063830728608,0.0,0.3903123748998999,0.011460576043693346,0.9902508802816902
exdark,2015_03231,1,640,400,2.076,0.9622109375,0.97585546875,0.98421875,0.991890625,0.99238671875,0.9950703125,0.0,0.0,0.0,0.0,4.0,0.5018871020191094,1.5615541943977325,0.962015625,0.975359375,0.983828125,0.992046875,0.99253125,0.995015625,0.0,0.0,0.0,0.0,4.0,0.5042661051228353,1.5649155759183948,0.96109375,0.9743125,0.9826875,0.99121875,0.9916875,0.9945,0.0,0.0,0.0,0.0,4.0,0.5091407736645206,1.5732483995456987,0.96075,0.973875,0.9819375,0.991,0.9915625,0.994375,0.0,0.0,0.0,0.0,4.0,0.5080173066837116,1.564639038222624,0.001134481529088848,0.0009740279609692914,0.0008215299745130655,0.0,0.46351240544347894,0.00994207132301572,0.99594140625
exdark,2015_03251,1,640,426,7.814322916666667,0.8936179577464789,0.9222894659624413,0.9407240316901408,0.959312646713615,0.9608017899061033,0.9692634976525821,0.0,0.0,0.0,3.0,17.0,1.233803714321231,3.057195973719771,0.8908732476635514,0.9204877336448598,0.9398218457943925,0.9590391355140186,0.9604264018691588,0.9687792056074767,0.0,0.0,0.0,3.0,17.0,1.2494591238318693,3.082090924038103,0.891724537037037,0.9222222222222223,0.9415798611111111,0.9611689814814814,0.9625868055555555,0.9704861111111112,0.0,0.0,0.0,3.0,17.0,1.2314010784055531,3.0512366072101855,0.8909722222222223,0.9232060185185185,0.9415509259259259,0.9616319444444444,0.9628472222222222,0.9711805555555556,0.0,0.0,0.0,3.0,17.0,1.2293973641146818,3.0406731967192333,0.003919310319003636,0.0031307046597864826,0.0029590572234228043,0.0,0.9682458365518543,0.027085948126067644,0.9623716255868544
exdark,2015_03263,1,640,480,3.344921875,0.943203125,0.972607421875,0.9888671875,0.9982845052083333,0.9986360677083334,0.9994173177083333,0.0,0.0,1.0,4.0,10.0,1.2137660336854856,3.0199389691264438,0.9431119791666667,0.9725260416666667,0.9886588541666667,0.9979817708333333,0.9983854166666667,0.9994010416666667,0.0,0.0,1.0,4.0,10.0,1.2117821437057659,3.0163316912068265,0.9425520833333333,0.97203125,0.98859375,0.9980729166666666,0.9983333333333333,0.9992708333333333,0.0,0.0,1.0,4.0,10.0,1.2111588228087837,3.0136976362100967,0.9425520833333333,0.9717708333333334,0.98828125,0.9977604166666667,0.9981770833333333,0.9992708333333333,0.0,0.0,1.0,4.0,10.0,1.2127239664126472,3.0161247326708303,0.0006176323555016416,0.00041360365037157877,0.0002402467250664682,0.0,0.4841229182759271,0.003884731074347876,0.9991796875
exdark,2015_03272,1,640,480,8.568447265625,0.876923828125,0.8966666666666666,0.9142740885416667,0.9374088541666666,0.9398470052083333,0.9564322916666667,0.0,0.0,1.0,3.0,25.0,1.493947878953993,3.4294576152078333,0.8764973958333333,0.8966145833333333,0.9137239583333333,0.937109375,0.9396354166666666,0.9565494791666667,0.0,0.0,1.0,3.0,25.0,1.4959920574444183,3.430796016038083,0.8747395833333333,0.8951302083333333,0.912578125,0.9364322916666666,0.9389583333333333,0.9557552083333334,0.0,0.0,1.0,3.0,25.0,1.5081925681930535,3.448034313286796,0.8738541666666667,0.8947395833333334,0.9116666666666666,0.9346875,0.9372916666666666,0.9563541666666666,0.0,0.0,1.0,3.0,26.0,1.509280611929835,3.4488451833842464,0.0017180069367171563,0.001445074204970869,0.001356476989283467,0.0,0.7261843774138906,0.011852200784944216,0.9449576822916667
exdark,2015_03274,1,436,500,7.5155183486238535,0.8857018348623853,0.9179036697247707,0.9385779816513762,0.9597155963302753,0.9613761467889909,0.9721559633027523,0.0,0.0,1.0,4.0,19.0,1.4665378573839185,3.480835525775032,0.8868990825688073,0.9190275229357798,0.9396880733944954,0.9601834862385321,0.9617614678899082,0.9726605504587156,0.0,0.0,1.0,4.0,18.0,1.4624093970705823,3.472066633473014,0.8880151448958788,0.9200524246395806,0.9400029124799767,0.9613368283093053,0.9629022862967818,0.9733144022134848,0.0,0.0,1.0,4.0,18.0,1.4549862971082632,3.4569596809918504,0.8873015873015873,0.9204184704184705,0.9408369408369408,0.9613275613275614,0.962914862914863,0.9736652236652237,0.0,0.0,1.0,4.0,18.0,1.4563065372698296,3.453144808616258,0.0018476361603385323,0.0010255792715630047,0.001218243658440033,0.0,0.6091746465505602,0.010023315137281517,0.9713990825688074
exdark,2015_03301,1,640,480,15.448193359375,0.7731640625,0.8496256510416667,0.8782421875,0.9120149739583333,0.91513671875,0.933896484375,0.0,1.0,4.0,14.0,42.0,2.65760228530695,4.934440235633946,0.7732421875,0.85,0.8792057291666666,0.9125130208333333,0.9157291666666667,0.9339973958333333,0.0,1.0,4.0,14.0,41.0,2.6547185824253043,4.929649939098501,0.772578125,0.8490364583333333,0.8784375,0.9118489583333333,0.915,0.93359375,0.0,1.0,4.0,14.0,42.0,2.6644040723525184,4.942281837647003,0.7727604166666666,0.8527083333333333,0.8816145833333333,0.9145833333333333,0.91734375,0.935,0.0,1.0,4.0,15.0,41.0,2.6507466590103452,4.918042402411392,0.0032120313593673056,0.003752914991175478,0.0022331298583605067,0.0,1.2747548783981961,0.022189980115923352,0.9117936197916666
exdark,2015_03309,1,640,480,11.006451822916667,0.836015625,0.8719075520833334,0.8960026041666667,0.92666015625,0.9297493489583334,0.9506803385416667,0.0,0.0,0.0,6.0,34.0,1.5828621558211595,3.614606450728177,0.8366666666666667,0.8729296875,0.8973177083333334,0.9269401041666666,0.9297526041666667,0.95109375,0.0,0.0,1.0,6.0,33.0,1.5814505193615003,3.610948701490565,0.837421875,0.8743489583333334,0.8986458333333334,0.9276041666666667,0.9303385416666666,0.951328125,0.0,0.0,0.0,6.0,33.0,1.578066640993344,3.604116840960888,0.8363020833333333,0.8735416666666667,0.898125,0.9278125,0.9303125,0.9510416666666667,0.0,0.0,1.0,6.0,33.0,1.5840425960833815,3.607257331405498,0.0014922352195685575,0.001672708369011282,0.0014785634991515352,0.49607837082461076,0.6959705453537527,0.00892595944121766,0.93830078125
exdark,2015_03318,1,640,480,8.718668619791666,0.898271484375,0.9385611979166667,0.955830078125,0.9668684895833334,0.9676497395833333,0.9723372395833333,0.0,0.0,2.0,7.0,16.0,1.8984650890754111,4.014745449591874,0.8986979166666667,0.93859375,0.9555729166666667,0.9669921875,0.9676953125,0.9724739583333334,0.0,0.0,2.0,7.0,16.0,1.8972758036121937,4.0104261110167005,0.8995833333333333,0.9392447916666666,0.9565625,0.9679947916666667,0.9688541666666667,0.973359375,0.0,0.0,2.0,7.0,16.0,1.8903496301817238,3.9979404764969857,0.89984375,0.9390625,0.955625,0.9672916666666667,0.9682291666666667,0.9730729166666666,0.0,0.0,2.0,7.0,16.0,1.892767226421322,3.997772432947881,0.0014174442027460096,0.0008071800893155499,0.0010300252815444125,0.0,0.24206145913796356,0.0069475454296907425,0.9653841145833333
exdark,2015_03321,1,640,480,23.127561848958333,0.7957194010416667,0.8137272135416667,0.82396484375,0.8402669270833333,0.84279296875,0.8640625,0.0,0.0,2.0,9.0,96.0,2.3116764435534187,4.576072485719921,0.7952473958333334,0.8134765625,0.8239192708333334,0.8402213541666667,0.8426692708333333,0.8638411458333334,0.0,0.0,2.0,9.0,96.0,2.314089499041327,4.578660889616744,0.794921875,0.8129427083333334,0.82375,0.83859375,0.8410416666666667,0.8624739583333333,0.0,0.0,2.0,9.0,96.0,2.3221703062707504,4.583401370210014,0.7954166666666667,0.81296875,0.8240104166666666,0.8385416666666666,0.8409895833333333,0.8623958333333334,0.0,0.0,2.0,9.0,96.0,2.322424877234801,4.580180384493857,0.0009094506813767088,0.0005929485064616525,0.0012633396021705097,0.0,0.9013878188659973,0.006877080489943596,0.8313020833333333
exdark,2015_03337,1,640,468,5.627904647435898,0.9430021367521367,0.9682124732905983,0.9743756677350427,0.978629139957265,0.9792000534188035,0.9833834134615385,0.0,0.0,1.0,5.0,11.0,1.4645764844935638,3.394902059496372,0.9427483974358974,0.9683760683760684,0.974465811965812,0.9787660256410257,0.9794070512820513,0.9834535256410256,0.0,0.0,1.0,5.0,11.0,1.4664922842495576,3.3975593389247347,0.9434057203389831,0.9688294491525423,0.974364406779661,0.978416313559322,0.9789724576271186,0.9829978813559322,0.0,0.0,1.0,5.0,11.0,1.457542510107211,3.3831360433086703,0.9445444915254237,0.9695444915254238,0.9747351694915254,0.9788135593220338,0.979343220338983,0.983156779661017,0.0,0.0,1.0,5.0,11.0,1.4581456375426851,3.3744080988157634,0.001353906048537757,0.0005752592263797321,0.0006126160445959931,0.0,0.33071891388307384,0.00704175620830292,0.9832932692307692
exdark,2015_03344,1,480,640,5.884759114583333,0.8959993489583333,0.9285872395833333,0.9528092447916666,0.9776236979166667,0.9794661458333334,0.9897298177083333,0.0,0.0,1.0,5.0,16.0,1.5363594408895336,3.5374512413716617,0.8959895833333333,0.9290885416666667,0.9530338541666666,0.9774869791666667,0.9794401041666667,0.9897005208333334,0.0,0.0,1.0,5.0,16.0,1.538732254687451,3.5400093336821126,0.89609375,0.9283333333333333,0.9532552083333333,0.9778385416666666,0.97984375,0.9897916666666666,0.0,0.0,1.0,5.0,16.0,1.5444563787537424,3.5459337608329484,0.8963541666666667,0.9291666666666667,0.9536979166666667,0.9786458333333333,0.9805208333333333,0.9900520833333334,0.0,0.0,1.0,5.0,16.0,1.5444508446179221,3.5438278607756994,0.0015368134686235243,0.0011433846868283445,0.0007166191617612995,0.0,0.3903123748998999,0.011116747932088134,0.9845540364583333
exdark,2015_03353,1,640,426,50.75659110915493,0.5724728579812206,0.5825594190140845,0.5938710387323943,0.6218493251173709,0.6272960680751174,0.6755465082159624,0.0,1.0,6.0,88.0,155.0,3.4767403536399257,5.61691800746569,0.572794976635514,0.5827686915887851,0.5949620327102804,0.6227219626168224,0.6281834112149532,0.6763872663551402,0.0,1.0,6.0,88.0,154.0,3.470548612327976,5.607558641004816,0.5756655092592593,0.5852719907407408,0.5973090277777777,0.6240451388888889,0.6293113425925926,0.6772858796296296,0.0,1.0,5.0,88.0,154.0,3.4616176474539637,5.602167928513126,0.5738425925925926,0.5845486111111111,0.5953703703703703,0.6223958333333334,0.6280092592592592,0.6795138888888889,0.0,1.0,6.0,88.0,154.0,3.470564092475632,5.607162757303426,0.002887613291892946,0.0026903026506397603,0.002412736338551207,0.3903123748998999,1.0288798520721456,0.01411099132165206,0.6076511150234741
exdark,2015_03363,1,3200,2400,12.720947786458334,0.7474622395833334,0.8070171875,0.8672485677083334,0.9333239583333334,0.9379122395833334,0.9671322916666667,0.0,1.0,2.0,16.0,38.0,2.3757498510156263,4.605073987470811,0.7474125,0.806925,0.8672005208333333,0.933290625,0.9379557291666667,0.9671734375,0.0,1.0,2.0,16.0,38.0,2.3766824900555403,4.606363309379862,0.7474166666666666,0.8065895833333333,0.86684375,0.9332833333333334,0.9380104166666666,0.96710625,0.0,1.0,2.0,16.0,38.0,2.3781161443519987,4.607783172287416,0.74691875,0.8067333333333333,0.86690625,0.9332791666666667,0.9379875,0.96698125,0.0,1.0,2.0,16.0,38.0,2.379713365959138,4.608948992321201,0.0003977706667964822,0.00031950373739711,0.00017516713713811128,0.0,0.0,0.002017069474609621,0.9569006510416667
exdark,2015_03368,1,1098,736,2.5942189851112696,0.956107200839471,0.9734584125287084,0.9824347133127426,0.9899360002375861,0.9904247841926032,0.9932919042527917,0.0,0.0,0.0,0.0,6.0,0.5990775519773816,1.7291805218309388,0.956106719367589,0.9735820158102767,0.9825,0.9899258893280632,0.99050395256917,0.9934239130434782,0.0,0.0,0.0,0.0,6.0,0.5966896848499004,1.7239760504891366,0.9566897233201581,0.9738833992094862,0.9830434782608696,0.990306324110672,0.9908102766798419,0.993596837944664,0.0,0.0,0.0,0.0,6.0,0.5948075442231577,1.7197821414764998,0.9571715500945179,0.9742438563327032,0.9834593572778828,0.9906663516068053,0.9912177063642093,0.9937184940138626,0.0,0.0,0.0,0.0,6.0,0.5920274381181048,1.7136073717007927,0.000608484838936725,0.00040398876506693703,0.0003006755908871749,0.0,0.0,0.003482299542046646,0.990339401678942
exdark,2015_03374,1,4000,3000,1.96870475,0.983422,0.9906983333333333,0.9947511666666666,0.9969261666666667,0.9970516666666667,0.9976521666666667,0.0,0.0,0.0,2.0,5.0,0.8277666725856603,2.340966542548794,0.9834166666666667,0.9906626666666667,0.994724,0.9969046666666667,0.9970286666666667,0.9976596666666666,0.0,0.0,0.0,2.0,5.0,0.8282950385580821,2.341903146907623,0.9833873333333333,0.990648,0.9947213333333333,0.9969193333333334,0.99705,0.997658,0.0,0.0,0.0,2.0,5.0,0.8281845591226769,2.341740462029367,0.9836026666666666,0.990792,0.9948213333333333,0.9969413333333333,0.9970653333333334,0.9976813333333333,0.0,0.0,0.0,2.0,5.0,0.8293211192694145,2.3434065817984715,0.00027036600706776485,9.551134313089154e-05,3.5964488658182294e-05,0.0,0.0,0.0009664904738255555,0.9971215833333333
exdark,2015_03377,1,640,1136,1.3782254071302817,0.9753438600352112,0.9942245268485915,0.999742792693662,1.0,1.0,1.0,0.0,0.0,0.0,0.0,4.0,0.5330606956547558,1.6587495357776745,0.9753576144366197,0.9944322183098592,0.9997909330985916,1.0,1.0,1.0,0.0,0.0,0.0,0.0,4.0,0.5307679888953138,1.653007327702027,0.9749559859154929,0.9941901408450704,0.9997799295774648,1.0,1.0,1.0,0.0,0.0,0.0,0.0,4.0,0.5300466885027043,1.650360616062454,0.9758582746478873,0.9940580985915493,0.9998239436619718,1.0,1.0,1.0,0.0,0.0,0.0,0.0,4.0,0.5291799775249343,1.6475357837436877,0.0007251426867045583,8.405953780036486e-05,0.0,0.0,0.0,0.00465468677584667,1.0
exdark,2015_03389,1,600,800,5.256535416666667,0.9032333333333333,0.9233520833333333,0.942625,0.97299375,0.9752895833333334,0.9868479166666667,0.0,0.0,1.0,2.0,15.0,1.3076000615219003,3.15542715511316,0.9023083333333334,0.9227666666666666,0.9422833333333334,0.972875,0.975275,0.9867333333333334,0.0,0.0,1.0,2.0,15.0,1.3130118565270663,3.163619752398248,0.9011666666666667,0.922,0.9416166666666667,0.9725666666666667,0.9749333333333333,0.9867333333333334,0.0,0.0,1.0,2.0,15.0,1.3177526512421875,3.172084871518778,0.9003333333333333,0.9215,0.941,0.9725,0.9749333333333333,0.9867,0.0,0.0,1.0,3.0,15.0,1.321472988690281,3.1794443524337552,0.001489360414555338,0.0008459462157844412,0.00033097472839076377,0.0,0.5,0.008760617866349,0.9913208333333333
exdark,2015_03402,1,604,618,8.417690049079491,0.8822226151439165,0.9317896868771298,0.9610069868621274,0.987810497438865,0.9889812254870443,0.9940847424934096,2.0,3.0,5.0,8.0,18.0,2.7483773092353867,4.1967044944853,0.8804101687673574,0.9290536210211493,0.958470412305063,0.9852275154881436,0.9864558854945524,0.992170476393933,2.0,3.0,5.0,8.0,18.0,2.756942923583502,4.21800942895254,0.8787145525556121,0.9276617422312786,0.9571871285447444,0.9837408728137205,0.9849507556461199,0.9912124299541518,2.0,3.0,5.0,8.0,19.0,2.7651034231973104,4.239013739483068,0.8745782726045884,0.9242999325236168,0.9530617408906883,0.9801366396761133,0.9814018218623481,0.9876855600539811,2.0,3.0,5.0,8.0,19.0,2.783028645330791,4.273371791945394,0.003834559215270749,0.0038429876621830844,0.003491883939157639,0.0,0.7261843774138906,0.019960976711950795,0.991164619901841
exdark,2015_03409,1,774,1032,1.480523756585141,0.9984576247421029,0.9987430643190514,0.9988970514592472,0.9991324139174328,0.999152444764938,0.9992851491296597,0.0,0.0,1.0,2.0,3.0,0.9902261988177737,2.2025042498909886,0.9984765843522736,0.998756293454807,0.9989560856709022,0.9991658674978023,0.999175857108607,0.999305722049069,0.0,0.0,1.0,2.0,3.0,0.9876773435403636,2.2005499652867866,0.998611444098138,0.9988911532006713,0.9990909454167666,0.9992607688004476,0.9992607688004476,0.9993806441301047,0.0,0.0,1.0,2.0,3.0,0.9847394652691523,2.2001373869187617,0.9986014544873332,0.9989610804763046,0.9991009350275714,0.9993007272436666,0.9993007272436666,0.9994405817949332,0.0,0.0,1.0,2.0,3.0,0.987497472390747,2.2052454810216973,0.00015559618086905645,0.0001541162138139983,0.00010913532824019478,0.0,0.0,0.004412679199976896,0.9991086272860205
exdark,2015_03418,1,900,674,0.34123145400593474,0.996864490603363,0.9988229475766568,0.9996719419716452,0.9999802176063304,0.9999884602703594,1.0,0.0,0.0,0.0,0.0,1.0,0.20289685687476236,0.8574556120541286,0.9968244575936883,0.9988231426692965,0.999697567389875,0.9999671268902038,0.9999802761341223,1.0,0.0,0.0,0.0,0.0,1.0,0.2029000741895381,0.857316990224065,0.9967843137254901,0.9987450980392157,0.9997124183006536,0.9999869281045751,0.9999869281045751,1.0,0.0,0.0,0.0,0.0,1.0,0.20383866768549525,0.8599102547256173,0.9968766267568975,0.9987246225923998,0.9996616345653305,1.0,1.0,1.0,0.0,0.0,0.0,0.0,1.0,0.20676012543778466,0.8682721371481209,0.00011564599193555309,5.918411293103949e-05,1.8558834791699408e-05,0.0,0.0,0.0016469698701564305,1.0
exdark,2015_03430,1,900,600,41.96187962962963,0.5699833333333333,0.5710055555555555,0.5717685185185185,0.5881759259259259,0.5919814814814814,0.6353740740740741,0.0,0.0,5.0,84.0,120.0,3.185854108033704,4.787539102333442,0.5688444444444445,0.5697333333333333,0.5705481481481481,0.5870592592592593,0.5908518518518519,0.6346074074074074,0.0,0.0,6.0,84.0,120.0,3.194506469283159,4.793560603808064,0.566237037037037,0.5671259259259259,0.568,0.5851407407407407,0.5890074074074074,0.633762962962963,0.0,0.0,6.0,84.0,120.0,3.2121373161298616,4.816660761546531,0.5657817109144543,0.5668141592920354,0.567669616519174,0.5853687315634218,0.5894395280235988,0.6341002949852508,0.0,0.0,6.0,84.0,119.0,3.2136165666727403,4.8240474024766815,0.0026999250856851635,0.002791387046128154,0.002142916235287834,0.5,0.4841229182759271,0.019138495927949386,0.46901481481481483
exdark,2015_03453,1,1092,730,12.676126499071705,0.899848211149581,0.9116250188167997,0.9210685433288173,0.9298559887600983,0.9307541773295198,0.9357807717396759,0.0,0.0,0.0,1.0,16.0,1.0174288937907536,2.41254342817535,0.8991022638563623,0.9112772473428211,0.920604896014732,0.9292019455953883,0.9301427170279629,0.9352619147701114,0.0,0.0,0.0,1.0,16.0,1.0222417630545497,2.4184042002844284,0.898222248765727,0.910097149227584,0.9193641503424113,0.9278547539417105,0.9289397197005893,0.9340161649944259,0.0,0.0,0.0,1.0,16.0,1.0317232417567255,2.42960510639573,0.8982465883846398,0.9106037765788638,0.9198468740082514,0.9282172326245637,0.9294271659790543,0.9341280545858458,0.0,0.0,0.0,1.0,16.0,1.0274582371320848,2.4201232762726126,0.0016052443073485492,0.0015289339417889143,0.0014416511445247038,0.0,0.9682458365518543,0.011787545122801304,0.9285940087309951
exdark,2015_03457,1,480,640,3.684716796875,0.9444401041666667,0.9617154947916666,0.9714876302083333,0.9810416666666667,0.9818717447916666,0.986552734375,0.0,0.0,0.0,1.0,7.0,0.7181797782497532,2.049723463135527,0.9448307291666667,0.9617447916666667,0.9712630208333334,0.9811197916666666,0.9818098958333333,0.9864973958333333,0.0,0.0,0.0,1.0,7.0,0.7190436681644449,2.0467968670638643,0.9446875,0.961875,0.9714583333333333,0.9812239583333333,0.981953125,0.9866145833333333,0.0,0.0,0.0,1.0,7.0,0.710469303429886,2.0238015723323843,0.9452083333333333,0.96265625,0.97203125,0.9816145833333333,0.9822916666666667,0.9863020833333334,0.0,0.0,0.0,1.0,7.0,0.7135112139770464,2.0248623136781148,0.001179446029370535,0.0008083344974050657,0.000319723771930494,0.0,0.33071891388307384,0.008471060114616222,0.98169921875
exdark,2015_03458,1,772,1034,6.487661729186919,0.9513021016025095,0.9606149968430864,0.9657600144316052,0.9712257343582446,0.9716854912257845,0.9745981198825427,0.0,0.0,0.0,2.0,6.0,0.9448218135685554,2.505573842581854,0.9512723308060096,0.9605597455338388,0.9659011342949166,0.9714025646668134,0.9718326764958889,0.9746984215896133,0.0,0.0,0.0,2.0,6.0,0.9437497895570157,2.501848690874191,0.9512156237544839,0.9603826225587884,0.9658529294539657,0.9714328417696293,0.9718314069350339,0.9745715424471901,0.0,0.0,0.0,2.0,6.0,0.9433407183058199,2.5013048882731566,0.951229183187946,0.9599524187153053,0.9654837430610627,0.9708762886597938,0.9713322759714512,0.9740285487708168,0.0,0.0,0.0,2.0,6.0,0.9407846053293748,2.493465030097608,0.0005323874354846012,0.00041240777319707624,0.0005199010599297049,0.0,0.0,0.005885209636387327,0.9703012096491316
exdark,2015_03472,1,1024,576,3.159605238172743,0.947784423828125,0.9617546929253472,0.972259521484375,0.9805077446831597,0.9811486138237847,0.9840833875868056,0.0,0.0,0.0,0.0,3.0,0.4785948037004977,1.3802801145927568,0.9473470052083334,0.9613240559895834,0.9719780815972222,0.9802449544270834,0.9808824327256944,0.98394775390625,0.0,0.0,0.0,0.0,3.0,0.4798586463829595,1.3810686566573878,0.9456787109375,0.9597574869791666,0.9707438151041666,0.9792887369791666,0.9797770182291666,0.983154296875,0.0,0.0,0.0,0.0,3.0,0.4868234255108844,1.391243946460564,0.9456380208333334,0.9598524305555556,0.970703125,0.9793294270833334,0.979736328125,0.9831814236111112,0.0,0.0,0.0,0.0,3.0,0.4848306042275375,1.385587237342516,0.0013758589566769273,0.0010141679123655636,0.0008784555265853052,0.0,0.0,0.006336181797104296,0.9796210394965278
exdark,2015_03480,1,402,464,3.219361168296449,0.9823029250300223,0.985187210499228,0.9865811031051638,0.9879964402127295,0.9881143849716932,0.9887416366443644,0.0,0.0,0.0,1.0,2.0,0.605883902453079,1.8162508619721576,0.9822251621713896,0.9852765448958689,0.9865995220211676,0.9881785592352339,0.9883706043018095,0.9888827244793444,0.0,0.0,0.0,1.0,2.0,0.6049702625877356,1.8115267428973438,0.9823745305565039,0.9854899283031752,0.9866848753840901,0.9877091157391601,0.9878371457835439,0.9886480027313076,0.0,0.0,0.0,1.0,2.0,0.6079696944891172,1.813059112949313,0.9825895875591616,0.9858857336037864,0.986815415821501,0.9875760649087221,0.9878296146044625,0.9885057471264368,0.0,0.0,0.0,1.0,2.0,0.6104807751745907,1.812045840215893,0.0003152589671309265,0.0003255456805552322,0.0004424660010206528,0.0,0.0,0.006053651458670313,0.9876372448104306
exdark,2015_03486,1,1024,682,36.252510137921554,0.7721946022727273,0.7902724638013197,0.8022389342008798,0.8162243974523461,0.8175102524743402,0.8253141610153959,0.0,0.0,0.0,9.0,181.0,1.889456674233392,3.055638303196943,0.7720897295321637,0.79007903874269,0.8017521016081871,0.8158180281432749,0.8169944718567251,0.8249211896929824,0.0,0.0,0.0,9.0,181.0,1.8891493587310497,3.0528806770127996,0.7717114825581395,0.7898914425872093,0.8014285065406976,0.815452398255814,0.8166560683139535,0.8243209484011628,0.0,0.0,0.0,9.0,181.0,1.8925905834833767,3.056058220080591,0.7724609375,0.7904705668604651,0.8018713662790697,0.8157022165697675,0.8168150436046512,0.8243550145348837,0.0,0.0,0.0,9.0,181.0,1.889762636772447,3.0488296649033546,0.0006125876985531595,0.0009028111188577839,0.0007119277054349641,0.0,1.7275343701356567,0.005250045161699162,0.8153895940249267
exdark,2015_03520,1,1000,666,1.8043468468468469,0.9839279279279279,0.9956096096096096,0.998478978978979,0.9995495495495496,0.9995900900900901,0.9997882882882883,0.0,0.0,0.0,2.0,6.0,0.7915292198921051,2.246458056893796,0.9837844311377245,0.9955748502994012,0.9983413173652694,0.9995029940119761,0.9995508982035928,0.9997425149700598,0.0,0.0,0.0,2.0,6.0,0.7912224730931778,2.246411550828148,0.9837261904761905,0.9955714285714286,0.9982619047619048,0.9994285714285714,0.9994880952380952,0.9997142857142857,0.0,0.0,0.0,2.0,6.0,0.7861858783117589,2.2369607008228822,0.983547619047619,0.995547619047619,0.9981904761904762,0.9993809523809524,0.9994047619047619,0.9996904761904762,0.0,0.0,0.0,2.0,6.0,0.789423150602506,2.2429215442936745,0.0003421173064789511,0.00024802840360321066,0.0001073351198520328,0.0,0.0,0.004947898662755173,0.9998588588588588
exdark,2015_03538,1,640,480,1.0357877604166668,0.9965169270833333,0.9970279947916667,0.997275390625,0.9976204427083334,0.9976399739583334,0.9977799479166667,0.0,0.0,0.0,1.0,2.0,0.48801502650327155,1.5198207424709644,0.9965364583333334,0.9970182291666667,0.9972005208333333,0.9975911458333333,0.9976171875,0.9978125,0.0,0.0,0.0,1.0,2.0,0.48743174862087596,1.517238647620413,0.9965885416666667,0.9970052083333333,0.9971354166666667,0.9975520833333333,0.997578125,0.9978125,0.0,0.0,0.0,1.0,2.0,0.4866194290921113,1.5123594902891224,0.9967708333333334,0.9971354166666667,0.99734375,0.99765625,0.9977083333333333,0.9979166666666667,0.0,0.0,0.0,1.0,2.0,0.48228584555520426,1.5050189895882715,0.00020245197663367996,0.00013114086639638223,8.968084188774415e-05,0.0,0.0,0.002167347959878417,0.997373046875
exdark,2015_03561,1,640,480,1.48556640625,0.97265625,0.9847233072916667,0.9942122395833334,0.9999479166666667,0.9999934895833333,1.0,0.0,0.0,0.0,1.0,4.0,0.5604865947902166,1.7617099724737082,0.9723046875,0.9844661458333334,0.9941796875,0.9999869791666667,1.0,1.0,0.0,0.0,0.0,1.0,4.0,0.5635999174885082,1.7667844743635395,0.971015625,0.9838541666666667,0.9941145833333334,0.9999739583333334,1.0,1.0,0.0,0.0,0.0,1.0,4.0,0.571457698978605,1.782608061292228,0.9709895833333333,0.9840104166666667,0.99421875,0.9999479166666667,1.0,1.0,0.0,0.0,0.0,1.0,4.0,0.5718996081794422,1.781969991768964,0.001155264219417651,0.0003473781659363032,1.7224943431394428e-05,0.0,0.0,0.009439769724067388,1.0
exdark,2015_03572,1,600,450,0.6143518518518518,0.9953037037037037,0.9988888888888889,0.9999296296296296,1.0,1.0,1.0,0.0,0.0,0.0,0.0,1.0,0.28164732142167803,1.0212153691358878,0.9952654867256637,0.9988938053097345,0.9998967551622419,1.0,1.0,1.0,0.0,0.0,0.0,0.0,1.0,0.2818009481185289,1.0216705944597677,0.9950877192982456,0.998859649122807,0.9999415204678362,1.0,1.0,1.0,0.0,0.0,0.0,0.0,1.0,0.2833881038435015,1.0263915991093422,0.9950292397660818,0.9988888888888889,0.9998830409356725,1.0,1.0,1.0,0.0,0.0,0.0,0.0,1.0,0.28290396797349887,1.0240866878661854,0.00027944686425707333,6.02419977009429e-05,0.0,0.0,0.0,0.0016111965862315206,1.0
exdark,2015_03576,1,834,956,3.683474559264722,0.9188465127479606,0.9576146614089481,0.9819190672566549,0.9942443534711979,0.9948024843723348,0.9968832465408426,0.0,0.0,0.0,2.0,13.0,0.9678799835981455,2.4482619708573896,0.9189605813697423,0.9579738143380513,0.9820574162679426,0.9944595703789714,0.9950501491461632,0.9970921503073011,0.0,0.0,0.0,2.0,13.0,0.9656613571739381,2.4432282989808285,0.9193979266347687,0.957805023923445,0.9820175438596491,0.9943879585326953,0.9948664274322169,0.9965809409888358,0.0,0.0,0.0,2.0,13.0,0.9634480571340213,2.438419018380749,0.9198015873015873,0.9579960317460318,0.9821230158730159,0.9944047619047619,0.9948809523809524,0.9966071428571428,0.0,0.0,0.0,2.0,13.0,0.9591718962685924,2.43104385594578,0.0014791304748146923,0.0011331008137844148,0.0006476577935798354,0.0,0.24206145913796356,0.010766389365409053,0.9952000742502233
exdark,2015_03591,1,800,650,1.2824173076923078,0.9953692307692308,0.9990442307692308,0.9992442307692307,0.9992788461538461,0.9992826923076923,0.9993076923076923,0.0,0.0,0.0,1.0,3.0,0.6911146590276436,2.0270057659807295,0.9950920245398773,0.9989800613496933,0.9992484662576687,0.9992791411042945,0.9992791411042945,0.9993098159509203,0.0,0.0,0.0,1.0,3.0,0.6953040304500909,2.0347893543594795,0.995045731707317,0.9990701219512195,0.9992835365853658,0.9992987804878048,0.9992987804878048,0.999329268292683,0.0,0.0,0.0,1.0,3.0,0.6979449846368434,2.0393504068429738,0.995030487804878,0.999329268292683,0.9994512195121952,0.9994817073170732,0.9994817073170732,0.9995121951219512,0.0,0.0,0.0,1.0,3.0,0.7066737114061936,2.0548349724165784,0.0003081953591809606,0.00012304728015573988,0.00010951178839223262,0.0,0.0,0.004859228137232149,0.9992269230769231
exdark,2015_03618,1,600,450,0.10966296296296296,1.0,1.0,1.0,1.0,1.0,1.0,0.0,0.0,0.0,0.0,0.0,0.09926267854848818,0.5053554229503152,1.0,1.0,1.0,1.0,1.0,1.0,0.0,0.0,0.0,0.0,0.0,0.09960354372786134,0.5066651574146037,1.0,1.0,1.0,1.0,1.0,1.0,0.0,0.0,0.0,0.0,0.0,0.09908558506256263,0.5042213030839162,1.0,1.0,1.0,1.0,1.0,1.0,0.0,0.0,0.0,0.0,0.0,0.09752776298522903,0.4984383326489203,0.0,0.0,0.0,0.0,0.0,0.0014422270300006245,1.0
exdark,2015_03622,1,650,488,3.1544609079445145,0.9737011349306431,0.9911822194199243,0.9952837326607819,0.9965731399747794,0.9966645649432535,0.9970964691046659,1.0,1.0,1.0,3.0,5.0,1.5114642513190495,2.5698038830661822,0.9746429648999296,0.991413557276476,0.9952353414462436,0.9965553655838278,0.9966433671930001,0.9970582319219552,1.0,1.0,1.0,3.0,5.0,1.5062967926352127,2.5553727793946757,0.9762898521572966,0.9918535653223374,0.9952730564216031,0.9965302222669215,0.9966056522176405,0.9970582319219552,1.0,1.0,1.0,3.0,5.0,1.4944324105804079,2.5271896927656288,0.9765093962415033,0.9920031987205118,0.9953518592562974,0.9965513794482207,0.9966013594562175,0.997001199520192,1.0,1.0,1.0,3.0,5.0,1.494731600370822,2.5278077938474572,0.0023848700842058956,0.00015636367641053245,0.00011925108205361348,0.0,0.0,0.013917443229643504,0.9968505674653215
exdark,2015_03627,1,700,960,3.796141369047619,0.9649970238095238,0.9856428571428572,0.9909732142857143,0.99571875,0.9961398809523809,0.997639880952381,1.0,1.0,2.0,4.0,8.0,1.7636950301344827,3.126128893541368,0.965047619047619,0.9855892857142857,0.9909880952380953,0.9956666666666667,0.9960416666666667,0.9976607142857142,1.0,1.0,2.0,4.0,8.0,1.7676210636654284,3.1285756276783148,0.9648095238095238,0.985452380952381,0.990904761904762,0.9956904761904762,0.9961428571428571,0.9976666666666667,1.0,1.0,2.0,4.0,8.0,1.7779266588011042,3.1252977610446337,0.964749053030303,0.9853693181818182,0.9908854166666666,0.9955965909090909,0.9962357954545454,0.9977035984848485,1.0,1.0,2.0,4.0,8.0,1.7840481791922802,3.1209932620070173,0.0002931115785714133,0.00012794231135845104,0.00016891231209624076,0.0,0.0,0.011666259702182156,0.995983630952381
exdark,2015_03655,1,900,674,1.5663979558193208,0.9974546653478404,0.9998203099241675,0.9999901088031652,1.0,1.0,1.0,0.0,0.0,1.0,1.0,5.0,0.9136374331498986,2.293223659721736,0.9973044049967127,0.9998027613412229,0.9999934253780408,1.0,1.0,1.0,0.0,0.0,1.0,1.0,5.0,0.9152300728429318,2.2944921859828344,0.9971895424836601,0.9997647058823529,0.9999869281045751,1.0,1.0,1.0,0.0,0.0,1.0,1.0,5.0,0.9201408471087512,2.3020679299464994,0.9971369078604894,0.9997136907860489,0.9999739718896408,1.0,1.0,1.0,0.0,0.0,1.0,1.0,5.0,0.9218257385711435,2.303776417499373,0.00018933955418549907,1.2733245986127983e-05,0.0,0.0,0.0,0.006536024635928624,1.0
exdark,2015_03658,1,400,178,0.2439185393258427,0.9993258426966292,1.0,1.0,1.0,1.0,1.0,0.0,0.0,0.0,0.0,0.0,0.14310347551722494,0.6510402429963886,0.9991666666666666,1.0,1.0,1.0,1.0,1.0,0.0,0.0,0.0,0.0,0.0,0.14179523777427328,0.6459878438059287,0.9990217391304348,1.0,1.0,1.0,1.0,1.0,0.0,0.0,0.0,0.0,0.0,0.14029688434342788,0.6397498337332213,0.9984782608695653,1.0,1.0,1.0,1.0,1.0,0.0,0.0,0.0,0.0,0.0,0.13906732513302067,0.633167822976032,0.0004597413486384816,0.0,0.0,0.0,0.0,0.0031742582484550978,1.0
exdark,2015_03679,1,1024,768,60.5957883199056,0.5539474487304688,0.5921503702799479,0.6156171162923177,0.6471125284830729,0.6508839925130209,0.6779429117838541,0.0,1.0,8.0,111.0,226.0,3.7092932591580285,5.737724223038008,0.5537363688151041,0.5918426513671875,0.6151072184244791,0.6466420491536459,0.6503397623697916,0.6780242919921875,0.0,1.0,8.0,111.0,226.0,3.7139164482423017,5.74124437294746,0.552459716796875,0.5899556477864584,0.6135355631510416,0.6450907389322916,0.6487935384114584,0.6763916015625,0.0,1.0,9.0,112.0,228.0,3.7279192133515457,5.752177583485778,0.5533447265625,0.5908406575520834,0.6143798828125,0.6457722981770834,0.6495361328125,0.6773885091145834,0.0,1.0,9.0,111.0,228.0,3.7233880497939467,5.746562898608497,0.002441341346301862,0.0019229063679627922,0.0019067381835625005,0.4841229182759271,0.9921567416492215,0.01685707035681002,0.6517384847005209
exdark,2015_03681,1,774,1032,9.387099883821085,0.7957830058289767,0.8212084109528675,0.8576445225647498,0.9277750235362459,0.9336691004146386,0.9812048054003165,0.0,0.0,0.0,5.0,41.0,1.551398301317117,3.3757192152771442,0.7960620954207625,0.8217204107727963,0.8582224486534005,0.928099776232718,0.9340735634939663,0.9812894589626788,0.0,0.0,0.0,5.0,41.0,1.55012398346321,3.3748141818755304,0.7964516902421481,0.8221549588428034,0.8588168304962839,0.9294933269399824,0.9351474466554783,0.9813094381842883,0.0,0.0,0.0,5.0,40.0,1.5472243063461522,3.3713467814807796,0.7964716694637577,0.821585551026932,0.858726923999041,0.9293534723887157,0.9348077998881164,0.9811595940222169,0.0,0.0,0.0,5.0,40.0,1.5486877289992922,3.3728005570015154,0.0016040661233640149,0.0008813671392044314,0.001131759808042964,0.0,0.4330127018922193,0.004461785827461046,0.9799966949101616
exdark,2015_03713,1,500,374,2.8932887700534757,0.9513903743315508,0.9707219251336898,0.9852352941176471,0.9951604278074866,0.9957486631016043,0.9991657754010695,0.0,0.0,1.0,2.0,7.0,1.0609136594461728,2.7613848038246602,0.9516170212765958,0.9714255319148937,0.9856808510638297,0.9953404255319149,0.995872340425532,0.9991489361702127,0.0,0.0,1.0,2.0,7.0,1.0632922683542196,2.762745139416749,0.9517872340425532,0.9712765957446808,0.985659574468085,0.9954468085106383,0.9959148936170212,0.9991063829787235,0.0,0.0,1.0,2.0,7.0,1.0503129965740385,2.738169352830465,0.9532252617359,0.9722222222222222,0.9869976359338062,0.9955251604187775,0.9961161769672408,0.9989868287740629,0.0,0.0,1.0,2.0,7.0,1.0432350806334107,2.72206066275609,0.002003240807628917,0.0013501733689459056,0.0002787417616620359,0.0,0.24206145913796356,0.013894942809754231,0.9994812834224599
exdark,2015_03718,1,640,480,2.6935026041666665,0.9527083333333334,0.9689583333333334,0.9773111979166667,0.9861328125,0.9869498697916667,0.99234375,0.0,0.0,0.0,1.0,4.0,0.760892175794761,2.154820180964865,0.9521484375,0.9685546875,0.9770833333333333,0.9859375,0.9867447916666666,0.9921875,0.0,0.0,0.0,1.0,4.0,0.7608153437914252,2.1553471864575116,0.9511197916666667,0.9673697916666667,0.9761458333333334,0.985390625,0.9863802083333333,0.9916927083333333,0.0,0.0,0.0,1.0,4.0,0.7643770829635885,2.160924805622744,0.9502083333333333,0.9671354166666667,0.9758854166666666,0.9852083333333334,0.98625,0.9919270833333333,0.0,0.0,0.0,1.0,4.0,0.7654583910110764,2.158255578840545,0.0013350005852058601,0.0009347607188227526,0.0005096350673595712,0.0,0.0,0.00605472136472966,0.9896907552083334
exdark,2015_03740,1,1280,720,2.2251009114583336,0.9717241753472222,0.9857172309027777,0.9922677951388889,0.9974055989583334,0.9977701822916667,0.9992263454861111,0.0,0.0,1.0,2.0,5.0,0.9955969890674526,2.5903288287547137,0.9717274305555555,0.9859765625,0.9923567708333333,0.9974479166666667,0.9978472222222222,0.9992751736111111,0.0,0.0,1.0,2.0,5.0,0.9940597293387486,2.5868642001300333,0.9718055555555556,0.9859635416666667,0.9922395833333333,0.9975954861111112,0.9979861111111111,0.9993142361111111,0.0,0.0,1.0,2.0,5.0,0.9896360353693451,2.5781661032311387,0.9721180555555555,0.98578125,0.9921875,0.9975347222222222,0.99796875,0.9992708333333333,0.0,0.0,1.0,2.0,5.0,0.9905779956273292,2.5787554627910056,0.00041701549480664435,0.0002143829232858523,0.00020550825703218175,0.0,0.0,0.005497011843437732,0.9989995659722222
exdark,2015_03742,1,1280,720,3.478804253472222,0.8760199652777778,0.9792827690972222,0.9969314236111111,0.9997048611111111,0.9998361545138889,0.9999989149305556,0.0,0.0,0.0,1.0,18.0,0.9336080368301329,2.1460108393794552,0.8767621527777778,0.9797352430555556,0.9968923611111111,0.9997178819444444,0.99984375,1.0,0.0,0.0,0.0,1.0,18.0,0.9278493928777238,2.1373059067670335,0.8788715277777778,0.9804774305555556,0.9967013888888889,0.9996875,0.9998177083333334,1.0,0.0,0.0,0.0,1.0,18.0,0.9169954808672517,2.1233134128279754,0.87859375,0.9805555555555555,0.9965798611111111,0.9996875,0.9998090277777778,1.0,0.0,0.0,0.0,1.0,18.0,0.9182411123882354,2.1255832789985396,0.0022548108571655086,0.0001601203710564079,3.928790579477485e-05,0.0,0.0,0.012353721778568413,1.0
exdark,2015_03749,1,624,464,0.5691382073386384,0.9987186394783377,1.0,1.0,1.0,1.0,1.0,0.0,0.0,0.0,0.0,2.0,0.30898916000448395,1.1205076758427626,0.9986461096374889,1.0,1.0,1.0,1.0,1.0,0.0,0.0,0.0,0.0,2.0,0.30903514288021156,1.120440200537861,0.9985632183908046,1.0,1.0,1.0,1.0,1.0,0.0,0.0,0.0,0.0,2.0,0.3081356088343673,1.1182989923603002,0.9985632183908046,1.0,1.0,1.0,1.0,1.0,0.0,0.0,0.0,0.0,2.0,0.30817034649067016,1.1178435887478122,0.00014252949741629716,0.0,0.0,0.0,0.0,0.001405585076468892,1.0
exdark,2015_03754,1,1280,528,0.8392223011363636,0.9936079545454546,0.9961751302083334,0.9974254261363636,0.9984685724431818,0.9985455137310606,0.9988503196022728,0.0,0.0,0.0,1.0,1.0,0.4019707120404133,1.403982907292841,0.9936020359848485,0.9962476325757575,0.9974786931818181,0.9984670928030303,0.9985440340909091,0.9988458806818182,0.0,0.0,0.0,1.0,1.0,0.4006183697583798,1.4008664233218853,0.9936671401515151,0.9962713068181818,0.9975142045454546,0.9984256628787879,0.9985085227272728,0.998828125,0.0,0.0,0.0,1.0,1.0,0.399965317333393,1.3988223106133275,0.9937736742424242,0.9962357954545454,0.9974431818181818,0.9984611742424242,0.9985795454545454,0.9989109848484848,0.0,0.0,0.0,1.0,1.0,0.39576241767356074,1.3889777511715269,0.0001779509514485482,0.00014290597144471224,0.00011134722259795381,0.0,0.0,0.003486024061823772,0.9985262784090909
exdark,2015_03766,1,600,450,2.3692592592592594,0.9798592592592592,0.9976703703703703,0.9995555555555555,0.9999370370370371,0.9999444444444444,1.0,0.0,0.0,0.0,3.0,8.0,1.0071407049948113,2.5195986525419847,0.9801474926253687,0.9976401179941002,0.9995722713864307,0.9999115044247787,0.9999262536873156,1.0,0.0,0.0,0.0,3.0,8.0,1.0048253205014017,2.515117447052458,0.9803801169590644,0.9979239766081871,0.9996491228070176,0.9999415204678362,0.9999415204678362,1.0,0.0,0.0,0.0,3.0,8.0,1.002175381135837,2.5095817259422843,0.980701754385965,0.9980701754385964,0.9995906432748538,1.0,1.0,1.0,0.0,0.0,0.0,3.0,8.0,1.0016091306750643,2.50509722390147,0.0005195977589607379,0.00016874553601792854,4.429955155691427e-05,0.0,0.0,0.004434669816262724,1.0
exdark,2015_03777,1,500,338,7.997224852071006,0.8729112426035502,0.9085857988165681,0.9326863905325444,0.9572603550295858,0.9592248520710059,0.970301775147929,0.0,0.0,1.0,5.0,21.0,1.4731334777317848,3.4697970863938417,0.8725647058823529,0.9086352941176471,0.9321176470588235,0.9568705882352941,0.9587764705882353,0.9696,0.0,0.0,1.0,5.0,21.0,1.4762163083189461,3.471227603004462,0.8726976744186047,0.9082325581395349,0.9323255813953488,0.9566976744186046,0.9584651162790697,0.9687906976744186,0.0,0.0,0.0,5.0,21.0,1.4731002607804131,3.4606741548218065,0.8752307124400147,0.9111295681063123,0.9334625322997416,0.9573643410852714,0.9590254706533776,0.9697305278700628,0.0,0.0,0.0,5.0,20.0,1.454063867814304,3.4246767212333507,0.0019909292015097197,0.0010612749770548336,0.0010902301835835249,0.46351240544347894,0.7071067811865476,0.01493630564600252,0.9597396449704142
exdark,2015_03781,1,500,374,11.48831550802139,0.689572192513369,0.8120160427807487,0.9100267379679144,0.9826310160427808,0.9854973262032085,0.9943262032085561,0.0,1.0,4.0,19.0,31.0,2.6167748765553918,4.67548240260458,0.6919148936170213,0.8129574468085107,0.9112127659574468,0.9825531914893617,0.9855531914893617,0.994531914893617,0.0,1.0,4.0,19.0,30.0,2.6142331654384647,4.6660547002792105,0.6900425531914893,0.8116595744680851,0.9103829787234042,0.9824255319148936,0.9854893617021276,0.9939574468085106,0.0,1.0,4.0,19.0,30.0,2.627380603521084,4.676782686061849,0.6932624113475178,0.8127321850726106,0.910081053698075,0.9831982438365418,0.986322188449848,0.9933299560959136,0.0,1.0,4.0,19.0,30.0,2.615756243900382,4.65508507000818,0.004557685615282124,0.001681599659618318,0.0008174123004786514,0.0,0.49607837082461076,0.015093773326146549,0.9917326203208556
exdark,2015_03789,1,374,500,17.96585561497326,0.5180106951871658,0.6408288770053476,0.7740534759358288,0.9181069518716578,0.9287967914438503,0.9880106951871658,0.0,1.0,15.0,30.0,44.0,3.1074930769740416,5.16639522205821,0.5157234042553192,0.6390638297872341,0.7726170212765957,0.9176382978723404,0.9280212765957446,0.9879787234042553,0.0,1.0,15.0,30.0,45.0,3.117981853402654,5.175531531552837,0.5119469773725093,0.6384245187436677,0.772289766970618,0.9190307328605201,0.9290780141843972,0.9877997298210064,0.0,1.0,15.0,30.0,44.0,3.127090610455194,5.17938733974648,0.5098784194528876,0.6344984802431611,0.7712765957446809,0.9174265450861195,0.9287402904424181,0.9880952380952381,0.0,1.0,15.0,30.0,45.0,3.136653483945147,5.183558538295316,0.0034641502379149603,0.0019713550221305744,0.0014872707943929665,0.49607837082461076,0.4330127018922193,0.01690584782322465,0.9763315508021391
exdark,2015_03806,1,338,506,8.98183923100311,0.9025539677713591,0.9247374698879716,0.9379575274224103,0.952142339266085,0.9533175854246089,0.9607081881329373,0.0,0.0,0.0,3.0,15.0,1.3310643815485288,3.2426398132640655,0.9037517369152386,0.9251968503937008,0.937610004631774,0.9521074571560908,0.9533117183881427,0.9608383510884669,0.0,0.0,0.0,3.0,15.0,1.3226644056596184,3.2250872383175624,0.903170955882353,0.92578125,0.938327205882353,0.9527573529411765,0.9539981617647059,0.96171875,0.0,0.0,0.0,3.0,15.0,1.3204176943912278,3.216919563710323,0.9030704941860465,0.9265079941860465,0.9390443313953488,0.9537609011627907,0.9549418604651163,0.9624818313953488,0.0,0.0,0.0,3.0,15.0,1.3097199139640436,3.188386693610418,0.0025782361145592855,0.0016654220638404812,0.0011710109606781053,0.33071891388307384,0.7473912964438374,0.011779110101707064,0.9539198259934046
exdark,2015_03808,1,426,640,26.65947403169014,0.8244718309859155,0.8513460974178404,0.8675579518779343,0.8842576291079812,0.8855597124413146,0.8930677816901409,0.0,0.0,2.0,7.0,83.0,2.176834842505108,4.071039135791971,0.8250146028037383,0.852438668224299,0.869027453271028,0.8862733644859813,0.8873831775700934,0.8946261682242991,0.0,0.0,2.0,7.0,78.0,2.165921235783022,4.070748813591047,0.8254088785046729,0.853358644859813,0.8700934579439252,0.8883177570093458,0.8897780373831776,0.8964953271028038,0.0,0.0,2.0,7.0,72.0,2.1616861191136443,4.070729251510057,0.8284143518518519,0.8560763888888889,0.8722800925925925,0.8894675925925926,0.8908564814814814,0.8969907407407407,0.0,0.0,2.0,7.0,71.0,2.151322896886562,4.036266155133878,0.0021923917848614047,0.0023551125174294317,0.0023945399543142264,0.0,7.034513131695753,0.012404838450277254,0.8828785211267606
exdark,2015_03833,1,478,358,8.407365419228162,0.8831782800776046,0.9189535073981441,0.9411245646431827,0.9603796077698044,0.9618931301278605,0.9702788621116851,0.0,0.0,0.0,4.0,19.0,1.3401949222063283,3.2273757206262874,0.8851388888888889,0.921412037037037,0.9422222222222222,0.9614814814814815,0.9629861111111111,0.9705555555555555,0.0,0.0,0.0,4.0,18.0,1.3272518063440528,3.2028844205399505,0.8881944444444444,0.9224074074074075,0.9432870370370371,0.9624537037037038,0.9638425925925926,0.9714814814814815,0.0,0.0,0.0,4.0,18.0,1.3063935115545533,3.1668234662906034,0.8894444444444445,0.9242592592592592,0.9438888888888889,0.9624074074074074,0.9637962962962963,0.9711111111111111,0.0,0.0,0.0,3.0,17.0,1.2940058898358386,3.137948802077263,0.005125963046363099,0.0028675696387206926,0.0015764662403761755,0.0,0.998044963916957,0.025445082852031193,0.9653292349407447
exdark,2015_03841,1,506,338,2.301412634188554,0.9706773159950417,0.9785356783684543,0.9832892859648712,0.9888205440044905,0.98916551675749,0.9914750801038427,0.0,0.0,0.0,1.0,2.0,0.5219363802670901,1.6760642083634576,0.9706577119036591,0.978439092172302,0.9832098193608152,0.9888605836035201,0.9891848077813803,0.9916628068550255,0.0,0.0,0.0,1.0,2.0,0.5205205834781158,1.6701625334506753,0.9709760117194653,0.9788500274674968,0.9830159311481413,0.9888756637978392,0.9890587804431423,0.9917139718000366,0.0,0.0,0.0,1.0,2.0,0.5168638433022578,1.657873807173344,0.9717478197674418,0.9793786337209303,0.9835574127906976,0.9888263081395349,0.9889171511627907,0.9914607558139535,0.0,0.0,0.0,1.0,2.0,0.5110847439114236,1.6374124254069349,0.0008478909157986237,0.00043315951131082643,0.0005085489410697916,0.0,0.0,0.00676857806418602,0.9899314732090652
exdark,2015_03871,1,452,640,4.764726216814159,0.9235446626106195,0.9515832411504425,0.9679480088495576,0.9826431139380531,0.9842194413716814,0.9919662610619469,0.0,0.0,1.0,3.0,12.0,1.5288623256329463,3.3894558797333953,0.9238384955752212,0.9515348451327433,0.9677405973451327,0.9823976769911504,0.9839740044247788,0.9919386061946903,0.0,0.0,1.0,3.0,12.0,1.5265548430841327,3.3840610812033307,0.9232024336283186,0.9516316371681416,0.9676438053097345,0.9823008849557522,0.9839601769911505,0.9917865044247788,0.0,0.0,1.0,3.0,12.0,1.5252677710926206,3.3814952844893575,0.9224780701754386,0.9507127192982456,0.9665570175438597,0.9821820175438597,0.9839912280701755,0.9925986842105263,0.0,0.0,1.0,3.0,12.0,1.5239061082517038,3.3807903835443645,0.0021254168333917876,0.0014094756966984156,0.0006000706033224527,0.0,0.33071891388307384,0.008911677389896771,0.9871370298672566
exdark,2015_03876,1,508,336,23.367372047244096,0.7270165448068991,0.7647872140982377,0.796611361079865,0.8372469066366705,0.8404750187476565,0.8630835208098988,0.0,0.0,1.0,20.0,85.0,2.235421936486456,4.437627811200304,0.7259795650543682,0.7644356955380578,0.7960723659542557,0.8372937757780278,0.8404105736782902,0.8633295838020247,0.0,0.0,1.0,20.0,85.0,2.2353357302598322,4.433041496550527,0.7256749156355455,0.7651387326584177,0.7978533933258343,0.838113985751781,0.8414885639295088,0.8631889763779528,0.0,0.0,1.0,20.0,85.0,2.240321522856101,4.439422181152379,0.7227492559523809,0.7632068452380952,0.7982700892857143,0.8403087797619048,0.8430989583333334,0.8657924107142857,0.0,0.0,1.0,21.0,85.0,2.260103349813288,4.460387471743252,0.002650133991891342,0.0014997191514312198,0.0017039900599980066,0.0,0.8569568250501305,0.018792732876490977,0.8430469628796401
exdark,2015_03896,1,500,374,34.07570588235294,0.5297219251336899,0.6133796791443851,0.6738930481283423,0.759951871657754,0.7688983957219251,0.8253422459893048,1.0,3.0,13.0,46.0,92.0,3.7452672449244533,6.17100883815749,0.5294893617021277,0.6123404255319149,0.6745106382978724,0.7598085106382979,0.7685531914893617,0.8252765957446808,1.0,3.0,13.0,46.0,92.0,3.746838123204989,6.170332684054215,0.5295744680851063,0.6117021276595744,0.6753191489361702,0.7603404255319149,0.7693617021276595,0.8248510638297872,1.0,3.0,13.0,45.0,92.0,3.752359254671849,6.173842658514983,0.5314083080040527,0.6156703816278284,0.6798378926038501,0.7649442755825735,0.774822695035461,0.8296183721715636,1.0,3.0,13.0,45.0,89.0,3.745021639095799,6.154828717129486,0.0039491394419346685,0.004961223947329366,0.0047319874092692496,0.33071891388307384,1.9675095298371492,0.01315649093292441,0.7557165775401069
exdark,2015_03899,1,500,482,3.5582116182572614,0.9337427385892116,0.9535726141078839,0.9676224066390041,0.9840539419087136,0.9852323651452282,0.9893319502074689,0.0,0.0,0.0,1.0,8.0,0.8759815300841549,2.4184206638707604,0.9339173553719008,0.9533057851239669,0.9678842975206612,0.9838347107438017,0.9851239669421488,0.9890247933884297,0.0,0.0,0.0,1.0,8.0,0.8759869887523647,2.415659286541172,0.9332459016393443,0.9524918032786885,0.9671803278688524,0.9832459016393442,0.9844918032786886,0.9886229508196721,0.0,0.0,0.0,1.0,8.0,0.8877339144145779,2.437535682238903,0.931824095758522,0.9521857923497268,0.9672131147540983,0.9833463440020817,0.9847124642206609,0.9885506115014312,0.0,0.0,0.0,2.0,8.0,0.9050055337312923,2.469490783851466,0.001493182772119538,0.0008387502128712195,0.000797346412329884,0.0,0.3903123748998999,0.016158709401926177,0.9815560165975104
exdark,2015_03911,1,500,374,20.08003743315508,0.7910160427807487,0.8333048128342246,0.8633368983957219,0.8946363636363637,0.8972245989304812,0.9121978609625668,0.0,0.0,2.0,11.0,51.0,2.33357399934599,4.626397902715682,0.7912127659574468,0.833531914893617,0.8629148936170212,0.8942765957446809,0.8967659574468085,0.9118085106382978,0.0,0.0,2.0,11.0,52.0,2.331739511601626,4.623484563341921,0.7917872340425532,0.8330212765957447,0.8619148936170212,0.8927659574468085,0.8954893617021277,0.9101702127659574,0.0,0.0,2.0,11.0,53.0,2.3380970949800566,4.626485117773126,0.7935663627152989,0.835950692333671,0.8633907463694698,0.8948834853090172,0.8973319824383654,0.9110097939885174,0.0,0.0,2.0,11.0,51.0,2.3232811120948016,4.597214099318806,0.002737386645982401,0.0020995028170917697,0.0024070664835496164,0.0,1.6909686573085854,0.012319613878682393,0.8833422459893048
exdark,2015_03913,1,334,500,2.8521796407185627,0.9613053892215568,0.9811437125748503,0.9895688622754492,0.9956107784431137,0.9959461077844312,0.9971976047904192,0.0,0.0,0.0,2.0,7.0,0.9393441915959928,2.547664336643761,0.9613333333333334,0.9811666666666666,0.9891190476190476,0.9956666666666667,0.9959761904761905,0.9971428571428571,0.0,0.0,0.0,2.0,7.0,0.9386398791960814,2.5429647090887553,0.9615457294028723,0.981245275888133,0.9883786848072562,0.995890022675737,0.9961734693877551,0.9971655328798186,0.0,0.0,0.0,2.0,7.0,0.9398850251989358,2.542093960853682,0.9602229780801209,0.9820483749055178,0.9890400604686319,0.9962207105064248,0.996504157218443,0.9974489795918368,0.0,0.0,0.0,2.0,7.0,0.9356059675817644,2.5283768677454392,0.0017319699946008646,0.0016622287201298125,0.000959450243250409,0.0,0.3903123748998999,0.0197673622387538,0.9961437125748503
exdark,2015_03929,1,640,480,11.003824869791666,0.8437565104166667,0.8722200520833333,0.890009765625,0.9102994791666666,0.9125065104166666,0.9278743489583333,0.0,0.0,0.0,3.0,39.0,1.297523083438214,2.9488524246976247,0.8436979166666667,0.8722786458333334,0.8898177083333333,0.9098046875,0.9119661458333334,0.9273177083333334,0.0,0.0,0.0,3.0,39.0,1.2996769578542373,2.949243009287106,0.8445833333333334,0.8720572916666667,0.8894791666666667,0.9095572916666667,0.91171875,0.9270572916666666,0.0,0.0,0.0,3.0,40.0,1.3021827921589715,2.9519956128346205,0.8431770833333333,0.8713541666666667,0.88828125,0.9090104166666667,0.91125,0.9269270833333333,0.0,0.0,0.0,3.0,41.0,1.3046597116363297,2.949469499890422,0.001505455551173197,0.0008194271739569311,0.0008679877360659744,0.0,0.9921567416492215,0.008583930514577965,0.9044140625
exdark,2015_03947,1,640,480,14.176106770833334,0.8458463541666666,0.8705045572916666,0.8886653645833333,0.9126204427083333,0.914755859375,0.93076171875,0.0,0.0,1.0,3.0,39.0,1.5603410842188077,3.4940179795791737,0.8448177083333334,0.869296875,0.8874739583333333,0.9114973958333333,0.9136588541666667,0.9303125,0.0,0.0,1.0,3.0,39.0,1.5671927036124151,3.5014087182188867,0.843671875,0.868984375,0.8870572916666667,0.9110416666666666,0.9130729166666667,0.9291145833333333,0.0,0.0,1.0,3.0,40.0,1.5765756336916745,3.5112368908843274,0.843125,0.8680729166666666,0.8859895833333333,0.9109895833333334,0.9125520833333334,0.92875,0.0,0.0,1.0,4.0,41.0,1.5808064098200165,3.5070932691204915,0.0017733686660650198,0.001709043277754749,0.0010134054857633772,0.0,1.2103072956898178,0.009729637453414833,0.9145638020833333
exdark,2015_03953,1,640,426,3.724358127934272,0.9087588028169014,0.9695092429577464,0.99206279342723,0.9999303110328639,0.9999413145539906,0.9999743251173709,0.0,0.0,0.0,4.0,15.0,1.1315099737912537,2.7615508623430007,0.9078271028037384,0.9690566588785047,0.9920560747663552,0.999956191588785,0.999956191588785,0.9999707943925233,0.0,0.0,0.0,4.0,15.0,1.134912520955031,2.765692477180286,0.9083043981481481,0.9693287037037037,0.9918402777777777,1.0,1.0,1.0,0.0,0.0,0.0,4.0,15.0,1.1359687510498198,2.7687376829883403,0.9061921296296296,0.96875,0.9920138888888889,1.0,1.0,1.0,0.0,0.0,0.0,4.0,15.0,1.146640456056553,2.780959240580348,0.0014803982328582379,0.000516548278474066,4.644435807339505e-05,0.0,0.24206145913796356,0.01040998328572275,0.9999926643192488
exdark,2015_03954,1,640,428,10.816607038551401,0.8798481308411215,0.9012302862149533,0.9165668808411215,0.9362478095794392,0.9380074474299065,0.9489632009345794,0.0,0.0,1.0,4.0,23.0,1.466859500767325,3.4530883382506654,0.8780665887850467,0.9006863317757009,0.9162091121495327,0.9353241822429906,0.9369158878504673,0.9480870327102804,0.0,0.0,1.0,4.0,23.0,1.470964667962993,3.4578147133184403,0.878443287037037,0.9013020833333333,0.9171875,0.9363715277777778,0.9377314814814814,0.9484085648148148,0.0,0.0,1.0,4.0,23.0,1.4680920647195983,3.4520170297647472,0.8765625,0.8991319444444444,0.9152199074074074,0.9337384259259259,0.9346643518518518,0.9453125,0.0,0.0,1.0,4.0,24.0,1.4725636719203947,3.453918961213688,0.002400553883410639,0.002199683690133506,0.001715849268187108,0.0,0.982264602843857,0.008066297612936143,0.9330169392523364
exdark,2015_03957,1,640,480,3.4990885416666666,0.9652962239583334,0.98623046875,0.9935904947916666,0.9995768229166667,0.999716796875,0.9999088541666666,0.0,0.0,1.0,5.0,10.0,1.4548764890852313,3.293580725973777,0.9646744791666667,0.9860807291666667,0.9934375,0.999453125,0.999609375,0.99984375,0.0,0.0,1.0,5.0,10.0,1.453320651915089,3.293490697415461,0.9647395833333333,0.98625,0.9934375,0.9993229166666666,0.9994791666666667,0.9997916666666666,0.0,0.0,1.0,5.0,10.0,1.4530580517700094,3.2947208344076038,0.9635416666666666,0.9863020833333334,0.9936458333333333,0.9991145833333334,0.999375,0.9997916666666666,0.0,0.0,1.0,5.0,10.0,1.4509619996630074,3.2907485987731633,0.0010184120996026133,0.00025212634011368936,0.00015512698642503885,0.0,0.0,0.0061980402744203295,0.9999674479166667
exdark,2015_03968,1,1024,686,7.238947476311953,0.8430353726311953,0.8999051908709913,0.9366771820335277,0.970741561133382,0.9734121606231778,0.9866783208819242,0.0,0.0,0.0,8.0,24.0,1.5400266492349866,3.4249836859390785,0.8416151889534884,0.8990166242732558,0.9355128088662791,0.9701012899709303,0.9727584484011628,0.9861805050872093,0.0,0.0,0.0,8.0,24.0,1.5452745047255683,3.432625107043507,0.8434093386627907,0.9008334847383721,0.9373637354651163,0.9710324309593024,0.9735987463662791,0.9867709847383721,0.0,0.0,0.0,8.0,23.0,1.5316239056150136,3.4100769886093287,0.8421602470930233,0.8997547238372093,0.9354560319767442,0.9699309593023255,0.9723837209302325,0.9864643895348837,0.0,0.0,0.0,8.0,24.0,1.537067335544321,3.419707863037297,0.0021238226348152295,0.0022806399309081024,0.001344587001808704,0.0,0.49607837082461076,0.01205955875678286,0.9842198319059767
exdark,2015_03970,1,480,640,0.728046875,0.9920377604166667,0.9970572916666667,0.9985319010416667,0.999443359375,0.9994921875,0.9997819010416666,0.0,0.0,0.0,0.0,2.0,0.3028138629625867,1.0910614701789203,0.9917838541666667,0.9969791666666666,0.9982942708333333,0.9993880208333333,0.9994401041666666,0.9997135416666667,0.0,0.0,0.0,0.0,2.0,0.30411113271815093,1.0950924290508,0.9915625,0.9965625,0.998046875,0.999140625,0.9992447916666667,0.9995833333333334,0.0,0.0,0.0,0.0,2.0,0.3117140868349607,1.1166733017076702,0.9915104166666666,0.9963541666666667,0.9980729166666666,0.99921875,0.9993229166666666,0.9997395833333333,0.0,0.0,0.0,0.0,2.0,0.3114222379638949,1.1123605706540305,0.0005427907382055895,0.00030934757063975845,0.00022590301527210304,0.0,0.5,0.00697677020948756,0.9998665364583333
exdark,2015_03986,1,640,426,24.95949237089202,0.8123129401408451,0.8381455399061033,0.8543170481220658,0.8705325704225352,0.8719483568075117,0.8812830105633803,0.0,0.0,1.0,7.0,98.0,1.9852932160278172,3.965463855877857,0.8111711448598131,0.8374707943925234,0.8539281542056075,0.8701372663551402,0.8716413551401869,0.8815566588785047,0.0,0.0,1.0,7.0,98.0,1.9851157616279702,3.963404711738424,0.8100405092592593,0.83671875,0.853761574074074,0.8705729166666667,0.8720196759259259,0.8815972222222223,0.0,0.0,1.0,7.0,98.0,1.9910980251227783,3.9738539039548884,0.8098958333333334,0.8372685185185185,0.8545138888888889,0.8710069444444445,0.8722222222222222,0.8813078703703704,0.0,0.0,1.0,7.0,99.0,1.9917984045971244,3.969990273920164,0.0019370573810371934,0.0015031669343388632,0.0011034823114452464,0.0,1.7677669529663689,0.006000586607519974,0.8675652875586854
exdark,2015_03998,1,640,432,20.283351417824075,0.8087456597222222,0.8324833622685185,0.8510597511574074,0.8748046875,0.8772786458333334,0.8914858217592593,0.0,0.0,0.0,6.0,74.0,1.7254093217528732,3.6640299742151283,0.8094762731481482,0.8341001157407407,0.8521412037037037,0.8759403935185185,0.8783275462962963,0.8921585648148148,0.0,0.0,0.0,6.0,72.0,1.7199008175625796,3.6559243679286917,0.8107060185185185,0.8354456018518519,0.8531828703703703,0.8754050925925926,0.8778356481481482,0.8912905092592592,0.0,0.0,0.0,6.0,74.0,1.7139049544728335,3.633453976127704,0.8112268518518518,0.8351851851851851,0.8543981481481482,0.8767361111111112,0.8792245370370371,0.8925925925925926,0.0,0.0,0.0,6.0,72.0,1.7102445274049056,3.6266331172230655,0.003522428010013614,0.003934638290799105,0.0041777475210165865,0.0,5.232112384114087,0.018715104629974052,0.8629738136574074
exdark,2015_04003,1,640,432,14.176294849537037,0.8543655960648148,0.8822193287037037,0.900390625,0.9205982349537037,0.9223994502314815,0.9354673032407408,0.0,0.0,1.0,5.0,31.0,1.5830357550729943,3.535814295046293,0.8537471064814814,0.8822337962962963,0.8999710648148148,0.9209780092592592,0.9225260416666666,0.9378182870370371,0.0,0.0,1.0,5.0,32.0,1.5894920884134764,3.541150756934673,0.8620949074074075,0.8907986111111111,0.9091145833333333,0.9305266203703704,0.9321180555555556,0.9447916666666667,0.0,0.0,1.0,4.0,27.0,1.5290592780038579,3.469086261444164,0.8688078703703703,0.897974537037037,0.9159722222222222,0.9378472222222223,0.9392939814814815,0.9497106481481481,0.0,0.0,1.0,4.0,24.0,1.4839565063512927,3.413229825486272,0.010909466004034916,0.010763840274556685,0.010881735475397327,0.0,6.547900426854397,0.07435276743556171,0.9176396122685185
exdark,2015_04011,1,640,424,15.242614976415094,0.845651533018868,0.8684551886792453,0.8884470813679245,0.9114349941037736,0.9135097287735849,0.9252395341981132,0.0,0.0,0.0,3.0,39.0,1.3567978733679775,3.003372331176359,0.8464327830188679,0.86953125,0.8889593160377358,0.9119840801886793,0.9138119103773585,0.9255159198113208,0.0,0.0,0.0,3.0,38.0,1.3530275337425046,2.994131894231056,0.8461379716981132,0.8683372641509434,0.8875,0.9099056603773585,0.9116450471698113,0.9237323113207547,0.0,0.0,0.0,3.0,39.0,1.3523630359146608,2.977742618354157,0.8456367924528302,0.8678066037735849,0.8862617924528302,0.909375,0.9112028301886792,0.9231132075471699,0.0,0.0,0.0,3.0,39.0,1.3492072516466274,2.9614462236022074,0.001994774962219463,0.0024096627200188877,0.0026166788366990003,0.0,1.8027756377319946,0.012413916829584704,0.9058446344339622
exdark,2015_04052,1,900,596,14.127555928411633,0.8953430275913498,0.9007233407904549,0.905989932885906,0.9147464578672633,0.9155797912005965,0.9219332587621178,0.0,0.0,0.0,0.0,22.0,0.7573825698882598,1.459758479919544,0.8954735272184937,0.9008426547352721,0.9061968680089485,0.9148471290082029,0.9156301267710664,0.922110365398956,0.0,0.0,0.0,0.0,22.0,0.7549453205660727,1.4542413230184041,0.8960592592592592,0.9012888888888889,0.9067111111111111,0.9157481481481482,0.9166814814814814,0.9225629629629629,0.0,0.0,0.0,0.0,21.0,0.7516246263712821,1.4524755400700555,0.8972566371681416,0.9026548672566371,0.9081710914454277,0.9171091445427728,0.9179351032448377,0.9235693215339233,0.0,0.0,0.0,0.0,20.0,0.7433355572656632,1.4345676108055279,0.0011095780381288752,0.0011741106273869878,0.0012006053642520597,0.0,1.920286436967152,0.007038759189949155,0.9128635346756152
exdark,2015_04065,1,600,800,50.13277291666667,0.4212604166666667,0.46517291666666666,0.5154833333333333,0.6029520833333334,0.6128583333333333,0.6805333333333333,0.0,0.0,29.0,79.0,136.0,3.867316526630831,6.047176860945522,0.42133333333333334,0.46565833333333334,0.5157,0.6033333333333334,0.613075,0.6801333333333334,0.0,0.0,29.0,79.0,136.0,3.8663787225995936,6.0465102170334255,0.42175,0.46591666666666665,0.5160166666666667,0.6032333333333333,0.6127833333333333,0.67965,0.0,0.0,29.0,79.0,136.0,3.871139557735832,6.058088775241774,0.42063333333333336,0.4658333333333333,0.5173666666666666,0.6058,0.6154666666666667,0.6802333333333334,0.0,0.0,29.0,78.0,136.0,3.8599955192980864,6.03955008167828,0.0017298931706739695,0.0017914534756882474,0.0025145548534703244,0.3535533905932738,0.6614378277661477,0.01273097109893891,0.5929020833333334
exdark,2015_04086,1,438,640,24.35450913242009,0.6218286244292237,0.7078731449771689,0.7860766267123288,0.8597638413242009,0.8642444349315068,0.8890446632420091,0.0,0.0,5.0,28.0,72.0,2.624995517549949,4.763998606987612,0.62109375,0.70765625,0.7854829545454546,0.8599715909090909,0.8642755681818182,0.8884517045454545,0.0,0.0,5.0,28.0,71.0,2.628064436066668,4.762251102170324,0.6194886363636364,0.706875,0.7848863636363637,0.8594602272727273,0.8638352272727273,0.8882386363636363,0.0,0.0,5.0,28.0,71.0,2.6384602781647994,4.767134330533623,0.6205681818181819,0.7077272727272728,0.7851704545454545,0.860625,0.8650568181818182,0.8885795454545454,0.0,0.0,5.0,28.0,72.0,2.6241335589068,4.744785330952812,0.0034722913255870584,0.001752537768184758,0.0013474277731725661,0.46351240544347894,1.4017288432503627,0.021040121914858892,0.8605807648401826
exdark,2015_04119,1,640,638,10.845067594043886,0.8862338362068966,0.9135555446708464,0.9296238244514107,0.9444822688087774,0.9456455721003135,0.9531201018808777,0.0,0.0,1.0,5.0,19.0,1.4963387527367487,3.458571221099061,0.886455078125,0.91375,0.930146484375,0.944794921875,0.945908203125,0.9533984375,0.0,0.0,1.0,5.0,19.0,1.4996392517261905,3.464163653718522,0.88826171875,0.91455078125,0.9314453125,0.94572265625,0.946796875,0.9540625,0.0,0.0,1.0,5.0,19.0,1.489273116016484,3.4458817858722735,0.887734375,0.9139453125,0.9312109375,0.9455078125,0.9465234375,0.9538671875,0.0,0.0,1.0,5.0,19.0,1.4968417949615276,3.454988854527068,0.0014785607457257289,0.0010528043982637905,0.0010795800354945363,0.0,0.0,0.010666701307376743,0.9430642633228841
exdark,2015_04160,1,500,374,6.073106951871658,0.9204812834224599,0.9442887700534759,0.9560909090909091,0.9715187165775401,0.9727486631016042,0.9823422459893049,0.0,0.0,2.0,5.0,12.0,1.6362977065838846,3.664745448526783,0.9185106382978724,0.9428510638297872,0.9550425531914893,0.971,0.9722765957446808,0.982063829787234,0.0,0.0,2.0,5.0,13.0,1.6417325853018172,3.67403744568199,0.9182553191489362,0.9431489361702128,0.9558723404255319,0.9716595744680852,0.9729361702127659,0.9821276595744681,0.0,0.0,2.0,5.0,12.0,1.6414462614026537,3.668954091298104,0.9189463019250254,0.9430935494765282,0.955758189800743,0.9707868963188112,0.9718844984802432,0.9822695035460993,0.0,0.0,2.0,5.0,12.0,1.6251078888877992,3.6421185346731995,0.002060483798326612,0.00152058665788688,0.0012549097831977577,0.0,0.3903123748998999,0.014186690612474451,0.9705775401069519
exdark,2015_04163,1,500,374,15.948155080213903,0.80448128342246,0.8428181818181818,0.8694331550802139,0.9091069518716578,0.9126524064171123,0.9331497326203209,0.0,0.0,2.0,9.0,43.0,2.133882767634916,4.404176476840248,0.8058936170212766,0.8437446808510638,0.8710212765957447,0.9116808510638298,0.915468085106383,0.9361702127659575,0.0,0.0,2.0,9.0,42.0,2.1251314396892855,4.391007117752897,0.8060851063829787,0.8438297872340426,0.8694468085106383,0.9123404255319149,0.9160851063829787,0.9367659574468085,0.0,0.0,2.0,9.0,42.0,2.113089348222113,4.371163436271496,0.8092705167173252,0.8475177304964538,0.8713272543059777,0.9137960148598446,0.9175109760216144,0.9370145221209051,0.0,0.0,2.0,8.0,42.0,2.094800064248536,4.340553578711863,0.005800798948143792,0.006040802002723104,0.005808769630533223,0.0,2.621277121938846,0.03703788851762379,0.9145828877005348
exdark,2015_04174,1,2448,3264,0.045442758394207354,1.0,1.0,1.0,1.0,1.0,1.0,0.0,0.0,0.0,0.0,0.0,0.04349165650236498,0.2676721935017368,1.0,1.0,1.0,1.0,1.0,1.0,0.0,0.0,0.0,0.0,0.0,0.043526298979575405,0.2678691209512427,1.0,1.0,1.0,1.0,1.0,1.0,0.0,0.0,0.0,0.0,0.0,0.04411748461814479,0.2706751556266432,1.0,1.0,1.0,1.0,1.0,1.0,0.0,0.0,0.0,0.0,0.0,0.04415828243111797,0.2707009423942972,0.0,0.0,0.0,0.0,0.0,0.0008594022178892453,1.0
exdark,2015_04180,1,2448,3264,1.4757048320758042,0.9788530352909137,0.9898917083173139,0.9934970924644367,0.9968809572440087,0.9971302603966423,0.9988339570918237,0.0,0.0,0.0,1.0,3.0,0.5886748576506338,1.8555314423701617,0.9788312588107139,0.9898741870114058,0.9934755662886069,0.9968626850249904,0.9971144912213251,0.9988440944188133,0.0,0.0,0.0,1.0,3.0,0.5897967884049126,1.857863328314434,0.978770184544406,0.9898316352684865,0.9933859573241061,0.996868191721133,0.9971114875688838,0.9988175621555812,0.0,0.0,0.0,1.0,3.0,0.5917985684597873,1.8621479005249886,0.9788242502883506,0.9898596693579392,0.9933719402793797,0.996864186851211,0.9971044790465206,0.9988205658080226,0.0,0.0,0.0,1.0,3.0,0.5936643125567862,1.866065510663236,0.0001801800321796525,8.645325974353994e-05,4.890040370902741e-05,0.0,0.0,0.0020185655036132413,0.9994165405132641
exdark,2015_04184,1,2448,3264,4.150667086176791,0.9310034752258747,0.9645820567810458,0.9878165599368832,0.9972138620562604,0.997309478325644,0.9977928160643342,0.0,0.0,1.0,4.0,12.0,1.5015752497684662,3.3871832709451426,0.9306061170383186,0.9643691729142637,0.98773258282071,0.9971860782711778,0.997289704280405,0.9977757953671664,0.0,0.0,1.0,4.0,12.0,1.5030018232350957,3.3895563083589053,0.9300739699474561,0.9639621780084583,0.9875658801102141,0.9971485326156606,0.9972616701909522,0.9977392509291299,0.0,0.0,1.0,4.0,12.0,1.505755342042046,3.3945604140847747,0.930179097782904,0.9640963411508394,0.9876469787261309,0.9971225009611688,0.9972446494937844,0.9977332436242471,0.0,0.0,1.0,4.0,12.0,1.507497325705556,3.39695242457546,0.0005447394743727434,0.00015987176431098244,4.242419099330462e-05,0.0,0.49607837082461076,0.002892807255163361,0.9972166154043317
exdark,2015_04203,1,774,1032,3.0132954750315486,0.9588240890972097,0.9643776415680148,0.9703017647176652,0.9791866975141719,0.9799265869438936,0.9844410392003685,0.0,0.0,0.0,0.0,2.0,0.4333645735201332,1.3480223790823331,0.9589626788140334,0.9645119076160793,0.970320866299049,0.979156677055862,0.9798609446175977,0.9843512746743387,0.0,0.0,0.0,0.0,2.0,0.432832590017509,1.346715693693309,0.9587728762087429,0.9641772556541197,0.9699512506992728,0.9792715575801166,0.9799608407256454,0.9843163110365221,0.0,0.0,0.0,0.0,2.0,0.4353392526752124,1.3517920560109402,0.9585830736034524,0.9636977543354911,0.969431790937425,0.9787221289858548,0.9795013186286262,0.9838567889395029,0.0,0.0,0.0,0.0,2.0,0.4359954068622544,1.3488818448919608,0.000779084485905058,0.0007432001021743434,0.0010060599625394506,0.0,0.0,0.003562428299999743,0.9767955150932436
exdark,2015_04208,1,600,402,4.165099502487562,0.9466625207296849,0.9732462686567164,0.987139303482587,0.9964096185737977,0.9968242122719735,0.9987396351575456,0.0,1.0,2.0,5.0,9.0,1.7478504160069177,3.5199503899799915,0.9452805280528053,0.9727392739273928,0.9867821782178218,0.9963861386138614,0.9966831683168317,0.9986303630363036,0.0,1.0,2.0,5.0,10.0,1.7549573030013987,3.5305994457176686,0.9461111111111111,0.9732352941176471,0.9868954248366013,0.99640522875817,0.996797385620915,0.9986274509803922,0.0,1.0,2.0,5.0,10.0,1.7528471218259365,3.527062413261616,0.9449673202614379,0.9726143790849673,0.9863398692810458,0.9957516339869281,0.996078431372549,0.9983006535947713,0.0,1.0,2.0,5.0,10.0,1.761970978392333,3.540835393682126,0.0014695761745342516,0.0009787941463103304,0.0005050118793882933,0.0,0.49607837082461076,0.011722018886913798,0.9993117744610281
exdark,2015_04213,1,730,1094,21.535257068443066,0.8170757055921465,0.8416205454408855,0.8591307505446896,0.8804287395757682,0.8821679897823747,0.8948110490596278,0.0,0.0,0.0,6.0,70.0,1.7263120794370064,3.5682679142846054,0.8178074269075825,0.8422679589964501,0.8593544334091181,0.8808583622512066,0.8827081089705238,0.8953920864744127,0.0,0.0,0.0,6.0,69.0,1.7196663361959605,3.558218425626378,0.8175880499381756,0.8418591200989191,0.8593693909297595,0.8808683339316341,0.8826034063260341,0.895167723664792,0.0,0.0,0.0,6.0,69.0,1.719531344179192,3.5576521934566854,0.8186091716915265,0.8423119644557283,0.8599849254205014,0.8811686766105998,0.8829141542367502,0.8957275468105363,0.0,0.0,0.0,6.0,69.0,1.715843417423593,3.55302740313784,0.0009300998728645211,0.0005692927103763818,0.0007046939055470404,0.0,0.7880950133074057,0.007438866485217807,0.8768375447647191
exdark,2015_04219,1,640,480,21.221829427083332,0.67654296875,0.7381119791666667,0.791875,0.8532486979166667,0.8585123697916667,0.8920182291666666,0.0,0.0,5.0,25.0,68.0,2.587104942895622,4.866739753370323,0.6761328125,0.7383984375,0.7921744791666666,0.8535416666666666,0.858984375,0.8917838541666666,0.0,0.0,5.0,25.0,68.0,2.5885927176343952,4.867976709489823,0.6753645833333334,0.738359375,0.7929166666666667,0.8528645833333334,0.8587760416666667,0.8915625,0.0,0.0,5.0,25.0,68.0,2.5937090536763727,4.874856853071249,0.67625,0.7396354166666667,0.7939583333333333,0.8540104166666667,0.8599479166666667,0.8916145833333333,0.0,0.0,5.0,25.0,68.0,2.5887052292196175,4.863814552758615,0.0012813287312785334,0.0018918334349671832,0.0017460513905112295,0.0,0.998044963916957,0.006526520069316214,0.875107421875
exdark,2015_04223,1,526,356,4.3373082838467125,0.9746283163156321,0.9765561584141497,0.9780727987354211,0.9799792797026531,0.9801875507326868,0.981276968428248,0.0,0.0,0.0,0.0,1.0,0.35932104098901485,1.0653704222751643,0.9746552604698672,0.9769322437861764,0.978443139257746,0.9803583588695948,0.9805924412665986,0.9816777323799796,0.0,0.0,0.0,0.0,1.0,0.36110426427217296,1.080532187586431,0.9654040404040404,0.9680976430976431,0.9697390572390573,0.9723905723905724,0.9726851851851852,0.9742845117845118,0.0,0.0,0.0,0.0,1.0,0.42817780224562485,1.179887223720668,0.9657407407407408,0.9682659932659933,0.9699494949494949,0.9724747474747475,0.972979797979798,0.9748316498316498,0.0,0.0,0.0,0.0,1.0,0.4283436332550474,1.180916295514896,0.009507289426868697,0.008698158310665175,0.008004147739529687,0.0,0.0,0.07098774081369778,0.9790660913401974
exdark,2015_04239,1,774,1032,0.4317949642449372,0.9961853754782365,0.9969803497385974,0.9974986479177934,0.9980432365843399,0.9980983214149791,0.9983624782164533,0.0,0.0,0.0,0.0,0.0,0.08304948991709926,0.38137546066151573,0.9960790777591305,0.9969082154559258,0.9974826180771997,0.997997083033645,0.9980570206984736,0.9983716934388236,0.0,0.0,0.0,0.0,0.0,0.08283308974960153,0.3795160533252651,0.9960940621753377,0.9968732518181092,0.9974626388555902,0.9980420362822664,0.9981119635578998,0.998441620714457,0.0,0.0,0.0,0.0,0.0,0.08356751798193893,0.38244847213338556,0.9958243426836091,0.9967234076560377,0.9973227843043235,0.9978422440661712,0.9978822025093902,0.9982218492767522,0.0,0.0,0.0,0.0,0.0,0.08500547960802972,0.38594962007031924,0.0002734420153099604,0.000248373848733873,0.00025781365656616886,0.0,0.0,0.0012279138842650906,0.9980745347835667
exdark,2015_04244,1,774,1032,4.739566432305751,0.9622856699316948,0.9651338060613345,0.9677290527412215,0.9715849908859644,0.972010646395449,0.9750941449832743,0.0,0.0,0.0,0.0,0.0,0.2897811392862116,0.7142387988961886,0.9624440581794933,0.9652611284264365,0.9678384480140654,0.9716594741468872,0.9720440741628706,0.9751858067609686,0.0,0.0,0.0,0.0,0.0,0.288659815595643,0.71019494507052,0.9625589387037481,0.9653660193398865,0.9678534324302726,0.9715995364820587,0.9719791416926397,0.9752157755933829,0.0,0.0,0.0,0.0,0.0,0.2880514361622248,0.7083668971044212,0.9626588348117957,0.9652361543994246,0.9678134739870534,0.9715495884280348,0.9719491728602254,0.9751858067609686,0.0,0.0,0.0,0.0,0.0,0.2881818105612696,0.707119181047758,0.00026996322310960893,0.00017182642359145724,0.00012084548330600494,0.0,0.0,0.001427109892073232,0.9778458826592953
exdark,2015_04251,1,612,816,65.33972510572856,0.6396317922593874,0.6723856209150327,0.6934852780981674,0.7183555203127002,0.7205622036396258,0.7334999359220813,0.0,0.0,4.0,91.0,255.0,3.1967717600095433,4.025867512955209,0.6398100089709087,0.6727540689478406,0.6938517236960143,0.7183855568371139,0.7206362937331795,0.7334999359220813,0.0,0.0,4.0,91.0,255.0,3.195288294968982,4.022504373497737,0.6380879149045239,0.671120082019736,0.6919133666538511,0.7165192874535435,0.7188901704472639,0.7315775983596052,0.0,0.0,4.0,95.0,255.0,3.208868238670864,4.024943494345585,0.6372867328749682,0.6709638400814871,0.6920359052711994,0.716322892793481,0.7184555640437993,0.7313470842882608,0.0,0.0,4.0,95.0,255.0,3.2071913415156166,4.030983853132555,0.002008527279555112,0.00209104540372346,0.00218560018131066,0.0,0.0,0.01670814633470717,0.7187059464308599
exdark,2015_04256,1,1096,728,4.283797976658378,0.8919497473329591,0.9363469559637443,0.9761332417582418,0.9999686672816235,0.9999786937515039,1.0,0.0,0.0,1.0,3.0,17.0,1.2962548051225138,3.08429772192467,0.8918093767546322,0.936216611855298,0.9760868693350445,0.9999699205903585,0.9999749338252988,1.0,0.0,0.0,1.0,3.0,17.0,1.2982337019430323,3.0873289654007188,0.8914033047244726,0.9357704339456164,0.9760267105157616,0.9999699205903585,0.9999699205903585,1.0,0.0,0.0,1.0,3.0,17.0,1.3015358334127562,3.091561105050534,0.8917141252907677,0.9357904868853774,0.9762172134434908,0.9999398411807171,0.9999398411807171,1.0,0.0,0.0,1.0,3.0,17.0,1.301253462631949,3.0920047244182975,0.0007683344776412936,0.00020155682865698567,2.6019365489920565e-05,0.0,0.0,0.004590048246086659,1.0
exdark,2015_04264,1,1032,774,3.2719788474250344,0.9724663481761914,0.9793244095907698,0.9824091601065641,0.9860197203693688,0.9863552370650802,0.9887326482783486,0.0,0.0,0.0,3.0,7.0,1.0069209020243581,2.6431267033155503,0.9725685287301207,0.9793364900503476,0.9823733317349956,0.9860894669543675,0.9864291137217294,0.9887766722608488,0.0,0.0,0.0,3.0,7.0,1.0049514547092377,2.6385652294888478,0.973018061216335,0.9794513705746024,0.982588108367298,0.9861344202029889,0.9864540877487413,0.9888016462878606,0.0,0.0,0.0,3.0,7.0,1.0017657592448548,2.633123047969281,0.9729281547190921,0.979381443298969,0.9824982018700551,0.9861743786462079,0.9864341085271318,0.988911532006713,0.0,0.0,0.0,3.0,7.0,1.0000279678299056,2.6283922063891647,0.00035489226313457537,0.00019865851565134464,0.0001384891836556518,0.0,0.0,0.004002054626748201,0.9904452857400396
exdark,2015_04275,1,298,220,11.254362416107382,0.8196766320927394,0.8777455765710799,0.9164887126296523,0.9490543014032947,0.9516625991458206,0.9692953020134228,0.0,0.0,2.0,10.0,28.0,2.099666491214089,4.337772415057916,0.8184848484848485,0.8756969696969698,0.914969696969697,0.9477575757575758,0.9501818181818181,0.9683636363636363,0.0,0.0,3.0,10.0,28.0,2.1110575077860627,4.347855063135199,0.8177380952380953,0.8732142857142857,0.9126190476190477,0.945,0.9473809523809524,0.9667857142857142,0.0,0.0,2.0,10.0,28.0,2.120062384886743,4.347702438807188,0.8115601503759399,0.8703007518796992,0.9107142857142857,0.9445488721804511,0.9473684210526315,0.9673402255639098,0.0,0.0,2.0,11.0,29.0,2.13193492717784,4.359204932877359,0.005372745628166113,0.002968854345601868,0.0026157609288212534,0.49607837082461076,0.7680128579652817,0.021923623475334567,0.9625381330079317
exdark,2015_04285,1,798,572,0.3910804108172529,0.9967510559615823,0.9973184710026816,0.9977084319189582,0.9982364127100969,0.9982758469600574,0.9985540775014459,0.0,0.0,0.0,0.0,0.0,0.10220070811559087,0.47094282353776146,0.9966958041958042,0.9972377622377623,0.9976136363636363,0.9981905594405595,0.9982255244755245,0.9985664335664336,0.0,0.0,0.0,0.0,0.0,0.10302909322336579,0.47254521100377234,0.9968055555555555,0.9972743055555555,0.9976388888888889,0.9982118055555556,0.9982118055555556,0.9986805555555556,0.0,0.0,0.0,0.0,0.0,0.10136141801316798,0.4673280096305027,0.9971527777777778,0.9974652777777778,0.9978125,0.9982638888888888,0.9982638888888888,0.9988888888888889,0.0,0.0,0.0,0.0,0.0,0.09825977557988991,0.4561133264582001,0.00037625572497820045,0.00026933978418410047,0.00023612483283633903,0.0,0.0,0.00330231389457586,0.9983393799183273
exdark,2015_04301,1,500,374,11.07014973262032,0.8139251336898395,0.9258556149732621,0.953572192513369,0.9788716577540107,0.9795508021390374,0.9827700534759358,1.0,2.0,5.0,13.0,20.0,2.7958716753484416,4.6285914192139765,0.8144468085106383,0.9263617021276596,0.9543404255319149,0.9792765957446808,0.9798085106382979,0.9829148936170212,1.0,2.0,5.0,13.0,20.0,2.7939368653614416,4.620329944181443,0.8162127659574469,0.9263404255319149,0.9540425531914893,0.9796595744680852,0.9800851063829787,0.9829787234042553,1.0,2.0,5.0,13.0,20.0,2.793135416328921,4.615735198972863,0.8166160081053698,0.9257007767646066,0.9534785545423843,0.9786389733198244,0.9793144208037825,0.9822695035460993,1.0,2.0,5.0,13.0,20.0,2.8002979980660503,4.617166395751331,0.0018489555283780607,0.0014587791020015328,0.0010211832353335495,0.0,0.33071891388307384,0.006340563665420557,0.9794652406417113
exdark,2015_04312,1,600,904,33.408888274336284,0.49125737463126845,0.56633296460177,0.6229019174041298,0.7115560471976401,0.7215671091445428,0.78976401179941,0.0,2.0,16.0,55.0,95.0,3.717843974475556,6.00300481967648,0.4908480825958702,0.566165191740413,0.6224631268436578,0.7114085545722714,0.7210840707964602,0.7896755162241887,0.0,2.0,16.0,55.0,95.0,3.7234895809405546,6.008669902830498,0.4898967551622419,0.5650589970501475,0.6210324483775811,0.7103097345132743,0.7202654867256637,0.7891445427728614,0.0,2.0,16.0,55.0,95.0,3.7279588054208204,6.012212625525328,0.4887315634218289,0.5641297935103244,0.6205014749262537,0.7106489675516224,0.7203834808259587,0.7899115044247788,0.0,2.0,16.0,55.0,95.0,3.7410678560964454,6.027669456863567,0.002383292687856432,0.001769170045036378,0.0013875628889183195,0.33071891388307384,0.0,0.01560785656620565,0.7224262536873156
exdark,2015_04324,1,480,640,6.400690104166666,0.9362337239583334,0.9476692708333333,0.95626953125,0.964951171875,0.9655533854166667,0.9701236979166666,0.0,0.0,0.0,0.0,6.0,0.6821516632042571,1.8463100571654638,0.93625,0.9476041666666667,0.9561979166666666,0.9649088541666667,0.9655338541666667,0.9701432291666666,0.0,0.0,0.0,0.0,6.0,0.682052765511238,1.844293510305295,0.9365104166666667,0.9476041666666667,0.9561197916666667,0.9647395833333333,0.9654166666666667,0.9701302083333333,0.0,0.0,0.0,0.0,6.0,0.6848664602839719,1.8503550026324662,0.93671875,0.9471875,0.9556770833333333,0.9646354166666666,0.9652604166666666,0.9698958333333333,0.0,0.0,0.0,0.0,6.0,0.6853817928250976,1.8449384744520112,0.0004977702118283469,0.0002816084473161727,0.00023858700783605468,0.0,0.0,0.004171807650987297,0.9633658854166667
exdark,2015_04341,1,832,704,8.385329026442308,0.8394305889423077,0.9121827879152098,0.9472366012893356,0.9757720307036714,0.9774093094405595,0.9838133058347902,0.0,0.0,2.0,10.0,22.0,2.024177340795695,4.217270385033602,0.8390447443181818,0.9115698754370629,0.9473544034090909,0.9760571459790209,0.9777644230769231,0.9841359812062938,0.0,0.0,2.0,10.0,22.0,2.029721035071399,4.223242012529496,0.8386281687062938,0.9106752622377622,0.9468422202797203,0.9759069055944056,0.9776688155594405,0.9841701267482518,0.0,0.0,2.0,10.0,22.0,2.0359998196323916,4.230229121413785,0.838204763986014,0.9106206293706294,0.947197333916084,0.9759888548951049,0.9779556381118881,0.9841564685314685,0.0,0.0,2.0,10.0,22.0,2.0437286991442996,4.235552241974416,0.0012439432292830402,0.001060073358143542,0.0011328912452648417,0.0,0.3903123748998999,0.009880653312579353,0.9787170836975524
exdark,2015_04378,1,1280,532,1.0528709468984963,0.9877085291353384,0.988657189849624,0.9898613721804511,0.991811560150376,0.9920362429511278,0.9936090225563909,0.0,0.0,0.0,0.0,0.0,0.14010341071321578,0.5482649496458639,0.9876233552631579,0.98859257518797,0.9898085056390977,0.9917998120300752,0.9920641447368421,0.9936912593984962,0.0,0.0,0.0,0.0,0.0,0.14019357892679604,0.5476162440964365,0.9869986007462687,0.9881413246268657,0.9895755597014926,0.9917327425373135,0.9920009328358209,0.9937733208955224,0.0,0.0,0.0,0.0,0.0,0.14131823605141355,0.5474033101914986,0.9871501865671641,0.9882695895522388,0.9897154850746268,0.9920242537313433,0.9923274253731343,0.9940531716417911,0.0,0.0,0.0,0.0,0.0,0.1399310524096171,0.542407101337692,0.0005305298912786466,0.00042500343647406975,0.00046161163252955733,0.0,0.0,0.003661386782835699,0.9916133106203008
exdark,2015_04382,1,1280,536,1.211807660914179,0.9949247901119403,0.9984068913246269,0.9989942863805971,0.9992799673507463,0.9992945429104477,0.9993572178171641,0.0,0.0,0.0,1.0,3.0,0.660336035244749,1.9779528389411734,0.9948635727611941,0.9984375,0.9990146921641792,0.9992770522388059,0.9992887126865672,0.9993295242537313,0.0,0.0,0.0,1.0,3.0,0.6587107785489594,1.9748058820593963,0.9949160447761194,0.9984724813432836,0.9990321828358208,0.9993470149253731,0.9993470149253731,0.9993936567164179,0.0,0.0,0.0,1.0,3.0,0.6587144456488742,1.973809135156274,0.9948694029850746,0.9982742537313433,0.9989505597014925,0.9992770522388059,0.9992770522388059,0.9993236940298508,0.0,0.0,0.0,1.0,3.0,0.6533926807082581,1.9648535036499617,0.00020938135223710588,9.468506161910766e-05,0.00010115060385316698,0.0,0.0,0.003909621278536584,0.9992785097947762
exdark,2015_04390,1,622,312,20.056264943523786,0.7653660648033639,0.8066153433918707,0.8373217083024157,0.872330777475472,0.8753967763212136,0.8953025805919697,0.0,0.0,2.0,13.0,68.0,2.200502582296004,4.501336481539817,0.7630876068376068,0.8038297172912557,0.8349769888231426,0.8704594017094017,0.8734385272846811,0.8940253122945431,0.0,0.0,2.0,14.0,69.0,2.2097596559599295,4.508621291985123,0.7637245233399079,0.8049391847468771,0.8367028270874425,0.8717948717948718,0.8747534516765286,0.8960798816568047,0.0,0.0,2.0,14.0,67.0,2.215052815253822,4.5151049222592805,0.7644641683103222,0.8048980933596318,0.8376068376068376,0.872698882314267,0.8756574621959238,0.896285338593031,0.0,0.0,2.0,13.0,66.0,2.207861924905774,4.500337505978084,0.0024767129802591202,0.0027974423587264403,0.002604428264843469,0.0,1.8328597873268975,0.016603810561058554,0.8661936268447522
exdark,2015_04399,1,1280,692,1.0738428016618498,0.9882699602601156,0.9941090137283237,0.995972949783237,0.9974485187861272,0.9975930274566474,0.9982918623554913,0.0,0.0,0.0,0.0,2.0,0.4254408679819435,1.4732570709996349,0.9885702673410405,0.9941925578034682,0.9960305274566474,0.9974575505780346,0.9975975433526012,0.9982975072254335,0.0,0.0,0.0,0.0,2.0,0.4216849360196801,1.46312818563461,0.9881555316091954,0.9941630747126436,0.9959949712643679,0.9974227729885058,0.9976113505747126,0.998284841954023,0.0,0.0,0.0,0.0,2.0,0.4252117192615704,1.4705594794122123,0.9883081896551724,0.9941989942528736,0.9960308908045977,0.9975754310344828,0.997808908045977,0.9985093390804598,0.0,0.0,0.0,0.0,2.0,0.42260264151636157,1.4631476478360443,0.0004921335278583642,0.00017466617146871626,0.0001511391167310419,0.0,0.0,0.005143572994220958,0.9975128703034682
exdark,2015_04425,1,500,332,5.057048192771084,0.9116084337349397,0.9392710843373494,0.958066265060241,0.9753674698795181,0.9763493975903614,0.9871867469879518,0.0,0.0,0.0,4.0,13.0,1.2723696619844849,3.1148001120013697,0.9121927710843374,0.9392530120481928,0.9580481927710843,0.9759518072289156,0.9766987951807229,0.9876626506024097,0.0,0.0,0.0,4.0,13.0,1.2690491124326497,3.1071755495277604,0.9104285714285715,0.9379047619047619,0.9569047619047619,0.975047619047619,0.9758095238095238,0.9871428571428571,0.0,0.0,0.0,4.0,13.0,1.2793943054165506,3.124731458064935,0.9113756613756614,0.9386810279667422,0.9571050642479214,0.9752456538170824,0.9760015117157974,0.9868669690098262,0.0,0.0,0.0,4.0,13.0,1.2675114186667917,3.1006035038241824,0.003068762062371881,0.0012037050298108942,0.0013351929862266253,0.0,0.6584783595532961,0.016830793735274126,0.9836024096385542
exdark,2015_04430,1,640,480,20.317509765625,0.69921875,0.7530013020833334,0.795234375,0.8432682291666667,0.8482779947916667,0.8770084635416666,0.0,0.0,3.0,23.0,75.0,2.5251280193773837,4.901908466859632,0.69859375,0.751953125,0.7945703125,0.8426822916666666,0.8476822916666666,0.87625,0.0,0.0,3.0,23.0,76.0,2.5281991803331234,4.904456060123446,0.6999479166666667,0.7531510416666667,0.7944791666666666,0.8428385416666667,0.84765625,0.875546875,0.0,0.0,3.0,23.0,76.0,2.5231959362900844,4.897057162790874,0.69640625,0.7509895833333333,0.7923958333333333,0.841875,0.8472916666666667,0.8747916666666666,0.0,0.0,3.0,23.0,76.0,2.537270385513276,4.909886364873323,0.002942420247697883,0.0022420045052115364,0.0018475336307899586,0.0,0.6343057228182637,0.014654922801731427,0.8379427083333333
exdark,2015_04439,1,500,342,7.6234970760233915,0.8980701754385965,0.9135321637426901,0.9255906432748539,0.9440292397660819,0.9458538011695906,0.9569941520467836,0.0,0.0,0.0,0.0,16.0,0.8511194390383598,2.1304030151319475,0.898093023255814,0.9138139534883721,0.925953488372093,0.9442790697674419,0.9463720930232559,0.9576279069767442,0.0,0.0,0.0,0.0,16.0,0.852815484971735,2.1370950375723208,0.8990697674418605,0.9141860465116279,0.9257209302325582,0.9428372093023256,0.9450697674418604,0.9558604651162791,0.0,0.0,0.0,0.0,16.0,0.8449301421659329,2.112567136954573,0.8972868217054264,0.9131598375784422,0.9236803248431156,0.9402916205241787,0.9431524547803618,0.9550572166851237,0.0,0.0,0.0,0.0,17.0,0.8479821312665382,2.1032640025740363,0.0029883185113104725,0.002639948673095268,0.0018597571586478562,0.0,1.5360257159305635,0.010106199600720851,0.9418654970760234
exdark,2015_04443,1,1024,768,19.01008478800456,0.876593271891276,0.8880055745442709,0.8960863749186198,0.9048614501953125,0.9055646260579427,0.9114227294921875,0.0,0.0,0.0,1.0,38.0,1.1650212799755006,2.3887389596886686,0.8762003580729166,0.8874715169270834,0.8957672119140625,0.9045359293619791,0.9052378336588541,0.9112650553385416,0.0,0.0,0.0,1.0,39.0,1.1674756310705303,2.3913059881253576,0.8756001790364584,0.886810302734375,0.8953348795572916,0.9040934244791666,0.9048665364583334,0.91107177734375,0.0,0.0,0.0,1.0,40.0,1.1720016792985861,2.3962743252842307,0.8754679361979166,0.8867390950520834,0.8951619466145834,0.9041951497395834,0.9051106770833334,0.91119384765625,0.0,0.0,0.0,1.0,41.0,1.1728720176395446,2.3979478499930855,0.0009461192645324196,0.0006002207919321173,0.0005160849779104093,0.0,1.165922381636102,0.005016890553144523,0.9009234110514323
exdark,2015_04471,1,640,428,12.398992406542057,0.8707797897196262,0.8954110689252337,0.9123649240654206,0.9309871495327103,0.932421875,0.942326226635514,0.0,0.0,0.0,4.0,25.0,1.365485497947839,3.1995378197109283,0.8712762850467289,0.8956775700934579,0.9121349299065421,0.9315420560747664,0.9328417056074766,0.9424649532710281,0.0,0.0,0.0,4.0,25.0,1.362303613508067,3.193004675345837,0.8730034722222222,0.8982060185185186,0.9147858796296297,0.9340856481481481,0.9352430555555555,0.9446180555555556,0.0,0.0,0.0,3.0,24.0,1.3427053563736198,3.1571865403826602,0.8719328703703704,0.8979166666666667,0.9152199074074074,0.9351851851851852,0.9364583333333333,0.9450810185185186,0.0,0.0,0.0,3.0,24.0,1.3448730907642215,3.1543606875663404,0.0021451388699305096,0.0021476837676744375,0.001953481740470404,0.0,1.0588171466310885,0.019339831315302407,0.9305344626168224
exdark,2015_04474,1,506,338,10.564948429496924,0.7996176064737938,0.8317293074818158,0.8653729213929883,0.9210187805505531,0.926801459410155,0.957702832284772,0.0,0.0,1.0,9.0,39.0,1.9017080262386452,4.032850045543831,0.7999305233904586,0.8318434460398333,0.8656553960166744,0.9222556739231126,0.927674849467346,0.9580361278369616,0.0,0.0,1.0,9.0,39.0,1.8968147782360605,4.0242746603484205,0.7987090276506135,0.8317615821278154,0.8656839406702069,0.922816334004761,0.928080937557224,0.958203625709577,0.0,0.0,1.0,9.0,39.0,1.8990138550244229,4.025652705823735,0.803234011627907,0.8348473837209303,0.8670058139534884,0.9236010174418605,0.9292332848837209,0.9585755813953488,0.0,0.0,1.0,8.0,39.0,1.8784108896734635,3.9962401130378695,0.004417067557234876,0.0014234632875091131,0.0011340341850936864,0.0,0.6123724356957945,0.022349841305940574,0.9180835886521506
exdark,2015_04483,1,500,374,31.906117647058824,0.694903743315508,0.7191283422459893,0.7415508021390375,0.7741283422459893,0.7775775401069519,0.7998395721925133,0.0,0.0,1.0,35.0,125.0,2.4347360878896795,4.571801120656655,0.6958723404255319,0.7206382978723405,0.7432127659574468,0.776,0.7797872340425532,0.8021276595744681,0.0,0.0,1.0,35.0,124.0,2.423458401589256,4.555864724111438,0.697063829787234,0.7204255319148937,0.7430638297872341,0.7757446808510639,0.7795319148936171,0.8025106382978724,0.0,0.0,1.0,35.0,124.0,2.41905487966103,4.545602148219228,0.7011989192840257,0.7234886862546437,0.744596420128335,0.7782843633907464,0.7821681864235056,0.8044579533941236,0.0,0.0,1.0,34.0,124.0,2.390832070418302,4.497208038281924,0.0049845647182199145,0.004016907850015643,0.00419488610803698,0.0,0.9921567416492215,0.03206140498464322,0.7685989304812835
exdark,2015_04488,1,500,374,20.781668449197863,0.7522727272727273,0.7914491978609626,0.8183208556149733,0.8539411764705882,0.8572566844919786,0.8780695187165776,0.0,0.0,2.0,15.0,81.0,2.3471104050975233,4.69511024687395,0.7534468085106383,0.7927872340425532,0.8188723404255319,0.8552765957446808,0.8587021276595744,0.8792553191489362,0.0,0.0,2.0,15.0,81.0,2.3442779777019886,4.68891683722661,0.7550212765957447,0.7935319148936171,0.8198297872340425,0.8562127659574468,0.8593617021276596,0.8806808510638298,0.0,0.0,2.0,15.0,80.0,2.3287637528496816,4.664599634456332,0.7542215467747383,0.7946639648767309,0.8198243836541709,0.8568895643363729,0.8600135089496792,0.8817122593718338,0.0,0.0,2.0,15.0,77.0,2.3275385823247636,4.65393958574704,0.0024262735591203104,0.0027158117762928207,0.002293880388010403,0.0,1.479019945774904,0.01584422019520939,0.8560641711229946
exdark,2015_04510,1,426,640,3.293449237089202,0.9675652875586854,0.9721684272300469,0.9753484448356807,0.9789282570422535,0.9791703345070423,0.9812830105633803,0.0,0.0,0.0,0.0,0.0,0.32653080703453974,0.9635052837861756,0.967596378504673,0.9721232476635514,0.9753358644859813,0.9788697429906542,0.979088785046729,0.9811915887850468,0.0,0.0,0.0,0.0,0.0,0.32626591404244865,0.9588521177663876,0.9675817757009346,0.9718165887850467,0.97508761682243,0.9788551401869159,0.9790303738317757,0.9811039719626168,0.0,0.0,0.0,0.0,0.0,0.3270367380452623,0.9581825952608115,0.9679976851851851,0.9722222222222222,0.9748842592592593,0.9786458333333333,0.978761574074074,0.9808449074074074,0.0,0.0,0.0,0.0,0.0,0.32730813137164205,0.9502372350245765,0.0010363266504690386,0.0007851115357028492,0.0008208170218909597,0.0,0.0,0.004972613960524599,0.9868984741784037
exdark,2015_04534,1,1024,768,3.290278116861979,0.9115219116210938,0.9541740417480469,0.9781901041666666,0.9979578653971354,0.9985872904459635,0.999755859375,0.0,0.0,0.0,1.0,14.0,0.8255753944249996,2.129041059494713,0.9115956624348959,0.9543711344401041,0.9782307942708334,0.9978790283203125,0.9985148111979166,0.9997355143229166,0.0,0.0,0.0,1.0,14.0,0.8251043135445988,2.1280945001108096,0.9114990234375,0.9543660481770834,0.9782613118489584,0.9978535970052084,0.998443603515625,0.999725341796875,0.0,0.0,0.0,1.0,14.0,0.8240106748114157,2.123589720685797,0.91094970703125,0.9543253580729166,0.97808837890625,0.9979248046875,0.9984537760416666,0.9997355143229166,0.0,0.0,0.0,1.0,14.0,0.8230100555131815,2.120757823811095,0.0005197889566032485,0.00024104808779038683,0.000125820772883468,0.0,0.0,0.002028881032921466,0.9997024536132812
exdark,2015_04564,1,640,430,29.24074854651163,0.7171765988372093,0.7589425872093023,0.791500726744186,0.8275436046511628,0.8311700581395349,0.8512063953488372,0.0,0.0,2.0,21.0,117.0,2.538889126753882,4.7899095943224435,0.7166087962962963,0.7580005787037037,0.7915364583333333,0.82734375,0.830931712962963,0.8508825231481482,0.0,0.0,2.0,22.0,119.0,2.541240588828541,4.791087167014611,0.7157407407407408,0.7572048611111111,0.789699074074074,0.8257523148148148,0.8291666666666667,0.8491608796296296,0.0,0.0,2.0,22.0,121.0,2.548810445162261,4.794392052850349,0.7166087962962963,0.7582175925925926,0.7902199074074074,0.8260995370370371,0.8295717592592593,0.8484953703703704,0.0,0.0,2.0,22.0,120.0,2.5412443042811157,4.779398970330405,0.0012306655597324001,0.001162961355886465,0.0013475737694863157,0.0,1.8360538526960477,0.00830945298267831,0.828859011627907
exdark,2015_04571,1,374,500,56.36985026737968,0.7255828877005348,0.7339786096256684,0.738764705882353,0.7453101604278075,0.7462032085561497,0.7522299465240642,0.0,0.0,1.0,57.0,255.0,2.5686604392894483,3.706576281923404,0.7271489361702128,0.7348085106382979,0.7393404255319149,0.7459787234042553,0.7468297872340426,0.7528936170212766,0.0,0.0,1.0,55.0,255.0,2.55745980307218,3.6952130484058263,0.7301587301587301,0.7380530226274907,0.7423590003377237,0.748564674096589,0.7495356298547788,0.7547703478554543,0.0,0.0,1.0,50.0,255.0,2.5458707950191206,3.665571655487795,0.729145558932793,0.737757514353259,0.7419790611279973,0.7481425194191151,0.7486491050320837,0.753968253968254,0.0,0.0,1.0,53.0,255.0,2.552196091160571,3.6639259558090678,0.003618671602131433,0.004157612839115949,0.0038976294488435185,0.0,0.0,0.028004846050954678,0.7372941176470589
exdark,2015_04593,1,640,426,8.614359595070422,0.9098114730046948,0.9280076291079812,0.939568661971831,0.9545774647887324,0.9556227992957746,0.9618764671361503,0.0,0.0,0.0,1.0,13.0,0.9808937438464307,2.504587210736336,0.9106454439252336,0.929044976635514,0.9404205607476636,0.9551693925233645,0.9561185747663551,0.9623247663551402,0.0,0.0,0.0,1.0,13.0,0.9737565673355975,2.4891838928165653,0.9098090277777777,0.9280092592592593,0.9388310185185185,0.9536747685185185,0.9547453703703703,0.9612847222222223,0.0,0.0,0.0,1.0,13.0,0.9807986386916253,2.493970762184552,0.9086226851851852,0.9268518518518518,0.9373842592592593,0.9524305555555556,0.9537037037037037,0.9604166666666667,0.0,0.0,0.0,1.0,13.0,0.9956367044935748,2.5227422921049145,0.001512245877987919,0.0015326862183570372,0.0012220948410203592,0.0,0.49607837082461076,0.013718764633263544,0.9553220363849765
exdark,2015_04596,1,640,426,0.7126393779342723,0.9999009683098592,0.9999486502347418,0.9999743251173709,0.9999889964788733,0.9999889964788733,0.9999963321596245,0.0,0.0,0.0,1.0,2.0,0.48638754043373844,1.5879444608724005,0.9998977803738318,0.9999707943925233,0.9999853971962617,0.9999853971962617,0.9999853971962617,1.0,0.0,0.0,0.0,1.0,2.0,0.4861585379923572,1.5877312516682225,0.9999710648148148,0.9999710648148148,0.9999710648148148,0.9999710648148148,0.9999710648148148,1.0,0.0,0.0,0.0,1.0,2.0,0.4849141100158358,1.5839960982195311,0.9999421296296296,0.9999421296296296,0.9999421296296296,0.9999421296296296,0.9999421296296296,1.0,0.0,0.0,0.0,1.0,2.0,0.4841365718110764,1.5844200636728176,8.781348261201622e-05,4.641988479678018e-05,3.094721690038433e-05,0.0,0.0,0.0024748623764233235,0.9999926643192488
exdark,2015_04600,1,444,346,5.049835963130761,0.9691454460240587,0.9760063531739832,0.9797687861271677,0.9851780971723169,0.9856988491381555,0.9883546841639327,2.0,2.0,3.0,4.0,5.0,2.0685086189010295,2.508475313938329,0.9680542611577094,0.975095785440613,0.9788236512374443,0.9847002174588382,0.9852179765972869,0.9879362120741431,2.0,2.0,3.0,4.0,5.0,2.0738080036840634,2.5341832132209325,0.9660626535626535,0.9738943488943489,0.9774774774774775,0.9838247338247338,0.9843877968877969,0.9874078624078624,2.0,2.0,3.0,4.0,6.0,2.084473029889008,2.5808541885174128,0.9664163961038961,0.9733157467532467,0.9782873376623377,0.9838676948051948,0.9846793831168831,0.9873173701298701,2.0,2.0,3.0,4.0,6.0,2.0883820334784975,2.5795030001303854,0.0019398224750521332,0.0014266681595488159,0.000957605467037265,0.0,0.33071891388307384,0.009783837034349522,0.9865515804822164
exdark,2015_04606,1,640,426,30.597344483568076,0.7329702171361502,0.7620525234741784,0.7844446889671362,0.8138094190140845,0.8164649354460094,0.8343860035211268,0.0,0.0,1.0,20.0,130.0,2.299219822612824,4.408725556117261,0.7333820093457943,0.7627774532710281,0.7860835280373831,0.8155811915887851,0.8181220794392523,0.835616238317757,0.0,0.0,1.0,20.0,130.0,2.2994286299222075,4.408721220667211,0.7347222222222223,0.7647569444444444,0.788425925925926,0.8168402777777778,0.819675925925926,0.8369212962962963,0.0,0.0,1.0,19.0,129.0,2.2957591638827877,4.409315177135406,0.734837962962963,0.7628472222222222,0.7852430555555555,0.8148726851851852,0.8175925925925925,0.8348958333333333,0.0,0.0,1.0,19.0,131.0,2.3011888724155836,4.406262565463532,0.001858343330221404,0.003054514248357733,0.0026522072387980163,0.0,1.984313483298443,0.009554734307790677,0.8064553990610329
exdark,2015_04631,1,640,426,37.3334433685446,0.703843896713615,0.7349838615023474,0.7574420481220657,0.7847417840375587,0.7875110035211268,0.8074127053990611,0.0,0.0,2.0,28.0,152.0,2.620875773455695,4.685445044330201,0.7037967289719627,0.7354702102803738,0.7574620327102803,0.7848860981308411,0.7876168224299065,0.8073306074766355,0.0,0.0,2.0,28.0,154.0,2.617720539055399,4.676286519997177,0.7046006944444444,0.7357060185185185,0.7583043981481481,0.7850405092592593,0.787818287037037,0.807957175925926,0.0,0.0,2.0,28.0,152.0,2.614698458466971,4.667860579695278,0.7054976851851852,0.7369212962962963,0.7593171296296296,0.7850115740740741,0.7877893518518518,0.8086805555555555,0.0,0.0,2.0,28.0,152.0,2.6077581889374244,4.6600726067072324,0.0013816041669922835,0.001725997072287516,0.001502002938870808,0.0,3.4977671449083054,0.007702869954747773,0.7826474471830986
exdark,2015_04635,1,506,338,67.71635053909301,0.4429274738639287,0.46567813457445567,0.5095949201300372,0.5784725308136679,0.5862431882498772,0.6355392099539257,0.0,0.0,30.0,113.0,230.0,3.7739682981763027,5.3610238506761,0.44143121815655395,0.46442797591477536,0.5086382584529875,0.577674849467346,0.5853404353867532,0.6342751273737841,0.0,0.0,30.0,114.0,230.0,3.7840742192786774,5.3672141398760935,0.43934261124336205,0.46223219190624426,0.5066837575535617,0.5750778245742538,0.5824024903863761,0.631981322102179,0.0,0.0,31.0,116.0,230.0,3.7986439602261024,5.37159798069754,0.43913517441860467,0.4613917151162791,0.506813226744186,0.5734920058139535,0.5814861918604651,0.6309956395348837,0.0,0.0,31.0,117.0,230.0,3.802454174747707,5.371845010311323,0.004612165498832425,0.0048439329190035655,0.00563648125768396,0.9354143466934853,0.7806247497997998,0.034061333850766,0.5668779381153963
exdark,2015_04675,1,640,426,7.810174589201878,0.9023950997652582,0.9272777288732394,0.9441021126760564,0.9612089201877935,0.9626467136150235,0.9730780516431925,0.0,1.0,2.0,6.0,15.0,2.0473379999422616,3.937352176347528,0.9027307242990654,0.9276431074766355,0.943472546728972,0.960251168224299,0.9617552570093458,0.9718311915887851,0.0,1.0,2.0,6.0,15.0,2.048413671270162,3.9288030567784498,0.9030381944444444,0.9280092592592593,0.9445023148148148,0.9613136574074074,0.9628472222222222,0.9727430555555555,0.0,1.0,2.0,6.0,15.0,2.0426460631969428,3.9130046665481077,0.9060185185185186,0.9304976851851852,0.9465277777777777,0.9616898148148149,0.9632523148148148,0.9730902777777778,0.0,1.0,2.0,5.0,14.0,2.02720561080864,3.881973030592021,0.002681365362037689,0.0017523241102159967,0.00132779020085859,0.0,0.6123724356957945,0.012917691892500308,0.9692488262910798
exdark,2015_04684,1,272,370,7.5741454689984105,0.8956577901430842,0.9294813195548489,0.9410075516693164,0.965172893481717,0.9675278219395866,0.9744137519872814,0.0,0.0,0.0,3.0,16.0,1.1160195650974423,2.6920237803546834,0.8961100569259962,0.9295540796963947,0.9403462998102466,0.9647770398481973,0.9670698924731183,0.974185641998735,0.0,0.0,0.0,3.0,16.0,1.1180058485315603,2.6919150864613046,0.8926783479349186,0.9264705882352942,0.9372653316645807,0.9633917396745932,0.9658166458072591,0.9733260325406758,0.0,0.0,0.0,3.0,17.0,1.1528811892155921,2.7529026797489546,0.8926783479349186,0.924749687108886,0.9371088861076345,0.9619837296620776,0.9644868585732165,0.9726220275344181,0.0,0.0,0.0,3.0,16.0,1.164907178925777,2.763895759068779,0.005029022133270728,0.004412418001048004,0.002784416091104126,0.0,0.8267972847076845,0.03709171759334977,0.9679352146263911
exdark,2015_04685,1,458,342,20.006511912970197,0.7151293444674277,0.7584974080032687,0.7965154881381036,0.8482979647079854,0.8527796930462984,0.8836602058275237,0.0,0.0,1.0,22.0,72.0,2.1968582856305106,4.34212718436827,0.7167087967644085,0.7581900910010111,0.7969919110212336,0.8483316481294236,0.8524519716885743,0.8839989888776542,0.0,0.0,1.0,22.0,72.0,2.195945538045659,4.341837098645976,0.7162790697674418,0.7563700707785642,0.7941354903943377,0.8460566228513651,0.8495449949443883,0.8810920121334681,0.0,0.0,1.0,22.0,75.0,2.2135018113507123,4.362164639107688,0.7158179631114675,0.7581194867682438,0.7955092221331195,0.8488372093023255,0.8520449077786688,0.8816158781074579,0.0,0.0,1.0,22.0,75.0,2.20119599076833,4.333783822674807,0.002398222328179808,0.002428098033904369,0.0030972692231194905,0.0,1.869784412706449,0.0190164145374804,0.8492492147399066
exdark,2015_04719,1,500,332,29.684331325301205,0.8238674698795181,0.8323373493975904,0.8393614457831325,0.8497951807228916,0.8509638554216867,0.8583313253012048,0.0,0.0,0.0,0.0,155.0,1.35268044776485,2.1467018900771953,0.8238072289156626,0.8317590361445784,0.8388674698795181,0.849132530120482,0.8500481927710843,0.8573253012048193,0.0,0.0,0.0,0.0,157.0,1.3608393934237386,2.1545454052139785,0.8236190476190476,0.8315714285714285,0.8383333333333334,0.8476190476190476,0.8483809523809523,0.8555714285714285,0.0,0.0,0.0,0.0,158.0,1.3613199967169678,2.1473091174688586,0.8239795918367347,0.8319160997732427,0.8381519274376418,0.8476946334089192,0.8486394557823129,0.8564814814814815,0.0,0.0,0.0,0.0,152.0,1.3578106777476853,2.1422845587068453,0.0021163057144085676,0.0026045376918174576,0.003067617099516328,0.0,6.899954709996291,0.017051806288535677,0.8472650602409638
exdark,2015_04737,1,1440,900,8.487583333333333,0.8337592592592593,0.8518734567901235,0.889579475308642,0.9351489197530864,0.9401736111111111,0.9784899691358024,0.0,0.0,1.0,4.0,35.0,1.5505564912703835,3.493504321257413,0.8334382716049382,0.8517592592592592,0.889537037037037,0.9351759259259259,0.9402283950617284,0.9784567901234568,0.0,0.0,1.0,4.0,35.0,1.55271142211916,3.496838790187788,0.8330076204523107,0.8515548180924287,0.8892453294001966,0.935281465093412,0.9404559980334317,0.978632005899705,0.0,0.0,1.0,4.0,35.0,1.5553744844523636,3.5004096042814665,0.8331612586037365,0.8517330383480826,0.8893928220255654,0.9354596853490659,0.9405850540806293,0.9786504424778761,0.0,0.0,1.0,4.0,35.0,1.55351310389493,3.497588442948388,0.0005286523266572442,0.0002611068361230487,0.00038101947624768703,0.0,0.46351240544347894,0.0033163848568974912,0.9688240740740741
exdark,2015_04751,1,600,800,46.59474375,0.6105208333333333,0.6350791666666666,0.6621833333333333,0.7192604166666666,0.72525625,0.76285,0.0,0.0,0.0,59.0,208.0,2.709484853073045,4.26240743420732,0.6093333333333333,0.6345416666666667,0.6615916666666667,0.7185083333333333,0.7246416666666666,0.7625666666666666,0.0,0.0,0.0,59.0,207.0,2.717190660372846,4.275563298842684,0.60535,0.6314833333333333,0.6588833333333334,0.7161666666666666,0.7219333333333333,0.7609833333333333,0.0,0.0,0.0,59.0,207.0,2.739141441009552,4.304309459564868,0.6054333333333334,0.6305333333333333,0.6581333333333333,0.7160666666666666,0.7219333333333333,0.7608333333333334,0.0,0.0,0.0,59.0,205.0,2.7394148130057,4.304127836135248,0.0029394556138093958,0.002169293279695796,0.0023286774605508907,0.0,2.1569292408421745,0.01952878835642065,0.7148354166666666
exdark,2015_04753,1,1024,768,8.505345662434896,0.8737576802571615,0.9179662068684896,0.938500722249349,0.9638633728027344,0.9661471048990885,0.9785435994466146,0.0,0.0,1.0,7.0,19.0,1.7549513681611424,3.8809218395724807,0.8735758463541666,0.9179636637369791,0.9384663899739584,0.9637858072916666,0.9662119547526041,0.9784495035807291,0.0,0.0,1.0,7.0,19.0,1.7547546817375743,3.8799060664230303,0.8734639485677084,0.9179789225260416,0.93841552734375,0.9640706380208334,0.9664815266927084,0.9784444173177084,0.0,0.0,1.0,7.0,19.0,1.7554107751251442,3.88062003800102,0.8731892903645834,0.9177042643229166,0.9380900065104166,0.9640706380208334,0.9664510091145834,0.9783528645833334,0.0,0.0,1.0,7.0,19.0,1.7556487804683212,3.8794057053930935,0.0004751489211291905,0.0004362471366508374,0.00027844386769557844,0.0,0.24206145913796356,0.00221241621918154,0.9716364542643229
exdark,2015_04766,1,730,1094,3.34704740677669,0.9494152412912273,0.9601124439658411,0.9703300693696627,0.9818286544288898,0.9825812025744409,0.9862775788234704,0.0,0.0,0.0,0.0,4.0,0.5921776963250396,1.7463412538871532,0.9494336085517131,0.9604523154241953,0.970399066650712,0.9819163575445734,0.9827290494994216,0.9863338119739938,0.0,0.0,0.0,0.0,4.0,0.5905738270031121,1.7428752146272195,0.9492541183040166,0.9605420605480436,0.9707032029037533,0.9820011168282079,0.9827789079015595,0.9862191376490766,0.0,0.0,0.0,0.0,4.0,0.5904088722519127,1.741894031864629,0.949083624246271,0.9601317042208822,0.9706839098698826,0.9820096794668359,0.9828030783878134,0.9862146937480165,0.0,0.0,0.0,0.0,4.0,0.590363240878974,1.7402245759152013,0.0005274958697542404,0.00044562714913146605,0.00031681299184250133,0.0,0.0,0.0029425577367838715,0.9822994665798502
exdark,2015_04770,1,400,582,11.738290378006873,0.9167396907216495,0.9265850515463917,0.9330025773195876,0.9399613402061856,0.9405498281786941,0.9441709621993127,0.0,0.0,0.0,1.0,10.0,0.9783600950633958,2.3858907830895904,0.9166267123287671,0.9267465753424657,0.9333561643835616,0.9404280821917809,0.9409931506849315,0.9445719178082191,0.0,0.0,0.0,1.0,10.0,0.9754446093056723,2.378275601669612,0.9169520547945206,0.9268150684931507,0.933527397260274,0.9400342465753425,0.9406164383561644,0.9445205479452055,0.0,0.0,0.0,1.0,10.0,0.9733057595965703,2.3657024973257945,0.9167808219178082,0.9263698630136986,0.9335616438356165,0.9402739726027397,0.9406164383561644,0.9447945205479452,0.0,0.0,0.0,1.0,10.0,0.970695969401104,2.3476862351719925,0.0010957337200826318,0.0008162022303493699,0.0009145355508375847,0.0,0.4330127018922193,0.005523727153094085,0.9344544673539519
exdark,2015_04778,1,1032,774,5.413489273481161,0.9378104781363299,0.9678943072331391,0.983289265468822,0.9931582136490195,0.9940746249223804,0.9976488792740821,0.0,1.0,3.0,7.0,12.0,1.9264701414079533,3.8786450322367756,0.9380993766482858,0.9680132662031488,0.9832624070966195,0.9931171581555183,0.9940212179333493,0.9976674258770878,0.0,1.0,3.0,7.0,12.0,1.9267236981723401,3.877499672641077,0.9380943818428834,0.968003276592344,0.9833373291776553,0.9929373451610325,0.9939562854631183,0.9977023895149045,0.0,1.0,3.0,7.0,12.0,1.9248807814170366,3.8759459363084017,0.9374250779189642,0.9681331415328058,0.9832374330696076,0.9928873971070087,0.9936466075281707,0.9976224726284664,0.0,1.0,3.0,7.0,12.0,1.9278125218393225,3.8800734041642175,0.0009265384352614869,0.0003600201613502223,0.00022861044914920922,0.0,0.0,0.0027958790236758896,0.996867676221381
exdark,2015_04795,1,1032,774,3.7172821144562627,0.9441114316046711,0.9616071249724576,0.9722923301884903,0.9844861086072552,0.9855089337579873,0.9899745608236684,0.0,0.0,0.0,1.0,7.0,0.8588442118843113,2.398268523853307,0.9439432989690721,0.9613102373531527,0.9723437624870135,0.9845111084472149,0.9855400383601055,0.9899654359466156,0.0,0.0,0.0,1.0,7.0,0.859013886429083,2.3974895877882023,0.9449672340765604,0.9619795412770719,0.9727083832813873,0.9846259889714697,0.9855250539438983,0.989800607368337,0.0,0.0,0.0,1.0,7.0,0.8554230157250228,2.390696100514276,0.9451570366818509,0.9622192919363861,0.972808279389435,0.9844761448093983,0.9854351474466555,0.9897306800927036,0.0,0.0,0.0,1.0,7.0,0.8552040636257409,2.3896494281893963,0.0011080797154255648,0.0003872626391463797,0.0001961033385980228,0.0,0.0,0.003683945694839747,0.9862175249884823
exdark,2015_04799,1,800,532,39.16292293233083,0.7187570488721805,0.7510855263157895,0.770422932330827,0.7942622180451128,0.7965953947368422,0.8121217105263158,0.0,0.0,2.0,23.0,183.0,2.654771842130878,4.5622811053878465,0.7177819548872181,0.7498214285714285,0.769812030075188,0.7936748120300752,0.7960808270676691,0.8113063909774436,0.0,0.0,2.0,24.0,183.0,2.656280034838919,4.560598504585791,0.7173320895522388,0.749589552238806,0.7693097014925373,0.7935074626865671,0.7959888059701492,0.8111567164179104,0.0,0.0,2.0,24.0,183.0,2.6592578734747523,4.5721558419627915,0.7180970149253731,0.75,0.7697014925373135,0.7942537313432836,0.7971268656716418,0.8120149253731344,0.0,0.0,2.0,23.0,183.0,2.6521317710833388,4.560316734928674,0.001113031836951139,0.0007965150595463653,0.0017092987847249586,0.0,1.1989578808281798,0.0068085273693836955,0.790625
exdark,2015_04817,1,600,426,37.25314162754304,0.6594874804381846,0.684773082942097,0.7044953051643192,0.7348435054773083,0.7382902973395931,0.7586111111111111,0.0,0.0,2.0,57.0,143.0,2.7271649122746378,4.766203822327743,0.660778816199377,0.6865732087227414,0.7049532710280374,0.7358255451713396,0.7391121495327103,0.7587694704049844,0.0,0.0,2.0,57.0,142.0,2.718628033512185,4.753125501086531,0.661820987654321,0.6874382716049383,0.7054320987654321,0.7370679012345679,0.7401851851851852,0.7605246913580247,0.0,0.0,2.0,56.0,142.0,2.7049868098713787,4.736058506389908,0.6645061728395062,0.6892592592592592,0.7074691358024692,0.7375925925925926,0.7411728395061729,0.7607407407407407,0.0,0.0,2.0,55.0,141.0,2.695110865498799,4.724010209311507,0.002235171324077148,0.0021557798545177994,0.0017638293002232338,0.0,0.7071067811865476,0.014589377033234336,0.6929107981220657
exdark,2015_04827,1,774,1032,1.9008573202732209,0.9665559962342006,0.9725301965026141,0.9778371191635118,0.989239679105823,0.9906205556557098,1.0,0.0,0.0,0.0,0.0,4.0,0.4834138277670918,1.45930585866136,0.966654679133701,0.9725785183409255,0.9778630224566451,0.9892661631902822,0.9906746983137537,1.0,0.0,0.0,0.0,0.0,4.0,0.48221479619485935,1.4560417770125444,0.9666346999120914,0.9725385598977064,0.9778730120674498,0.9893011268280988,0.9908395268920323,1.0,0.0,0.0,0.0,0.0,4.0,0.481999438748314,1.4554031528344882,0.966654679133701,0.9725685287301207,0.9778630224566451,0.989291137217294,0.9907895788380084,1.0,0.0,0.0,0.0,0.0,4.0,0.4818428438383645,1.4543594106273234,0.00020061293719175833,0.00010592625828190167,0.00013987689066727264,0.0,0.0,0.0022839369320731603,1.0
exdark,2015_04832,1,640,384,46.07620849609375,0.6311930338541667,0.69849853515625,0.73487548828125,0.7586954752604167,0.7607503255208333,0.7761800130208333,1.0,2.0,8.0,40.0,182.0,3.6762725704658274,5.589626881243569,0.6312825520833333,0.697900390625,0.7341634114583333,0.7575358072916667,0.7599609375,0.7754069010416667,1.0,2.0,8.0,41.0,182.0,3.671392364092587,5.587538566095164,0.6279622395833333,0.6951497395833334,0.7316731770833333,0.7555013020833333,0.7581380208333334,0.7736328125,1.0,2.0,8.0,43.0,183.0,3.6908870445506183,5.601417643571214,0.6302734375,0.6959635416666666,0.7320963541666666,0.7552083333333334,0.7576822916666667,0.773828125,1.0,2.0,8.0,42.0,182.0,3.679208700161011,5.591748034309782,0.003730721190534282,0.0025352743206537177,0.0023541115498350008,0.3903123748998999,1.4577379737113252,0.02413007453884996,0.7471476236979167
exdark,2015_04841,1,338,500,7.770786982248521,0.901810650887574,0.9189822485207101,0.9339171597633136,0.9500059171597633,0.951319526627219,0.9605917159763313,0.0,0.0,0.0,1.0,15.0,0.9429685658526995,2.410771125257257,0.9026117647058823,0.9200705882352941,0.9348,0.9507058823529412,0.9521882352941177,0.9612941176470589,0.0,0.0,0.0,1.0,15.0,0.9347668818168464,2.390063844879828,0.9007936507936508,0.9178804855275443,0.9323996265172736,0.9483660130718954,0.949859943977591,0.9590569561157797,0.0,0.0,0.0,1.0,15.0,0.9424025445460106,2.391494371139398,0.9042081949058693,0.9197120708748616,0.9344776670358066,0.9507198228128461,0.9519195275009229,0.9606866002214839,0.0,0.0,0.0,1.0,14.0,0.9254524430924773,2.358288725538574,0.0032071958823544186,0.002555982204748611,0.002240114956858493,0.0,1.1110243021644486,0.01738762227119792,0.9531952662721893
exdark,2015_04856,1,416,372,71.39283498759305,0.5650266232423491,0.5961409222497932,0.6179047766749379,0.6449803556658396,0.6477137613730356,0.665568134822167,0.0,1.0,7.0,148.0,255.0,3.724266407418797,5.227850368874557,0.5609749793217536,0.5921991315136477,0.6143507030603805,0.6422663358147229,0.6450578990901572,0.6633839950372209,0.0,1.0,7.0,149.0,255.0,3.748740057385661,5.241739276504047,0.5612725040916531,0.5927270867430442,0.6155891980360065,0.6436170212765957,0.646481178396072,0.6654050736497545,0.0,1.0,7.0,148.0,255.0,3.7398363138587274,5.227180586265234,0.5591243862520459,0.5907324058919804,0.6138502454991817,0.6399345335515548,0.643310147299509,0.6631546644844517,0.0,1.0,7.0,150.0,255.0,3.7699987016881527,5.237648981581824,0.0049858939613653865,0.0058884416894636315,0.005884633507547648,0.4841229182759271,0.0,0.04378572594238522,0.6288448614557486
exdark,2015_04865,1,452,604,23.363740256695774,0.8046247729004278,0.8325030768329134,0.8461656801265897,0.8667987751274688,0.8688646486549845,0.8816701342085214,0.0,0.0,1.0,8.0,95.0,1.9690890401335774,4.003813639792547,0.8045185489069917,0.8324298189064057,0.8460997479927328,0.8665533610736682,0.8685020219187716,0.881541932837133,0.0,0.0,1.0,8.0,96.0,1.970094792993446,4.001767565674417,0.804989520260829,0.8326734979040522,0.8460933861201677,0.866179552864462,0.8678970656730322,0.880705635770843,0.0,0.0,1.0,8.0,99.0,1.9623983371359133,3.979070654241428,0.8060364727608494,0.833910433979686,0.8467220683287165,0.8675554016620498,0.8691135734072022,0.8823291782086796,0.0,0.0,1.0,8.0,96.0,1.9572613546599442,3.972634260423008,0.001037772763121874,0.0007967158717851312,0.0011324778195179494,0.0,2.23606797749979,0.007469141749169973,0.8466052276856356
exdark,2015_04876,1,758,918,14.712632429107673,0.8371675260546905,0.8650990739303637,0.8836334005897873,0.9075123159788688,0.9094322865469847,0.9236308712872425,0.0,1.0,1.0,6.0,42.0,1.9376479518032987,3.958255299208852,0.8375057208237986,0.8650343249427918,0.883604118993135,0.9075572082379862,0.9093478260869565,0.9238100686498856,0.0,1.0,1.0,6.0,42.0,1.9359445588656574,3.9537995471599063,0.8375743707093821,0.8652517162471396,0.8837643020594965,0.9076887871853547,0.9095995423340961,0.9239816933638444,0.0,1.0,1.0,6.0,42.0,1.9358616111669724,3.9539953733030773,0.8377345537757437,0.8657894736842106,0.884279176201373,0.9081922196796338,0.9102288329519451,0.9245537757437071,0.0,1.0,1.0,6.0,42.0,1.9326839264145501,3.9464460647670507,0.0006590625986615551,0.0005169047856559993,0.0009164109228004969,0.0,0.5994789404140899,0.0048238553419667094,0.9363046889820132
exdark,2015_04879,1,600,450,7.352137037037037,0.9249,0.9399222222222222,0.9495259259259259,0.9606925925925925,0.9615259259259259,0.9670407407407408,0.0,0.0,0.0,1.0,8.0,0.8269010358920149,2.2012857520993663,0.9248525073746313,0.94,0.9497050147492625,0.9611651917404129,0.961755162241888,0.9669911504424779,0.0,0.0,0.0,1.0,8.0,0.8237079076851598,2.1906966483682853,0.9259649122807018,0.941374269005848,0.9507602339181287,0.9616374269005848,0.962280701754386,0.9671929824561404,0.0,0.0,0.0,1.0,8.0,0.8186316554489351,2.1812168853633382,0.9262573099415204,0.9422222222222222,0.9519298245614035,0.9621052631578947,0.9626900584795322,0.9667836257309942,0.0,0.0,0.0,1.0,8.0,0.8178744870411793,2.1670077790531317,0.0010146186059573539,0.001006457275242587,0.0005062944263065307,0.0,0.3903123748998999,0.00496233332749428,0.959474074074074
exdark,2015_04901,1,900,600,0.7152407407407407,0.9977888888888888,0.9988296296296296,0.999237037037037,0.999674074074074,0.9997148148148148,0.9998703703703704,0.0,0.0,0.0,1.0,2.0,0.4533694590226717,1.5394379208248083,0.9978666666666667,0.9988222222222222,0.9991925925925926,0.999637037037037,0.9996814814814815,0.9998814814814815,0.0,0.0,0.0,1.0,2.0,0.45189262604823127,1.5352835208191864,0.9975407407407407,0.9986222222222222,0.9990074074074075,0.9995111111111111,0.9995407407407407,0.9998370370370371,0.0,0.0,0.0,1.0,2.0,0.45342203813014753,1.539338778930233,0.9973746312684366,0.9985250737463127,0.9988790560471976,0.9994395280235988,0.9994690265486725,0.9997345132743363,0.0,0.0,0.0,1.0,2.0,0.45480423427018646,1.542093626008684,0.0003089313294091665,0.00020833519522857067,0.00014366028129896472,0.0,0.0,0.0023306595822509316,0.9999203703703704
exdark,2015_04920,1,1280,536,0.3155725279850746,0.9999329524253732,1.0,1.0,1.0,1.0,1.0,0.0,0.0,0.0,0.0,1.0,0.21576501901947764,0.9000684218706899,0.999941697761194,1.0,1.0,1.0,1.0,1.0,0.0,0.0,0.0,0.0,1.0,0.21588558285955492,0.9002334867163776,0.999941697761194,1.0,1.0,1.0,1.0,1.0,0.0,0.0,0.0,0.0,1.0,0.2156855929693539,0.8995428254471238,0.999883395522388,1.0,1.0,1.0,1.0,1.0,0.0,0.0,0.0,0.0,1.0,0.214662397186259,0.8963079508677172,5.5233486828066864e-05,0.0,0.0,0.0,0.0,0.0010434094038065905,1.0
exdark,2015_04925,1,444,352,7.7985641891891895,0.9078432125307125,0.9240056818181818,0.935510083947584,0.9500793407043407,0.951352631040131,0.9601888820638821,0.0,0.0,0.0,1.0,13.0,1.011621175323748,2.619222222867229,0.9093468468468469,0.9255477067977068,0.9381142506142506,0.9535472972972973,0.954954954954955,0.9630681818181818,0.0,0.0,0.0,1.0,13.0,1.004275024643624,2.60960152217559,0.9101658476658476,0.925982800982801,0.9383190008190008,0.9535728910728911,0.9550061425061425,0.9631449631449631,0.0,0.0,0.0,1.0,13.0,1.0113977269621544,2.6217178602133284,0.9137581168831169,0.929586038961039,0.942573051948052,0.9567775974025974,0.9588068181818182,0.966213474025974,0.0,0.0,0.0,1.0,12.0,0.9858923049711121,2.571111255285067,0.0037832558095570526,0.004492973957387695,0.004116235384596872,0.0,1.1021995055342748,0.01991118030976638,0.9516789516789517
exdark,2015_04927,1,1280,536,0.49988631063432837,0.991865380130597,0.9941858092350746,0.9960733442164179,0.9980847714552239,0.9982436450559702,0.9988820545708955,0.0,0.0,0.0,0.0,0.0,0.1699256958220787,0.7166587911562063,0.9919018190298508,0.994198927238806,0.9960995802238806,0.9980935167910447,0.9982509328358209,0.9988922574626866,0.0,0.0,0.0,0.0,0.0,0.16942458395897916,0.7146409099197835,0.9921641791044776,0.9942863805970149,0.9962336753731343,0.9981343283582089,0.998320895522388,0.998915578358209,0.0,0.0,0.0,0.0,0.0,0.16585832329762934,0.702566838545667,0.9921875,0.9943796641791045,0.9963852611940298,0.9982042910447761,0.9983675373134329,0.9990904850746268,0.0,0.0,0.0,0.0,0.0,0.16632221383797702,0.7039130781727774,0.0002586699904234725,0.00015178190353247085,9.534466208855062e-05,0.0,0.0,0.0029973616431946673,0.9982669659514926
exdark,2015_04934,1,1280,720,26.039865451388888,0.7557573784722222,0.7982139756944444,0.8212478298611111,0.8498708767361111,0.852529296875,0.8721256510416666,0.0,0.0,2.0,15.0,102.0,2.3724637869249636,4.653155102255345,0.7554079861111112,0.7976822916666667,0.8206901041666667,0.8494010416666666,0.8521137152777778,0.8715494791666667,0.0,0.0,2.0,15.0,103.0,2.3768554084461857,4.658050672847254,0.7545833333333334,0.7968229166666667,0.8199739583333333,0.8484722222222222,0.8511631944444444,0.8701822916666667,0.0,0.0,2.0,15.0,104.0,2.383740944321426,4.664068918416638,0.7545486111111112,0.7967361111111111,0.8197916666666667,0.8491145833333333,0.8515104166666667,0.8702604166666666,0.0,0.0,2.0,15.0,104.0,2.383104132760224,4.661097860169084,0.0015018725226058566,0.0010880146660629897,0.001175177297199552,0.0,1.6476782908080085,0.009507406371295112,0.8562098524305556
exdark,2015_04935,1,1280,720,30.67087890625,0.642509765625,0.7137272135416667,0.7684526909722222,0.8193815104166666,0.8229947916666667,0.8448101128472222,0.0,1.0,6.0,28.0,99.0,3.02164372382687,5.455947872443412,0.6423003472222222,0.7134635416666667,0.7680034722222222,0.8191579861111111,0.8228385416666667,0.8446918402777778,0.0,1.0,6.0,28.0,99.0,3.0250293958758148,5.45994124288746,0.6420659722222222,0.7129513888888889,0.7672743055555555,0.8189409722222222,0.8227951388888889,0.8445225694444445,0.0,1.0,6.0,28.0,99.0,3.029012839728664,5.462595006289726,0.6424479166666667,0.713125,0.7671354166666666,0.81890625,0.823125,0.8448090277777778,0.0,1.0,6.0,28.0,99.0,3.030015254094149,5.46460802500707,0.001513095395003137,0.0013432002732440007,0.000942789859887895,0.33071891388307384,0.5994789404140899,0.0088727759131545,0.8192925347222222
exdark,2015_04967,1,1024,682,14.819775533815982,0.7499355640579178,0.8038956538673021,0.8456329614186217,0.8996245532441349,0.9046777630131965,0.9342538604288856,0.0,1.0,2.0,16.0,48.0,2.3459248039724607,4.660680178153288,0.750639619883041,0.8044076663011696,0.8463484557748538,0.8998309576023392,0.9047994334795322,0.9340848866959064,0.0,1.0,2.0,15.0,48.0,2.341349907334556,4.6540292947708295,0.7505791242732558,0.8042673510174418,0.8459302325581395,0.8994481286337209,0.9044331395348837,0.9334801962209303,0.0,1.0,2.0,15.0,48.0,2.340192875292328,4.648019928452614,0.7503179505813954,0.8042787063953488,0.8464071584302325,0.8993686409883721,0.9045921148255814,0.9337300145348837,0.0,1.0,2.0,15.0,48.0,2.339422476503472,4.643553665908159,0.001059478246954453,0.0011229947383133063,0.0008477916319585368,0.0,0.46351240544347894,0.006513979037137238,0.9048495921920822
exdark,2015_04985,1,640,426,6.653572476525822,0.8825924295774648,0.9266945422535211,0.9526115023474179,0.9784330985915493,0.9802009976525822,0.9895649941314554,0.0,1.0,2.0,7.0,18.0,1.9666214588750384,3.9564139575825044,0.8828709112149533,0.9268253504672898,0.9534316588785047,0.9789865654205607,0.9808557242990654,0.9904351635514018,0.0,1.0,2.0,6.0,18.0,1.9586500883653706,3.9459053020643378,0.8853587962962963,0.9286458333333333,0.9547453703703703,0.9794560185185185,0.9812789351851852,0.9905092592592593,0.0,1.0,2.0,6.0,17.0,1.9429791092550053,3.9183440710773514,0.8880208333333334,0.9306712962962963,0.9568287037037037,0.9803240740740741,0.9823495370370371,0.9914351851851851,0.0,1.0,2.0,6.0,17.0,1.9325834219419946,3.8972153792922177,0.002571740844849461,0.001709376985389142,0.0009896548255171464,0.0,0.5555121510822243,0.01582733908883837,0.9824860622065728
exdark,2015_04986,1,426,640,12.46459433685446,0.7835460680751174,0.840837734741784,0.8850242077464788,0.9306007922535211,0.9336854460093896,0.9519146126760564,0.0,0.0,1.0,12.0,36.0,1.9460187702728309,4.1451206009580055,0.7845064252336449,0.8420852803738318,0.8858206775700934,0.9316004672897197,0.9347108644859813,0.9522926401869158,0.0,0.0,1.0,12.0,36.0,1.9379295649222466,4.132138563261157,0.7867990654205608,0.8438960280373832,0.8873539719626168,0.9323890186915887,0.9356016355140186,0.9529497663551402,0.0,0.0,1.0,11.0,35.0,1.9232655299861376,4.109224337946808,0.7856481481481481,0.8434606481481481,0.8874421296296297,0.9317708333333333,0.9347222222222222,0.9524305555555556,0.0,0.0,1.0,12.0,36.0,1.9305387712166748,4.1127336276949675,0.004111405123205369,0.0026530795591067874,0.00205858509031599,0.0,0.7261843774138906,0.020236034947165367,0.9483274647887324
exdark,2015_04997,1,338,506,25.812030778585964,0.7120237621909863,0.763816451107421,0.802389082489417,0.8388567953785345,0.8423182169001567,0.8638994784479734,0.0,0.0,3.0,21.0,96.0,2.4570295552880674,4.657580268488601,0.7117183881426586,0.7627836961556276,0.8022232515053266,0.8380268642890227,0.8415470125057897,0.863154238073182,0.0,0.0,3.0,21.0,98.0,2.455619463499624,4.650028229880745,0.7123161764705882,0.7624540441176471,0.7997702205882353,0.8369944852941177,0.8408547794117647,0.8627297794117647,0.0,0.0,2.0,21.0,98.0,2.4397351390944837,4.619310192921487,0.7142078488372093,0.7637172965116279,0.80078125,0.8385719476744186,0.841297238372093,0.8620094476744186,0.0,0.0,2.0,21.0,99.0,2.427300121530522,4.589177655110582,0.0019094853029663905,0.0030057870091860766,0.002162201851833779,0.46351240544347894,2.714975828621684,0.017786392552057353,0.8275662464625675
exdark,2015_04999,1,428,640,22.540635952102804,0.6864266939252337,0.7425963785046729,0.7878358644859813,0.8496677862149533,0.8559688960280374,0.8899350175233645,0.0,0.0,4.0,25.0,69.0,2.724136186498585,5.17179792843462,0.6856892523364486,0.7420268691588785,0.788142523364486,0.8509345794392523,0.8573452102803738,0.8908148364485982,0.0,0.0,4.0,25.0,69.0,2.7233555259373707,5.169706621404787,0.6846086448598131,0.7410046728971963,0.7872079439252336,0.8498831775700935,0.8567464953271028,0.8904205607476635,0.0,0.0,4.0,25.0,69.0,2.7299521611565503,5.174953429158666,0.6813657407407407,0.7385416666666667,0.786400462962963,0.8497685185185185,0.8566550925925925,0.8891782407407407,0.0,0.0,4.0,25.0,69.0,2.7449161937778745,5.186031557599915,0.0025572963410122698,0.0018644780863884404,0.002027928083281522,0.0,1.1110243021644486,0.017294697397410696,0.8514310747663552
exdark,2015_05000,1,1024,682,0.6042774010263929,0.9931010584677419,0.9980368516312317,0.9997665986986803,1.0,1.0,1.0,0.0,0.0,0.0,0.0,1.0,0.3247397959716743,1.2179840445470143,0.9929527595029239,0.9979954769736842,0.999743009868421,1.0,1.0,1.0,0.0,0.0,0.0,0.0,1.0,0.3263041518521884,1.2220232510651121,0.992664425872093,0.9979673873546512,0.9997047601744186,1.0,1.0,1.0,0.0,0.0,0.0,0.0,1.0,0.32770677431085066,1.2253441447579108,0.9927098473837209,0.9979560319767442,0.9997274709302325,1.0,1.0,1.0,0.0,0.0,0.0,0.0,1.0,0.32800945423201305,1.2258087389637395,0.00030820357751331696,4.975281612873705e-05,0.0,0.0,0.0,0.0023944727456747306,1.0
exdark,2015_05003,1,1022,602,1.4637574685815709,0.9941015271989649,0.9958650551651053,0.9966192274934823,0.9972401193672754,0.9972710014238253,0.9976805950159612,0.0,1.0,1.0,1.0,2.0,0.9511319862488593,1.7398665599865721,0.9941276903973509,0.9958803290562914,0.9966628725165563,0.9972837334437086,0.9973096026490066,0.9977041080298014,0.0,1.0,1.0,1.0,2.0,0.9503981756059586,1.7377818151654318,0.9941663240131579,0.9958881578947368,0.9966848273026315,0.9972502055921053,0.9972887541118421,0.9977127878289473,0.0,1.0,1.0,1.0,2.0,0.9476123599311623,1.7403474599494628,0.994397615131579,0.9960680509868421,0.9967619243421053,0.997327302631579,0.9973530016447368,0.9976099917763158,0.0,1.0,1.0,1.0,2.0,0.9474397151972965,1.7543126272050977,0.00016700391434543933,0.00010488862172832444,0.00010795741759276657,0.0,0.0,0.0055692557101374,0.9975018041622511
exdark,2015_05026,1,1600,1066,17.952546318011258,0.7699290572232645,0.8263373592870544,0.8675504221388368,0.9142219746716698,0.9170397514071295,0.9314305816135084,0.0,1.0,4.0,14.0,41.0,2.6531828395538275,4.965153469162519,0.7698993445692884,0.8261165730337079,0.8672425093632958,0.9139747191011236,0.9168164794007491,0.9311680711610487,0.0,1.0,4.0,14.0,41.0,2.654375656181769,4.967402993555871,0.7696501865671642,0.8257555970149254,0.8669916044776119,0.9136287313432836,0.9164878731343283,0.9308208955223881,0.0,1.0,4.0,14.0,42.0,2.65582034702611,4.968658320153993,0.7693097014925373,0.8254384328358209,0.8665485074626865,0.9129011194029851,0.915625,0.9303544776119403,0.0,1.0,4.0,14.0,42.0,2.656079007773519,4.968914675411424,0.0009749118620214506,0.0007431951156995336,0.0008256475564892547,0.0,0.4841229182759271,0.0028931588728089664,0.9146429409005629
exdark,2015_05027,1,534,800,0.3651076779026217,0.9960276217228464,0.9976053370786517,0.9983473782771536,0.9990262172284644,0.9990917602996254,0.9993796816479401,0.0,0.0,0.0,0.0,1.0,0.15877210169940267,0.7091860766676076,0.9959888059701493,0.9975,0.9981529850746269,0.9989365671641791,0.9990205223880597,0.9992817164179104,0.0,0.0,0.0,0.0,1.0,0.1583371565639943,0.7068788527009424,0.9961194029850746,0.9975373134328358,0.9981529850746269,0.9989179104477612,0.9990298507462687,0.9992910447761194,0.0,0.0,0.0,0.0,1.0,0.15885518445511287,0.7083929901727285,0.9960820895522388,0.9972014925373134,0.9977611940298508,0.998544776119403,0.9986567164179104,0.9990298507462687,0.0,0.0,0.0,0.0,1.0,0.160924112130407,0.7125413127296379,0.0004678106679058222,0.0003164782530214191,0.0003008494046208669,0.0,0.4330127018922193,0.004216804153794396,0.9993328651685394
exdark,2015_05028,1,640,426,33.07982687793427,0.6344740316901408,0.685955839201878,0.725737235915493,0.7768669307511737,0.7818111795774648,0.8144732981220657,0.0,0.0,5.0,38.0,117.0,3.0049483950063274,5.464248227639782,0.6358644859813084,0.6873539719626168,0.727161214953271,0.7784170560747663,0.7830023364485982,0.8160192757009346,0.0,0.0,5.0,38.0,116.0,2.993071221375304,5.4509519659494305,0.6389467592592593,0.6902199074074075,0.7301504629629629,0.7805555555555556,0.7852430555555555,0.8159722222222222,0.0,0.0,5.0,37.0,117.0,2.973231550634908,5.423338790746676,0.6420138888888889,0.694212962962963,0.7332175925925926,0.7839699074074075,0.7890046296296296,0.8185763888888888,0.0,0.0,5.0,36.0,115.0,2.953759773732285,5.397004260132265,0.0041353735677687,0.003910336321354769,0.0031842733343050694,0.0,1.4128318194321643,0.0252100416904603,0.7853799882629108
exdark,2015_05054,1,500,374,19.513326203208557,0.7470267379679144,0.8482459893048129,0.8905989304812835,0.9244171122994652,0.9260053475935829,0.9359358288770053,1.0,2.0,8.0,16.0,35.0,3.068247551611571,5.2469441830152785,0.7459148936170212,0.8475744680851064,0.8896382978723404,0.9238085106382978,0.9253617021276596,0.9350425531914893,1.0,2.0,8.0,16.0,35.0,3.0672877339490237,5.244347481490677,0.742,0.8441276595744681,0.8874468085106383,0.9218297872340425,0.9234893617021277,0.933531914893617,1.0,2.0,8.0,16.0,36.0,3.0915363453891835,5.261229793008814,0.7424012158054711,0.8460824045930428,0.889564336372847,0.9242654508611955,0.9264606551840594,0.9365079365079365,1.0,2.0,8.0,16.0,35.0,3.0791922918328027,5.2519257614373025,0.003467679807309862,0.0031754175294075432,0.002723573700919305,0.0,0.9354143466934853,0.01800680003606171,0.9254491978609626
exdark,2015_05058,1,500,374,6.694267379679144,0.8769197860962566,0.9152192513368984,0.9304385026737968,0.9675935828877006,0.9701016042780749,0.9864010695187165,0.0,0.0,1.0,7.0,19.0,1.6032908470425378,3.6173045604596603,0.8755957446808511,0.9129787234042553,0.9286382978723404,0.9670212765957447,0.969531914893617,0.9860638297872341,0.0,0.0,1.0,7.0,20.0,1.610940151552271,3.6279551895521753,0.880127659574468,0.9175744680851063,0.932,0.9685531914893617,0.9706808510638298,0.9872340425531915,0.0,0.0,1.0,7.0,19.0,1.5994813652536284,3.6072540573750245,0.878419452887538,0.9168355285376562,0.9324552516041877,0.9685072610604526,0.9706180344478217,0.9871664978047957,0.0,0.0,1.0,7.0,19.0,1.599375889112548,3.6037369996566078,0.003960627320329555,0.0033742060318711544,0.0016351272460206523,0.0,0.8660254037844386,0.019210911760424786,0.9692566844919787
exdark,2015_05068,1,640,428,4.667435747663552,0.9354373539719626,0.9580972546728972,0.9721378504672897,0.9840683411214953,0.9848495911214953,0.9909134053738318,0.0,0.0,1.0,5.0,10.0,1.4623388644512225,3.4072038162956186,0.935294976635514,0.9582359813084113,0.9721816588785047,0.9840245327102803,0.9849883177570093,0.9908002336448598,0.0,0.0,1.0,5.0,10.0,1.4608105313368618,3.4043576999510567,0.9352719907407407,0.9594328703703704,0.9733506944444444,0.9839699074074074,0.9847800925925926,0.9907986111111111,0.0,0.0,1.0,5.0,10.0,1.453624293922573,3.3917585637077248,0.9351273148148148,0.9592013888888888,0.9736689814814815,0.9835648148148148,0.9846064814814814,0.9907407407407407,0.0,0.0,1.0,5.0,10.0,1.4546128123755286,3.3911373447812063,0.0007661561026021481,0.0009027626795919538,0.0005154448093290887,0.0,0.0,0.007994427825545868,0.9864084404205608
exdark,2015_05084,1,640,640,0.6306494140625,0.99612548828125,0.9967578125,0.99711669921875,0.99749267578125,0.99751220703125,0.997744140625,0.0,0.0,0.0,0.0,0.0,0.11746119796174405,0.5331115867454601,0.99615234375,0.9967578125,0.997080078125,0.9975,0.997509765625,0.997744140625,0.0,0.0,0.0,0.0,0.0,0.11732950000981855,0.5311675232351412,0.996171875,0.99673828125,0.99705078125,0.99744140625,0.99744140625,0.9976953125,0.0,0.0,0.0,0.0,0.0,0.11538868499217983,0.5218177299204249,0.9965234375,0.996953125,0.997109375,0.9973046875,0.9973046875,0.9976171875,0.0,0.0,0.0,0.0,0.0,0.11430567157004823,0.5172261717617356,0.00017912336609889713,0.00014300473286724995,0.00011110410403302285,0.0,0.0,0.002294883658669524,0.9974462890625
exdark,2015_05090,1,640,426,4.740129841549296,0.9598041373239437,0.9695422535211268,0.9743948063380282,0.9797645246478873,0.9802303403755869,0.982706132629108,0.0,0.0,0.0,2.0,5.0,0.8969531934021344,2.4615354202033366,0.9598568925233645,0.9696115654205607,0.974766355140187,0.9800671728971962,0.9806366822429906,0.9831045560747663,0.0,0.0,0.0,2.0,5.0,0.8958522237337273,2.4571100633964202,0.9597511574074075,0.9702835648148148,0.975318287037037,0.9803819444444445,0.981105324074074,0.9838541666666667,0.0,0.0,0.0,2.0,5.0,0.8856748799278381,2.434745947606517,0.9590277777777778,0.969849537037037,0.9748842592592593,0.9799189814814815,0.9810763888888889,0.9840277777777777,0.0,0.0,0.0,2.0,5.0,0.8942893829977778,2.4455113843966623,0.0006609344843223037,0.0007536211501481596,0.0007579994214069504,0.0,0.0,0.011059439581240943,0.9789575997652582
exdark,2015_05123,1,480,640,0.7032161458333334,0.9903287760416667,0.9931705729166667,0.99515625,0.9982063802083333,0.9984375,0.9996223958333333,0.0,0.0,0.0,0.0,1.0,0.2717556361236066,1.0453206485156903,0.9903125,0.9931770833333333,0.9951432291666666,0.9981510416666667,0.9984375,0.9996354166666667,0.0,0.0,0.0,0.0,1.0,0.27477935411837145,1.053105341894773,0.9903385416666667,0.993203125,0.9951302083333333,0.9982291666666666,0.9985416666666667,0.999609375,0.0,0.0,0.0,0.0,1.0,0.2762708480476006,1.0581941094533311,0.9903645833333333,0.9931770833333333,0.9947916666666666,0.99828125,0.9986458333333333,0.99953125,0.0,0.0,0.0,0.0,1.0,0.27293306196260536,1.0451868705774694,0.000309073417427033,0.0001957460465934057,0.0001647019614671025,0.0,0.0,0.00393253788448003,0.999990234375
exdark,2015_05127,1,640,402,0.609814210199005,0.9888720460199005,0.9928482587064676,0.9954718594527363,0.9980216106965174,0.9981693097014925,0.9990049751243781,0.0,0.0,0.0,0.0,0.0,0.16450609613888173,0.6411585048651829,0.9887221534653465,0.9930228960396039,0.9955600247524753,0.9979733910891089,0.9981435643564357,0.9989789603960396,0.0,0.0,0.0,0.0,0.0,0.16431747492779364,0.6397508076171605,0.9884191176470588,0.9931066176470589,0.9954044117647058,0.9979779411764705,0.9981311274509804,0.9989583333333333,0.0,0.0,0.0,0.0,0.0,0.16494340400835794,0.6398651693400307,0.9880514705882353,0.9930759803921568,0.9956495098039215,0.9982230392156862,0.9982843137254902,0.999203431372549,0.0,0.0,0.0,0.0,0.0,0.16481533767725945,0.6371674468447912,0.0005204405271112268,0.0003417416440965667,0.00015496152715780917,0.0,0.0,0.0019870232901892265,0.9987251243781095
exdark,2015_05129,1,640,426,5.384936179577465,0.9125843603286385,0.9453161678403755,0.9585240610328638,0.9847821302816901,0.987118544600939,0.9966219190140845,0.0,0.0,2.0,5.0,14.0,1.6616732019805338,3.687793002248897,0.9130110981308411,0.9451226635514018,0.9581775700934579,0.9854264018691589,0.9875584112149532,0.9964807242990654,0.0,0.0,2.0,5.0,14.0,1.6609432420582488,3.6854249046869496,0.9117766203703703,0.9444155092592592,0.9573206018518519,0.9859085648148148,0.98828125,0.9969039351851852,0.0,0.0,2.0,5.0,14.0,1.6658420111155199,3.6899335621799554,0.9143518518518519,0.945949074074074,0.9589699074074074,0.985474537037037,0.9879629629629629,0.9969328703703704,0.0,0.0,2.0,5.0,14.0,1.654753968465242,3.6724326381432006,0.0020150941401853913,0.001619284683134422,0.0010484546151802673,0.0,0.33071891388307384,0.011987418626581701,0.9970253814553991
exdark,2015_05138,1,682,1024,3.242092993951613,0.957974878574047,0.9664116912573314,0.9721493539222874,0.9799962197580645,0.9806062133431085,0.9846900201612904,0.0,0.0,0.0,0.0,2.0,0.4451605891554987,1.3788793426532093,0.9582590917397661,0.9664427997076024,0.9720680281432749,0.9799776133040936,0.9806343658625731,0.9845805921052632,0.0,0.0,0.0,0.0,2.0,0.44411113258870455,1.375692443529406,0.9589501096491229,0.9674936038011696,0.9729874817251462,0.9807999817251462,0.9814510233918129,0.9851859466374269,0.0,0.0,0.0,0.0,2.0,0.4453543876333418,1.3835560621072942,0.9596884084302325,0.9676371729651163,0.9727698037790697,0.9806731468023255,0.9812636264534884,0.9850790334302325,0.0,0.0,0.0,0.0,2.0,0.44123810352737886,1.372989141013565,0.0007863885884852265,0.0006519371263601848,0.0005513449057632897,0.0,0.33071891388307384,0.004843745165456811,0.9802367806085044
exdark,2015_05143,1,682,1024,2.8908283311950145,0.9521527332294721,0.9690693158907625,0.981778947489003,0.9916963549303519,0.9921015854105572,0.9942652011546921,0.0,0.0,0.0,1.0,5.0,0.759747128525539,2.20238944855945,0.952022797880117,0.9686472039473685,0.9816280610380117,0.9915535910087719,0.9919761970029239,0.9942776864035088,0.0,0.0,0.0,1.0,5.0,0.7591982263334099,2.2001709098049997,0.951468841374269,0.968030427631579,0.9814510233918129,0.991467927631579,0.9917991593567251,0.9939921418128655,0.0,0.0,0.0,1.0,5.0,0.7598235590682972,2.1997608837992817,0.9524663880813954,0.9687045784883721,0.9817859738372093,0.9918468386627907,0.9920966569767442,0.9941860465116279,0.0,0.0,0.0,1.0,5.0,0.7582265805583159,2.194594844651363,0.0008508249298980847,0.0005727001850832353,0.0003110991286778233,0.0,0.0,0.003406835058614937,0.9933201406708211
exdark,2015_05147,1,458,500,23.918842794759826,0.7957729257641921,0.8172314410480349,0.8332751091703057,0.8558427947598253,0.8578296943231442,0.8723187772925765,0.0,0.0,0.0,7.0,98.0,1.7095478296063504,3.4139641200882007,0.7960869565217391,0.8177043478260869,0.8343130434782609,0.856504347826087,0.8583130434782609,0.8732173913043478,0.0,0.0,0.0,7.0,95.0,1.7070658248125479,3.411481917284508,0.7965148378191856,0.8174258109040717,0.8337474120082816,0.8570393374741201,0.8589026915113872,0.8734989648033127,0.0,0.0,0.0,7.0,95.0,1.7061770350393968,3.411160385311553,0.7949507389162561,0.8161603721948549,0.8323754789272031,0.8559797482211275,0.8576902025177887,0.8724685276409414,0.0,0.0,0.0,7.0,98.0,1.7171303658298247,3.4181936880121366,0.0017463629728827535,0.0017794680440535579,0.0015990469593050592,0.0,2.7775607554111215,0.012702842694944342,0.8460043668122271
exdark,2015_05154,1,640,426,3.020455545774648,0.9725572183098592,0.9803697183098592,0.9850425469483568,0.9897410504694836,0.9900968309859155,0.9926423122065727,0.0,0.0,1.0,2.0,5.0,1.0749764385258676,2.7492010975013668,0.9726781542056074,0.9800963785046729,0.9848714953271028,0.9896758177570093,0.990026285046729,0.992508761682243,0.0,0.0,1.0,2.0,5.0,1.0756311119294448,2.747607301691701,0.972019675925926,0.9795428240740741,0.9847800925925926,0.9899594907407407,0.9903645833333333,0.9926793981481481,0.0,0.0,1.0,2.0,5.0,1.0730857701690546,2.740993810611396,0.9733217592592592,0.9806712962962963,0.9855902777777777,0.9904513888888888,0.9906828703703704,0.992824074074074,0.0,0.0,1.0,2.0,5.0,1.0689716646057361,2.7310054595117736,0.0009472467248856201,0.0006865646247270047,0.0004725337491255368,0.0,0.0,0.008766359164981046,0.9906176643192488
exdark,2015_05176,1,700,524,5.582900763358778,0.9160250817884406,0.9447682660850599,0.9618157033805889,0.981019629225736,0.982418211559433,0.9891303162486369,0.0,0.0,1.0,5.0,13.0,1.5649832178424052,3.570719532238923,0.9164776444929117,0.9447001090512541,0.9619411123227917,0.9817230098146129,0.9830425299890949,0.9895419847328244,0.0,0.0,1.0,5.0,13.0,1.5534543270728816,3.5519630939538485,0.9166233766233767,0.9451515151515152,0.9622077922077922,0.9824675324675325,0.9838961038961039,0.9902380952380953,0.0,0.0,1.0,5.0,13.0,1.5556608049069875,3.5526637447491223,0.9121470385674931,0.9419765840220385,0.959409435261708,0.981146694214876,0.9828254132231405,0.9893681129476584,0.0,0.0,1.0,5.0,14.0,1.5734819131475661,3.580993349348436,0.004893815009862208,0.00440360648366139,0.002808623954641985,0.0,0.7806247497997998,0.023749799782387934,0.9841139585605234
exdark,2015_05195,1,524,326,37.90813937151688,0.5405973399522316,0.6132335034889711,0.6634606378494825,0.7279773333957757,0.7338430197161991,0.7742705942958835,0.0,2.0,12.0,55.0,122.0,3.6984296057632897,6.128916369929487,0.5379584807298454,0.6124557810463601,0.6637497672686651,0.7282628933159561,0.7343139080245764,0.7749953453733011,0.0,2.0,12.0,54.0,122.0,3.6988983842550014,6.128630057465829,0.5262055483150251,0.5992831874883634,0.6519270154533606,0.7185812697821635,0.7252839322286353,0.7661515546453175,0.0,2.0,13.0,57.0,126.0,3.766095136088628,6.18660576188899,0.5271618625277162,0.6014412416851441,0.6538248337028825,0.7202512934220251,0.7274575018477457,0.7676459719142646,0.0,2.0,13.0,57.0,124.0,3.7494340674370985,6.164117871582098,0.010353480853533697,0.009718950183867764,0.007939926601905541,0.7071067811865476,2.4677608777999542,0.05629490630147761,0.704116517585351
exdark,2015_05200,1,640,480,0.866064453125,0.9912076822916667,0.9932259114583334,0.9941373697916667,0.9953776041666667,0.9954817708333333,0.996298828125,0.0,0.0,0.0,0.0,1.0,0.21330569316902834,0.8263488723361738,0.99125,0.9931119791666667,0.9941536458333333,0.9955208333333333,0.9955989583333333,0.9964192708333334,0.0,0.0,0.0,0.0,1.0,0.21440191536580083,0.8289656570923668,0.99078125,0.99265625,0.9937239583333334,0.9949739583333334,0.995078125,0.9959895833333333,0.0,0.0,0.0,0.0,0.0,0.21421831830290303,0.8229202756732976,0.9909895833333333,0.99265625,0.9938541666666667,0.9950520833333333,0.9952083333333334,0.9960416666666667,0.0,0.0,0.0,0.0,0.0,0.2137847764471261,0.8186507987445961,0.0004890077061235502,0.00037915841677007265,0.0004409816203613538,0.0,0.49607837082461076,0.0019165158376035947,0.9951725260416666
exdark,2015_05203,1,640,480,7.306839192708333,0.8862076822916667,0.9250553385416667,0.94576171875,0.966171875,0.967783203125,0.9773828125,0.0,0.0,2.0,6.0,17.0,1.771845748789611,3.898395884743453,0.8866145833333333,0.9250651041666667,0.9463151041666666,0.9664973958333334,0.9682161458333334,0.9774088541666667,0.0,0.0,2.0,6.0,17.0,1.7712806307460862,3.895252988582232,0.88734375,0.9249739583333333,0.94625,0.9670572916666667,0.96875,0.977578125,0.0,0.0,2.0,6.0,17.0,1.7690918492235794,3.8886408726548254,0.8878125,0.9248958333333334,0.9461458333333334,0.9670833333333333,0.9688541666666667,0.97765625,0.0,0.0,2.0,6.0,17.0,1.76864013503918,3.884958683882404,0.0013993875223432119,0.0008230722014804416,0.0005767417144452123,0.0,0.46351240544347894,0.004147283830986041,0.973583984375
exdark,2015_05205,1,640,480,2.535345052083333,0.956435546875,0.9662174479166666,0.97466796875,0.984609375,0.9857779947916666,0.99251953125,0.0,0.0,0.0,1.0,5.0,0.6123177682187378,1.8421082897352676,0.9571744791666666,0.966875,0.9751692708333334,0.9848567708333333,0.9859635416666667,0.9925,0.0,0.0,0.0,1.0,4.0,0.6095909963747767,1.8351204106636587,0.9573958333333333,0.9669791666666666,0.97546875,0.985,0.9859635416666667,0.9924739583333333,0.0,0.0,0.0,1.0,5.0,0.6113274838541767,1.8384031201643458,0.9585416666666666,0.9680208333333333,0.9769791666666666,0.98578125,0.9869270833333333,0.9928645833333334,0.0,0.0,0.0,0.0,4.0,0.5989114307248716,1.8122951419480866,0.001793661145923742,0.0012734980760558251,0.0009632721945117084,0.0,0.49607837082461076,0.0102700008734598,0.9881022135416667
exdark,2015_05209,1,428,640,5.1295706775700936,0.9122042932242991,0.954618136682243,0.9782345210280374,0.9914902161214953,0.9920597254672897,0.9945787091121495,0.0,0.0,2.0,5.0,14.0,1.629982808321865,3.608968430189,0.9122371495327103,0.9547605140186916,0.978446261682243,0.9917202102803738,0.9921875,0.9945823598130841,0.0,0.0,2.0,5.0,14.0,1.6330264519715478,3.610965333450132,0.9110689252336449,0.9543808411214953,0.977803738317757,0.9918808411214953,0.992464953271028,0.9948306074766355,0.0,0.0,2.0,5.0,14.0,1.6385835979546228,3.6178036385750336,0.9116898148148148,0.9555555555555556,0.9784143518518519,0.9925925925925926,0.9933449074074074,0.9951388888888889,0.0,0.0,2.0,5.0,14.0,1.6301869665684794,3.6000055592229203,0.0015205224597328623,0.0011761162096298975,0.0008492276459331387,0.0,0.0,0.008342071833469909,0.9932608060747663
exdark,2015_05246,1,612,612,5.685155816139091,0.9271514161220044,0.9482891195693964,0.9637799564270153,0.9803868170361827,0.9816416762783545,0.9922492417446281,2.0,2.0,3.0,4.0,10.0,2.168142183219329,3.11561784618242,0.927517194241531,0.948395916100645,0.9642338416848221,0.98040283651587,0.9814494425221069,0.9921397753000982,2.0,2.0,3.0,4.0,10.0,2.1665448513286316,3.1075440523174556,0.9277650454121043,0.9492190815720227,0.9647525676937442,0.980646804176216,0.9818351583057465,0.9920422714540361,2.0,2.0,3.0,4.0,10.0,2.1661387422605194,3.1097175616448425,0.9278124472929667,0.9498650699949401,0.9650025299375948,0.9807724742789677,0.981995277449823,0.9920306965761512,2.0,2.0,3.0,4.0,10.0,2.162256577141862,3.0982711686748603,0.001107692251665338,0.0006824217897078036,0.000359487755206817,0.0,0.46351240544347894,0.005740736536968443,0.9973834849844077
exdark,2015_05251,1,556,566,17.458931794493733,0.7292339273457559,0.8224858275923431,0.8776565320182017,0.9176093753972088,0.9205391870249383,0.9391571548414979,0.0,2.0,6.0,17.0,39.0,2.890293900383007,5.198868055390348,0.7297218563177627,0.8234750227986625,0.8788124430033438,0.9177094943763299,0.9207113182693282,0.9388615867869085,0.0,2.0,6.0,17.0,39.0,2.883315624591498,5.19134658461511,0.7280626203262742,0.8226770696119161,0.8779764920458,0.9177728239943257,0.920863309352518,0.9393555578072753,0.0,2.0,6.0,17.0,39.0,2.8879465987537336,5.193015322654734,0.7304325955734406,0.8256036217303823,0.8786720321931589,0.9183601609657948,0.9217806841046278,0.9398893360160966,0.0,2.0,6.0,17.0,39.0,2.8753273182774364,5.177658121210124,0.0026053688402385756,0.0017928748304093225,0.0013503710255663498,0.0,0.9270248108869579,0.011832613105388584,0.923990136512698
exdark,2015_05253,1,1024,680,1.3738654641544117,0.9923397288602941,0.9981689453125,0.9992977366727941,0.9997170840992647,0.9997300091911765,0.9997673483455882,0.0,0.0,0.0,1.0,4.0,0.6920421696287493,2.0606137617200213,0.9924287683823529,0.9981904871323529,0.9992819393382353,0.99970703125,0.9997242647058824,0.9997702205882353,0.0,0.0,0.0,1.0,4.0,0.6932164404043791,2.0623984043163928,0.9924057904411765,0.9982421875,0.9993336397058824,0.9997472426470588,0.9997587316176471,0.9997931985294117,0.0,0.0,0.0,1.0,4.0,0.6939144709678052,2.0625555355561844,0.9925321691176471,0.9983226102941176,0.9994485294117647,0.9997931985294117,0.9998161764705882,0.9998161764705882,0.0,0.0,0.0,1.0,4.0,0.693366614838738,2.0608201191009163,0.0002409775634788486,7.87513204897319e-05,4.412422879059339e-05,0.0,0.0,0.0020805748221352175,0.9996797449448529
exdark,2015_05262,1,640,424,16.161611880896228,0.7683925412735849,0.8360001474056604,0.8779554834905661,0.9240271226415094,0.9277564858490566,0.9505490860849056,3.0,5.0,9.0,15.0,38.0,3.4677629509356964,5.082169427436448,0.7694428066037736,0.8365713443396227,0.8783903301886793,0.9239681603773585,0.9276680424528302,0.9507370283018868,3.0,5.0,9.0,14.0,38.0,3.4682998158526765,5.075116181108565,0.7710495283018868,0.8375589622641509,0.8781544811320755,0.9236438679245284,0.9274469339622642,0.9512971698113207,3.0,5.0,9.0,14.0,38.0,3.4653014896580565,5.063638949417459,0.7712853773584906,0.8377358490566038,0.8785377358490566,0.9229952830188679,0.9267688679245283,0.9502358490566037,3.0,5.0,8.0,14.0,38.0,3.4632154812081617,5.058475988259645,0.0013293455257459912,0.001006657634959654,0.0010926926181159611,0.4841229182759271,0.4841229182759271,0.004628285346740018,0.9274506191037736
exdark,2015_05267,1,1600,1060,14.06976591981132,0.8461650943396226,0.8654186320754716,0.8806762971698113,0.9021055424528301,0.9043325471698114,0.9188478773584906,0.0,0.0,0.0,3.0,46.0,1.3855944631786754,3.1740689721593864,0.8463301886792453,0.8655165094339623,0.880808962264151,0.9021533018867924,0.9042948113207547,0.9187783018867924,0.0,0.0,0.0,3.0,46.0,1.3849448610499693,3.171904663560934,0.8450845864661655,0.8640648496240602,0.879187030075188,0.9004793233082706,0.9025751879699249,0.9170253759398497,0.0,0.0,0.0,3.0,47.0,1.3971202338895703,3.1861373112902966,0.845140977443609,0.8643327067669173,0.8790977443609023,0.8998496240601503,0.9019924812030076,0.9164849624060151,0.0,0.0,0.0,3.0,48.0,1.3981094977153505,3.186278141549423,0.0019721041144959307,0.0019008056582186991,0.0019767255297295627,0.0,1.8614090764794289,0.014667260138700774,0.8963443396226415
exdark,2015_05277,1,1024,662,3.6624132600075527,0.9637491739048338,0.9692220543806647,0.9729866880664653,0.9777573876510574,0.9781955131231118,0.9809054003021148,0.0,0.0,0.0,0.0,0.0,0.3140015689162114,0.8811447913878869,0.9641378012048193,0.969761859939759,0.9735681005271084,0.9782861916415663,0.9786921121987951,0.981410015060241,0.0,0.0,0.0,0.0,0.0,0.31101623200347484,0.8746022876806054,0.9637142319277109,0.9693853539156626,0.9731739457831325,0.9776096573795181,0.9780449924698795,0.9808334902108434,0.0,0.0,0.0,0.0,0.0,0.3171865197192068,0.8864347724634355,0.9631730045180723,0.9689853162650602,0.9730798192771084,0.977503765060241,0.9779508659638554,0.9807981927710844,0.0,0.0,0.0,0.0,0.0,0.320214657859312,0.8932088962707724,0.0008837192476328775,0.0008518040597678524,0.0008851040976302815,0.0,0.0,0.0064381885638978495,0.9765654503398792
exdark,2015_05289,1,640,426,1.4923708920187793,0.9837221244131455,0.9890955105633803,0.9918720657276995,0.9946119424882629,0.9948540199530517,0.9962294600938967,0.0,0.0,0.0,0.0,3.0,0.47296188107117343,1.5620202848930393,0.9837616822429907,0.9890332943925234,0.9913697429906542,0.9943341121495327,0.9946115654205607,0.9961594626168224,0.0,0.0,0.0,0.0,3.0,0.47753532197330717,1.5707322002051713,0.9836226851851851,0.9892650462962963,0.9916087962962963,0.9941840277777778,0.99453125,0.9961516203703704,0.0,0.0,0.0,0.0,3.0,0.48057157740533524,1.5751610368278095,0.9825231481481481,0.9883680555555555,0.9906828703703704,0.9933449074074074,0.99375,0.9956018518518519,0.0,0.0,0.0,0.0,3.0,0.48622841553915963,1.5835566742545346,0.0007584248607538244,0.0008136209221112571,0.0005691030227995504,0.0,0.0,0.0064744638456358874,0.9957012910798122
exdark,2015_05302,1,640,498,10.806359814257029,0.8680879769076305,0.9132969377510041,0.9381557479919679,0.9570845883534137,0.9586439508032129,0.9675483182730924,0.0,0.0,2.0,8.0,20.0,2.0156303406361693,4.195970206741903,0.867225,0.9121375,0.9379125,0.9568625,0.9585,0.9675125,0.0,0.0,2.0,8.0,20.0,2.0227786331519395,4.202941082526033,0.8675843253968254,0.9124751984126984,0.9379960317460317,0.9569940476190476,0.9586061507936507,0.9673859126984127,0.0,0.0,2.0,8.0,20.0,2.026340681312575,4.203111484339057,0.8672619047619048,0.9123511904761905,0.9374503968253968,0.9568452380952381,0.9583829365079365,0.9676091269841269,0.0,0.0,2.0,8.0,20.0,2.0285730077430895,4.202487636896848,0.0020844621800294653,0.001050489526171154,0.0009346580085131113,0.0,0.3903123748998999,0.00955027816936637,0.9599428965863454
exdark,2015_05309,1,640,480,12.811477864583333,0.9050032552083334,0.9134407552083333,0.92046875,0.9308821614583334,0.9318196614583333,0.9386490885416666,0.0,0.0,0.0,1.0,12.0,0.970015520432336,2.26618886913543,0.9047265625,0.9136067708333333,0.9207291666666667,0.9313151041666666,0.9323958333333333,0.9392057291666667,0.0,0.0,0.0,1.0,13.0,0.9686279680924728,2.2637176405025285,0.905,0.9138541666666666,0.9212239583333334,0.9319010416666667,0.9328645833333333,0.9397395833333333,0.0,0.0,0.0,1.0,13.0,0.96897935472396,2.2644581523246403,0.9046875,0.9136979166666667,0.921875,0.9329166666666666,0.9338020833333334,0.94015625,0.0,0.0,0.0,1.0,12.0,0.9664664114005791,2.2573579715802246,0.0008215451944252825,0.0006805799138214606,0.0009697625669053168,0.0,0.49607837082461076,0.0028280182480872793,0.9286100260416666
exdark,2015_05327,1,374,500,13.026449197860963,0.7551657754010696,0.8569197860962566,0.909427807486631,0.9431657754010695,0.9460320855614973,0.9657379679144386,1.0,2.0,6.0,15.0,30.0,2.8813290703951515,5.045744980066167,0.7535531914893617,0.856531914893617,0.9096595744680851,0.942595744680851,0.9452978723404255,0.9651276595744681,1.0,2.0,6.0,15.0,30.0,2.881128652151637,5.0454861667168265,0.7532928064842959,0.856805133400878,0.9110520094562647,0.9434734886862547,0.9461330631543398,0.96580547112462,1.0,2.0,6.0,15.0,29.0,2.8800016380241007,5.0387911843865325,0.7548969942586964,0.85612968591692,0.911178655859507,0.943515704154002,0.9458797703478554,0.9642857142857143,1.0,2.0,6.0,15.0,29.0,2.872322992566058,5.027013538285397,0.0033746833181105243,0.002064216060934777,0.0011844506772720994,0.33071891388307384,0.6091746465505602,0.0110062091422496,0.9536256684491978
exdark,2015_05373,1,518,448,10.377736314120243,0.8776242760617761,0.9082796125206839,0.9285972835079978,0.9488072255929398,0.9500913541092113,0.9576323772752344,0.0,0.0,1.0,5.0,21.0,1.5173905633592057,3.5320285203096455,0.8779876373626374,0.9084478021978022,0.9290865384615384,0.9487980769230769,0.9499828296703297,0.9576236263736264,0.0,0.0,1.0,5.0,20.0,1.5147134862937146,3.523915430652846,0.8764766483516484,0.9069024725274726,0.9288118131868132,0.9487293956043956,0.9498626373626373,0.9570054945054945,0.0,0.0,1.0,5.0,21.0,1.5218965913215963,3.5317842261820314,0.8751373626373626,0.904739010989011,0.9271291208791209,0.9468406593406593,0.9478708791208791,0.9541208791208792,0.0,0.0,1.0,5.0,22.0,1.5195588923012124,3.5224172011152284,0.0034160071482928597,0.0022836851714966686,0.0028336206220537586,0.0,0.9921567416492215,0.015518690292548912,0.9482168712079426
exdark,2015_05377,1,900,672,2.0855555555555556,0.9586094576719577,0.9717311507936508,0.9823164682539682,0.9927959656084656,0.9938624338624339,0.9984887566137566,0.0,0.0,0.0,1.0,3.0,0.6179005775603372,1.8912355041822453,0.9584325396825397,0.9715079365079365,0.9824338624338624,0.9927050264550265,0.9937632275132275,0.9984920634920635,0.0,0.0,0.0,1.0,3.0,0.6197305543786282,1.8937458668063631,0.9583597883597884,0.971468253968254,0.9826058201058201,0.9928968253968254,0.9939285714285714,0.9984920634920635,0.0,0.0,0.0,1.0,4.0,0.6201494180772488,1.8940096284908046,0.958728402865571,0.9715286557100716,0.9828539823008849,0.9924936788874842,0.9936262115465655,0.9983933839022334,0.0,0.0,0.0,1.0,4.0,0.6227842101735271,1.900388047061837,0.00042241595153758434,0.0003145281543637879,0.00028693124304883115,0.0,0.46351240544347894,0.0032225239413844484,0.9983167989417989
exdark,2015_05388,1,640,480,1.770810546875,0.9863932291666667,0.9949967447916667,0.9976790364583333,0.9984114583333333,0.998447265625,0.998642578125,0.0,0.0,1.0,1.0,4.0,0.9046212925716295,2.3148144566348416,0.9865625,0.9950520833333333,0.9976692708333333,0.9984375,0.9984765625,0.9986588541666667,0.0,0.0,1.0,1.0,4.0,0.9155307530717799,2.3299329101152164,0.9865104166666666,0.9948958333333333,0.997578125,0.9983854166666667,0.9984375,0.99859375,0.0,0.0,1.0,1.0,4.0,0.9202046014447482,2.34337522538588,0.9863541666666666,0.9948958333333333,0.9975,0.9983854166666667,0.9984375,0.99859375,0.0,0.0,1.0,2.0,4.0,0.923257929498374,2.3493890471849035,0.00034128495890835807,0.00018594620770634495,0.00015539997737344617,0.0,0.0,0.010608673348242595,0.998359375
exdark,2015_05397,1,900,674,0.6677101879327398,0.9985773161885921,0.9997972304648862,0.9999604352126608,1.0,1.0,1.0,0.0,0.0,0.0,1.0,1.0,0.4955337952585464,1.522952208571399,0.9985141354372123,0.9998027613412229,0.9999408284023669,1.0,1.0,1.0,0.0,0.0,0.0,1.0,1.0,0.496042927050196,1.523187699424116,0.9984183006535948,0.9998562091503268,0.9999607843137255,1.0,1.0,1.0,0.0,0.0,0.0,1.0,1.0,0.49908706231459193,1.529783996594539,0.9983862571577303,0.9998438313378448,0.9999739718896408,1.0,1.0,1.0,0.0,0.0,0.0,1.0,1.0,0.4997358260388528,1.5285437283373913,0.0001292795508121548,2.9633931792008548e-05,0.0,0.0,0.0,0.003957857744991513,1.0
exdark,2015_05409,1,600,450,1.1497037037037037,0.9909148148148148,0.9925111111111111,0.9935777777777778,0.9946962962962963,0.9948111111111111,0.9954481481481482,0.0,0.0,0.0,0.0,0.0,0.20828818798455864,0.7961788037059486,0.9913864306784661,0.9929498525073747,0.9939085545722713,0.9948672566371681,0.9950442477876106,0.9956342182890855,0.0,0.0,0.0,0.0,0.0,0.20505961365395012,0.7866554356341526,0.9919590643274854,0.993391812865497,0.9942690058479532,0.9951169590643275,0.9952923976608187,0.9956140350877193,0.0,0.0,0.0,0.0,0.0,0.20221274428435332,0.7755462608162167,0.9923976608187135,0.9936842105263158,0.9942690058479532,0.9949122807017544,0.9952046783625731,0.9955555555555555,0.0,0.0,0.0,0.0,0.0,0.20116272063518237,0.7706132697544542,0.0006653183869853898,0.0004262599605676345,0.00047048055657334254,0.0,0.24206145913796356,0.004753052659174338,0.9944185185185185
exdark,2015_05420,1,800,600,19.263583333333333,0.62006875,0.7221958333333334,0.80285625,0.88753125,0.8939395833333333,0.9351645833333333,0.0,2.0,9.0,26.0,51.0,3.164535301943282,5.528501234067746,0.6191916666666667,0.7212416666666667,0.80225,0.8861833333333333,0.8928666666666667,0.9348416666666667,0.0,2.0,9.0,26.0,51.0,3.166485038031422,5.528665488072514,0.61685,0.7190833333333333,0.8001333333333334,0.8845,0.89135,0.9335833333333333,0.0,2.0,9.0,26.0,52.0,3.1749930831215463,5.537085186305114,0.6174,0.7191,0.8005,0.8849666666666667,0.8918,0.9333,0.0,2.0,9.0,26.0,51.0,3.171465437422846,5.5322337895780835,0.0035010607271622482,0.0027475675795449813,0.002025881795320513,0.0,0.7071067811865476,0.012261150246567092,0.9199270833333333
exdark,2015_05425,1,1050,698,2.812887160594897,0.9440769545640606,0.9565479601582754,0.9757975167144222,0.9924368945285851,0.9929826715786602,0.995280392959476,0.0,0.0,0.0,0.0,6.0,0.5852663020353293,1.6764100514041465,0.9443671917436176,0.9568278109722976,0.9760293318848452,0.9923954372623575,0.9929060293318849,0.9952851711026616,0.0,0.0,0.0,0.0,6.0,0.5839556251133455,1.674074984125225,0.9446940891807812,0.9572135326650536,0.9762897511234013,0.9924926546837193,0.9929355340477013,0.9952579502246802,0.0,0.0,0.0,0.0,5.0,0.5815385510171759,1.6678458800339437,0.9451188016528925,0.9575585399449036,0.976519455922865,0.99244576446281,0.9929192493112947,0.995415805785124,0.0,0.0,0.0,0.0,5.0,0.5790696113484055,1.661479652554397,0.00046627505140437353,0.0004455181647879512,0.00021049457286013808,0.0,0.4330127018922193,0.0025038031586918368,0.9942720698594624
exdark,2015_05427,1,1280,960,0.08421630859375,0.9996468098958333,0.9996549479166666,0.99966796875,0.9996891276041666,0.9996931966145833,0.99970703125,0.0,0.0,0.0,0.0,0.0,0.032550591191562436,0.20340499321069527,0.999658203125,0.9996614583333333,0.999677734375,0.9997005208333334,0.9997037760416667,0.99970703125,0.0,0.0,0.0,0.0,0.0,0.03240649840576442,0.2024885292889112,0.9996744791666666,0.9996744791666666,0.9996875,0.9997005208333334,0.9997005208333334,0.99970703125,0.0,0.0,0.0,0.0,0.0,0.032293285846177994,0.20134844426535647,0.9997135416666667,0.9997135416666667,0.9997395833333333,0.999765625,0.999765625,0.999765625,0.0,0.0,0.0,0.0,0.0,0.032156101980563484,0.20148561417435978,3.679249529770187e-05,4.4155794160974605e-05,4.462574827752953e-05,0.0,0.0,0.00028356021475814527,0.9996736653645834
exdark,2015_05438,1,500,400,26.15647,0.760635,0.80394,0.832165,0.86551,0.868585,0.882765,0.0,0.0,1.0,14.0,95.0,2.1002567478459895,4.027803466234259,0.75798,0.80114,0.82958,0.86294,0.86594,0.88046,0.0,0.0,1.0,14.0,103.0,2.117199268774854,4.0470155814765425,0.75488,0.79844,0.82788,0.86132,0.86408,0.87888,0.0,0.0,1.0,15.0,108.0,2.141952247135895,4.074593546808103,0.7553174603174603,0.7975396825396825,0.8265873015873015,0.8604761904761905,0.8631746031746032,0.8784126984126984,0.0,0.0,1.0,15.0,109.0,2.139156938007194,4.053796783601933,0.005668768789203016,0.004692622526497716,0.0037885040535375484,0.0,9.440603794249602,0.04026671989763333,0.86802
exdark,2015_05443,1,1024,638,6.217181071218652,0.9452528041731975,0.9532872501959248,0.9589675377155172,0.9656090811128527,0.9662381832876176,0.9701612705721003,0.0,0.0,0.0,0.0,3.0,0.5627056573891559,1.5655599336497625,0.9453369140625,0.953375244140625,0.959051513671875,0.965557861328125,0.9662109375,0.970159912109375,0.0,0.0,0.0,0.0,2.0,0.5612944049628583,1.561761500603326,0.9456787109375,0.95361328125,0.9593017578125,0.96568603515625,0.96636962890625,0.970361328125,0.0,0.0,0.0,0.0,2.0,0.5594307211174852,1.5552690560968077,0.94482421875,0.9530517578125,0.9585205078125,0.9650390625,0.965576171875,0.96943359375,0.0,0.0,0.0,0.0,3.0,0.5666314633629819,1.5660528900594028,0.0010464417752192538,0.0009410720669386497,0.0007637677857733045,0.0,0.49607837082461076,0.005646400122650693,0.9646585398706896
exdark,2015_05465,1,800,550,17.163545454545453,0.7387613636363637,0.7794227272727273,0.8198204545454545,0.8807272727272727,0.8859090909090909,0.9171840909090909,0.0,0.0,1.0,18.0,55.0,1.980668430475211,4.085003742863175,0.7392028985507246,0.7797101449275362,0.8200090579710145,0.8808242753623189,0.8858876811594203,0.9170923913043478,0.0,0.0,1.0,18.0,55.0,1.9775370423421028,4.079182817147401,0.7371376811594202,0.7782789855072464,0.8184420289855072,0.8804347826086957,0.8854347826086957,0.9169746376811594,0.0,0.0,1.0,18.0,55.0,1.9892641941543971,4.095634539394922,0.7376086956521739,0.7788768115942029,0.8190217391304347,0.8809420289855072,0.8857246376811594,0.9172826086956521,0.0,0.0,1.0,18.0,56.0,1.9852693940388448,4.087507711653484,0.0019119491048587643,0.001311211491023091,0.0008541000160528635,0.0,0.46351240544347894,0.010160759278362094,0.8927954545454545
exdark,2015_05467,1,630,416,20.422325244200245,0.621207264957265,0.749187271062271,0.8302197802197803,0.9011217948717949,0.9060515873015873,0.9376335470085471,1.0,2.0,10.0,24.0,47.0,3.2791655689159476,5.539904611948015,0.621789800389484,0.7506085686465434,0.8307418451801363,0.9007728821811101,0.9056262171372931,0.936952288218111,1.0,2.0,10.0,23.0,47.0,3.2796193018324544,5.537240727781342,0.6224135832521909,0.7512171372930867,0.8307570593963,0.901138023369036,0.9055805744888024,0.9365262901655307,1.0,2.0,10.0,23.0,47.0,3.2745204122189344,5.530584698659792,0.6234177215189873,0.7528602726387537,0.8324610516066212,0.9016553067185978,0.9058544303797469,0.936769717624148,0.0,2.0,10.0,23.0,47.0,3.262290120201825,5.512269579420175,0.002263140365093486,0.0017273245250101787,0.0012110676991884215,0.49607837082461076,0.42847841252506524,0.008998180711054777,0.9331120268620269
exdark,2015_05483,1,562,672,0.9461611379427216,0.9995154422979156,0.9996266522623284,0.9996663701067615,0.9997272708015591,0.9997325665141501,0.99975639722081,0.0,0.0,0.0,1.0,2.0,0.6495997229838416,1.867015933994619,0.9995145221209051,0.9996517223910841,0.9997044917257684,0.999725599459642,0.9997361533265788,0.9997678149273894,0.0,0.0,0.0,1.0,2.0,0.6479354380473956,1.8629660413964975,0.9995989530563999,0.999662276258021,0.9997044917257684,0.9997467071935157,0.9997467071935157,0.9997889226612631,0.0,0.0,0.0,1.0,2.0,0.6453040036335351,1.8571871929092059,0.9996227364185111,0.9997484909456741,0.9997484909456741,0.999832327297116,0.999832327297116,0.999874245472837,0.0,0.0,0.0,1.0,2.0,0.6426605548347909,1.8519903656625,8.98463594682128e-05,6.785611008814916e-05,7.695383513200594e-05,0.0,0.0,0.0048595695988949104,0.9997060879511948
exdark,2015_05502,1,500,374,3.2259251336898394,0.9285080213903744,0.962855614973262,0.9825828877005348,0.996096256684492,0.9967112299465241,0.9993101604278075,0.0,0.0,0.0,2.0,11.0,0.9204472620164519,2.4159803688990515,0.9285106382978724,0.9635744680851064,0.9827021276595744,0.996,0.9967021276595744,0.9993617021276596,0.0,0.0,0.0,2.0,11.0,0.9181311600833936,2.4126735909813246,0.9282127659574468,0.9639574468085106,0.9828085106382979,0.9961702127659574,0.9967659574468085,0.9994893617021277,0.0,0.0,0.0,2.0,11.0,0.9116561096961378,2.396731755325252,0.9289091523134076,0.9646234380276933,0.9835359675785208,0.996031746031746,0.9964539007092199,0.9994934143870314,0.0,0.0,0.0,2.0,11.0,0.9152395144668978,2.4048689607511062,0.001147020269190438,0.0010313768937982265,0.0003393265694250243,0.0,0.33071891388307384,0.010205217094402282,0.9996524064171123
exdark,2015_05518,1,500,374,11.475486631016043,0.8171925133689839,0.8366524064171122,0.858524064171123,0.8750588235294118,0.8776096256684492,0.9099572192513369,0.0,0.0,0.0,6.0,60.0,1.5016217325574297,3.187265847228968,0.8167659574468085,0.8364893617021276,0.8589148936170212,0.8752765957446809,0.8774468085106383,0.9103404255319149,0.0,0.0,0.0,6.0,60.0,1.502965858008396,3.188351138493978,0.8133191489361702,0.8343404255319149,0.8572765957446808,0.8734893617021277,0.8759148936170212,0.9085106382978724,0.0,0.0,0.0,7.0,61.0,1.525351085457414,3.2189649102741513,0.813323201621074,0.834177642688281,0.8573961499493414,0.8739446133063155,0.876984126984127,0.9095744680851063,0.0,0.0,0.0,7.0,61.0,1.5281089618545516,3.2258501303235114,0.0025905727486743905,0.0014016043632035567,0.0013853623562764949,0.0,0.4841229182759271,0.016548727247756932,0.8888288770053476
exdark,2015_05521,1,500,374,2.7623208556149734,0.9692459893048129,0.989475935828877,0.99475935828877,0.996572192513369,0.9966363636363637,0.9976737967914439,0.0,0.0,1.0,3.0,8.0,1.1598586324644231,2.881987202592816,0.969,0.9892553191489362,0.9947659574468085,0.9965106382978723,0.9965744680851064,0.9976170212765958,0.0,0.0,1.0,3.0,8.0,1.1597718709369333,2.881542825848851,0.9683404255319149,0.9892340425531915,0.9945957446808511,0.9960425531914894,0.9961702127659574,0.9974042553191489,0.0,0.0,1.0,3.0,8.0,1.1697541877182251,2.896033771722072,0.9688449848024316,0.9891928402566701,0.9944275582573455,0.9959473150962512,0.996031746031746,0.997467071935157,0.0,0.0,1.0,3.0,8.0,1.172617728772962,2.901818639819168,0.0011952088744982972,0.00048387992194124307,0.0003826680529562422,0.0,0.0,0.008453419002648564,0.9971818181818182
exdark,2015_05527,1,450,600,3.6571444444444445,0.9488777777777778,0.9757888888888889,0.9898407407407407,0.9981703703703704,0.9984555555555555,0.9995740740740741,0.0,0.0,1.0,4.0,10.0,1.4708908210401705,3.3532469445045523,0.9485398230088495,0.975929203539823,0.9899115044247787,0.9981710914454277,0.9984218289085546,0.9994985250737463,0.0,0.0,1.0,4.0,10.0,1.47090178284039,3.352503678253654,0.9481415929203539,0.9760766961651918,0.9906489675516225,0.9982300884955753,0.9985545722713864,0.9996460176991151,0.0,0.0,1.0,4.0,10.0,1.4596908770713972,3.336491531003639,0.9481286549707603,0.9763157894736842,0.9908771929824561,0.998421052631579,0.9987719298245614,0.9998245614035087,0.0,0.0,1.0,4.0,9.0,1.4496266158700797,3.3222336756236253,0.001247623046053621,0.0007092448440245256,0.0002699148926673147,0.24206145913796356,0.4841229182759271,0.013924080773897486,0.9993592592592593
exdark,2015_05546,1,374,500,8.438673796791443,0.8420695187165775,0.9523208556149733,0.9877058823529412,0.9975935828877005,0.9986951871657754,0.9999572192513368,1.0,3.0,7.0,11.0,19.0,2.764163976781404,4.541759602482551,0.8426170212765958,0.9528085106382979,0.9881914893617021,0.9975957446808511,0.9985106382978723,0.9999787234042553,1.0,3.0,7.0,11.0,19.0,2.761581186393219,4.537830700353379,0.8427051671732523,0.9543650793650794,0.9881374535629854,0.9974248564674096,0.9983958122255995,0.9999577845322526,1.0,3.0,7.0,12.0,19.0,2.7648222964117353,4.539466364982231,0.8443093549476528,0.954660587639311,0.9876730834177643,0.997467071935157,0.998564674096589,1.0,1.0,3.0,7.0,11.0,19.0,2.766778399664322,4.5335466779012785,0.0018620639249432988,0.0006689314893480931,0.00024864022007683474,0.0,0.0,0.0044245735890881275,0.9999786096256684
exdark,2015_05567,1,500,332,6.096126506024096,0.9238433734939759,0.9773855421686747,0.9935421686746988,0.9987048192771084,0.9989277108433735,0.9998072289156626,0.0,2.0,4.0,8.0,14.0,2.3176702363625132,4.143259619974016,0.9242650602409639,0.9771807228915662,0.9937349397590362,0.9986265060240964,0.9989156626506024,0.9998072289156626,0.0,2.0,4.0,8.0,14.0,2.3254694707333634,4.144839108244633,0.9229047619047619,0.9756190476190476,0.9936190476190476,0.9985238095238095,0.9988571428571429,0.9998571428571429,0.0,2.0,4.0,8.0,14.0,2.3172584517229184,4.148446172949061,0.921201814058957,0.9755291005291006,0.9933862433862434,0.9983938019652305,0.9985827664399093,0.9997165532879818,0.0,2.0,4.0,8.0,14.0,2.3061886644596923,4.144520701948114,0.0022378095660646625,0.0007201239201771149,0.0002517552107211376,0.0,0.0,0.013749335160775433,0.9998915662650603
exdark,2015_05573,1,500,374,4.602021390374332,0.9338342245989305,0.9698877005347594,0.9853529411764705,0.9957433155080214,0.9963048128342246,0.998572192513369,0.0,0.0,2.0,6.0,12.0,1.6792126996694323,3.6576021246775507,0.9341063829787234,0.9698510638297873,0.9857659574468085,0.9959574468085106,0.9963617021276596,0.9985744680851064,0.0,0.0,2.0,6.0,12.0,1.673654488490157,3.648454573290511,0.9343404255319149,0.9691063829787234,0.9849787234042553,0.9956595744680851,0.9960851063829788,0.998468085106383,0.0,0.0,2.0,6.0,12.0,1.6598568357915826,3.6337644930002617,0.935241472475515,0.9700270178993583,0.9855623100303952,0.9961161769672408,0.9964539007092199,0.9988179669030733,0.0,0.0,2.0,6.0,12.0,1.6465967460188191,3.612058045500002,0.001770174739391474,0.0010923144985463197,0.000494269989516929,0.0,0.0,0.015456860356021371,0.9979786096256684
exdark,2015_05583,1,1024,764,2.584611982575262,0.98152839700589,0.982777221040576,0.9838266422611257,0.986292334751309,0.9865505358311518,0.9879514684227748,0.0,0.0,0.0,1.0,3.0,0.5861569438418377,1.8050125680653064,0.9815935863874345,0.9829024869109948,0.9838943880890052,0.9862769960732984,0.9865479793848168,0.9880818471858639,0.0,0.0,0.0,1.0,3.0,0.5862686188577378,1.8058479979328077,0.9812418619791666,0.9827677408854166,0.983856201171875,0.986297607421875,0.9865926106770834,0.9879659016927084,0.0,0.0,0.0,1.0,3.0,0.5889835502501608,1.8130361140913915,0.9815266927083334,0.9830729166666666,0.9841512044270834,0.9865519205729166,0.98687744140625,0.9882609049479166,0.0,0.0,0.0,1.0,3.0,0.5881448356237038,1.8112027239668416,0.0005253216436194402,0.000506327153123151,0.0004248998900010234,0.0,0.0,0.003375466895287643,0.9848121523232984
exdark,2015_05585,1,960,720,1.6410633680555555,0.9999450231481481,1.0,1.0,1.0,1.0,1.0,1.0,1.0,1.0,2.0,3.0,1.2709924400748742,2.0280061879124314,0.9999652777777778,1.0,1.0,1.0,1.0,1.0,1.0,1.0,1.0,2.0,3.0,1.2775977036722446,2.0364849086683012,0.9999652777777778,1.0,1.0,1.0,1.0,1.0,1.0,1.0,1.0,2.0,3.0,1.2701598710626365,2.032815675326071,0.9999537037037037,1.0,1.0,1.0,1.0,1.0,1.0,1.0,1.0,2.0,3.0,1.2704319393583907,2.0386834226937958,3.3619647102499e-05,0.0,0.0,0.0,0.0,0.009568768562624487,1.0
exdark,2015_05591,1,640,480,1.3871061197916668,0.9938802083333333,0.9992838541666667,0.9999251302083333,1.0,1.0,1.0,0.0,0.0,0.0,1.0,5.0,0.7416201477274226,2.1534244708401626,0.9936458333333333,0.9993619791666667,0.9999479166666667,1.0,1.0,1.0,0.0,0.0,0.0,1.0,5.0,0.7458437762568991,2.1612458314921437,0.9937760416666667,0.9993489583333334,0.9998958333333333,1.0,1.0,1.0,0.0,0.0,0.0,1.0,5.0,0.7465646795436472,2.16199165362647,0.9938020833333333,0.99953125,0.9998958333333333,1.0,1.0,1.0,0.0,0.0,0.0,1.0,5.0,0.7515518989045102,2.170330085131984,0.000292316983341724,4.861062670270061e-05,0.0,0.0,0.46351240544347894,0.004936318943600068,1.0
exdark,2015_05594,1,768,1024,16.627117156982422,0.7135709126790365,0.8122469584147135,0.8720652262369791,0.9223734537760416,0.9259249369303385,0.9463055928548177,1.0,2.0,6.0,18.0,39.0,3.0151492815655736,5.2568721205165065,0.7127126057942709,0.8120168050130209,0.8717091878255209,0.92193603515625,0.9255320231119791,0.9460296630859375,1.0,2.0,6.0,18.0,39.0,3.01716839860678,5.258076595617249,0.7117106119791666,0.81201171875,0.8717549641927084,0.9217529296875,0.9252522786458334,0.9457804361979166,1.0,2.0,6.0,19.0,39.0,3.0217692098431166,5.261736858440481,0.7119344075520834,0.8111572265625,0.87115478515625,0.92156982421875,0.9251708984375,0.9452718098958334,1.0,2.0,6.0,19.0,39.0,3.0237207868565257,5.263861957350197,0.0016626085723541028,0.0010907040105884202,0.0008851988360260505,0.0,0.4841229182759271,0.007299171471294606,0.928930918375651
exdark,2015_05603,1,720,406,21.08430487137384,0.7612342638204708,0.8115592501368364,0.8439586754241927,0.8805042419266558,0.883829365079365,0.9047824302134647,0.0,0.0,3.0,14.0,60.0,2.464445159527376,4.793651255754961,0.7636029411764705,0.8131672113289761,0.8449346405228758,0.8813453159041394,0.8844362745098039,0.90505174291939,0.0,0.0,3.0,14.0,60.0,2.456169700905366,4.779920512974143,0.7639705882352941,0.8174291938997821,0.851062091503268,0.8858932461873639,0.8888616557734205,0.9085511982570806,0.0,0.0,3.0,14.0,56.0,2.450579204797673,4.77133050246987,0.7622004357298475,0.8159041394335512,0.8519063180827887,0.8866557734204793,0.889760348583878,0.9094226579520697,0.0,0.0,3.0,14.0,56.0,2.4538838934433698,4.7728693887854465,0.003325217437921716,0.005375995450442417,0.004086375900369901,0.33071891388307384,3.20582965080804,0.02279879567446421,0.8818794471811713
exdark,2015_05616,1,640,480,0.0783984375,1.0,1.0,1.0,1.0,1.0,1.0,0.0,0.0,0.0,0.0,0.0,0.05619851147784613,0.3157170753275149,1.0,1.0,1.0,1.0,1.0,1.0,0.0,0.0,0.0,0.0,0.0,0.056337989230252426,0.31665717586572095,1.0,1.0,1.0,1.0,1.0,1.0,0.0,0.0,0.0,0.0,0.0,0.056539767962613514,0.3171241165992164,1.0,1.0,1.0,1.0,1.0,1.0,0.0,0.0,0.0,0.0,0.0,0.05586018118485391,0.3130458913829763,0.0,0.0,0.0,0.0,0.0,0.0007163695105699258,1.0
exdark,2015_05618,1,900,598,3.8132627276105535,0.961759568933482,0.9695912300260127,0.9749646971386102,0.9811557041991824,0.9816518023039762,0.9852155332590116,0.0,0.0,1.0,2.0,4.0,1.0538644543238211,2.679263926280234,0.9621851851851851,0.9696148148148148,0.9751851851851852,0.9813259259259259,0.9817777777777777,0.9855037037037037,0.0,0.0,1.0,2.0,4.0,1.052521275145724,2.6752022042265726,0.962162962962963,0.9697481481481481,0.9753481481481482,0.9813037037037037,0.9817481481481481,0.985437037037037,0.0,0.0,1.0,2.0,4.0,1.0471385170034504,2.666559497194896,0.9625958702064896,0.9702949852507374,0.9757817109144543,0.981740412979351,0.9822713864306785,0.9859587020648968,0.0,0.0,1.0,2.0,4.0,1.0436424568891425,2.6604552189299113,0.0005306522982406006,0.00036710137851947195,0.0003224359695174201,0.0,0.0,0.005249105960583131,0.9806633221850614
exdark,2015_05636,1,800,532,5.770761278195489,0.9102349624060151,0.9303782894736842,0.9440084586466165,0.9624013157894736,0.9642387218045113,0.975484022556391,0.0,0.0,0.0,2.0,13.0,1.097964628772665,2.8383653969409592,0.9103947368421053,0.9307612781954887,0.943796992481203,0.962312030075188,0.9641917293233083,0.9754323308270677,0.0,0.0,0.0,2.0,13.0,1.0962965318314006,2.834475189063624,0.9101305970149254,0.9297201492537314,0.9438246268656716,0.9621268656716417,0.9639179104477612,0.9754664179104477,0.0,0.0,0.0,2.0,13.0,1.0947843477452948,2.829588368451549,0.9085820895522388,0.9283208955223881,0.9427611940298507,0.9615298507462686,0.9632835820895522,0.9752611940298508,0.0,0.0,0.0,2.0,13.0,1.1053718997402697,2.845331042156347,0.0014863514066025903,0.0010854968008538256,0.0007182967924976486,0.0,0.3903123748998999,0.00870921660510909,0.9705756578947369
exdark,2015_05640,1,1188,1524,1.9276541663352686,0.9919923204043939,0.9980889383776523,0.9995100833355427,0.9999049992488312,0.9999127318681125,0.9999298540965208,0.0,0.0,1.0,2.0,6.0,1.0206323013365488,2.618967550405966,0.9920663326175138,0.9980801010984738,0.9995205776045671,0.9999094178884205,0.9999138365280098,0.9999248831269829,0.0,0.0,1.0,2.0,6.0,1.018956193366399,2.616059351671346,0.9920584554092408,0.9980476668958345,0.99955929275301,0.9999206726955419,0.9999294868404816,0.9999383009854214,0.0,0.0,1.0,2.0,6.0,1.0206014903254708,2.6185004625490254,0.9919796900804666,0.9980761797673846,0.9995695562036614,0.99992093889455,0.99992093889455,0.9999297234618223,0.0,0.0,1.0,2.0,6.0,1.0207923737248472,2.6195872836020833,0.00018521159691778087,4.520998472096229e-05,2.0940840571176377e-05,0.0,0.0,0.00209830248640988,0.9999110748782665
exdark,2015_05650,1,640,424,30.457720371462266,0.6666347287735849,0.7581146816037736,0.7987286261792453,0.8487396816037736,0.8528375589622641,0.874745725235849,2.0,5.0,9.0,22.0,92.0,3.702225596153192,5.611398727215976,0.6675707547169811,0.759094929245283,0.79921875,0.8494693396226415,0.853685141509434,0.8749262971698113,2.0,5.0,9.0,22.0,91.0,3.6940537417948147,5.618833719054204,0.667688679245283,0.7584316037735849,0.7992629716981132,0.8494103773584906,0.8535082547169811,0.8739091981132076,2.0,5.0,9.0,22.0,91.0,3.700080297684322,5.620486284356874,0.6699292452830189,0.7603183962264151,0.8008844339622642,0.8507075471698113,0.8550707547169811,0.8754716981132076,2.0,5.0,9.0,22.0,91.0,3.680001890941395,5.6152310847482285,0.002214999973349089,0.0013205718867596084,0.0019856450722316923,0.0,2.1350863565673404,0.017667729305003464,0.8480689858490567
exdark,2015_05666,1,1280,720,0.6788975694444445,0.9910850694444444,0.9933582899305555,0.994833984375,0.9963606770833333,0.9964702690972222,0.997314453125,0.0,0.0,0.0,0.0,0.0,0.16593762534835216,0.6923689877087512,0.9910763888888889,0.993203125,0.99484375,0.9963802083333333,0.9964930555555556,0.99734375,0.0,0.0,0.0,0.0,0.0,0.1660681029479383,0.6922986668562682,0.9912152777777777,0.9933333333333333,0.9951475694444445,0.9965451388888888,0.9966493055555555,0.9974131944444444,0.0,0.0,0.0,0.0,0.0,0.16641226843014825,0.6943299366510658,0.9913541666666666,0.9935416666666667,0.9951215277777777,0.9964583333333333,0.9965972222222222,0.99734375,0.0,0.0,0.0,0.0,0.0,0.1649482064109056,0.6891861150222217,0.00020264960989457904,0.00023324450462129128,0.0001906482761843648,0.0,0.0,0.0012198373138751276,0.99654296875
exdark,2015_05685,1,700,478,2.6273072325164377,0.9801105797967723,0.9967244471010162,0.9997130902570233,0.9999551703526599,0.9999581589958159,0.99998505678422,0.0,0.0,1.0,4.0,8.0,1.2080666286539532,2.9220484019042243,0.9807738095238095,0.9964642857142857,0.999702380952381,0.9999047619047619,0.9999047619047619,0.9999761904761905,0.0,0.0,1.0,4.0,8.0,1.2030812293221524,2.914610399853461,0.980904761904762,0.9965,0.9997142857142857,0.9999047619047619,0.9999047619047619,1.0,0.0,0.0,1.0,4.0,8.0,1.2049132105301634,2.916511041241115,0.983001893939394,0.9978693181818182,0.999810606060606,1.0,1.0,1.0,0.0,0.0,1.0,4.0,8.0,1.1968252595526498,2.891822528441379,0.002935462024257901,0.00021616751323012614,7.377706609823924e-05,0.0,0.0,0.012527577715462042,0.99998505678422
exdark,2015_05690,1,692,478,2.6933272063269404,0.9796629743391299,0.9965777444554623,0.9997279125450456,0.9999546520908409,0.9999576752847849,0.9999788376423925,0.0,0.0,1.0,4.0,8.0,1.229234236457017,2.9541505202253213,0.9790823699421966,0.9967244701348748,0.9997591522157996,0.9999759152215799,0.9999759152215799,1.0,0.0,0.0,1.0,4.0,8.0,1.2322069740668897,2.9576457666746654,0.9792630057803469,0.9967244701348748,0.9997591522157996,0.9999759152215799,0.9999759152215799,1.0,0.0,0.0,1.0,4.0,8.0,1.235077580783149,2.9610779765778337,0.9757662835249042,0.9944923371647509,0.9995210727969349,0.9999521072796935,0.9999521072796935,1.0,0.0,0.0,1.0,4.0,8.0,1.237415516273516,2.974070929251228,0.003045817580988509,0.00019903418569238465,5.954823915191501e-05,0.0,0.0,0.006989591151674324,0.9999879072242243
exdark,2015_05694,1,1280,528,1.5260357481060607,0.9950742779356061,0.9973899147727273,0.9983960700757576,0.999322324810606,0.9993800307765152,0.9996315696022727,0.0,0.0,0.0,2.0,5.0,0.7386034718751303,2.0707370812252526,0.9949810606060606,0.9973425662878788,0.9983960700757576,0.9992779356060606,0.9993312026515152,0.9995561079545454,0.0,0.0,0.0,2.0,5.0,0.7409819863960837,2.0750805451333427,0.9949100378787878,0.9971590909090909,0.9981652462121212,0.9990767045454545,0.999124053030303,0.9993726325757576,0.0,0.0,0.0,2.0,5.0,0.7458783099309925,2.084735621942514,0.9950994318181818,0.9972537878787879,0.9984138257575758,0.9992897727272727,0.9993134469696969,0.9995028409090909,0.0,0.0,0.0,2.0,5.0,0.7426066536516626,2.0772925295303972,0.00021640717297233568,0.00023755483239097658,0.0001932786142572546,0.0,0.0,0.006243330487731869,0.9994510535037879
exdark,2015_05715,1,1280,528,1.0663840553977273,0.9966264204545454,0.9989908854166667,0.9995398319128788,0.9996700402462121,0.9996848366477272,0.9997943300189394,0.0,0.0,1.0,1.0,3.0,0.7314689209628921,1.9688654054924262,0.9965672348484849,0.9990056818181818,0.9995501893939394,0.9996803977272727,0.999698153409091,0.9997869318181818,0.0,0.0,1.0,1.0,3.0,0.7328412535715111,1.9724178713994047,0.9963304924242424,0.9989701704545455,0.9995383522727272,0.9996922348484848,0.999704071969697,0.999810606060606,0.0,0.0,1.0,1.0,3.0,0.7373224427246768,1.9821991985565037,0.9963304924242424,0.9990767045454545,0.9995501893939394,0.9996922348484848,0.9997159090909091,0.9997869318181818,0.0,0.0,1.0,1.0,3.0,0.7361500454596714,1.9795049474171162,0.00019287607406250217,5.7363494244142526e-05,3.21119413089166e-05,0.0,0.5,0.0047615695932763,0.9997247869318182
exdark,2015_05724,1,1280,532,1.4250734257518798,0.9866232965225564,0.9940583881578947,0.9978574365601504,0.9998311207706767,0.9998825187969925,0.9999897203947369,0.0,0.0,0.0,1.0,4.0,0.7132411233478547,2.1136436287873632,0.9864661654135338,0.9939320958646617,0.9978148496240602,0.9998414003759398,0.9998766447368421,0.9999823778195489,0.0,0.0,0.0,1.0,4.0,0.7114472592757273,2.1102687215809883,0.9862056902985075,0.9939132462686567,0.9977845149253731,0.999883395522388,0.9999067164179104,1.0,0.0,0.0,0.0,1.0,4.0,0.7169240153387373,2.1207559329608765,0.9862406716417911,0.9937266791044777,0.9979477611940298,0.9998134328358209,0.9998367537313433,1.0,0.0,0.0,0.0,1.0,4.0,0.7150388263087804,2.1167556642146357,0.0003256258907878145,0.00017640638244220322,5.5877360604473996e-05,0.0,0.0,0.005354128414750437,0.999992657424812
exdark,2015_05769,1,640,480,17.284251302083334,0.8262630208333334,0.855849609375,0.8747298177083334,0.8943294270833333,0.896005859375,0.90669921875,0.0,0.0,0.0,6.0,54.0,1.6678150641143206,3.61279382576362,0.82609375,0.8559765625,0.8745703125,0.8940234375,0.8955859375,0.90640625,0.0,0.0,0.0,6.0,54.0,1.6640099825695196,3.603192069495777,0.8245052083333333,0.8540885416666667,0.8735677083333333,0.893046875,0.894609375,0.9053125,0.0,0.0,0.0,6.0,56.0,1.6713959623907906,3.6068739248123913,0.82296875,0.85328125,0.8733333333333333,0.8933854166666667,0.8947916666666667,0.9055729166666666,0.0,0.0,0.0,6.0,55.0,1.67655374213439,3.6072338803124815,0.002240907735822433,0.0014078427937050007,0.0014612042460635671,0.0,1.6476782908080085,0.01063676174573487,0.9115592447916666
exdark,2015_05774,1,640,640,2.04326904296875,0.97447998046875,0.98615234375,0.99193115234375,0.99519287109375,0.9953369140625,0.99621826171875,0.0,0.0,0.0,1.0,2.0,0.7058819927325906,2.019318759903564,0.974462890625,0.986083984375,0.991875,0.995234375,0.995458984375,0.9962890625,0.0,0.0,0.0,1.0,2.0,0.7053317731098694,2.015578382379882,0.9741015625,0.98587890625,0.99162109375,0.995078125,0.99525390625,0.9961328125,0.0,0.0,0.0,1.0,2.0,0.7102145267261969,2.026823228330985,0.9734375,0.9859375,0.9916015625,0.9947265625,0.9948828125,0.9959765625,0.0,0.0,0.0,1.0,2.0,0.7088985740806364,2.0249479156910137,0.00046027468855583273,0.00032476209589491357,0.00032089403907515116,0.0,0.0,0.005347759749586941,0.9954736328125
exdark,2015_05799,1,506,338,20.7776153612274,0.7782292957878242,0.8185911078887668,0.8459024253338635,0.8786514488855626,0.8816860397127956,0.8984201417311786,0.0,0.0,2.0,12.0,65.0,2.2798357982387434,4.5916977023656536,0.777975914775359,0.8187123668364984,0.8463177396943029,0.8794812413154238,0.8821676702176934,0.8984483557202408,0.0,0.0,2.0,12.0,65.0,2.2732325892162306,4.578540833355603,0.7762772386009889,0.8183482878593664,0.8467313678813404,0.8804706097784288,0.8831258011353232,0.8992858450833181,0.0,0.0,2.0,12.0,64.0,2.283844614499007,4.587237292660881,0.7738008720930233,0.8169513081395349,0.8444767441860465,0.8786337209302325,0.8817223837209303,0.8973473837209303,0.0,0.0,2.0,13.0,66.0,2.2958286564383834,4.594573020148526,0.003340128369922253,0.002677339554326858,0.002522733159380426,0.0,2.3310070248714396,0.017421562573357717,0.8643789321046846
exdark,2015_05802,1,338,506,36.468297588698924,0.6866419533643614,0.717210047477606,0.7381422924901185,0.7646467245129452,0.7672135556750941,0.7836143789321047,0.0,1.0,3.0,38.0,149.0,2.9171938711450283,5.123844266823257,0.6892311255210746,0.7189671144048171,0.7402269569245021,0.7661880500231588,0.768805002315887,0.7846456692913386,0.0,1.0,3.0,37.0,148.0,2.9059629132947875,5.10797151864465,0.6892922794117647,0.7193933823529411,0.7403952205882353,0.7653952205882353,0.7684742647058823,0.7847426470588236,0.0,0.0,3.0,37.0,149.0,2.892435303982247,5.083950451809036,0.6902252906976745,0.7220203488372093,0.7434593023255814,0.7687136627906976,0.7720748546511628,0.7894258720930233,0.0,0.0,3.0,35.0,146.0,2.873313167844287,5.0581753298499725,0.003458988802025353,0.0029558167254120997,0.00361067229681001,0.4841229182759271,1.5194057226429023,0.019957812194837287,0.7210047477606006
exdark,2015_05806,1,640,640,44.98257080078125,0.531337890625,0.59182861328125,0.63777099609375,0.70633056640625,0.71322509765625,0.75558349609375,0.0,2.0,13.0,62.0,150.0,3.7424096540548293,6.156607028193557,0.5316796875,0.592216796875,0.637568359375,0.70712890625,0.71421875,0.7562109375,0.0,2.0,13.0,61.0,149.0,3.7373734553451636,6.151004204608968,0.53041015625,0.59080078125,0.63666015625,0.7080859375,0.71515625,0.75681640625,0.0,2.0,13.0,61.0,150.0,3.7440156431101688,6.1554322253679725,0.533984375,0.595078125,0.6402734375,0.71046875,0.7176953125,0.7591796875,0.0,2.0,12.0,60.0,148.0,3.721275723703582,6.134188807090184,0.0035594463980918134,0.0033270401955238227,0.002868400919832999,0.4841229182759271,1.7633419974582356,0.0228735419639864,0.6916552734375
exdark,2015_05826,1,640,480,4.314993489583333,0.961513671875,0.9728938802083333,0.97783203125,0.9825944010416666,0.983056640625,0.9854134114583334,0.0,0.0,0.0,1.0,6.0,0.7923860726901887,2.2438186632320556,0.9611197916666666,0.9726302083333334,0.9777604166666667,0.9827604166666667,0.9831770833333333,0.9856510416666666,0.0,0.0,0.0,1.0,6.0,0.7935284741727887,2.2440156494457093,0.9609114583333334,0.9719270833333333,0.9774739583333333,0.9826041666666666,0.9829166666666667,0.9854166666666667,0.0,0.0,0.0,1.0,6.0,0.7968782066669903,2.2508066593459684,0.96,0.97140625,0.9769791666666666,0.9822916666666667,0.9825520833333333,0.985,0.0,0.0,0.0,1.0,6.0,0.7990493063336483,2.2504819652705965,0.0009474781405371736,0.0006730335114467781,0.0006623289131281897,0.0,0.0,0.006114577971114121,0.9835546875
exdark,2015_05829,1,640,426,13.822751613849766,0.831037265258216,0.8628924589201878,0.8863262910798122,0.9161898474178404,0.9185005868544601,0.9334910504694836,0.0,0.0,1.0,6.0,39.0,1.6875706758927707,3.7608185496200637,0.8308995327102804,0.8626168224299066,0.8853971962616822,0.9161360981308411,0.9184725467289719,0.9336740654205608,0.0,0.0,1.0,6.0,39.0,1.685767182393111,3.756215596496704,0.8300636574074074,0.8619791666666666,0.8852141203703704,0.9159722222222222,0.918431712962963,0.9340277777777778,0.0,0.0,1.0,6.0,39.0,1.688954406820796,3.7614080321227115,0.8311342592592592,0.8626157407407408,0.8864004629629629,0.9179398148148148,0.9205439814814815,0.9351273148148148,0.0,0.0,1.0,6.0,38.0,1.6809815079690746,3.7455409801725534,0.002814607494033747,0.0022216175463840174,0.0019144370118604058,0.0,1.3635890143294642,0.017996980537094653,0.9337808098591549
exdark,2015_05830,1,334,510,16.80878243512974,0.8572384642479747,0.8771457085828344,0.8905130914641306,0.9050135024069508,0.906187624750499,0.9135024069508043,0.0,0.0,0.0,4.0,41.0,1.567779918898964,3.4625514409677747,0.8578636532738095,0.8767438616071429,0.8909505208333334,0.9051804315476191,0.9065057663690477,0.9134812127976191,0.0,0.0,0.0,4.0,41.0,1.5596159969287522,3.449154863032054,0.8599330357142857,0.8781156994047619,0.8921130952380952,0.9062034970238095,0.9074125744047619,0.9137834821428571,0.0,0.0,0.0,4.0,40.0,1.543490210586282,3.4130869554850998,0.8611421130952381,0.8790922619047619,0.8926711309523809,0.9069010416666666,0.9081101190476191,0.9141555059523809,0.0,0.0,0.0,4.0,39.0,1.5374302158374644,3.3984613858733135,0.002357032759855684,0.0014885316681667218,0.0014200484149127972,0.0,1.6007810593582121,0.01768940752665242,0.8868557003639779
exdark,2015_05839,1,1024,576,2.749332004123264,0.9631008572048612,0.9740871853298612,0.9801449245876737,0.9867062038845487,0.9873199462890625,0.9907480875651041,0.0,0.0,0.0,1.0,3.0,0.6041910907463377,1.856905470628762,0.9630669487847222,0.9741007486979166,0.9801228841145834,0.9867824978298612,0.9874131944444444,0.9907769097222222,0.0,0.0,0.0,1.0,3.0,0.6047846498134335,1.8574876119828045,0.9630940755208334,0.9740939670138888,0.9801974826388888,0.9867621527777778,0.9874267578125,0.9907497829861112,0.0,0.0,0.0,1.0,3.0,0.6055396477417992,1.8579397091187997,0.963134765625,0.9740668402777778,0.9801432291666666,0.98681640625,0.9874945746527778,0.9905598958333334,0.0,0.0,0.0,1.0,3.0,0.6057444657871475,1.8570260809800874,0.0001689986951277325,0.00017275832591674418,0.00013253595195308087,0.0,0.0,0.0009857743128029622,0.9871673583984375
exdark,2015_05849,1,640,480,19.577600911458333,0.7441373697916667,0.7898372395833333,0.8239485677083334,0.86580078125,0.8697688802083333,0.8940625,0.0,0.0,2.0,16.0,67.0,2.3311371663267435,4.690254943460354,0.7440234375,0.7902083333333333,0.8241276041666666,0.8658723958333333,0.8697395833333333,0.89453125,0.0,0.0,2.0,16.0,66.0,2.32773087472542,4.6838187995233165,0.7418489583333333,0.789140625,0.8222395833333334,0.86453125,0.867890625,0.8928125,0.0,0.0,2.0,17.0,68.0,2.337028295224923,4.693096321704145,0.74265625,0.7886458333333334,0.8238541666666667,0.86578125,0.86875,0.8932291666666666,0.0,0.0,2.0,16.0,67.0,2.328390917505751,4.677874753179011,0.0021964697632746487,0.002024998622731593,0.0018124671436123233,0.0,1.118033988749895,0.010889692432931489,0.864228515625
exdark,2015_05850,1,640,426,6.536957159624413,0.9421911678403756,0.9503154342723005,0.9561032863849765,0.9635966842723005,0.9643522593896714,0.9688343603286385,0.0,0.0,0.0,1.0,6.0,0.7719963220780792,2.1197315949534095,0.9425233644859813,0.9504818925233645,0.9563230140186916,0.9639164719626169,0.9646904205607477,0.9692903037383177,0.0,0.0,0.0,1.0,6.0,0.7719059653987207,2.1188211890162902,0.9423032407407408,0.9502314814814815,0.9557002314814815,0.9633680555555556,0.9642650462962963,0.9689814814814814,0.0,0.0,0.0,1.0,6.0,0.7722472684465109,2.1157343400279185,0.9427662037037037,0.9498842592592592,0.955324074074074,0.9629050925925926,0.9638310185185185,0.9689236111111111,0.0,0.0,0.0,1.0,6.0,0.7709302633131097,2.1059387114879966,0.0009626839372166438,0.0010104843497632963,0.0006938216993881013,0.0,0.24206145913796356,0.011270051968769953,0.9611905809859155
exdark,2015_05853,1,640,480,31.986875,0.7264225260416667,0.767685546875,0.7943522135416666,0.8299088541666667,0.8334895833333333,0.8536295572916667,0.0,1.0,3.0,19.0,120.0,2.826664819076304,5.005585804495293,0.72765625,0.7685026041666667,0.7947916666666667,0.8306901041666667,0.8344791666666667,0.8548697916666667,0.0,1.0,3.0,19.0,119.0,2.8167183797238744,4.994649250996082,0.7265885416666666,0.7679947916666666,0.7949739583333333,0.8323177083333333,0.83640625,0.856484375,0.0,1.0,3.0,19.0,116.0,2.8133361840960527,4.998253037527341,0.7275520833333333,0.76890625,0.7966666666666666,0.8336979166666667,0.83734375,0.8575,0.0,1.0,3.0,19.0,116.0,2.799763647354615,4.9806805131850815,0.0016479168672878968,0.0013273548561086941,0.0018685689769717881,0.0,3.5443617196894563,0.012493691644154589,0.825673828125
exdark,2015_05874,1,640,430,44.45717296511628,0.5649091569767442,0.6242405523255814,0.6676126453488372,0.7231686046511628,0.7284883720930233,0.7637572674418605,0.0,2.0,10.0,57.0,150.0,3.621138760235132,5.970812178979045,0.5653645833333333,0.6256076388888889,0.6673177083333334,0.721339699074074,0.7262008101851852,0.7623987268518518,0.0,2.0,10.0,58.0,150.0,3.6225673345125387,5.974299476937058,0.5679398148148148,0.6292534722222223,0.6716724537037037,0.7252025462962963,0.730005787037037,0.7658275462962963,0.0,2.0,10.0,57.0,149.0,3.6012332279387222,5.949322278456952,0.5693287037037037,0.6310763888888888,0.6732638888888889,0.725925925925926,0.7309027777777778,0.7677083333333333,0.0,1.0,10.0,56.0,150.0,3.5854634207270455,5.9174760133466835,0.0028710618450772532,0.003946514429857682,0.0037591946862981724,0.0,1.713913650100261,0.020663024883535813,0.7181468023255814
exdark,2015_05878,1,500,374,1.6504491978609626,0.9865347593582887,0.9918716577540106,0.9946417112299465,0.997192513368984,0.9973262032085561,0.9982085561497326,0.0,0.0,1.0,1.0,3.0,0.8188262020694709,2.1690068559902485,0.9858297872340426,0.9912765957446809,0.9945531914893617,0.9971276595744681,0.9972978723404256,0.9981914893617021,0.0,0.0,1.0,1.0,3.0,0.8158626313371359,2.1655263210814213,0.987872340425532,0.9922978723404255,0.9947659574468085,0.9971063829787234,0.9972765957446809,0.997872340425532,0.0,0.0,1.0,1.0,3.0,0.8046113164514009,2.1349094675168656,0.9900371496116177,0.9935832489023978,0.9958628841607565,0.9978047956771361,0.9979736575481256,0.9984802431610942,0.0,0.0,1.0,1.0,3.0,0.7942744237407569,2.1073704823372794,0.0019011024523053815,0.0007319805853572188,0.0004804116902759071,0.0,0.0,0.010593266933889744,0.9979839572192514
exdark,2015_05879,1,500,374,5.250117647058824,0.9474064171122994,0.9702459893048129,0.9806898395721925,0.9866363636363636,0.9869197860962566,0.9889197860962566,1.0,1.0,2.0,3.0,9.0,1.6824059593551295,3.140761397842365,0.9479148936170213,0.970404255319149,0.9811063829787234,0.9866808510638297,0.9870425531914894,0.9890638297872341,1.0,1.0,2.0,3.0,9.0,1.6752988908466038,3.1303323356244035,0.9488085106382979,0.9697872340425532,0.9804255319148936,0.9866382978723405,0.9869361702127659,0.9891489361702127,1.0,1.0,2.0,3.0,9.0,1.6783396877122823,3.116447194725853,0.9484126984126984,0.9698581560283688,0.9800742992232354,0.9861533265788585,0.9866599121918271,0.9891928402566701,1.0,1.0,2.0,3.0,9.0,1.6859583183906404,3.114565175916729,0.0012032529333116668,0.0008250651404091983,0.0004947638007577651,0.0,0.0,0.008145193697763257,0.9866844919786096
exdark,2015_05891,1,552,310,19.227296633941094,0.7734396914446002,0.8362669471715755,0.8715696587190276,0.8995792426367462,0.9014784946236559,0.9135402057035998,0.0,0.0,4.0,14.0,48.0,2.4634014363206265,4.794731515763239,0.773039762170197,0.8380016722408027,0.8726774433296173,0.9007339279078409,0.9025222965440357,0.9135776662950575,0.0,0.0,4.0,14.0,47.0,2.4633114128845714,4.787935343929642,0.772900408769974,0.8382571534745448,0.8722129319955407,0.9001300631735414,0.901802303976217,0.9137402452619844,0.0,0.0,4.0,14.0,47.0,2.4688592632907618,4.794462138965213,0.7743403939056113,0.8376068376068376,0.8722593831289484,0.9009661835748792,0.9027313266443702,0.9151802303976218,0.0,0.0,4.0,14.0,47.0,2.4722061452438875,4.79357335684882,0.002494953284966915,0.0023259971786565117,0.001612369932713901,0.0,1.8027756377319946,0.008163307937541307,0.8809490416082282
exdark,2015_05911,1,478,358,14.063462752156331,0.8301290292419532,0.8541759192164746,0.8744010191440126,0.902322292606531,0.9047708094714944,0.9193684112105841,0.0,0.0,0.0,5.0,46.0,1.5549248957472963,3.4759497010838922,0.8301157407407408,0.8543981481481482,0.8756018518518518,0.9027083333333333,0.9046990740740741,0.9198379629629629,0.0,0.0,0.0,5.0,46.0,1.551987693423713,3.468273881520661,0.8278240740740741,0.8517592592592592,0.8722222222222222,0.8991203703703704,0.9010648148148148,0.9168981481481482,0.0,0.0,0.0,5.0,48.0,1.5567099752633098,3.4528181917528347,0.8274074074074074,0.8521296296296297,0.8708333333333333,0.8976851851851851,0.8996296296296297,0.9162037037037037,0.0,0.0,0.0,5.0,50.0,1.5556317179298966,3.444358687634706,0.0032999018590204347,0.003924976320715873,0.0033597391594374177,0.0,2.6093282181435127,0.02101970587661764,0.8929840349687945
exdark,2015_05924,1,500,374,1.8817272727272727,0.9852834224598931,0.9893743315508021,0.9924705882352941,0.995903743315508,0.9961283422459893,0.9974919786096257,0.0,0.0,0.0,1.0,4.0,0.8078917657795187,2.2552551011383977,0.9852340425531915,0.9892765957446809,0.9928510638297873,0.9961276595744681,0.9964042553191489,0.9976170212765958,0.0,0.0,0.0,1.0,5.0,0.8111643518716974,2.2632045703468786,0.9858297872340426,0.9900851063829788,0.9931489361702127,0.9959574468085106,0.9962978723404255,0.9972765957446809,0.0,0.0,0.0,1.0,4.0,0.7955280754392201,2.229828241015082,0.9853090172239108,0.9894461330631543,0.992823370482945,0.9955251604187775,0.9959473150962512,0.9972982100641675,0.0,0.0,0.0,1.0,4.0,0.7968016665094403,2.231005732049065,0.0008632254103351732,0.0005620898204539569,0.00039748128265574325,0.0,0.49607837082461076,0.012458023313797948,0.997
exdark,2015_05932,1,600,450,0.35784074074074074,0.9975333333333334,0.9978259259259259,0.9980592592592593,0.9983888888888889,0.9984222222222222,0.9986222222222222,0.0,0.0,0.0,0.0,0.0,0.0911364716979316,0.453812506911316,0.9977433628318584,0.9980088495575221,0.9982153392330384,0.9984513274336283,0.9984660766961652,0.9986135693215339,0.0,0.0,0.0,0.0,0.0,0.08875134342941295,0.44351065627360836,0.9977777777777778,0.9978947368421053,0.9980994152046784,0.9983625730994152,0.9983625730994152,0.9985964912280701,0.0,0.0,0.0,0.0,0.0,0.08814298107054284,0.4401197904951301,0.9978362573099415,0.9978947368421053,0.9980116959064328,0.9983625730994152,0.9983625730994152,0.9985964912280701,0.0,0.0,0.0,0.0,0.0,0.0873030696739937,0.4352874477912201,0.00043209215212485424,0.0003409544591058514,0.00024732703306318195,0.0,0.0,0.00422027671987757,0.9984518518518518
exdark,2015_05935,1,426,640,5.725058685446009,0.9223041373239437,0.9374009683098592,0.9492700997652582,0.965287558685446,0.9667106807511737,0.9758949530516432,0.0,0.0,0.0,1.0,9.0,0.7761902769831226,2.0915109184297798,0.9238609813084112,0.93897488317757,0.9503066588785046,0.9659024532710281,0.9673627336448598,0.9766501168224299,0.0,0.0,0.0,0.0,8.0,0.7625352130964302,2.06225910331753,0.9250292056074766,0.9390478971962617,0.9502628504672898,0.9660338785046729,0.9674357476635514,0.9763726635514018,0.0,0.0,0.0,0.0,8.0,0.7576643221834996,2.0508219505250826,0.9260416666666667,0.9402777777777778,0.9514467592592593,0.9671296296296297,0.9683449074074074,0.9765625,0.0,0.0,0.0,0.0,8.0,0.7433321276910791,2.011676135782987,0.0019448738833673016,0.0017114052237460497,0.0014209314687402064,0.0,0.5555121510822243,0.014871744352903388,0.9730230340375586
exdark,2015_05958,1,424,640,4.7263008549528305,0.9250073702830188,0.9403633549528302,0.9537662146226416,0.9704783313679245,0.9723872346698114,0.9804245283018868,0.0,0.0,0.0,0.0,8.0,0.6921104852083045,1.8822343634965029,0.9245872641509434,0.9404628537735849,0.9536556603773585,0.9704451650943396,0.9722435141509433,0.9802623820754717,0.0,0.0,0.0,0.0,8.0,0.6917699305253164,1.877842484651758,0.9244693396226416,0.9403007075471698,0.9535966981132076,0.9704893867924528,0.9723466981132075,0.9804540094339622,0.0,0.0,0.0,0.0,8.0,0.6911348045913301,1.8726686435234678,0.9244693396226416,0.9392099056603773,0.9528301886792453,0.9693985849056603,0.9716391509433963,0.980129716981132,0.0,0.0,0.0,0.0,8.0,0.688083692753957,1.863621694507736,0.0008145746692420887,0.0009336435287758333,0.0006978747375392695,0.0,0.24206145913796356,0.004154472936082998,0.9709168632075472
exdark,2015_05959,1,640,426,19.557438380281692,0.793643632629108,0.8326181044600939,0.8580765845070423,0.8882739143192488,0.891131161971831,0.909375,0.0,1.0,4.0,11.0,56.0,2.5797521014825744,4.872859011638543,0.7952394859813084,0.8339807242990654,0.858732476635514,0.8883761682242991,0.891223714953271,0.9096816588785047,0.0,1.0,4.0,11.0,56.0,2.5734631600824525,4.861455300252764,0.7948206018518519,0.8335069444444444,0.8581886574074075,0.8880497685185185,0.8907696759259259,0.9099247685185186,0.0,1.0,4.0,11.0,56.0,2.5638864600002145,4.854384846251225,0.7935185185185185,0.8322337962962963,0.8561921296296297,0.8863425925925926,0.8896412037037037,0.9081018518518519,0.0,1.0,4.0,11.0,57.0,2.5705694264773338,4.858535286540044,0.0027971598505669862,0.001720711685491013,0.0015413087514244736,0.0,1.3635890143294642,0.015976333562339174,0.8912778755868545
exdark,2015_05982,1,534,800,14.689279026217228,0.7933637640449438,0.8319522471910112,0.8639466292134832,0.902687265917603,0.9060931647940075,0.9296722846441947,0.0,0.0,1.0,10.0,46.0,1.9788078988694082,4.20826689227057,0.7941324626865671,0.8326865671641791,0.8638899253731344,0.9027705223880597,0.9061567164179104,0.9301212686567164,0.0,0.0,1.0,10.0,46.0,1.9736027719700278,4.200391819518443,0.7938805970149254,0.8325,0.8637126865671642,0.9025,0.905839552238806,0.930205223880597,0.0,0.0,1.0,10.0,46.0,1.9749375110949203,4.201686149968378,0.7923507462686568,0.8311567164179104,0.8623507462686567,0.9011940298507463,0.9045522388059701,0.9297388059701492,0.0,0.0,1.0,10.0,47.0,1.990642338141575,4.222505542333664,0.002272916014323016,0.001072702915812895,0.001243358032205091,0.0,0.75,0.014935904893768373,0.9169756554307116
exdark,2015_05991,1,598,372,11.730661344265833,0.8837118351494228,0.8998138957816377,0.9115960010069407,0.93013449850757,0.931982054878268,0.9430539072895314,0.0,0.0,1.0,3.0,24.0,1.493025895624576,3.3838953090946067,0.8836917562724015,0.9004121863799284,0.9121505376344086,0.9306451612903226,0.9325448028673835,0.943853046594982,0.0,0.0,1.0,3.0,23.0,1.4901858848581053,3.378502223341382,0.8839361702127659,0.9,0.9118439716312057,0.9315602836879433,0.9335460992907801,0.9449290780141844,0.0,0.0,1.0,3.0,23.0,1.4842104668620533,3.362200601260434,0.8838297872340426,0.900709219858156,0.9130496453900709,0.9324113475177305,0.9342553191489362,0.9454609929078014,0.0,0.0,1.0,3.0,23.0,1.4825041902621665,3.3546417957849046,0.0014597873383475663,0.0017317337827098545,0.001446815483812488,0.0,0.9921567416492215,0.010363451830786291,0.9296804761391017
exdark,2015_05997,1,640,426,19.52742811032864,0.7347051056338029,0.8107797828638498,0.8529709507042254,0.9003631161971831,0.904306044600939,0.9259022887323943,1.0,1.0,5.0,17.0,47.0,2.8599407051052763,5.1345884137354165,0.7349007009345795,0.8110689252336448,0.851927570093458,0.8998831775700935,0.9033732476635514,0.9258907710280374,1.0,1.0,5.0,17.0,48.0,2.8608262231226496,5.133803440959646,0.7319155092592593,0.8075231481481482,0.8497685185185185,0.8985532407407407,0.9022858796296296,0.9250289351851851,1.0,1.0,5.0,17.0,48.0,2.8761119973531963,5.14416919521827,0.7307870370370371,0.8087384259259259,0.8491898148148148,0.8986111111111111,0.9027199074074074,0.9251157407407408,1.0,1.0,5.0,17.0,48.0,2.877872507314212,5.143800184302173,0.0026435969084645486,0.00271982984745436,0.0013228871362780577,0.0,0.7261843774138906,0.013940588198550772,0.9037045187793428
exdark,2015_06006,1,480,640,13.004059244791666,0.7473046875,0.7959895833333334,0.8733170572916666,0.9396842447916667,0.94193359375,0.9625748697916666,0.0,0.0,6.0,16.0,34.0,2.4629109647541334,4.669047675033222,0.7487760416666667,0.7978125,0.8744010416666667,0.9403645833333333,0.9428255208333334,0.9628385416666667,0.0,0.0,5.0,16.0,34.0,2.453888011364633,4.657202772215219,0.750703125,0.798046875,0.875078125,0.9407291666666666,0.9434635416666667,0.9630729166666666,0.0,0.0,5.0,15.0,34.0,2.4470529638841727,4.647785416737361,0.7539583333333333,0.7991666666666667,0.8751041666666667,0.94234375,0.945,0.9642708333333333,0.0,0.0,5.0,15.0,34.0,2.438562323062083,4.630151593432933,0.0032976144099092232,0.003171299740762891,0.0026286527861963,0.46351240544347894,0.4330127018922193,0.018271808644255524,0.9636165364583333
exdark,2015_06034,1,1024,768,2.7362454732259116,0.9559097290039062,0.9743321736653646,0.9849154154459635,0.9947497049967448,0.9954363505045573,0.9985033671061198,0.0,0.0,0.0,2.0,7.0,0.9177030813979604,2.517652140134347,0.9558258056640625,0.9741770426432291,0.9851531982421875,0.9947713216145834,0.9954579671223959,0.9985402425130209,0.0,0.0,0.0,2.0,7.0,0.9185030802418607,2.5183633791744513,0.956207275390625,0.974395751953125,0.9852803548177084,0.9948628743489584,0.995513916015625,0.9986165364583334,0.0,0.0,0.0,2.0,7.0,0.9140312112714378,2.5099223305672957,0.9564208984375,0.9744669596354166,0.98516845703125,0.994873046875,0.9955240885416666,0.9986979166666666,0.0,0.0,0.0,2.0,7.0,0.9130766908583072,2.508587057798331,0.0006338828624325324,0.0003119640879457948,0.00021346782918719374,0.0,0.0,0.00758301474226522,0.9984219868977865
exdark,2015_06055,1,3264,2448,27.26253987348616,0.5573856559576444,0.6322406796664745,0.7011215638216071,0.7972358137495195,0.8054068747597078,0.859028078143022,1.0,3.0,11.0,39.0,76.0,3.653881797090055,5.9380982314887705,0.5574808967704729,0.6323369216967832,0.7011606113033448,0.7972254261181597,0.8053518077982827,0.8589249527425349,1.0,3.0,11.0,39.0,76.0,3.6536171493491088,5.938325565106481,0.557316697103678,0.6320285467128027,0.7008392204921184,0.7969570998333975,0.805146057606049,0.8588553681276432,1.0,3.0,11.0,39.0,76.0,3.655838205171984,5.940739009315446,0.5575419710367807,0.6323148949122133,0.7012367038318595,0.7972274285531206,0.8055034922465718,0.8588783961296937,1.0,3.0,11.0,39.0,76.0,3.6534228385717396,5.939723654935404,0.00045592649005025824,0.000563478224303503,0.0004358399284021586,0.0,0.3903123748998999,0.0034340698691568325,0.7924553757368961
exdark,2015_06062,1,2448,2448,14.920475631701482,0.7787304362104319,0.8676887762185485,0.9061742412106455,0.9369331440364816,0.9393275556409928,0.9524274851552822,0.0,1.0,5.0,14.0,30.0,2.6099908637742453,4.891961843940475,0.7788617625699518,0.8677311610918877,0.9062219659105473,0.9370187481310607,0.9394143278226323,0.9524822183775471,0.0,1.0,5.0,14.0,30.0,2.608668100919865,4.890432837504769,0.7793637062668205,0.8677832244008714,0.9063474518347644,0.9371208723140673,0.939477070784741,0.9526250587380922,0.0,1.0,5.0,14.0,30.0,2.6071090940629893,4.888279419929607,0.7800071553675937,0.8679647785039942,0.9063901704472639,0.9370114058695374,0.9393662693835704,0.952622388824811,0.0,1.0,5.0,14.0,30.0,2.6048637137950332,4.886180192284431,0.0004312842032009954,0.00017766681849844403,0.00012483093818148577,0.0,0.0,0.0018322518054096789,0.9383336804220599
exdark,2015_06087,1,1024,586,12.45122686913396,0.7768588017278157,0.8238554554180887,0.8672891558233788,0.9258579084897611,0.9301357855162116,0.9543298714803754,0.0,0.0,1.0,12.0,40.0,1.945628877550572,4.14402497273506,0.7777357036564626,0.8248830782312925,0.8680909863945578,0.9265319409013606,0.9309962266156463,0.9545865221088435,0.0,0.0,1.0,12.0,40.0,1.9397217349226301,4.1352243974912755,0.779296875,0.8257759712837838,0.8686919341216216,0.9268897804054054,0.9314822635135135,0.9543259079391891,0.0,0.0,1.0,11.0,40.0,1.9347456238150134,4.127205362988895,0.7791121199324325,0.8264094172297297,0.8694309543918919,0.9270481418918919,0.9317989864864865,0.9547877956081081,0.0,0.0,1.0,11.0,40.0,1.9334500688485077,4.122853336708812,0.0014240572109277833,0.0011440572178293808,0.000949730204688638,0.0,0.3903123748998999,0.007124984376882079,0.9511968723336177
exdark,2015_06092,1,1096,728,4.2760926345552255,0.9603302719178631,0.9668537438838534,0.9718594589716852,0.9777174239993583,0.978228773963263,0.9811740494906553,0.0,0.0,0.0,0.0,1.0,0.36997320043504367,1.021616805347218,0.9603753910323254,0.9671181920269512,0.9722868372503409,0.9778615545038902,0.9783127456485121,0.9812755674981952,0.0,0.0,0.0,0.0,1.0,0.36944238130739454,1.0211342307937061,0.9603453116226839,0.9674641052378279,0.9727079489853212,0.9783127456485121,0.978663672094329,0.9816315071789524,0.0,0.0,0.0,0.0,1.0,0.3718291166705386,1.0279869240716906,0.9600144381166279,0.9675142375872303,0.9727681078046042,0.978663672094329,0.9789043073714606,0.9816716130584744,0.0,0.0,0.0,0.0,1.0,0.3725458993226294,1.0286944179405448,0.00045812848923770344,0.0005088232807513233,0.00046780325659001587,0.0,0.33071891388307384,0.0026161696890104396,0.9762034270474051
exdark,2015_06122,1,800,532,31.384339755639097,0.6386207706766918,0.7382471804511278,0.7911301691729323,0.8412922932330827,0.8458881578947368,0.8707119360902256,1.0,2.0,8.0,24.0,93.0,3.3687506333125556,5.649305032846933,0.6384492481203008,0.7382706766917293,0.7905357142857142,0.8410902255639098,0.8457518796992481,0.8705921052631579,1.0,2.0,8.0,24.0,93.0,3.3692364000773822,5.648945725742631,0.6390858208955223,0.7390671641791045,0.7908208955223881,0.8411007462686567,0.8455783582089552,0.8712126865671642,1.0,2.0,8.0,24.0,92.0,3.3682080281864417,5.643854865850579,0.6382089552238805,0.7385820895522388,0.789589552238806,0.8401492537313433,0.8446268656716418,0.8706716417910447,1.0,2.0,8.0,24.0,94.0,3.378621446720734,5.645529906749823,0.002191496850766057,0.0019462106848379432,0.0017191012014866618,0.0,2.03100960115899,0.013256736061442946,0.8573073308270677
exdark,2015_06125,1,900,600,9.140088888888888,0.8760481481481481,0.8960259259259259,0.9106240740740741,0.9289055555555555,0.930687037037037,0.9465259259259259,0.0,0.0,0.0,2.0,25.0,1.1103913856552603,2.679878675215441,0.8765407407407407,0.8965925925925926,0.9114666666666666,0.9291851851851852,0.9310814814814815,0.9469185185185185,0.0,0.0,0.0,2.0,25.0,1.1054116982223294,2.6683843461363175,0.8758518518518519,0.8965777777777778,0.9110666666666667,0.9293185185185185,0.9311555555555555,0.9464592592592592,0.0,0.0,0.0,2.0,25.0,1.1047763451937922,2.6638451356547708,0.8757522123893805,0.8968436578171092,0.9115929203539823,0.9296165191740413,0.9313569321533923,0.9467846607669617,0.0,0.0,0.0,2.0,25.0,1.0991956152017737,2.6472609184866305,0.0009408908802872515,0.0010577069487188776,0.0007093942870422306,0.0,0.5,0.006411966528950638,0.9289592592592593
exdark,2015_06128,1,1920,1080,6.206273630401235,0.8785440779320988,0.9398750964506173,0.9621238425925925,0.983761574074074,0.9848760609567901,0.9894415509259259,0.0,0.0,0.0,6.0,17.0,1.3897737641011272,3.1165402626686305,0.8784297839506173,0.9399170524691358,0.9621334876543209,0.983852237654321,0.9849864969135802,0.9894367283950617,0.0,0.0,0.0,6.0,17.0,1.387401452673246,3.112796985416335,0.8787152777777778,0.9400771604938272,0.9621913580246914,0.9838271604938271,0.9848842592592593,0.9894097222222222,0.0,0.0,0.0,6.0,17.0,1.383083473489849,3.1062140040985904,0.8789429012345679,0.9402546296296296,0.9624151234567901,0.9839043209876543,0.9849305555555555,0.9894907407407407,0.0,0.0,0.0,6.0,17.0,1.383459039255436,3.106331847412551,0.0004621320890236507,0.00018782875525053726,0.00016733487195163047,0.0,0.0,0.004593057476813033,0.9867390046296296
exdark,2015_06147,1,500,374,10.617566844919786,0.8354064171122995,0.899192513368984,0.934620320855615,0.9614919786096257,0.9628502673796792,0.9712780748663101,0.0,0.0,3.0,10.0,24.0,2.1285765383965085,4.358863644155027,0.8370851063829787,0.9009148936170213,0.9350425531914893,0.961936170212766,0.9633617021276596,0.9718297872340426,0.0,0.0,3.0,10.0,23.0,2.1178527797088864,4.3416622221488295,0.8370212765957447,0.9013617021276595,0.9348510638297872,0.9617446808510638,0.963404255319149,0.9717021276595744,0.0,0.0,3.0,10.0,23.0,2.109070340762143,4.331483270307621,0.8389902060114826,0.9013846673421142,0.9356636271529889,0.9630192502532928,0.9644545761567038,0.9723910840932117,0.0,0.0,3.0,10.0,23.0,2.111078902297345,4.32286490408679,0.0028929376751090576,0.0013945650263137012,0.0013099730256760378,0.24206145913796356,0.6091746465505602,0.014636920990643577,0.9653101604278075
exdark,2015_06162,1,902,600,1.0883277900960828,0.9851127124907613,0.990970066518847,0.9944752402069476,0.9972616407982262,0.9974648928307465,0.9985051736881005,0.0,0.0,0.0,0.0,1.0,0.32605328798119226,1.1461595587616569,0.9852728613569322,0.9911356932153392,0.994476401179941,0.9971902654867256,0.9973598820058998,0.9984439528023599,0.0,0.0,0.0,0.0,1.0,0.3252430203379202,1.142750189343073,0.985693215339233,0.9911209439528024,0.9945132743362832,0.9972418879056048,0.9974188790560472,0.9984955752212389,0.0,0.0,0.0,0.0,1.0,0.32134256176424036,1.131398476165472,0.9853687315634219,0.9906784660766962,0.9938938053097345,0.9970796460176992,0.9973156342182891,0.9983480825958702,0.0,0.0,0.0,0.0,1.0,0.32636485148104466,1.1438238277044523,0.00038089636652723335,0.00030811155258021793,0.0001831198415495828,0.0,0.4330127018922193,0.004933832580370895,0.9984534368070953
exdark,2015_06170,1,1088,734,4.769571946626062,0.9498993228081424,0.957461382032377,0.9628759116044238,0.9700535442378586,0.970599505129027,0.9748444762782498,0.0,0.0,0.0,0.0,2.0,0.5378919965806588,1.572311322922548,0.9500979060102301,0.9576306745524297,0.963105418797954,0.9701986093350383,0.9707131154092071,0.9749290680946292,0.0,0.0,0.0,0.0,2.0,0.5357979734506476,1.5658499222323428,0.9496383471867008,0.9571011828644501,0.9628656489769821,0.9700887148337596,0.9706581681585678,0.9748641304347826,0.0,0.0,0.0,0.0,2.0,0.5388057790498255,1.572231669774566,0.9495484335038363,0.9570612212276215,0.962675831202046,0.9699088874680307,0.970548273657289,0.974764226342711,0.0,0.0,0.0,0.0,2.0,0.5420997551767227,1.578006636912233,0.0005485220793460617,0.0005585410244609986,0.00047221250973809273,0.0,0.0,0.003834621814376951,0.9695363840359031
exdark,2015_06175,1,1632,916,3.1551275259011904,0.9663993599623255,0.981468474398493,0.9872942353797414,0.9918563768302081,0.9922363323058481,0.9940264042298141,0.0,0.0,1.0,2.0,6.0,1.052571730499844,2.7241504601727486,0.9659270913605617,0.9811948796986043,0.9871564346262522,0.9918523632160288,0.9922590761195308,0.9940330935867797,0.0,0.0,1.0,2.0,6.0,1.05476588209197,2.727573270376001,0.9656329923273658,0.9810102301790281,0.9870630861040068,0.9918797953964195,0.9923113810741688,0.9941229752770674,0.0,0.0,1.0,2.0,6.0,1.055494660653934,2.7284489213072285,0.9655477408354646,0.9811807331628304,0.9873827791986359,0.9921035805626598,0.9925191815856778,0.9943201193520886,0.0,0.0,1.0,2.0,6.0,1.0540372037950012,2.7242048937285475,0.0004988936227185344,0.00025304777531328705,0.00022216969426720807,0.0,0.0,0.0027705598326653908,0.9925085891343437
exdark,2015_06183,1,1024,682,9.156294389204545,0.9123943250549853,0.9218005406891495,0.9289400430718475,0.9398426044721407,0.9409580622250733,0.9479515098057185,0.0,0.0,0.0,0.0,10.0,0.8155859022540476,2.0811784260169914,0.9122407255116959,0.9217093841374269,0.9288251553362573,0.9397272478070176,0.9408351608187134,0.9479223775584795,0.0,0.0,0.0,0.0,10.0,0.8160156669146769,2.081621817567689,0.9119049781976745,0.9217955123546512,0.9288585574127907,0.9398051417151163,0.9408384811046512,0.9479128815406976,0.0,0.0,0.0,0.0,10.0,0.817337929696344,2.0846072662992317,0.9116778706395349,0.9220793968023255,0.9290288880813954,0.9399981831395349,0.9409520348837209,0.9475835755813954,0.0,0.0,0.0,0.0,10.0,0.8161907689327018,2.0792009686833017,0.0005704714613138945,0.0005315799943568021,0.0007176340194121108,0.0,0.49607837082461076,0.004089614620060421,0.9360466115285924
exdark,2015_06184,1,760,592,16.104754178520626,0.7555498755334281,0.8115931721194879,0.8469061166429588,0.8878156116642959,0.8913406827880512,0.9163984708392603,0.0,0.0,2.0,15.0,54.0,2.194009397318179,4.509176202748218,0.7553698435277383,0.8117265291607397,0.8466927453769559,0.8878111664295875,0.8915896159317211,0.9164562588904694,0.0,0.0,2.0,15.0,54.0,2.1920037739344753,4.504942523699012,0.7558499288762447,0.8122688477951636,0.8469950213371266,0.8883001422475106,0.8918563300142247,0.9162162162162162,0.0,0.0,2.0,15.0,54.0,2.189556247624124,4.500192958843306,0.7569701280227596,0.8130867709815078,0.8473328591749645,0.8883357041251778,0.8921052631578947,0.9162517780938834,0.0,0.0,2.0,15.0,54.0,2.1817791284169386,4.485666713442539,0.0011728998381993865,0.0009725214559227741,0.0005099441820661429,0.0,0.46351240544347894,0.00812081622461468,0.9161828769559033
exdark,2015_06235,1,1280,536,4.434382287779851,0.9440735774253731,0.9614534748134328,0.9688738922574627,0.9771236590485075,0.9778378614738806,0.9824947527985075,0.0,0.0,0.0,1.0,8.0,0.8324148435508695,2.3162962847825894,0.9440356809701492,0.9611415578358209,0.9687383395522388,0.9768423507462687,0.9776236007462686,0.9824685167910447,0.0,0.0,0.0,1.0,8.0,0.8322697858281394,2.315352823134636,0.9437616604477612,0.9600746268656717,0.9680503731343284,0.9768773320895522,0.9776119402985075,0.9826375932835821,0.0,0.0,0.0,1.0,7.0,0.8321785980838908,2.3144000395168183,0.9441464552238806,0.9602378731343284,0.9681436567164179,0.9769123134328358,0.9776352611940299,0.9829524253731343,0.0,0.0,0.0,1.0,7.0,0.8308874446781693,2.31037984125565,0.0008282971387199469,0.0008361735769066224,0.0005516093561139175,0.0,0.4330127018922193,0.001699442651823202,0.9815415111940299
exdark,2015_06243,1,478,720,15.728399581589958,0.7832519758251976,0.8324151557415156,0.8686512087401209,0.9098122966062296,0.912778940027894,0.9319967456996746,0.0,1.0,2.0,12.0,43.0,2.3361954576648643,4.651653063684458,0.7832060185185186,0.8328125,0.8693981481481482,0.9104398148148148,0.9133564814814815,0.9322453703703704,0.0,1.0,2.0,12.0,42.0,2.3321854173379095,4.647875932521131,0.7837731481481481,0.8337731481481482,0.8698611111111111,0.9103935185185185,0.9131944444444444,0.9322685185185186,0.0,1.0,2.0,12.0,43.0,2.3230251282797547,4.637645975019124,0.7835185185185185,0.8334722222222222,0.8706944444444444,0.9100462962962963,0.9132870370370371,0.9324074074074075,0.0,1.0,2.0,12.0,43.0,2.3200413840302474,4.631279064842523,0.0013685737932658969,0.0011932853494172387,0.0012561688975133685,0.33071891388307384,0.4841229182759271,0.009199916965576524,0.9208013714551372
exdark,2015_06255,1,640,410,11.049237804878048,0.8650762195121952,0.8921875,0.9107317073170732,0.935,0.9370846036585366,0.950327743902439,0.0,0.0,0.0,4.0,27.0,1.3503136853641489,3.1760443061898465,0.866307645631068,0.8933859223300971,0.9115746359223301,0.9358313106796117,0.9376972087378641,0.9502275485436893,0.0,0.0,0.0,3.0,26.0,1.3426297470313713,3.1621455854786777,0.8678485576923077,0.8944110576923077,0.9122896634615385,0.9362680288461539,0.9380108173076923,0.9503004807692308,0.0,0.0,0.0,3.0,26.0,1.3285370413102422,3.1378677320805988,0.8665264423076923,0.8927884615384616,0.9115384615384615,0.9358173076923076,0.9375600961538462,0.9491586538461538,0.0,0.0,0.0,3.0,26.0,1.3358814598806874,3.144985099948495,0.0019139188290316538,0.0012791432138352912,0.0009798308536162028,0.0,0.7806247497997998,0.01387984207993723,0.9349618902439024
exdark,2015_06260,1,640,448,9.368324497767857,0.9002580915178572,0.9234793526785714,0.937841796875,0.9519461495535714,0.9531563895089286,0.9603410993303572,0.0,0.0,0.0,3.0,15.0,1.292733229557476,3.150990758114159,0.9006556919642857,0.9238978794642857,0.9383510044642858,0.9531668526785714,0.9544503348214286,0.9615234375,0.0,0.0,0.0,3.0,15.0,1.289951739333684,3.145291689318803,0.9002790178571428,0.9234933035714286,0.9380022321428572,0.9532366071428572,0.9543805803571429,0.9614397321428572,0.0,0.0,0.0,3.0,15.0,1.2910689610232413,3.1427319422326163,0.9004464285714285,0.9237723214285715,0.9380022321428572,0.952734375,0.9537946428571429,0.9607142857142857,0.0,0.0,0.0,3.0,15.0,1.2912702996538785,3.1361326304654153,0.00252298146327744,0.001614676483929491,0.0012645341627512772,0.0,0.6091746465505602,0.014721440162850015,0.9503104073660714
exdark,2015_06266,1,640,426,0.9619681631455399,0.9862602699530516,0.992987089201878,0.9957306338028169,0.997087734741784,0.9972014377934272,0.9977479460093897,0.0,0.0,0.0,0.0,1.0,0.272144368268386,1.00468796771183,0.9863901869158879,0.9929614485981308,0.9956921728971962,0.9971816588785046,0.9973422897196261,0.9977219626168224,0.0,0.0,0.0,0.0,1.0,0.2711053443037082,1.0011789803849123,0.9865162037037037,0.9928530092592592,0.9952835648148148,0.9969328703703704,0.997193287037037,0.9975983796296296,0.0,0.0,0.0,0.0,1.0,0.2768304611081277,1.0150750614441195,0.9862847222222222,0.992650462962963,0.9951388888888889,0.9967592592592592,0.9971064814814815,0.9976273148148148,0.0,0.0,0.0,0.0,1.0,0.28076506990172134,1.023812599987476,0.00046926008996938577,0.00042684247145116113,0.000258827979223565,0.0,0.0,0.005154561784759833,0.9973224765258216
exdark,2015_06289,1,640,426,4.308392018779343,0.9456389377934272,0.9633876173708921,0.9732027582159625,0.9828601819248827,0.983531396713615,0.987393632629108,0.0,0.0,0.0,2.0,8.0,0.9907731599252864,2.660696910348808,0.9458820093457944,0.9632009345794392,0.9734228971962616,0.9829877336448598,0.9835134345794393,0.9872225467289719,0.0,0.0,0.0,2.0,8.0,0.9897436824120196,2.656246548268231,0.9467013888888889,0.96328125,0.9741319444444444,0.983130787037037,0.9836805555555556,0.9873263888888889,0.0,0.0,0.0,2.0,7.0,0.9797683560476289,2.635166560041082,0.9453125,0.9629050925925926,0.9742476851851852,0.9824074074074074,0.9829861111111111,0.9864583333333333,0.0,0.0,0.0,2.0,8.0,0.9832617919077437,2.634588432494902,0.0021253987205132334,0.0009135038702225608,0.0008521748272748346,0.0,0.4841229182759271,0.01069145290472282,0.9843970070422535
exdark,2015_06291,1,640,426,3.579262030516432,0.9695349178403756,0.9807365023474178,0.9850462147887324,0.9889451291079813,0.989275234741784,0.9914025821596244,0.0,0.0,1.0,3.0,7.0,1.2201050295400702,2.964736715140805,0.9716705607476636,0.9827540887850468,0.9862733644859814,0.9897780373831776,0.989982476635514,0.9918954439252337,0.0,0.0,1.0,3.0,7.0,1.205564856808021,2.935158557928396,0.9718460648148148,0.9834201388888889,0.9868055555555556,0.9901331018518519,0.9903067129629629,0.9918402777777777,0.0,0.0,1.0,3.0,7.0,1.2043764018417986,2.9335401831190637,0.9744791666666667,0.9842013888888889,0.9872685185185185,0.9905092592592593,0.990625,0.9917824074074074,0.0,0.0,1.0,3.0,6.0,1.1843314115219634,2.895625613163477,0.0023337587261395352,0.0019375632914859517,0.001411451109645231,0.0,0.33071891388307384,0.01731745346987768,0.9894329518779342
exdark,2015_06292,1,640,410,1.0425342987804878,0.9887576219512195,0.9911890243902439,0.9930792682926829,0.9948056402439024,0.9949504573170732,0.9958727134146341,0.0,0.0,0.0,0.0,0.0,0.1924513481831837,0.7503326566788041,0.9892597087378641,0.9916868932038835,0.9935376213592233,0.9949635922330097,0.9950849514563107,0.9959648058252427,0.0,0.0,0.0,0.0,0.0,0.1898507485188495,0.7417936894275108,0.9897836538461539,0.9920673076923077,0.9942608173076923,0.995703125,0.9958533653846153,0.9966045673076923,0.0,0.0,0.0,0.0,0.0,0.18379948190390447,0.7232840278600117,0.9900841346153846,0.9920673076923077,0.9941105769230769,0.9956730769230769,0.9958533653846153,0.9963341346153847,0.0,0.0,0.0,0.0,0.0,0.1819000742923722,0.7170551885491162,0.00093074159284195,0.0008699561977325047,0.000738685151175748,0.0,0.0,0.006890915984468579,0.9947103658536586
exdark,2015_06297,1,500,332,4.200674698795181,0.9353253012048193,0.9502951807228915,0.9615240963855421,0.9750060240963856,0.9761746987951807,0.9842228915662651,0.0,0.0,0.0,1.0,7.0,0.8675638444678972,2.4079979330214067,0.9359518072289157,0.9508674698795181,0.9621927710843373,0.9756867469879518,0.976722891566265,0.9844819277108434,0.0,0.0,0.0,1.0,7.0,0.8599026922034797,2.391563096122429,0.9371428571428572,0.9516666666666667,0.9619047619047619,0.9756666666666667,0.9766666666666667,0.9843809523809524,0.0,0.0,0.0,1.0,7.0,0.8518229748055476,2.373427243176411,0.9355631141345427,0.9505857898715041,0.9606009070294784,0.9741118669690099,0.9752456538170824,0.9840325018896448,0.0,0.0,0.0,1.0,7.0,0.8590292077527822,2.37674259088637,0.0018753468149006085,0.0013914962384376608,0.0010672865127596962,0.0,0.5,0.010363019807231397,0.9812891566265061
exdark,2015_06299,1,640,512,12.207965087890624,0.9035064697265625,0.9146881103515625,0.923187255859375,0.9335418701171875,0.934539794921875,0.940576171875,0.0,0.0,0.0,0.0,14.0,0.8561622527334766,1.9932006211876225,0.9041748046875,0.9147705078125,0.9232666015625,0.93328857421875,0.9343505859375,0.94078369140625,0.0,0.0,0.0,0.0,13.0,0.8523989926009701,1.9868730874421723,0.9020263671875,0.91376953125,0.92265625,0.9335693359375,0.934912109375,0.941455078125,0.0,0.0,0.0,0.0,14.0,0.857338661531583,1.9978049670282263,0.903662109375,0.91572265625,0.924609375,0.935546875,0.936572265625,0.943115234375,0.0,0.0,0.0,0.0,13.0,0.8462922317330352,1.9839734114284688,0.002136420105282602,0.0017986119209772063,0.0018318581407826048,0.0,1.1021995055342748,0.011053564267314383,0.928656005859375
exdark,2015_06300,1,640,480,2.4367610677083333,0.97740234375,0.9879427083333333,0.9917447916666666,0.9939518229166666,0.9940592447916666,0.994697265625,0.0,0.0,0.0,1.0,4.0,0.6728880208272763,2.028257916348373,0.9773177083333333,0.9876302083333334,0.9913671875,0.99359375,0.9937109375,0.9944270833333333,0.0,0.0,0.0,1.0,4.0,0.670018688456613,2.0192532532627694,0.97734375,0.9868489583333333,0.9909114583333334,0.99328125,0.9934635416666666,0.9944791666666667,0.0,0.0,0.0,1.0,4.0,0.670919033368628,2.017783853137971,0.9774479166666666,0.9873958333333334,0.9915104166666666,0.9939583333333334,0.9941145833333334,0.99515625,0.0,0.0,0.0,1.0,4.0,0.6647967789497554,2.004049164466105,0.0005618229311517087,0.0006096197870166614,0.0005395305278768569,0.0,0.0,0.005291448069183579,0.9935416666666667
exdark,2015_06306,1,640,480,2.628138020833333,0.9692057291666667,0.9786653645833333,0.9838997395833333,0.98873046875,0.9891569010416666,0.9914029947916667,0.0,0.0,0.0,1.0,3.0,0.5944371378569793,1.8503752431319662,0.9689713541666667,0.9786328125,0.9836848958333333,0.9887630208333333,0.9891536458333333,0.9913151041666667,0.0,0.0,0.0,1.0,3.0,0.5956367034115505,1.8498707590224495,0.9682552083333333,0.9778125,0.9830989583333334,0.9885416666666667,0.9888802083333333,0.9911197916666666,0.0,0.0,0.0,1.0,3.0,0.5984976309173236,1.8503791604363709,0.968125,0.9780208333333333,0.98265625,0.9881770833333333,0.9884895833333334,0.99078125,0.0,0.0,0.0,1.0,3.0,0.5993692369941063,1.847275300789703,0.0008334350523856879,0.0008832838512452752,0.0006756341537685191,0.0,0.0,0.004283037110445828,0.9887890625
exdark,2015_06325,1,640,480,4.063330078125,0.970078125,0.980712890625,0.98470703125,0.988505859375,0.9888248697916666,0.9904231770833334,0.0,0.0,1.0,3.0,6.0,1.2837714500701323,2.9987286016288763,0.97015625,0.981015625,0.9848046875,0.988515625,0.9888671875,0.9902864583333333,0.0,0.0,1.0,3.0,6.0,1.2844847182307502,2.9988685290962356,0.9712760416666667,0.981640625,0.985078125,0.988671875,0.9890885416666667,0.9906770833333334,0.0,0.0,1.0,3.0,6.0,1.276000773824586,2.9845452260967416,0.97171875,0.9820833333333333,0.98546875,0.98859375,0.9890625,0.9908854166666666,0.0,0.0,1.0,3.0,6.0,1.2627714803586934,2.960978836179293,0.0009216322067284544,0.0003840042214338128,0.0005654607020195258,0.0,0.46351240544347894,0.012323861921899971,0.9881119791666667
exdark,2015_06334,1,640,640,10.1535498046875,0.87168212890625,0.89120361328125,0.90608642578125,0.9275146484375,0.9295556640625,0.94322021484375,0.0,0.0,0.0,1.0,28.0,1.0785220001389777,2.560360322959009,0.87169921875,0.891611328125,0.906845703125,0.928349609375,0.930478515625,0.94404296875,0.0,0.0,0.0,1.0,28.0,1.076967018371305,2.5600349552856243,0.870234375,0.89015625,0.90533203125,0.92638671875,0.92865234375,0.9427734375,0.0,0.0,0.0,1.0,28.0,1.085353500614644,2.570367674847237,0.8698046875,0.8887109375,0.90421875,0.9251953125,0.9278515625,0.9425,0.0,0.0,0.0,1.0,29.0,1.0879533373090018,2.5690670764402177,0.0017269131403662172,0.0016814590692815906,0.0017510653386585697,0.0,0.899218410621135,0.008323586398542082,0.92513671875
exdark,2015_06338,1,426,640,2.65440507629108,0.9700667546948357,0.9825630868544601,0.9893119131455399,0.9940104166666667,0.9942451584507043,0.9956572769953052,0.0,0.0,1.0,1.0,5.0,0.9912446282588295,2.231939719972239,0.97022488317757,0.9828417056074766,0.9896028037383178,0.9942026869158879,0.9944655373831776,0.9959404205607477,0.0,0.0,1.0,1.0,5.0,0.9876805384989965,2.2229522353301743,0.970356308411215,0.9832943925233645,0.9896904205607476,0.9942757009345794,0.9945677570093457,0.9958820093457944,0.0,0.0,1.0,1.0,5.0,0.9839510341938816,2.216132495982105,0.9706018518518519,0.9838541666666667,0.9907986111111111,0.9953703703703703,0.9956597222222222,0.9969328703703704,0.0,0.0,1.0,1.0,5.0,0.9760247074088865,2.2023176371377398,0.0008621006076867166,0.000961065979900526,0.0007473913727737312,0.0,0.0,0.006925058293759367,0.9945055751173709
exdark,2015_06340,1,500,500,15.523456,0.850312,0.858628,0.865816,0.877428,0.878788,0.890248,0.0,0.0,0.0,0.0,72.0,1.114325636132006,2.355488659109618,0.849536,0.858336,0.865424,0.877344,0.87896,0.890672,0.0,0.0,0.0,0.0,72.0,1.1163048893452048,2.357179520049133,0.8523492063492063,0.8617142857142858,0.8694920634920635,0.8804444444444445,0.8820634920634921,0.8933650793650794,0.0,0.0,0.0,0.0,70.0,1.1018433051826226,2.3426216433271563,0.8521038044847569,0.8624338624338624,0.8699294532627866,0.8806374401612497,0.8823381204333586,0.894620811287478,0.0,0.0,0.0,0.0,68.0,1.1002133820948239,2.3412951670272344,0.002302948072142786,0.002894191797529616,0.0025917536493674713,0.0,2.1758618981911515,0.010589792723860457,0.86552
exdark,2015_06352,1,640,640,6.183427734375,0.92444580078125,0.95014404296875,0.9628759765625,0.97432861328125,0.975341796875,0.98070556640625,0.0,0.0,1.0,4.0,12.0,1.4583964236714424,3.423213037847744,0.924111328125,0.9498046875,0.962548828125,0.9740625,0.975068359375,0.980546875,0.0,0.0,1.0,4.0,12.0,1.4553554341384976,3.41741787784827,0.92375,0.94986328125,0.96224609375,0.97421875,0.97525390625,0.98052734375,0.0,0.0,1.0,4.0,12.0,1.4522005243154876,3.412337081706096,0.9235546875,0.9498828125,0.962109375,0.9740234375,0.9748046875,0.9803515625,0.0,0.0,1.0,4.0,12.0,1.448559051253849,3.404874067527917,0.0006756258218003368,0.0005561907104440583,0.00039800163813114616,0.0,0.5,0.006822101796744234,0.9756005859375
exdark,2015_06365,1,740,900,6.959566066066066,0.9082597597597598,0.9358768768768769,0.952515015015015,0.9681426426426426,0.9692462462462462,0.976024024024024,0.0,0.0,1.0,4.0,14.0,1.4259997530176522,3.3697660416349753,0.9095975975975976,0.9370690690690691,0.9537597597597598,0.969051051051051,0.9700300300300301,0.9766666666666667,0.0,0.0,1.0,4.0,14.0,1.418034551005458,3.355945478977194,0.9105237981344176,0.9375747428844774,0.9538507534082755,0.9687395359961731,0.969732121502033,0.9766563023200191,0.0,0.0,1.0,4.0,13.0,1.413397463025653,3.3461164334087115,0.9097678180607098,0.9366019602245694,0.9535398230088495,0.9688362356075745,0.969978113997526,0.9770672756684746,0.0,0.0,1.0,4.0,14.0,1.4133896988177883,3.3424921782896058,0.0014577441349403703,0.001545912672731348,0.0009738174333984524,0.0,0.33071891388307384,0.011173666374148456,0.9693468468468468
exdark,2015_06366,1,654,900,6.864655113829426,0.9169809717974856,0.9440689772341149,0.9601834862385321,0.9742592592592593,0.9752752293577982,0.98067957866123,0.0,0.0,2.0,4.0,13.0,1.6780148068278073,3.6494587833520926,0.9172222222222223,0.944349593495935,0.9604539295392954,0.9740650406504066,0.9751084010840109,0.9805623306233062,0.0,0.0,2.0,4.0,13.0,1.6751557780781907,3.644770832533638,0.9171298294841356,0.9440832074249946,0.95993416792575,0.9737885819123678,0.974840815886035,0.9802908482624649,0.0,0.0,2.0,4.0,12.0,1.678237290247995,3.6457348591278915,0.91762896611267,0.9442046190373408,0.9603118929419383,0.9738830131664149,0.9749352471400821,0.9804122598748112,0.0,0.0,2.0,4.0,12.0,1.6790793882606547,3.6420079394123244,0.001167008691944123,0.0007023807237939557,0.0004544995530633487,0.0,0.46351240544347894,0.00783126048887606,0.9760669384981312
exdark,2015_06397,1,616,614,2.307920703075426,0.9769052201869791,0.9836261051651931,0.9870288506281991,0.9903126189771141,0.990587588307458,0.9919862303819958,0.0,0.0,0.0,0.0,2.0,0.43228921366800505,1.437723797589315,0.9770091921065948,0.98415626581211,0.9873819362455726,0.990354612919548,0.9905759824590994,0.9920834036093776,0.0,0.0,0.0,0.0,2.0,0.4310757584331256,1.433897698373888,0.9765980772474279,0.9839981447124304,0.9871816495193119,0.9901754090065779,0.9903862371394839,0.9920306965761512,0.0,0.0,0.0,0.0,2.0,0.4284108821997409,1.426122732560105,0.9768089053803339,0.9845673806712768,0.9876454714117052,0.9903440715129027,0.9905127340192276,0.9921150278293135,0.0,0.0,0.0,0.0,2.0,0.42722261080890866,1.4196803897247512,0.0006791489902046245,0.0005134066565437177,0.0004381638857742805,0.0,0.0,0.004956991835877991,0.9906986336139431
exdark,2015_06401,1,500,332,3.132180722891566,0.963644578313253,0.981710843373494,0.9905240963855422,0.9949638554216867,0.995144578313253,0.9964939759036144,0.0,0.0,1.0,3.0,7.0,1.195930118445543,2.967364929018567,0.9634939759036144,0.9814939759036144,0.9902891566265061,0.9948433734939759,0.9950120481927711,0.9962168674698795,0.0,0.0,1.0,3.0,7.0,1.197047132763269,2.9657711628301917,0.9637619047619047,0.9818095238095238,0.9901428571428571,0.994904761904762,0.9950476190476191,0.9962380952380953,0.0,0.0,1.0,3.0,7.0,1.1942199200748718,2.9586274513388706,0.9633408919123205,0.9811980347694633,0.9894179894179894,0.9940476190476191,0.9941421012849584,0.9954648526077098,0.0,0.0,1.0,3.0,7.0,1.1894984497994232,2.948494592851485,0.0007240316605508112,0.0006317239579814785,0.0006579224487642595,0.0,0.3903123748998999,0.007195611442975437,0.9953012048192771
exdark,2015_06411,1,500,374,0.868144385026738,0.9926737967914439,0.9942245989304813,0.9952994652406417,0.9966096256684492,0.9967112299465241,0.9973850267379679,0.0,0.0,0.0,0.0,1.0,0.25560130089016525,1.0047009600377104,0.9925106382978723,0.9940851063829788,0.9951063829787234,0.9965531914893617,0.9966382978723404,0.9972978723404256,0.0,0.0,0.0,0.0,1.0,0.25740908614988434,1.0066818857707474,0.9928085106382979,0.9941702127659574,0.9951914893617021,0.9966808510638298,0.9967234042553191,0.9972340425531915,0.0,0.0,0.0,0.0,1.0,0.2595694277645421,1.0096685213063412,0.9923167848699763,0.9935832489023978,0.9950185748058088,0.996791624451199,0.996791624451199,0.9973826409996622,0.0,0.0,0.0,0.0,1.0,0.25700877991484555,0.9984934014299328,0.0005752685682716542,0.00036765431605620115,0.00023707877736791643,0.0,0.0,0.005201505601269908,0.9971336898395722
exdark,2015_06447,1,374,500,20.061582887700535,0.736,0.7867219251336899,0.8259251336898396,0.8721229946524064,0.8760588235294118,0.9052032085561498,0.0,1.0,5.0,17.0,61.0,2.6436646366477974,5.06206180548687,0.7355106382978723,0.7867234042553192,0.8261914893617022,0.8723617021276596,0.8763191489361702,0.9054468085106383,0.0,1.0,4.0,18.0,61.0,2.6396370478219953,5.056453951446332,0.7370398514015535,0.7876984126984127,0.8274653833164471,0.8731425194191151,0.8770263424518744,0.9059861533265788,0.0,1.0,4.0,17.0,60.0,2.6280279223354284,5.043583311128086,0.7381796690307328,0.7904424181019926,0.8299560959135427,0.8747044917257684,0.878757176629517,0.9063660925363053,0.0,1.0,4.0,17.0,60.0,2.6210335744820235,5.027150069912352,0.00246146116470077,0.002935239868532524,0.0019796882761206345,0.5,0.9662265521087692,0.01560403011843479,0.8856203208556149
exdark,2015_06448,1,480,320,45.266490885416665,0.47415364583333336,0.5289388020833333,0.5681640625,0.6327213541666666,0.6405078125,0.6981901041666667,0.0,3.0,19.0,77.0,125.0,4.066102556090899,6.479263460306477,0.475390625,0.530234375,0.5693489583333333,0.6336458333333334,0.64109375,0.6967447916666667,0.0,3.0,19.0,78.0,126.0,4.06426404641435,6.47796533733494,0.4744791666666667,0.5298958333333333,0.5684895833333333,0.6328645833333333,0.6404166666666666,0.6956770833333333,0.0,3.0,19.0,79.0,127.0,4.06946723431461,6.482114824243691,0.4767708333333333,0.5308333333333334,0.5665625,0.6302083333333334,0.6372916666666667,0.6882291666666667,0.0,3.0,19.0,80.0,128.0,4.071831721867875,6.473811846288523,0.005506796596616802,0.0054610405728629146,0.005428781898899242,0.7806247497997998,2.0530084632071053,0.025221085790386122,0.6365690104166667
exdark,2015_06469,1,500,374,5.864433155080214,0.910379679144385,0.9455882352941176,0.9742673796791443,0.9901657754010695,0.9906524064171123,0.9923422459893048,0.0,1.0,2.0,5.0,15.0,1.7497217124058682,3.7195738724145486,0.9093617021276595,0.9451276595744681,0.9742553191489361,0.9901489361702127,0.990531914893617,0.9923191489361702,0.0,1.0,2.0,5.0,15.0,1.7518076494748591,3.7217866748827126,0.9096595744680851,0.9444255319148936,0.9741702127659575,0.99,0.9903829787234043,0.9922553191489362,0.0,1.0,2.0,5.0,15.0,1.7483464097807968,3.715443072222285,0.9085612968591692,0.9441911516379602,0.97483958122256,0.9896149949341438,0.9900371496116177,0.9922323539344816,0.0,1.0,2.0,5.0,15.0,1.7422159664460173,3.706927614351709,0.001111029990860195,0.0006492616538338508,0.00037893358018741685,0.0,0.24206145913796356,0.005630349350722998,0.9904652406417113
exdark,2015_06472,1,500,374,18.93103743315508,0.8322192513368984,0.863048128342246,0.8832032085561498,0.9060106951871658,0.9077219251336899,0.9214973262032086,1.0,1.0,4.0,9.0,42.0,2.649275539311049,4.627372636076925,0.8318297872340426,0.8623191489361702,0.8832127659574468,0.9058085106382979,0.9076382978723404,0.9212127659574468,1.0,1.0,4.0,9.0,42.0,2.650912915885277,4.62856262981134,0.8328085106382979,0.8641702127659574,0.8850212765957447,0.9065106382978724,0.9082127659574468,0.9212765957446809,1.0,1.0,4.0,9.0,41.0,2.636704224411032,4.614871662857063,0.8312225599459642,0.8628841607565012,0.8846673421141507,0.9062816616008106,0.9077169875042216,0.9208037825059102,1.0,1.0,4.0,9.0,41.0,2.6381312967850503,4.605611033167997,0.0021591317839847047,0.0020415978916009524,0.0014675671128339318,0.0,1.5090870584562046,0.013153921930827055,0.9112192513368984
exdark,2015_06489,1,452,300,11.675221238938054,0.8886725663716815,0.9117994100294985,0.9264011799410029,0.942042772861357,0.9431637168141593,0.9491961651917404,0.0,0.0,0.0,2.0,19.0,1.2434801832792042,2.9859510970160983,0.8894985250737463,0.9128318584070797,0.9268436578171091,0.9425073746312684,0.9435988200589971,0.9494395280235988,0.0,0.0,0.0,2.0,19.0,1.2387624893606042,2.9732538588570754,0.8871681415929203,0.9125523986958547,0.9274569166278528,0.9432929669306008,0.9442244993013508,0.9491732650209594,0.0,0.0,0.0,2.0,19.0,1.240056704158175,2.9639605345946465,0.8868882733148661,0.9119344413665743,0.9265927977839336,0.9433287165281625,0.9439058171745153,0.9490997229916898,0.0,0.0,0.0,2.0,19.0,1.239018751787629,2.95372071599227,0.002329955550687761,0.001248781643974296,0.0010565326688649743,0.0,0.6343057228182637,0.01342681784099649,0.9295575221238938
exdark,2015_06499,1,452,300,4.6742920353982305,0.9458185840707964,0.9598156342182891,0.9680825958702065,0.9777359882005899,0.9784808259587021,0.9836430678466077,0.0,0.0,0.0,2.0,7.0,0.9313019345014805,2.5225962429605433,0.9453982300884956,0.959882005899705,0.9678466076696165,0.9775221238938053,0.978377581120944,0.9835398230088496,0.0,0.0,0.0,2.0,7.0,0.9333487535352912,2.523457092294545,0.9466697717745691,0.9608756404285049,0.968735444806707,0.9780507685142059,0.9788076385654402,0.9841057289240801,0.0,0.0,0.0,2.0,7.0,0.9249266372983417,2.5015614893359195,0.9462142197599261,0.9605263157894737,0.9687211449676824,0.977954755309326,0.9785318559556787,0.9838411819021238,0.0,0.0,0.0,2.0,7.0,0.9243373109227337,2.4924169899426403,0.0011605772419809428,0.0009001838948951665,0.0006324829073283791,0.0,0.0,0.010816651541868288,0.9931489675516224
exdark,2015_06516,1,452,300,9.215538348082596,0.8817551622418879,0.9189823008849558,0.9381563421828909,0.9592256637168142,0.9610766961651918,0.970405604719764,0.0,0.0,2.0,7.0,19.0,1.9362044384302188,4.109747188219797,0.8813864306784661,0.9189970501474927,0.9384365781710915,0.9589085545722714,0.9607964601769912,0.9703244837758113,0.0,0.0,2.0,7.0,19.0,1.9332715813366694,4.104326410122047,0.8836166744294365,0.9204704238472287,0.9404983698183512,0.9603516534699581,0.9618653935724266,0.9717629250116442,0.0,0.0,2.0,7.0,18.0,1.9208885233391573,4.082608574707679,0.8845798707294552,0.9203601108033241,0.9422899353647276,0.9617959372114496,0.9630655586334257,0.9731071098799631,0.0,0.0,2.0,7.0,18.0,1.9152217936836984,4.066054435092531,0.002536322267144031,0.0021432762462855136,0.0017528529961993791,0.0,0.4841229182759271,0.01863434526729383,0.9742330383480826
exdark,2015_06518,1,420,300,3.8789285714285713,0.9605714285714285,0.9686031746031746,0.9732380952380952,0.9802222222222222,0.9807539682539682,0.9838968253968254,0.0,0.0,0.0,0.0,3.0,0.5765166012665921,1.7574985310731137,0.9605396825396826,0.9686666666666667,0.973015873015873,0.9797777777777777,0.9803809523809524,0.9835238095238096,0.0,0.0,0.0,0.0,3.0,0.5768230654850705,1.7522274088229732,0.9612155388471177,0.9696115288220551,0.9736215538847118,0.9805137844611529,0.981265664160401,0.9848997493734336,0.0,0.0,0.0,0.0,3.0,0.5688692547225663,1.7323879808994345,0.9607745779543198,0.9688430983118173,0.9731876861966237,0.9796425024826216,0.9805114200595829,0.9846077457795432,0.0,0.0,0.0,0.0,3.0,0.5693144017001495,1.7199129179554582,0.0005987885511715856,0.0006784512650297846,0.0010503579930026985,0.0,0.0,0.007200594991161512,0.9809365079365079
exdark,2015_06562,1,640,480,16.901975911458333,0.7477766927083334,0.833095703125,0.8853776041666667,0.9307682291666667,0.9336197916666666,0.948359375,0.0,1.0,5.0,16.0,36.0,2.70676507611081,4.992069150822634,0.749921875,0.8342317708333333,0.8856640625,0.9302864583333333,0.9329817708333333,0.947734375,0.0,1.0,5.0,16.0,36.0,2.6974427555627654,4.981522884020626,0.7511979166666667,0.834921875,0.8875520833333334,0.9301302083333334,0.9328385416666667,0.9476041666666667,0.0,1.0,5.0,15.0,35.0,2.690642333177491,4.970112764112497,0.7520833333333333,0.8358854166666667,0.8875520833333334,0.92984375,0.93296875,0.9480208333333333,0.0,1.0,5.0,15.0,35.0,2.685387952849306,4.962635683447247,0.0023069829339568922,0.0022836255111686843,0.0006798321605316002,0.0,0.6091746465505602,0.009604018306941704,0.937880859375
exdark,2015_06571,1,640,480,8.583974609375,0.8992220052083333,0.9270149739583333,0.9430143229166666,0.9605338541666667,0.9619921875,0.96892578125,0.0,0.0,1.0,4.0,16.0,1.4353870386289627,3.4000290667675355,0.8990104166666667,0.9269661458333334,0.9426041666666667,0.9602604166666666,0.9616927083333333,0.9686328125,0.0,0.0,1.0,4.0,16.0,1.4331581103865076,3.3945223569551923,0.898828125,0.9272135416666667,0.9425,0.96015625,0.96140625,0.9684895833333333,0.0,0.0,1.0,4.0,16.0,1.4389242633113182,3.4014673928280534,0.89890625,0.9285416666666667,0.94359375,0.9603645833333333,0.9618229166666666,0.9684375,0.0,0.0,1.0,4.0,16.0,1.43597219635324,3.3952972062395936,0.0016444924602429035,0.0013753938977701737,0.0009050181702346561,0.0,0.46351240544347894,0.014678070475353976,0.96142578125
exdark,2015_06579,1,640,426,14.40490390258216,0.8639634683098592,0.8905333039906104,0.9073613556338028,0.9258142605633802,0.9274207746478873,0.9364766725352113,0.0,1.0,1.0,5.0,28.0,1.871396891285999,3.879307680319126,0.8648218457943925,0.8910192757009345,0.9077540887850467,0.9258907710280374,0.9275116822429906,0.9373101635514018,0.0,1.0,1.0,5.0,27.0,1.870345695505228,3.8744870144447443,0.8652488425925926,0.8913194444444444,0.9079861111111112,0.9265914351851852,0.9281828703703704,0.9374131944444445,0.0,1.0,1.0,5.0,27.0,1.861091463884468,3.8594825188089223,0.866724537037037,0.8926504629629629,0.9105324074074074,0.9292824074074074,0.9306134259259259,0.9390046296296296,0.0,1.0,1.0,5.0,26.0,1.857098656460063,3.848515192015108,0.0017179594328913827,0.0018407065353597963,0.0015189805096345022,0.0,0.998044963916957,0.008746900514158025,0.9186913145539906
exdark,2015_06580,1,480,640,3.6954329427083334,0.9725130208333334,0.9769466145833333,0.9797265625,0.9832747395833333,0.9835611979166666,0.9854817708333333,0.0,0.0,0.0,1.0,3.0,0.748413475870166,2.144408178125238,0.9722135416666666,0.9766536458333334,0.9795442708333333,0.9830208333333333,0.9833203125,0.9851432291666666,0.0,0.0,0.0,1.0,3.0,0.7440984574088457,2.1323648531597836,0.971015625,0.9754947916666666,0.978515625,0.9818229166666667,0.9821875,0.9840885416666667,0.0,0.0,0.0,1.0,3.0,0.7538459335742209,2.1428875251039807,0.9722916666666667,0.976875,0.9797395833333333,0.9825520833333333,0.9829166666666667,0.9846354166666667,0.0,0.0,0.0,1.0,3.0,0.7476905573093986,2.123713504907784,0.0013517230556530475,0.001344932962012978,0.0012640104316892554,0.0,0.24206145913796356,0.014629800206497168,0.9816048177083333
exdark,2015_06586,1,480,640,30.93005859375,0.6280631510416667,0.6853352864583333,0.7301009114583333,0.793671875,0.8001822916666667,0.8407975260416667,1.0,3.0,8.0,36.0,94.0,3.596867569070578,5.917025106941832,0.6268880208333333,0.6851302083333334,0.7296744791666666,0.7938020833333334,0.8002213541666666,0.8408463541666666,1.0,3.0,8.0,36.0,94.0,3.599837100711743,5.917707800048949,0.6222135416666666,0.6790364583333334,0.7242708333333333,0.7904947916666667,0.7972135416666667,0.83921875,1.0,3.0,9.0,37.0,95.0,3.616262017818691,5.937038136663215,0.6240104166666667,0.68125,0.7252604166666666,0.791875,0.7983854166666666,0.8397395833333333,1.0,3.0,9.0,37.0,94.0,3.6130728986924137,5.927313045156323,0.004574269667364755,0.004564260622099558,0.00307550870552224,0.4330127018922193,1.620185174601965,0.015354576068753928,0.79392578125
exdark,2015_06587,1,640,426,13.043562940140845,0.9213394953051643,0.925949970657277,0.9286641725352113,0.9328821889671362,0.9333333333333333,0.9367150821596244,0.0,0.0,0.0,0.0,5.0,0.7322869042592979,1.6023845708132665,0.9214515186915888,0.9259491822429906,0.9287821261682243,0.9331191588785047,0.9335864485981309,0.9368866822429907,0.0,0.0,0.0,0.0,5.0,0.7302349471633325,1.5987401723096977,0.9214988425925926,0.9260706018518519,0.9289930555555556,0.9329861111111111,0.9333912037037037,0.9363715277777778,0.0,0.0,0.0,0.0,5.0,0.7295309037767005,1.596753698857598,0.922511574074074,0.9270833333333334,0.9299768518518519,0.9336226851851852,0.9338541666666667,0.9371527777777777,0.0,0.0,0.0,0.0,5.0,0.7234653169848438,1.5823456086932906,0.0008289754103836858,0.0009963586838004999,0.0008213423503274221,0.0,0.4330127018922193,0.005207803769267374,0.9318845363849765
exdark,2015_06608,1,500,332,5.055885542168674,0.8931807228915662,0.9284457831325301,0.9529096385542168,0.9782168674698796,0.9802409638554217,0.9899277108433735,0.0,0.0,0.0,3.0,17.0,1.0582297402336167,2.6066125882869553,0.8936867469879518,0.9289879518072289,0.9532289156626506,0.978722891566265,0.9803614457831326,0.9894939759036144,0.0,0.0,0.0,2.0,17.0,1.05400098570067,2.5972420180542457,0.892,0.9267142857142857,0.952,0.9773809523809524,0.9792380952380952,0.9885714285714285,0.0,0.0,0.0,3.0,17.0,1.0624451587142092,2.6057616387844744,0.8905895691609977,0.9263983371126229,0.9525699168556312,0.9773242630385488,0.9794028722600151,0.9890400604686319,0.0,0.0,0.0,3.0,17.0,1.06649445853937,2.6125735036457636,0.002794573722889709,0.002608094863624076,0.0016754375110263776,0.0,0.4841229182759271,0.016035635590385677,0.9836506024096385
exdark,2015_06619,1,4320,3240,1.3207297382258802,0.9909086362597165,0.9951210991083677,0.9980062585733882,0.998444930269776,0.9984705075445817,0.9986008944901692,0.0,0.0,0.0,1.0,2.0,0.6742661308466056,1.9139655544098864,0.990965077732053,0.9951403177869227,0.9980172610882487,0.9984542181069959,0.998481081390032,0.9986093964334705,0.0,0.0,0.0,1.0,2.0,0.6734205892564191,1.9118146103779001,0.990935642432556,0.9951137402834934,0.9980052583447645,0.9984510745313214,0.9984802240512117,0.9986145404663923,0.0,0.0,0.0,1.0,2.0,0.6751772622283719,1.9156114538913842,0.9910059442158208,0.9952046181984454,0.997996113397348,0.9984396433470507,0.9984796524919982,0.9986316872427984,0.0,0.0,0.0,1.0,2.0,0.6766019162553268,1.9188982452330055,0.00011162236463737743,2.0999940337568652e-05,1.5642355033609998e-05,0.0,0.0,0.0023692038556324137,0.9984486454046639
exdark,2015_06636,1,500,374,5.328973262032085,0.9443368983957219,0.9752834224598931,0.9823850267379679,0.9887914438502674,0.9891229946524064,0.9909893048128342,0.0,0.0,1.0,6.0,12.0,1.5341465104609249,3.464991459032216,0.9437021276595745,0.9745744680851064,0.9812765957446808,0.9881489361702127,0.9885106382978723,0.9906170212765958,0.0,0.0,1.0,6.0,12.0,1.5342066793249174,3.4623984692004166,0.9428085106382978,0.9731914893617021,0.9801276595744681,0.9864255319148936,0.9868085106382979,0.9895744680851064,0.0,0.0,1.0,6.0,12.0,1.534301038666092,3.466205143845804,0.9425869638635596,0.9742485646740966,0.9811719013846674,0.9875886524822695,0.9881796690307328,0.9908814589665653,0.0,0.0,1.0,6.0,12.0,1.5250194916957935,3.445043210435087,0.002185116855183917,0.0015481863303728654,0.0015304461570310281,0.0,0.0,0.012728092043645417,0.9904438502673797
exdark,2015_06664,1,500,332,15.875873493975904,0.9060602409638554,0.9082710843373494,0.909632530120482,0.9132168674698795,0.9138855421686747,0.917777108433735,0.0,0.0,0.0,2.0,8.0,1.1669031727064483,2.6270927440398983,0.9072048192771084,0.9092289156626506,0.9105301204819277,0.9142168674698795,0.915012048192771,0.9183614457831325,0.0,0.0,0.0,2.0,8.0,1.1622359477711406,2.6233002665520107,0.9122857142857143,0.9142857142857143,0.9158571428571428,0.9196190476190477,0.9207619047619048,0.9244761904761905,0.0,0.0,0.0,2.0,7.0,1.1247299224560743,2.5889650122032855,0.9138321995464853,0.9159108087679516,0.9173280423280423,0.9210128495842782,0.9223356009070295,0.9258314436885865,0.0,0.0,0.0,2.0,6.0,1.1137556953759782,2.57109849058898,0.0044832877309942095,0.004510982423842878,0.004618807765373506,0.0,2.978438139360964,0.03159560038132489,0.9091566265060241
exdark,2015_06691,1,4000,3000,2.9994405833333335,0.9445673333333333,0.9647200833333334,0.99031425,0.9941088333333333,0.994434,0.9961523333333333,0.0,0.0,0.0,1.0,7.0,0.8519669868551543,2.350342814410805,0.944441,0.9646646666666666,0.990308,0.994094,0.9944133333333334,0.996141,0.0,0.0,0.0,1.0,7.0,0.8529923496226386,2.3525384131544764,0.9442013333333333,0.9646573333333334,0.9903866666666666,0.9941046666666666,0.9944226666666667,0.99616,0.0,0.0,0.0,1.0,7.0,0.8544937661321635,2.35493499162359,0.9440253333333334,0.9645293333333333,0.990304,0.9940506666666666,0.9943533333333333,0.9960893333333334,0.0,0.0,0.0,1.0,7.0,0.8556452701613152,2.356968668922371,0.00023903416771107542,9.734670998264113e-05,6.774297831592472e-05,0.0,0.0,0.0018449149916400984,0.9953886666666667
exdark,2015_06692,1,4000,3000,2.397193166666667,0.9682149166666667,0.9828671666666666,0.9897750833333333,0.9939764166666667,0.9942430833333333,0.9955124166666667,0.0,0.0,0.0,1.0,5.0,0.6455236172593205,1.9546378471388894,0.968267,0.982882,0.9898223333333334,0.9940136666666667,0.9942783333333334,0.995547,0.0,0.0,0.0,1.0,5.0,0.6457646523618595,1.9553296182997857,0.9682246666666666,0.98291,0.989802,0.9939393333333333,0.9942013333333334,0.9954826666666666,0.0,0.0,0.0,1.0,5.0,0.6460861815516423,1.9560633724098127,0.9682413333333333,0.9829146666666667,0.9898293333333333,0.993936,0.9942053333333334,0.995516,0.0,0.0,0.0,1.0,5.0,0.6461551404815791,1.956403373008708,0.00011710699642255788,5.5423057275620364e-05,7.106603931868023e-05,0.0,0.0,0.0007479037845974109,0.9947868333333333
exdark,2015_06716,1,1380,1060,1.3265682253213016,0.9829621274268526,0.9894182389937107,0.9927693464588461,0.9957205359584359,0.9959427126059611,0.9969373803664205,0.0,0.0,0.0,0.0,1.0,0.32716043522962546,1.1485527280372747,0.9829094886519004,0.989379272627837,0.9927508887065901,0.9956467049494121,0.9958681979764834,0.9969045665846322,0.0,0.0,0.0,0.0,1.0,0.32695064889351183,1.1472482563434983,0.9830609131524464,0.9895063746322328,0.992748174784788,0.9956685191238966,0.9958864552686063,0.996878064727035,0.0,0.0,0.0,0.0,1.0,0.3262716701837504,1.1451105966702462,0.9832130905297927,0.9895692989699683,0.9927202399061237,0.9957407970794037,0.9959581033508627,0.9969577121995741,0.0,0.0,0.0,0.0,1.0,0.3251700625295512,1.1405284324939209,0.0001561237841077474,8.291114278609947e-05,8.373171473174158e-05,0.0,0.0,0.0021992864412299622,0.9963385288487832
exdark,2015_06755,1,680,1024,14.178571633731618,0.7056899126838235,0.8922808478860295,0.9448414522058823,0.9796142578125,0.9821561925551471,0.9901726217830882,2.0,6.0,11.0,17.0,24.0,3.447105332742174,5.019004135975335,0.7046300551470588,0.8920266544117647,0.94482421875,0.9796587775735294,0.9822552849264706,0.9902573529411764,2.0,6.0,11.0,17.0,24.0,3.447274719479163,5.019562712717685,0.7026424632352941,0.8911190257352941,0.9438534007352941,0.9794806985294118,0.981985294117647,0.9901424632352941,2.0,6.0,11.0,17.0,24.0,3.450446884496048,5.025713252064281,0.7030560661764705,0.8908318014705883,0.9433823529411764,0.9790900735294118,0.9815257352941177,0.9901654411764705,2.0,6.0,11.0,17.0,24.0,3.4481146553797477,5.025798834308213,0.002504027333568562,0.0009273029936907027,0.0003603920637445234,0.0,0.0,0.004506965544162887,0.9880701401654411
exdark,2015_06766,1,768,1024,5.230035146077474,0.9273338317871094,0.9417470296223959,0.9531021118164062,0.9689496358235677,0.9702644348144531,0.9789695739746094,0.0,0.0,1.0,2.0,8.0,1.224329869366912,3.0177251934943503,0.9272867838541666,0.9416046142578125,0.953033447265625,0.9688873291015625,0.9701639811197916,0.979034423828125,0.0,0.0,1.0,2.0,8.0,1.2249598170900935,3.01953919986235,0.9278971354166666,0.9412841796875,0.952880859375,0.9690348307291666,0.9703470865885416,0.979522705078125,0.0,0.0,1.0,2.0,8.0,1.2254790766470245,3.021093129098235,0.9282023111979166,0.9413859049479166,0.9530232747395834,0.9690958658854166,0.9704996744791666,0.9794718424479166,0.0,0.0,1.0,2.0,8.0,1.2272758793453782,3.0198146914935124,0.0006400499204199018,0.000369717446678492,0.00023942945015686162,0.0,0.0,0.002730494378040274,0.9671592712402344
exdark,2015_06778,1,292,220,11.946170610211706,0.7332503113325031,0.815722291407223,0.8660491905354919,0.9318804483188045,0.9371419676214197,0.9707970112079701,0.0,0.0,0.0,17.0,39.0,1.87891388800436,3.7185787394011194,0.7306351183063512,0.815068493150685,0.8651307596513076,0.9318804483188045,0.9369240348692404,0.9706724782067248,0.0,0.0,0.0,17.0,39.0,1.892615748462229,3.7302837254079,0.7321428571428571,0.8181262230919765,0.8654598825831703,0.9329745596868885,0.9376223091976517,0.9710127201565558,0.0,0.0,0.0,17.0,38.0,1.8877348599908967,3.722209185485406,0.7347972972972973,0.8214285714285714,0.867519305019305,0.9331563706563707,0.938465250965251,0.9708011583011583,0.0,0.0,0.0,17.0,37.0,1.872318741148849,3.6952366194692132,0.0040104515075792095,0.0028602951002198933,0.002066772001609577,0.0,1.118033988749895,0.020909690612627724,0.9597758405977584
exdark,2015_06808,1,1280,720,1.9880013020833334,0.9653895399305555,0.9782899305555556,0.9848752170138889,0.9926974826388889,0.9935883246527778,0.9960926649305556,0.0,0.0,0.0,0.0,3.0,0.5453816275031086,1.7226009368858606,0.9650303819444445,0.9779947916666667,0.9847916666666666,0.9926302083333334,0.9936371527777778,0.9962760416666666,0.0,0.0,0.0,0.0,3.0,0.5445448617086728,1.7202805270875114,0.9656944444444444,0.9786111111111111,0.9851475694444445,0.9928559027777778,0.9937239583333334,0.9963541666666667,0.0,0.0,0.0,0.0,3.0,0.5382782133073274,1.705002012801853,0.9659201388888888,0.9787152777777778,0.9848784722222222,0.9928298611111112,0.99375,0.9964409722222223,0.0,0.0,0.0,0.0,3.0,0.5380810834835741,1.7055730855866194,0.0008872013763036261,0.00044458593659409823,0.00042226770836387547,0.0,0.0,0.004600914047293655,0.9960818142361111
exdark,2015_06863,1,500,374,9.111406417112299,0.7717433155080214,0.9363475935828877,0.9716898395721925,0.9830213903743316,0.983909090909091,0.9879625668449198,0.0,1.0,4.0,15.0,22.0,2.34578016712955,4.402019848043393,0.7717659574468085,0.9355744680851064,0.9712765957446808,0.9824255319148936,0.9833829787234043,0.9875106382978723,0.0,1.0,4.0,15.0,22.0,2.3447820565912436,4.402542219070263,0.7710212765957447,0.9362553191489361,0.9711063829787234,0.9820425531914894,0.9828936170212766,0.9870212765957447,0.0,1.0,4.0,15.0,22.0,2.3623614635831807,4.416428555739941,0.7704322863897332,0.9344815940560621,0.9690138466734212,0.9814251941911516,0.9822695035460993,0.9870820668693009,0.0,1.0,4.0,15.0,22.0,2.367601241474194,4.42361792905013,0.0015301263936287081,0.002006562652641765,0.0012498977371668007,0.0,0.49607837082461076,0.016657620592223393,0.985524064171123
exdark,2015_06873,1,1600,900,11.2477125,0.8605458333333333,0.9003916666666667,0.9233909722222222,0.9456875,0.9475229166666667,0.9580118055555555,0.0,1.0,3.0,8.0,23.0,2.191742766743066,4.331736921335781,0.8604722222222222,0.9001388888888889,0.9232305555555556,0.9457722222222222,0.9475916666666667,0.9579611111111112,0.0,1.0,3.0,8.0,23.0,2.192911412858088,4.333854884612156,0.8612444690265487,0.9004811946902654,0.9236891592920354,0.9463606194690265,0.9482300884955752,0.9583517699115044,0.0,1.0,3.0,8.0,23.0,2.1838645322460977,4.32434416657109,0.8610176991150442,0.9003429203539823,0.9235508849557522,0.9463827433628319,0.9482190265486725,0.9585508849557522,0.0,1.0,3.0,8.0,23.0,2.185916166637348,4.326760377399742,0.0015355265356051355,0.0009137100450746754,0.0008186088478967897,0.0,0.46351240544347894,0.008700400326284306,0.9471548611111111
exdark,2015_06880,1,478,358,17.391803604403822,0.7122905027932961,0.8206096164185035,0.8787896496108085,0.9229272340525,0.9255802809658493,0.9420478717187537,0.0,1.0,7.0,18.0,38.0,2.759828050363065,5.061233551861179,0.7140972222222223,0.8218287037037038,0.8792592592592593,0.924050925925926,0.9268287037037037,0.9429166666666666,0.0,0.0,7.0,17.0,37.0,2.745213691342108,5.040034414543141,0.7120833333333333,0.822037037037037,0.8803703703703704,0.9249074074074074,0.9275925925925926,0.9434722222222223,0.0,1.0,7.0,18.0,37.0,2.7652958383171042,5.053836324015005,0.7084259259259259,0.8215740740740741,0.8822222222222222,0.927037037037037,0.9293518518518519,0.9447222222222222,0.0,1.0,7.0,18.0,36.0,2.7905079450429917,5.0708612882124795,0.006023431394544876,0.0037797696132828985,0.0038812682158138184,0.24206145913796356,1.4523687548277813,0.04136450087265771,0.9244173815478834
exdark,2015_06904,1,506,336,1.2606637022397893,0.9952357425183512,0.9956709956709957,0.9960415490306794,0.9966297289666854,0.9966885469602861,0.9970355731225297,0.0,0.0,0.0,1.0,2.0,0.6641807938772756,1.8287953558296601,0.9951256092988376,0.9956411698537683,0.9960395575553056,0.9966957255343082,0.9966957255343082,0.9969769403824522,0.0,0.0,0.0,1.0,2.0,0.6645083092599833,1.8266821856681978,0.995453693288339,0.9960161229846269,0.9964379452568429,0.9970003749531309,0.9970003749531309,0.9972347206599175,0.0,0.0,0.0,1.0,2.0,0.6723404956647523,1.8330659862033383,0.9951636904761905,0.9955357142857143,0.9960007440476191,0.9968377976190477,0.9968377976190477,0.9970238095238095,0.0,0.0,0.0,1.0,2.0,0.6734372350763969,1.8312699032441015,0.0004711166454626975,0.00047567977448348755,0.0004434533298190862,0.0,0.0,0.009790813487882374,0.9964121023903633
exdark,2015_06907,1,566,422,5.478459464438229,0.9284954699981579,0.9589117947515616,0.974067623465577,0.9852963341315961,0.9861587928926699,0.9908771959204863,0.0,1.0,2.0,5.0,12.0,1.7938881900409043,3.7917738155940834,0.9279996013818762,0.958610151474887,0.9736413765612543,0.9852843475950039,0.9862310656391178,0.9905992559128355,0.0,1.0,2.0,5.0,13.0,1.7904919573032139,3.790345982695857,0.9274182832846133,0.9578793515811852,0.9726614403401541,0.9851846930640447,0.986247674727611,0.9906324740898219,0.0,1.0,2.0,5.0,13.0,1.796797142203839,3.7950134808856277,0.92791655593941,0.9589423332447515,0.9728275312250864,0.9864469837895297,0.9875764018070688,0.9918947648153069,0.0,1.0,2.0,5.0,13.0,1.7877638194348895,3.7764124311603555,0.0020182660039953985,0.0012487241883582685,0.0010786531592455212,0.0,0.4841229182759271,0.012578249996992287,0.9858406042235359
exdark,2015_06914,1,1600,1058,1.1237529536862003,0.9926429584120983,0.9968584593572779,0.9985089792060492,0.9995687618147449,0.9996579631379963,0.9999102079395085,0.0,0.0,0.0,1.0,3.0,0.5794559178852892,1.8355489415995714,0.9926792452830189,0.9969316037735849,0.9985259433962265,0.9995518867924529,0.9996438679245283,0.9999033018867924,0.0,0.0,0.0,1.0,3.0,0.5784649641799996,1.8331053669133366,0.9926362781954887,0.9968139097744361,0.9984398496240602,0.999515977443609,0.999624060150376,0.9998731203007519,0.0,0.0,0.0,1.0,3.0,0.5767621148029114,1.8294563141632714,0.9926033834586466,0.9967857142857143,0.998468045112782,0.9995018796992481,0.9996146616541354,0.9998684210526316,0.0,0.0,0.0,1.0,3.0,0.5751511202359715,1.8255277884961219,0.00010614604573781109,8.578648956740438e-05,6.0359637916928146e-05,0.0,0.0,0.0023034268051015817,0.9998659026465029
exdark,2015_06919,1,640,428,7.07712835864486,0.8885623539719626,0.9228059287383178,0.9440055490654206,0.9653256425233645,0.9672021028037383,0.9766720210280374,0.0,0.0,1.0,5.0,17.0,1.4725904000612644,3.4878763588642303,0.8886682242990654,0.9230140186915888,0.9436039719626168,0.9656980140186916,0.9675817757009346,0.9768545560747663,0.0,0.0,1.0,5.0,17.0,1.4697386711761182,3.481660668771725,0.8923611111111112,0.9260416666666667,0.9467881944444444,0.9679976851851851,0.9700231481481482,0.9784143518518519,0.0,0.0,1.0,5.0,17.0,1.4470909623838726,3.4438298625876653,0.8916087962962963,0.9258101851851852,0.9458333333333333,0.9659722222222222,0.9678819444444444,0.9762731481481481,0.0,0.0,1.0,5.0,17.0,1.4529273363110446,3.4507204750438074,0.003317578954985559,0.002733904825017975,0.0021956928691963386,0.0,0.82915619758885,0.02007395174051394,0.9667238609813084
exdark,2015_06938,1,500,332,26.26798795180723,0.6618915662650603,0.7649216867469879,0.810632530120482,0.8526927710843374,0.8557469879518073,0.8724939759036144,0.0,1.0,4.0,22.0,91.0,2.7512717765792516,5.067698216458314,0.6631325301204819,0.7657831325301205,0.8115180722891566,0.8527710843373494,0.8563132530120482,0.8725060240963856,0.0,1.0,4.0,22.0,91.0,2.747112733404221,5.062858616575085,0.6594285714285715,0.764,0.8096666666666666,0.8526666666666667,0.8565714285714285,0.8724285714285714,0.0,1.0,4.0,22.0,91.0,2.7595824711776844,5.074596990809468,0.6576908541194255,0.7611489040060468,0.8066893424036281,0.8515684051398337,0.8554421768707483,0.8704648526077098,0.0,1.0,4.0,22.0,90.0,2.7675139294962054,5.078917245269004,0.00393676810029942,0.002667798237359803,0.0021691926002712406,0.33071891388307384,1.6665364532466729,0.014238091339151642,0.8433253012048193
exdark,2015_06941,1,500,374,24.059871657754012,0.6600909090909091,0.700663101604278,0.7388502673796792,0.8062620320855615,0.8147593582887701,0.8852620320855615,0.0,1.0,4.0,34.0,66.0,2.8261276529004964,5.19560618586184,0.6603404255319149,0.7008085106382979,0.7389361702127659,0.8051489361702128,0.8136170212765957,0.884127659574468,0.0,1.0,4.0,35.0,68.0,2.830387741384322,5.199751500899195,0.6536170212765957,0.6931063829787234,0.7325106382978723,0.8002127659574468,0.8087659574468085,0.8797872340425532,0.0,1.0,4.0,36.0,69.0,2.8637951422264165,5.231369376302217,0.652144545761567,0.6926713947990544,0.7326072272880784,0.8001519756838906,0.8096926713947991,0.8802769334684228,0.0,1.0,4.0,36.0,69.0,2.869370823966591,5.230754796763129,0.005442212943798769,0.004766994609573753,0.004256955991785752,0.0,1.299038105676658,0.028883989759339354,0.867668449197861
exdark,2015_06964,1,640,360,4.405907118055556,0.9529817708333334,0.9602560763888889,0.9651432291666666,0.9726258680555555,0.9733637152777778,0.9780078125,0.0,0.0,0.0,0.0,1.0,0.4109912423818997,1.1373747389373183,0.9532291666666667,0.960625,0.9654513888888889,0.9731423611111111,0.9737152777777778,0.9787152777777778,0.0,0.0,0.0,0.0,1.0,0.40762896371002993,1.1301074891374978,0.9535416666666666,0.9603125,0.9653125,0.9728125,0.9734027777777777,0.9782986111111112,0.0,0.0,0.0,0.0,1.0,0.4028907596334083,1.108840737385679,0.9543055555555555,0.9615972222222222,0.9657638888888889,0.9729861111111111,0.9736805555555555,0.9790277777777778,0.0,0.0,0.0,0.0,1.0,0.3957360453723806,1.0866749102785525,0.0013216056746871878,0.0012046831715987608,0.0012312856299092,0.0,0.0,0.010736255931726963,0.9729904513888888
exdark,2015_06981,1,612,408,5.371035178777393,0.9208317313853646,0.9487216455209535,0.9638640586953736,0.9768518518518519,0.9779571959502755,0.9837602524669998,0.0,0.0,1.0,4.0,12.0,1.3248630829064274,3.247390929113591,0.9209118287838011,0.9484653338459567,0.9635076252723311,0.9762270921440471,0.9775406894784058,0.9831314878892734,0.0,0.0,1.0,4.0,12.0,1.3253033492505564,3.247054849329691,0.92079969242599,0.9479046520569012,0.96280276816609,0.975362040240933,0.9766115596565423,0.9820261437908496,0.0,0.0,1.0,4.0,13.0,1.3283588114398,3.2492527705742784,0.9217596129360835,0.9490068754774638,0.9635217723453018,0.9760631525337408,0.977336389101095,0.9829386299974535,0.0,0.0,1.0,4.0,12.0,1.3170383686503337,3.2255218477592575,0.0018156229396227793,0.0010135028088883394,0.0009427664624015431,0.0,0.49607837082461076,0.011018216221790703,0.9783696975522235
exdark,2015_07007,1,500,340,11.025711764705882,0.8816294117647059,0.9079294117647059,0.9268882352941177,0.9476117647058824,0.9493647058823529,0.9582176470588235,0.0,0.0,0.0,3.0,20.0,1.194281685159546,2.8355189173613864,0.8814823529411765,0.9078823529411765,0.9265882352941176,0.9475764705882352,0.949435294117647,0.9581647058823529,0.0,0.0,0.0,3.0,20.0,1.2008295638273265,2.8466906251423265,0.8829767441860465,0.9081860465116279,0.9276744186046512,0.9472558139534883,0.9493488372093023,0.958,0.0,0.0,0.0,2.0,20.0,1.1891111205349945,2.817750633052341,0.8843669250645995,0.9095607235142119,0.9300479881875231,0.9485972683647103,0.9502583979328165,0.9596714654854189,0.0,0.0,0.0,2.0,20.0,1.1734526599826396,2.775268495760822,0.0029708526014337157,0.002631903878821319,0.0020019131706589437,0.0,0.7680128579652817,0.027912706125082495,0.953564705882353
exdark,2015_07043,1,640,426,1.321394512910798,0.9869901701877934,0.9961781103286385,0.9986135563380282,0.9994204812206573,0.9994424882629108,0.9995305164319249,0.0,0.0,0.0,0.0,5.0,0.500567981515045,1.4985329139978045,0.9874123831775701,0.9962762850467289,0.9987295560747663,0.9994596962616823,0.9994596962616823,0.9995327102803738,0.0,0.0,0.0,0.0,5.0,0.5025479995948287,1.5000153984204756,0.9881655092592593,0.9965277777777778,0.9986689814814815,0.999363425925926,0.999363425925926,0.9994791666666667,0.0,0.0,0.0,0.0,5.0,0.5028841906139475,1.5014622308837013,0.9866898148148148,0.9960648148148148,0.9985532407407407,0.9991319444444444,0.9991319444444444,0.9992476851851851,0.0,0.0,0.0,0.0,5.0,0.51432981896006,1.5219583375982146,0.001505676908156893,0.0002600683407065327,0.00015374038854761433,0.0,0.0,0.0075641088406436345,0.9994388204225352
exdark,2015_07050,1,640,480,0.465126953125,0.992685546875,0.9972330729166666,0.9987923177083333,0.9990397135416667,0.9990559895833333,0.9992220052083334,0.0,0.0,0.0,0.0,0.0,0.13351515597528746,0.5093252622108876,0.9925911458333333,0.9968359375,0.9985026041666667,0.998828125,0.9988802083333334,0.9990625,0.0,0.0,0.0,0.0,0.0,0.13450867903019922,0.5117230487014692,0.9919010416666667,0.9965364583333334,0.99828125,0.998671875,0.99875,0.9989583333333333,0.0,0.0,0.0,0.0,0.0,0.13798942909746062,0.5143000737203531,0.9920833333333333,0.9966666666666667,0.99828125,0.99875,0.9988020833333333,0.9990104166666667,0.0,0.0,0.0,0.0,0.0,0.13632513128331142,0.5133003112654185,0.0009099631989319081,0.0004855282634763319,0.0003593726411456385,0.0,0.0,0.005942939045041013,0.999033203125
exdark,2015_07060,1,768,514,17.970231943093385,0.84072531614786,0.8577081306744487,0.8696878039883269,0.888413484922179,0.8905464696822308,0.903557170071336,0.0,0.0,1.0,3.0,60.0,1.5851090893781483,3.415625021791647,0.8415596737726099,0.858547319121447,0.8705184108527132,0.8895247900516796,0.8916848352713178,0.9047157622739018,0.0,0.0,1.0,3.0,58.0,1.5796160224934048,3.40832227947799,0.841806891025641,0.8593349358974359,0.8711738782051283,0.8895633012820513,0.8917067307692308,0.905488782051282,0.0,0.0,1.0,3.0,57.0,1.5753765797458659,3.4040098213657615,0.8437099358974359,0.8611378205128205,0.872235576923077,0.8907051282051283,0.8927483974358974,0.907051282051282,0.0,0.0,1.0,3.0,56.0,1.5602014924382683,3.381595302982796,0.0015175990951875403,0.001390545509544646,0.0015219379020318278,0.0,2.0879116360612584,0.012802375955767636,0.887050603923476
exdark,2015_07077,1,640,426,22.008333333333333,0.7692084800469483,0.7977149354460094,0.82018779342723,0.8528022300469483,0.8563930457746479,0.878612822769953,0.0,0.0,1.0,12.0,82.0,2.0081911313974135,4.110076219815582,0.767464953271028,0.7965391355140187,0.81883761682243,0.8514164719626168,0.8551109813084112,0.8768545560747664,0.0,0.0,1.0,12.0,83.0,2.0129386304704715,4.111118559480655,0.7655381944444445,0.7949074074074074,0.8179976851851852,0.8512152777777777,0.8551215277777777,0.8769675925925926,0.0,0.0,1.0,13.0,83.0,2.015772761452716,4.110344191075324,0.765162037037037,0.7941550925925925,0.8163773148148148,0.8506365740740741,0.8549768518518519,0.8759837962962963,0.0,0.0,1.0,13.0,83.0,2.0118260236213494,4.099739445226407,0.0026880948125093903,0.0024204975404437494,0.0018263206236810569,0.0,1.3169567191065923,0.010524357817272137,0.8486025528169014
exdark,2015_07078,1,366,466,18.607677243837802,0.7646462159056263,0.8105255751776542,0.8437697882220503,0.8880367738455405,0.891466732334248,0.913682309622646,0.0,0.0,1.0,14.0,54.0,2.182875780096899,4.455182288053801,0.767767558528428,0.8117103307320699,0.8450390189520625,0.8893534002229655,0.8925353028613898,0.9147621701969528,0.0,0.0,1.0,13.0,53.0,2.1666154518315333,4.433041724148874,0.7693901989683124,0.8136974944731025,0.8473655121591747,0.8933769344141489,0.8971997052321297,0.9183861459100958,0.0,0.0,1.0,13.0,51.0,2.1585118106335694,4.4217113248006275,0.7716470154753132,0.8154016212232866,0.8486551215917465,0.8944362564480471,0.8979366249078851,0.9195836403831983,0.0,0.0,1.0,13.0,50.0,2.1495359930172833,4.405177547311362,0.003595074213335652,0.0027140851872825772,0.0032458510700430097,0.4330127018922193,2.014595182660775,0.019837247906301748,0.8914315532728253
exdark,2015_07115,1,640,480,19.422369791666668,0.756142578125,0.808623046875,0.8492122395833334,0.888232421875,0.8915006510416666,0.9153483072916667,0.0,0.0,2.0,15.0,54.0,2.2677511002865454,4.409571354477748,0.7570833333333333,0.8088671875,0.8497916666666666,0.888203125,0.8914583333333334,0.9150911458333333,0.0,0.0,2.0,15.0,54.0,2.262769681520981,4.400444203486856,0.7594270833333333,0.8106770833333333,0.85078125,0.8881770833333333,0.8911979166666667,0.9146614583333333,0.0,0.0,2.0,14.0,55.0,2.2536188526739775,4.385322660880799,0.7621354166666666,0.8127604166666667,0.85296875,0.89,0.8928125,0.9153125,0.0,0.0,2.0,14.0,54.0,2.2476052091109047,4.375658951382165,0.0028260589415353486,0.003044697127177967,0.002214630457561237,0.0,1.1021995055342748,0.01162633937322888,0.8885872395833333
exdark,2015_07127,1,612,612,41.76367262591311,0.6510022854457688,0.7168637062668205,0.7513456362937332,0.7915945790080738,0.7962455679439532,0.8148682130804391,3.0,4.0,8.0,31.0,169.0,3.8362862862019567,5.420050413123639,0.6504442735699945,0.715995984450425,0.7510038873937375,0.7910739459182365,0.7960506642744244,0.8143449100773207,3.0,4.0,8.0,31.0,170.0,3.842454429108845,5.42023811259988,0.6533613445378151,0.7171504965622613,0.751973516679399,0.7925473219590866,0.7972795178677532,0.8157202274849333,3.0,4.0,8.0,31.0,169.0,3.834548717064423,5.411536103218436,0.6537780401416765,0.7168578175071681,0.7509698094113678,0.7909428234103559,0.7957075392140327,0.8139230898971159,3.0,4.0,8.0,31.0,170.0,3.837451272092731,5.413251699787468,0.003207878090567786,0.0017879990059419299,0.0022400968180481865,0.0,1.8371173070873836,0.011222437677158085,0.7899419026870007
exdark,2015_07129,1,640,480,12.263079427083333,0.83150390625,0.8553938802083333,0.8769986979166666,0.9082161458333333,0.9113020833333333,0.9291536458333334,0.0,0.0,0.0,2.0,43.0,1.4380569197322146,3.2652471768765743,0.831328125,0.8552473958333333,0.8764192708333334,0.9080208333333334,0.9109635416666667,0.9283203125,0.0,0.0,0.0,2.0,43.0,1.4439453897520749,3.274803912329542,0.829375,0.8531770833333333,0.8745052083333333,0.90609375,0.9089583333333333,0.927109375,0.0,0.0,0.0,2.0,44.0,1.4627662302476219,3.3006295245716752,0.82953125,0.8541145833333333,0.8744270833333333,0.9053125,0.908125,0.9273958333333333,0.0,0.0,0.0,2.0,45.0,1.4653193805469718,3.303459984874795,0.0023404110330689687,0.0017571733984789427,0.0018333037402914689,0.0,0.9662265521087692,0.019882795385243797,0.90130859375
exdark,2015_07130,1,640,426,2.9963028169014083,0.9564957453051643,0.9704665492957747,0.9787632042253521,0.9867884389671362,0.987455985915493,0.9908780809859155,0.0,0.0,0.0,1.0,5.0,0.7680113317236104,2.2339975534163172,0.9578563084112149,0.9719918224299066,0.9799795560747664,0.9872955607476636,0.9877482476635514,0.9909170560747663,0.0,0.0,0.0,1.0,5.0,0.7608718162135946,2.218851683023215,0.9580439814814815,0.9731481481481481,0.981105324074074,0.9883101851851852,0.9887152777777778,0.9912615740740741,0.0,0.0,0.0,1.0,5.0,0.7544453872264226,2.2026337800783113,0.9563657407407408,0.9720486111111111,0.9814236111111111,0.9885995370370371,0.9888888888888889,0.9912037037037037,0.0,0.0,0.0,1.0,5.0,0.7561086217793817,2.1994962461233816,0.0018865098898896468,0.0015249340525101268,0.0009685605510208154,0.0,0.24206145913796356,0.010159985785242813,0.9876613849765258
exdark,2015_07137,1,640,480,13.00056640625,0.8168391927083334,0.8605989583333333,0.8919368489583334,0.9268294270833334,0.9293782552083333,0.9445572916666667,0.0,0.0,1.0,9.0,35.0,1.986656810441547,4.213415098965733,0.8180859375,0.8616796875,0.8930208333333334,0.9274348958333334,0.9297916666666667,0.9447526041666666,0.0,0.0,1.0,9.0,34.0,1.9824382150662718,4.206379342645315,0.8198697916666666,0.8626041666666666,0.8945833333333333,0.9292447916666666,0.9313020833333333,0.9460677083333333,0.0,0.0,1.0,9.0,34.0,1.9673594630018734,4.1830212350028795,0.820625,0.8627604166666667,0.8941145833333334,0.92890625,0.9309375,0.9458333333333333,0.0,0.0,1.0,9.0,34.0,1.9635836069274486,4.17495323990483,0.0019990027378511545,0.0016142912569739882,0.0015499133615651814,0.0,0.6091746465505602,0.013447166279009624,0.9272526041666667
exdark,2015_07162,1,500,334,4.225532934131737,0.9491197604790419,0.9572814371257485,0.9633173652694611,0.9710119760479042,0.9717125748502994,0.9768982035928143,0.0,0.0,0.0,0.0,2.0,0.47552407958035336,1.377173084199901,0.9489047619047619,0.9572619047619048,0.9633571428571429,0.9702857142857143,0.9708095238095238,0.9763333333333334,0.0,0.0,0.0,0.0,2.0,0.4761321908264154,1.3722414461254475,0.9494761904761905,0.957047619047619,0.9634285714285714,0.9702380952380952,0.9706666666666667,0.9758571428571429,0.0,0.0,0.0,0.0,2.0,0.47681343715433916,1.3683414949703117,0.9498299319727891,0.9578609221466364,0.963718820861678,0.9708994708994709,0.971182917611489,0.9765684051398337,0.0,0.0,0.0,0.0,2.0,0.4754159206216951,1.3642358665913936,0.001014900437152776,0.0008954952138690137,0.0009659578031856959,0.0,0.0,0.0052307895948198275,0.9706646706586827
exdark,2015_07203,1,1590,1192,4.370404372968638,0.968599362627158,0.9737912076315901,0.9773273606010722,0.9812328521379426,0.9815837237769617,0.9833306952007091,0.0,0.0,0.0,0.0,1.0,0.3975627998764777,1.1931635446756397,0.9687110046878689,0.9738373073420795,0.9773679639809787,0.9812780344676402,0.9816616640248221,0.9833690263397524,0.0,0.0,0.0,0.0,1.0,0.39766584349596273,1.1948185203570765,0.9687995345856801,0.9736939732218137,0.9772773262284578,0.9812696030488011,0.9816110755117872,0.9832636336042629,0.0,0.0,0.0,0.0,1.0,0.39847070677018614,1.1966244881683261,0.9687194361067081,0.9734916191696739,0.9770918350139961,0.9812653873393815,0.9816195069306263,0.9831877508347104,0.0,0.0,0.0,0.0,1.0,0.3990351251630661,1.1974339359054085,0.00016357062322005586,0.00017987137403030064,9.768303124386303e-05,0.0,0.0,0.0009463458939763933,0.9822722763918788
exdark,2015_07211,1,900,600,37.83740185185185,0.6498962962962963,0.6804333333333333,0.7072796296296296,0.7480407407407408,0.7524888888888889,0.7817,0.0,0.0,0.0,49.0,141.0,2.503295288682148,4.366867204953489,0.6495851851851852,0.6797333333333333,0.7065555555555556,0.7474,0.7518592592592592,0.7810074074074074,0.0,0.0,0.0,49.0,142.0,2.5066164246709723,4.364638578385437,0.6487111111111111,0.6780296296296296,0.7041777777777778,0.7449185185185185,0.7494814814814815,0.7777925925925926,0.0,0.0,0.0,50.0,143.0,2.51594612551029,4.3705841273376524,0.6558997050147493,0.6852507374631268,0.7108554572271386,0.7502949852507375,0.7545722713864307,0.7811504424778761,0.0,0.0,0.0,47.0,143.0,2.4820319277828986,4.3297500874861505,0.0052932254496607135,0.005101320514153229,0.004431588445860492,0.0,1.5612494995995996,0.02668625398926188,0.7432740740740741
exdark,2015_07222,1,1094,730,8.580680423730936,0.897068693496281,0.9131789837469635,0.9234391825899677,0.9367346172146953,0.9383586687035136,0.9510781097393003,0.0,0.0,1.0,3.0,17.0,1.5601952538007455,3.459434530603638,0.8973415499980056,0.9132064935582944,0.9237066730485421,0.9370088947389414,0.9385146184835068,0.9512833552710303,0.0,0.0,1.0,3.0,16.0,1.5581143832216768,3.4544848776797163,0.8974036020311013,0.9136484449381149,0.9242899079657252,0.937728102189781,0.9391958901935893,0.9517712630910822,0.0,0.0,1.0,3.0,17.0,1.555279773899846,3.4477239628779204,0.8969176451920026,0.9134996826404316,0.9248651221834339,0.9379562043795621,0.9394438273563948,0.9521382100920343,0.0,0.0,1.0,3.0,17.0,1.5533862422795643,3.444458781737702,0.0006972114932049182,0.0007037720014243621,0.0005356458832999356,0.0,0.49607837082461076,0.005027140272206036,0.9347887606120558
exdark,2015_07236,1,600,450,19.566488888888887,0.8157,0.8495333333333334,0.8763740740740741,0.9078740740740741,0.9104185185185185,0.9250518518518519,0.0,0.0,1.0,6.0,43.0,1.7794101653264096,3.706007630692278,0.8175958702064897,0.8521091445427729,0.878377581120944,0.9099115044247787,0.9124926253687315,0.9274041297935103,0.0,0.0,1.0,6.0,41.0,1.7646737953509672,3.6928102029603997,0.8145029239766082,0.8510526315789474,0.8779239766081871,0.9098245614035088,0.9126023391812865,0.9268713450292397,0.0,0.0,1.0,6.0,41.0,1.781801593385933,3.7059117472754664,0.8145029239766082,0.8497660818713451,0.8776608187134503,0.9102923976608187,0.9130409356725147,0.9267836257309942,0.0,0.0,1.0,6.0,42.0,1.785591740274026,3.696092153447153,0.005577939055795557,0.0031678313463249443,0.0026772235980999028,0.0,1.479019945774904,0.03838181536604587,0.9126148148148148
exdark,2015_07244,1,1024,1006,11.238903493103876,0.8954893684766402,0.9114114143265407,0.9225768436257455,0.9373728333126242,0.9386571197813122,0.946743367917495,0.0,0.0,1.0,2.0,17.0,1.315714139342384,3.0035457739305023,0.8950970362103174,0.9114273313492064,0.9225144159226191,0.937224857390873,0.9384765625,0.946351066468254,0.0,0.0,1.0,2.0,17.0,1.321401779974331,3.0108242183083216,0.8946940104166666,0.9114118303571429,0.9224562872023809,0.9374302455357143,0.9387090773809523,0.9463975694444444,0.0,0.0,1.0,2.0,17.0,1.320880283822139,3.009792791489837,0.8953062996031746,0.9124193948412699,0.9234871031746031,0.9383060515873016,0.9396391369047619,0.9476221478174603,0.0,0.0,1.0,2.0,17.0,1.3240905501599003,3.0226785244332643,0.0006759451928566168,0.0006427133357470204,0.0007109092201987419,0.0,0.3903123748998999,0.005796003556213843,0.9361768840084493
exdark,2015_07250,1,258,194,37.50467513785663,0.6961759769839367,0.7200711260289299,0.7441261088467993,0.7844641572764325,0.7883001678254615,0.8135938623831216,0.0,0.0,2.0,34.0,152.0,2.598039347028983,4.638943373371168,0.7036106750392465,0.7297488226059654,0.7551020408163265,0.7947409733124019,0.7981946624803767,0.8231554160125588,0.0,0.0,2.0,30.0,149.0,2.5519038882304743,4.573599261154203,0.7096923076923077,0.7370769230769231,0.7646153846153846,0.8061538461538461,0.8092307692307692,0.8341538461538461,0.0,0.0,2.0,26.0,138.0,2.5055026571227783,4.535331554279427,0.7254545454545455,0.7512121212121212,0.7751515151515151,0.8148484848484848,0.8187878787878788,0.8412121212121212,0.0,0.0,1.0,23.0,127.0,2.420514349268703,4.435691210366314,0.01944959411099367,0.016810018536237228,0.015442750762769061,0.33071891388307384,19.725855494756114,0.10114456236520494,0.7707983696955166
exdark,2015_07257,1,672,938,8.876396080820388,0.9100749441567672,0.9345999593867398,0.9593216950959488,0.9793840110671134,0.9805405371103665,0.9854807594679663,2.0,3.0,4.0,6.0,13.0,2.594530294340537,3.6229046515501113,0.9102836879432624,0.9343781661600811,0.9590995440729483,0.9792553191489362,0.9803761398176292,0.9853913373860183,2.0,3.0,4.0,6.0,13.0,2.5940883090296416,3.6183662563826235,0.9101972356739306,0.934322033898305,0.9596070419693301,0.9794314971751412,0.9804908192090396,0.985270379338176,2.0,3.0,4.0,6.0,13.0,2.5943930103898643,3.617479885868867,0.9100332929782082,0.9344229217110573,0.9605276432606941,0.9798224374495561,0.9807808716707022,0.9853460451977402,2.0,3.0,4.0,6.0,13.0,2.5920066125637757,3.6089287660998983,0.0005410118777699636,0.0005170417989032387,0.00024881347690008845,0.0,0.0,0.002845423289154309,0.9829916108234339
exdark,2015_07267,1,600,450,8.565862962962964,0.9370259259259259,0.9510555555555555,0.9597,0.9694259259259259,0.9701518518518518,0.9737074074074074,1.0,1.0,1.0,3.0,8.0,1.75302035968026,2.769787863774831,0.9374188790560471,0.9510324483775812,0.9594690265486726,0.9695427728613569,0.9702802359882006,0.9736725663716814,1.0,1.0,1.0,3.0,8.0,1.7494186771134912,2.76894592365845,0.9358771929824561,0.9496198830409357,0.9581286549707603,0.9693274853801169,0.9701169590643275,0.9734795321637427,1.0,1.0,1.0,3.0,9.0,1.7515234856123332,2.7830340191850307,0.9349122807017544,0.9493567251461988,0.9577192982456141,0.9685380116959065,0.9693567251461989,0.9730994152046784,1.0,1.0,1.0,3.0,9.0,1.7522082948357105,2.788172855331697,0.002126991131162541,0.0015473195684106197,0.0010448609398899644,0.0,0.49607837082461076,0.006203652812299324,0.9706037037037037
exdark,2015_07272,1,896,626,16.566741428000913,0.8963372889091739,0.9073607228434505,0.9142425690324053,0.919765874600639,0.920186629963487,0.9229429341624829,0.0,0.0,0.0,0.0,18.0,0.9602810874800078,1.9913497851924515,0.8964897065514104,0.907216787989081,0.9142117834394905,0.9196855095541401,0.9200693812556869,0.9228275705186533,0.0,0.0,0.0,0.0,18.0,0.9600136362909875,1.9897696018745603,0.8964737793851718,0.9070270117540687,0.9137940777576854,0.9193603074141049,0.9197134945750453,0.9225813743218807,0.0,0.0,0.0,0.0,18.0,0.9593837261310343,1.989807152272748,0.897745253164557,0.9079735533453888,0.914133137432188,0.9193885623869801,0.9196711121157324,0.9224683544303798,0.0,0.0,0.0,0.0,17.0,0.9521302803107061,1.9727463659844395,0.0011369779776670618,0.000835960690184138,0.0005689327922550146,0.0,0.8454843286542927,0.007477478930923345,0.9172395595618439
exdark,2015_07292,1,1028,752,3.0001681637552777,0.9730886248861661,0.9757546671909927,0.9778670626707509,0.9812031728619919,0.9815058676214918,0.983871802301515,0.0,0.0,0.0,0.0,0.0,0.245359439603432,0.7499963641014474,0.9734818693600463,0.9760690040566272,0.9781490603526782,0.9811863564864641,0.981470941303088,0.9838304081463697,0.0,0.0,0.0,0.0,0.0,0.24416426555301984,0.7459156682084858,0.9734146038579352,0.9761983607914563,0.9783819024753705,0.9813208874906864,0.981600298037917,0.9840218561139167,0.0,0.0,0.0,0.0,0.0,0.2428116227079359,0.7398392979906485,0.9737135081642752,0.9765174006267524,0.9788058716806861,0.9815891472868217,0.9818571664192643,0.9841868711858816,0.0,0.0,0.0,0.0,0.0,0.240353065721834,0.7313318623440435,0.0004043816119801382,0.0004549281833003175,0.00027496581769464844,0.0,0.0,0.0026415505005486536,0.9813338231641692
exdark,2015_07304,1,492,848,6.460811665899678,0.8984291110599785,0.9346669351127473,0.9560012080073631,0.9758877895382727,0.9772467978217518,0.9843198726798589,0.0,0.0,1.0,5.0,16.0,1.4138481140866732,3.3620520292793725,0.8977316306181929,0.9349114127933732,0.9559652554072711,0.9759069642583218,0.9772683693818071,0.9842767295597484,0.0,0.0,1.0,5.0,16.0,1.4178852305337106,3.3678705876481114,0.8970317533364013,0.9343649332719742,0.9548818837244977,0.9752837858567265,0.9768944623408499,0.9842000306795521,0.0,0.0,1.0,5.0,16.0,1.4247157072173438,3.377873453699295,0.8961883749239197,0.9338861838101035,0.9551125989044431,0.9751597687157638,0.9768335362142423,0.9840992087644552,0.0,0.0,1.0,5.0,16.0,1.4227127965242399,3.3707720855467715,0.0021638226027125393,0.0010670044125634273,0.0006914858068061705,0.0,0.3903123748998999,0.011693612042403148,0.9799456396686609
exdark,2015_07305,1,500,374,13.661994652406417,0.8684491978609625,0.8872780748663102,0.9009572192513369,0.9177860962566845,0.9195347593582888,0.9287593582887701,0.0,0.0,0.0,3.0,31.0,1.3547916540733986,3.1422340127810773,0.8691702127659574,0.8876808510638298,0.9018723404255319,0.9183829787234042,0.9199787234042553,0.9293404255319149,0.0,0.0,0.0,3.0,31.0,1.3471950255685126,3.1262152077172454,0.8708510638297873,0.8888085106382979,0.9031489361702127,0.9192765957446809,0.920936170212766,0.929531914893617,0.0,0.0,0.0,3.0,30.0,1.3444182948515777,3.1200668742433275,0.8709050996285039,0.8891421816953732,0.903579871664978,0.9198750422154678,0.921563660925363,0.9299223235393448,0.0,0.0,0.0,3.0,29.0,1.3373628367890738,3.10199203897223,0.002422435761205416,0.0024636913347774667,0.002048414269135941,0.0,1.7275343701356567,0.017583373301511177,0.9138074866310161
exdark,2015_07343,1,1274,644,4.169046237701961,0.9494854081145119,0.9624599003480991,0.9716316292403249,0.9787276831420576,0.9794126680772643,0.9837114970211687,0.0,0.0,0.0,1.0,5.0,0.8634655666452888,2.40073529601574,0.949074164216593,0.9622023403882475,0.9713828150859635,0.9785383282384782,0.9792149379855527,0.9836153351895481,0.0,0.0,0.0,1.0,5.0,0.8664422839845595,2.405271697723412,0.9498819613762143,0.9624888734084136,0.9716997561825148,0.9788691512829444,0.979565772669221,0.9839583575215759,0.0,0.0,0.0,1.0,5.0,0.8609455184843843,2.394759269044236,0.9499807098765433,0.9626736111111112,0.9720679012345679,0.9788773148148148,0.9794753086419753,0.9838541666666667,0.0,0.0,0.0,1.0,5.0,0.8613021567225857,2.394178728054807,0.0008407487692123405,0.0007441267989695444,0.0005245309049157063,0.0,0.0,0.005878086518566086,0.9785643593318837
exdark,2015_07352,1,1280,720,30.095810546875,0.6410134548611112,0.6992458767361112,0.741689453125,0.8018630642361111,0.8091189236111112,0.8421495225694444,0.0,1.0,5.0,34.0,102.0,3.111119702667152,5.491918609363701,0.6405208333333333,0.6986371527777778,0.7412543402777778,0.8017925347222222,0.8088237847222223,0.8421701388888889,0.0,1.0,5.0,34.0,102.0,3.11154988354201,5.491095949987778,0.6400694444444445,0.6982638888888889,0.7406770833333334,0.8016232638888889,0.8084809027777777,0.841953125,0.0,1.0,5.0,34.0,102.0,3.1156581707663613,5.493325414990204,0.6416145833333333,0.6994444444444444,0.7417534722222222,0.8024479166666667,0.80859375,0.8422222222222222,0.0,1.0,5.0,34.0,102.0,3.105521925483234,5.478472534948916,0.0015873776069481448,0.0011690861676423084,0.0006791251931142317,0.0,0.49607837082461076,0.009306392570814387,0.8077983940972222
