channel,v12,fused_12bit,separate_12bit,diff_12bit_lsb,fused_8bit,separate_8bit,diff_8bit_lsb
R,0,0,0,0,0,0,0
R,1,2,2,0,0,0,0
R,2,4,4,0,0,0,0
R,3,6,6,0,0,0,0
R,4,8,8,0,0,0,0
R,5,11,11,0,0,0,0
R,6,13,13,0,0,0,0
R,7,15,15,0,0,0,0
R,8,17,17,0,1,1,0
R,9,20,20,0,1,1,0
R,10,22,22,0,1,1,0
R,11,24,24,0,1,1,0
R,12,26,26,0,1,1,0
R,13,29,29,0,1,1,0
R,14,31,31,0,1,1,0
R,15,33,33,0,2,2,0
R,16,35,35,0,2,2,0
R,17,37,37,0,2,2,0
R,18,40,40,0,2,2,0
R,19,42,42,0,2,2,0
R,20,44,44,0,2,2,0
R,21,46,46,0,2,2,0
R,22,49,49,0,3,3,0
R,23,51,51,0,3,3,0
R,24,53,53,0,3,3,0
R,25,55,55,0,3,3,0
R,26,58,58,0,3,3,0
R,27,60,60,0,3,3,0
R,28,62,62,0,3,3,0
R,29,64,64,0,4,4,0
R,30,67,67,0,4,4,0
R,31,69,69,0,4,4,0
R,32,71,71,0,4,4,0
R,33,73,73,0,4,4,0
R,34,75,75,0,4,4,0
R,35,78,78,0,4,4,0
R,36,80,80,0,5,5,0
R,37,82,82,0,5,5,0
R,38,84,84,0,5,5,0
R,39,87,87,0,5,5,0
R,40,89,89,0,5,5,0
R,41,91,91,0,5,5,0
R,42,93,93,0,5,5,0
R,43,96,96,0,6,6,0
R,44,98,98,0,6,6,0
R,45,100,100,0,6,6,0
R,46,102,102,0,6,6,0
R,47,105,105,0,6,6,0
R,48,107,107,0,6,6,0
R,49,109,109,0,6,6,0
R,50,111,111,0,6,6,0
R,51,113,113,0,7,7,0
R,52,116,116,0,7,7,0
R,53,118,118,0,7,7,0
R,54,120,120,0,7,7,0
R,55,122,122,0,7,7,0
R,56,125,125,0,7,7,0
R,57,127,127,0,7,7,0
R,58,129,129,0,8,8,0
R,59,131,131,0,8,8,0
R,60,134,134,0,8,8,0
R,61,136,136,0,8,8,0
R,62,138,138,0,8,8,0
R,63,140,140,0,8,8,0
R,64,143,143,0,8,8,0
R,65,145,145,0,9,9,0
R,66,147,147,0,9,9,0
R,67,149,149,0,9,9,0
R,68,151,151,0,9,9,0
R,69,154,154,0,9,9,0
R,70,156,156,0,9,9,0
R,71,158,158,0,9,9,0
R,72,160,160,0,10,10,0
R,73,163,163,0,10,10,0
R,74,165,165,0,10,10,0
R,75,167,167,0,10,10,0
R,76,169,169,0,10,10,0
R,77,172,172,0,10,10,0
R,78,174,174,0,10,10,0
R,79,176,176,0,11,11,0
R,80,178,178,0,11,11,0
R,81,180,180,0,11,11,0
R,82,183,183,0,11,11,0
R,83,185,185,0,11,11,0
R,84,187,187,0,11,11,0
R,85,189,189,0,11,11,0
R,86,192,192,0,12,12,0
R,87,194,194,0,12,12,0
R,88,196,196,0,12,12,0
R,89,198,198,0,12,12,0
R,90,201,201,0,12,12,0
R,91,203,203,0,12,12,0
R,92,205,205,0,12,12,0
R,93,207,207,0,12,12,0
R,94,210,210,0,13,13,0
R,95,212,212,0,13,13,0
R,96,214,214,0,13,13,0
R,97,216,216,0,13,13,0
R,98,218,218,0,13,13,0
R,99,221,221,0,13,13,0
R,100,223,223,0,13,13,0
R,101,225,225,0,14,14,0
R,102,227,227,0,14,14,0
R,103,230,230,0,14,14,0
R,104,232,232,0,14,14,0
R,105,234,234,0,14,14,0
R,106,236,236,0,14,14,0
R,107,239,239,0,14,14,0
R,108,241,241,0,15,15,0
R,109,243,243,0,15,15,0
R,110,245,245,0,15,15,0
R,111,248,248,0,15,15,0
R,112,250,250,0,15,15,0
R,113,252,252,0,15,15,0
R,114,254,254,0,15,15,0
R,115,256,256,0,16,16,0
R,116,259,259,0,16,16,0
R,117,261,261,0,16,16,0
R,118,263,263,0,16,16,0
R,119,265,265,0,16,16,0
R,120,268,268,0,16,16,0
R,121,270,270,0,16,16,0
R,122,272,272,0,17,17,0
R,123,274,274,0,17,17,0
R,124,277,277,0,17,17,0
R,125,279,279,0,17,17,0
R,126,281,281,0,17,17,0
R,127,283,283,0,17,17,0
R,128,286,286,0,17,17,0
R,129,288,288,0,18,18,0
R,130,290,290,0,18,18,0
R,131,292,292,0,18,18,0
R,132,294,294,0,18,18,0
R,133,297,297,0,18,18,0
R,134,299,299,0,18,18,0
R,135,301,301,0,18,18,0
R,136,303,303,0,18,18,0
R,137,306,306,0,19,19,0
R,138,308,308,0,19,19,0
R,139,310,310,0,19,19,0
R,140,312,312,0,19,19,0
R,141,315,315,0,19,19,0
R,142,317,317,0,19,19,0
R,143,319,319,0,19,19,0
R,144,321,321,0,20,20,0
R,145,323,323,0,20,20,0
R,146,326,326,0,20,20,0
R,147,328,328,0,20,20,0
R,148,330,330,0,20,20,0
R,149,332,332,0,20,20,0
R,150,335,335,0,20,20,0
R,151,337,337,0,21,21,0
R,152,339,339,0,21,21,0
R,153,341,341,0,21,21,0
R,154,344,344,0,21,21,0
R,155,346,346,0,21,21,0
R,156,348,348,0,21,21,0
R,157,350,350,0,21,21,0
R,158,353,353,0,22,22,0
R,159,355,355,0,22,22,0
R,160,357,357,0,22,22,0
R,161,359,359,0,22,22,0
R,162,361,361,0,22,22,0
R,163,364,364,0,22,22,0
R,164,366,366,0,22,22,0
R,165,368,368,0,23,23,0
R,166,370,370,0,23,23,0
R,167,373,373,0,23,23,0
R,168,375,375,0,23,23,0
R,169,377,377,0,23,23,0
R,170,379,379,0,23,23,0
R,171,382,382,0,23,23,0
R,172,384,384,0,24,24,0
R,173,386,386,0,24,24,0
R,174,388,388,0,24,24,0
R,175,391,391,0,24,24,0
R,176,393,393,0,24,24,0
R,177,395,395,0,24,24,0
R,178,397,397,0,24,24,0
R,179,399,399,0,24,24,0
R,180,402,402,0,25,25,0
R,181,404,404,0,25,25,0
R,182,406,406,0,25,25,0
R,183,408,408,0,25,25,0
R,184,411,411,0,25,25,0
R,185,413,413,0,25,25,0
R,186,415,415,0,25,25,0
R,187,417,417,0,26,26,0
R,188,420,420,0,26,26,0
R,189,422,422,0,26,26,0
R,190,424,424,0,26,26,0
R,191,426,426,0,26,26,0
R,192,429,429,0,26,26,0
R,193,431,431,0,26,26,0
R,194,433,433,0,27,27,0
R,195,435,435,0,27,27,0
R,196,437,437,0,27,27,0
R,197,440,440,0,27,27,0
R,198,442,442,0,27,27,0
R,199,444,444,0,27,27,0
R,200,446,446,0,27,27,0
R,201,449,449,0,28,28,0
R,202,451,451,0,28,28,0
R,203,453,453,0,28,28,0
R,204,455,455,0,28,28,0
R,205,458,458,0,28,28,0
R,206,460,460,0,28,28,0
R,207,462,462,0,28,28,0
R,208,464,464,0,29,29,0
R,209,466,466,0,29,29,0
R,210,469,469,0,29,29,0
R,211,471,471,0,29,29,0
R,212,473,473,0,29,29,0
R,213,475,475,0,29,29,0
R,214,478,478,0,29,29,0
R,215,480,480,0,30,30,0
R,216,482,482,0,30,30,0
R,217,484,484,0,30,30,0
R,218,487,487,0,30,30,0
R,219,489,489,0,30,30,0
R,220,491,491,0,30,30,0
R,221,493,493,0,30,30,0
R,222,496,496,0,31,31,0
R,223,498,498,0,31,31,0
R,224,500,500,0,31,31,0
R,225,502,502,0,31,31,0
R,226,504,504,0,31,31,0
R,227,507,507,0,31,31,0
R,228,509,509,0,31,31,0
R,229,511,511,0,31,31,0
R,230,513,513,0,32,32,0
R,231,516,516,0,32,32,0
R,232,518,518,0,32,32,0
R,233,520,520,0,32,32,0
R,234,522,522,0,32,32,0
R,235,525,525,0,32,32,0
R,236,527,527,0,32,32,0
R,237,529,529,0,33,33,0
R,238,531,531,0,33,33,0
R,239,534,534,0,33,33,0
R,240,536,536,0,33,33,0
R,241,538,538,0,33,33,0
R,242,540,540,0,33,33,0
R,243,542,542,0,33,33,0
R,244,545,545,0,34,34,0
R,245,547,547,0,34,34,0
R,246,549,549,0,34,34,0
R,247,551,551,0,34,34,0
R,248,554,554,0,34,34,0
R,249,556,556,0,34,34,0
R,250,558,558,0,34,34,0
R,251,560,560,0,35,35,0
R,252,563,563,0,35,35,0
R,253,565,565,0,35,35,0
R,254,567,567,0,35,35,0
R,255,569,569,0,35,35,0
R,256,572,572,0,35,35,0
R,257,574,574,0,35,35,0
R,258,576,576,0,36,36,0
R,259,578,578,0,36,36,0
R,260,580,580,0,36,36,0
R,261,583,583,0,36,36,0
R,262,585,585,0,36,36,0
R,263,587,587,0,36,36,0
R,264,589,589,0,36,36,0
R,265,592,592,0,37,37,0
R,266,594,594,0,37,37,0
R,267,596,596,0,37,37,0
R,268,598,598,0,37,37,0
R,269,601,601,0,37,37,0
R,270,603,603,0,37,37,0
R,271,605,605,0,37,37,0
R,272,607,607,0,37,37,0
R,273,609,609,0,38,38,0
R,274,612,612,0,38,38,0
R,275,614,614,0,38,38,0
R,276,616,616,0,38,38,0
R,277,618,618,0,38,38,0
R,278,621,621,0,38,38,0
R,279,623,623,0,38,38,0
R,280,625,625,0,39,39,0
R,281,627,627,0,39,39,0
R,282,630,630,0,39,39,0
R,283,632,632,0,39,39,0
R,284,634,634,0,39,39,0
R,285,636,636,0,39,39,0
R,286,639,639,0,39,39,0
R,287,641,641,0,40,40,0
R,288,643,643,0,40,40,0
R,289,645,645,0,40,40,0
R,290,647,647,0,40,40,0
R,291,650,650,0,40,40,0
R,292,652,652,0,40,40,0
R,293,654,654,0,40,40,0
R,294,656,656,0,41,41,0
R,295,659,659,0,41,41,0
R,296,661,661,0,41,41,0
R,297,663,663,0,41,41,0
R,298,665,665,0,41,41,0
R,299,668,668,0,41,41,0
R,300,670,670,0,41,41,0
R,301,672,672,0,42,42,0
R,302,674,674,0,42,42,0
R,303,677,677,0,42,42,0
R,304,679,679,0,42,42,0
R,305,681,681,0,42,42,0
R,306,683,683,0,42,42,0
R,307,685,685,0,42,42,0
R,308,688,688,0,43,43,0
R,309,690,690,0,43,43,0
R,310,692,692,0,43,43,0
R,311,694,694,0,43,43,0
R,312,697,697,0,43,43,0
R,313,699,699,0,43,43,0
R,314,701,701,0,43,43,0
R,315,703,703,0,43,43,0
R,316,706,706,0,44,44,0
R,317,708,708,0,44,44,0
R,318,710,710,0,44,44,0
R,319,712,712,0,44,44,0
R,320,715,715,0,44,44,0
R,321,717,717,0,44,44,0
R,322,719,719,0,44,44,0
R,323,721,721,0,45,45,0
R,324,723,723,0,45,45,0
R,325,726,726,0,45,45,0
R,326,728,728,0,45,45,0
R,327,730,730,0,45,45,0
R,328,732,732,0,45,45,0
R,329,735,735,0,45,45,0
R,330,737,737,0,46,46,0
R,331,739,739,0,46,46,0
R,332,741,741,0,46,46,0
R,333,744,744,0,46,46,0
R,334,746,746,0,46,46,0
R,335,748,748,0,46,46,0
R,336,750,750,0,46,46,0
R,337,752,752,0,47,47,0
R,338,755,755,0,47,47,0
R,339,757,757,0,47,47,0
R,340,759,759,0,47,47,0
R,341,761,761,0,47,47,0
R,342,764,764,0,47,47,0
R,343,766,766,0,47,47,0
R,344,768,768,0,48,48,0
R,345,770,770,0,48,48,0
R,346,773,773,0,48,48,0
R,347,775,775,0,48,48,0
R,348,777,777,0,48,48,0
R,349,779,779,0,48,48,0
R,350,782,782,0,48,48,0
R,351,784,784,0,49,49,0
R,352,786,786,0,49,49,0
R,353,788,788,0,49,49,0
R,354,790,790,0,49,49,0
R,355,793,793,0,49,49,0
R,356,795,795,0,49,49,0
R,357,797,797,0,49,49,0
R,358,799,799,0,49,49,0
R,359,802,802,0,50,50,0
R,360,804,804,0,50,50,0
R,361,806,806,0,50,50,0
R,362,808,808,0,50,50,0
R,363,811,811,0,50,50,0
R,364,813,813,0,50,50,0
R,365,815,815,0,50,50,0
R,366,817,817,0,51,51,0
R,367,820,820,0,51,51,0
R,368,822,822,0,51,51,0
R,369,824,824,0,51,51,0
R,370,826,826,0,51,51,0
R,371,828,828,0,51,51,0
R,372,831,831,0,51,51,0
R,373,833,833,0,52,52,0
R,374,835,835,0,52,52,0
R,375,837,837,0,52,52,0
R,376,840,840,0,52,52,0
R,377,842,842,0,52,52,0
R,378,844,844,0,52,52,0
R,379,846,846,0,52,52,0
R,380,849,849,0,53,53,0
R,381,851,851,0,53,53,0
R,382,853,853,0,53,53,0
R,383,855,855,0,53,53,0
R,384,858,858,0,53,53,0
R,385,860,860,0,53,53,0
R,386,862,862,0,53,53,0
R,387,864,864,0,54,54,0
R,388,866,866,0,54,54,0
R,389,869,869,0,54,54,0
R,390,871,871,0,54,54,0
R,391,873,873,0,54,54,0
R,392,875,875,0,54,54,0
R,393,878,878,0,54,54,0
R,394,880,880,0,55,55,0
R,395,882,882,0,55,55,0
R,396,884,884,0,55,55,0
R,397,887,887,0,55,55,0
R,398,889,889,0,55,55,0
R,399,891,891,0,55,55,0
R,400,893,893,0,55,55,0
R,401,895,895,0,55,55,0
R,402,898,898,0,56,56,0
R,403,900,900,0,56,56,0
R,404,902,902,0,56,56,0
R,405,904,904,0,56,56,0
R,406,907,907,0,56,56,0
R,407,909,909,0,56,56,0
R,408,911,911,0,56,56,0
R,409,913,913,0,57,57,0
R,410,916,916,0,57,57,0
R,411,918,918,0,57,57,0
R,412,920,920,0,57,57,0
R,413,922,922,0,57,57,0
R,414,925,925,0,57,57,0
R,415,927,927,0,57,57,0
R,416,929,929,0,58,58,0
R,417,931,931,0,58,58,0
R,418,933,933,0,58,58,0
R,419,936,936,0,58,58,0
R,420,938,938,0,58,58,0
R,421,940,940,0,58,58,0
R,422,942,942,0,58,58,0
R,423,945,945,0,59,59,0
R,424,947,947,0,59,59,0
R,425,949,949,0,59,59,0
R,426,951,951,0,59,59,0
R,427,954,954,0,59,59,0
R,428,956,956,0,59,59,0
R,429,958,958,0,59,59,0
R,430,960,960,0,60,60,0
R,431,963,963,0,60,60,0
R,432,965,965,0,60,60,0
R,433,967,967,0,60,60,0
R,434,969,969,0,60,60,0
R,435,971,971,0,60,60,0
R,436,974,974,0,60,60,0
R,437,976,976,0,61,61,0
R,438,978,978,0,61,61,0
R,439,980,980,0,61,61,0
R,440,983,983,0,61,61,0
R,441,985,985,0,61,61,0
R,442,987,987,0,61,61,0
R,443,989,989,0,61,61,0
R,444,992,992,0,62,62,0
R,445,994,994,0,62,62,0
R,446,996,996,0,62,62,0
R,447,998,998,0,62,62,0
R,448,1001,1001,0,62,62,0
R,449,1003,1003,0,62,62,0
R,450,1005,1005,0,62,62,0
R,451,1007,1007,0,62,62,0
R,452,1009,1009,0,63,63,0
R,453,1012,1012,0,63,63,0
R,454,1014,1014,0,63,63,0
R,455,1016,1016,0,63,63,0
R,456,1018,1018,0,63,63,0
R,457,1021,1021,0,63,63,0
R,458,1023,1023,0,63,63,0
R,459,1025,1025,0,64,64,0
R,460,1027,1027,0,64,64,0
R,461,1030,1030,0,64,64,0
R,462,1032,1032,0,64,64,0
R,463,1034,1034,0,64,64,0
R,464,1036,1036,0,64,64,0
R,465,1038,1038,0,64,64,0
R,466,1041,1041,0,65,65,0
R,467,1043,1043,0,65,65,0
R,468,1045,1045,0,65,65,0
R,469,1047,1047,0,65,65,0
R,470,1050,1050,0,65,65,0
R,471,1052,1052,0,65,65,0
R,472,1054,1054,0,65,65,0
R,473,1056,1056,0,66,66,0
R,474,1059,1059,0,66,66,0
R,475,1061,1061,0,66,66,0
R,476,1063,1063,0,66,66,0
R,477,1065,1065,0,66,66,0
R,478,1068,1068,0,66,66,0
R,479,1070,1070,0,66,66,0
R,480,1072,1072,0,67,67,0
R,481,1074,1074,0,67,67,0
R,482,1076,1076,0,67,67,0
R,483,1079,1079,0,67,67,0
R,484,1081,1081,0,67,67,0
R,485,1083,1083,0,67,67,0
R,486,1085,1085,0,67,67,0
R,487,1088,1088,0,68,68,0
R,488,1090,1090,0,68,68,0
R,489,1092,1092,0,68,68,0
R,490,1094,1094,0,68,68,0
R,491,1097,1097,0,68,68,0
R,492,1099,1099,0,68,68,0
R,493,1101,1101,0,68,68,0
R,494,1103,1103,0,68,68,0
R,495,1106,1106,0,69,69,0
R,496,1108,1108,0,69,69,0
R,497,1110,1110,0,69,69,0
R,498,1112,1112,0,69,69,0
R,499,1114,1114,0,69,69,0
R,500,1117,1117,0,69,69,0
R,501,1119,1119,0,69,69,0
R,502,1121,1121,0,70,70,0
R,503,1123,1123,0,70,70,0
R,504,1126,1126,0,70,70,0
R,505,1128,1128,0,70,70,0
R,506,1130,1130,0,70,70,0
R,507,1132,1132,0,70,70,0
R,508,1135,1135,0,70,70,0
R,509,1137,1137,0,71,71,0
R,510,1139,1139,0,71,71,0
R,511,1141,1141,0,71,71,0
R,512,1144,1144,0,71,71,0
R,513,1146,1146,0,71,71,0
R,514,1148,1148,0,71,71,0
R,515,1150,1150,0,71,71,0
R,516,1152,1152,0,72,72,0
R,517,1155,1155,0,72,72,0
R,518,1157,1157,0,72,72,0
R,519,1159,1159,0,72,72,0
R,520,1161,1161,0,72,72,0
R,521,1164,1164,0,72,72,0
R,522,1166,1166,0,72,72,0
R,523,1168,1168,0,73,73,0
R,524,1170,1170,0,73,73,0
R,525,1173,1173,0,73,73,0
R,526,1175,1175,0,73,73,0
R,527,1177,1177,0,73,73,0
R,528,1179,1179,0,73,73,0
R,529,1181,1181,0,73,73,0
R,530,1184,1184,0,74,74,0
R,531,1186,1186,0,74,74,0
R,532,1188,1188,0,74,74,0
R,533,1190,1190,0,74,74,0
R,534,1193,1193,0,74,74,0
R,535,1195,1195,0,74,74,0
R,536,1197,1197,0,74,74,0
R,537,1199,1199,0,74,74,0
R,538,1202,1202,0,75,75,0
R,539,1204,1204,0,75,75,0
R,540,1206,1206,0,75,75,0
R,541,1208,1208,0,75,75,0
R,542,1211,1211,0,75,75,0
R,543,1213,1213,0,75,75,0
R,544,1215,1215,0,75,75,0
R,545,1217,1217,0,76,76,0
R,546,1219,1219,0,76,76,0
R,547,1222,1222,0,76,76,0
R,548,1224,1224,0,76,76,0
R,549,1226,1226,0,76,76,0
R,550,1228,1228,0,76,76,0
R,551,1231,1231,0,76,76,0
R,552,1233,1233,0,77,77,0
R,553,1235,1235,0,77,77,0
R,554,1237,1237,0,77,77,0
R,555,1240,1240,0,77,77,0
R,556,1242,1242,0,77,77,0
R,557,1244,1244,0,77,77,0
R,558,1246,1246,0,77,77,0
R,559,1249,1249,0,78,78,0
R,560,1251,1251,0,78,78,0
R,561,1253,1253,0,78,78,0
R,562,1255,1255,0,78,78,0
R,563,1257,1257,0,78,78,0
R,564,1260,1260,0,78,78,0
R,565,1262,1262,0,78,78,0
R,566,1264,1264,0,79,79,0
R,567,1266,1266,0,79,79,0
R,568,1269,1269,0,79,79,0
R,569,1271,1271,0,79,79,0
R,570,1273,1273,0,79,79,0
R,571,1275,1275,0,79,79,0
R,572,1278,1278,0,79,79,0
R,573,1280,1280,0,80,80,0
R,574,1282,1282,0,80,80,0
R,575,1284,1284,0,80,80,0
R,576,1287,1287,0,80,80,0
R,577,1289,1289,0,80,80,0
R,578,1291,1291,0,80,80,0
R,579,1293,1293,0,80,80,0
R,580,1295,1295,0,80,80,0
R,581,1298,1298,0,81,81,0
R,582,1300,1300,0,81,81,0
R,583,1302,1302,0,81,81,0
R,584,1304,1304,0,81,81,0
R,585,1307,1307,0,81,81,0
R,586,1309,1309,0,81,81,0
R,587,1311,1311,0,81,81,0
R,588,1313,1313,0,82,82,0
R,589,1316,1316,0,82,82,0
R,590,1318,1318,0,82,82,0
R,591,1320,1320,0,82,82,0
R,592,1322,1322,0,82,82,0
R,593,1324,1324,0,82,82,0
R,594,1327,1327,0,82,82,0
R,595,1329,1329,0,83,83,0
R,596,1331,1331,0,83,83,0
R,597,1333,1333,0,83,83,0
R,598,1336,1336,0,83,83,0
R,599,1338,1338,0,83,83,0
R,600,1340,1340,0,83,83,0
R,601,1342,1342,0,83,83,0
R,602,1345,1345,0,84,84,0
R,603,1347,1347,0,84,84,0
R,604,1349,1349,0,84,84,0
R,605,1351,1351,0,84,84,0
R,606,1354,1354,0,84,84,0
R,607,1356,1356,0,84,84,0
R,608,1358,1358,0,84,84,0
R,609,1360,1360,0,85,85,0
R,610,1362,1362,0,85,85,0
R,611,1365,1365,0,85,85,0
R,612,1367,1367,0,85,85,0
R,613,1369,1369,0,85,85,0
R,614,1371,1371,0,85,85,0
R,615,1374,1374,0,85,85,0
R,616,1376,1376,0,86,86,0
R,617,1378,1378,0,86,86,0
R,618,1380,1380,0,86,86,0
R,619,1383,1383,0,86,86,0
R,620,1385,1385,0,86,86,0
R,621,1387,1387,0,86,86,0
R,622,1389,1389,0,86,86,0
R,623,1392,1392,0,87,87,0
R,624,1394,1394,0,87,87,0
R,625,1396,1396,0,87,87,0
R,626,1398,1398,0,87,87,0
R,627,1400,1400,0,87,87,0
R,628,1403,1403,0,87,87,0
R,629,1405,1405,0,87,87,0
R,630,1407,1407,0,87,87,0
R,631,1409,1409,0,88,88,0
R,632,1412,1412,0,88,88,0
R,633,1414,1414,0,88,88,0
R,634,1416,1416,0,88,88,0
R,635,1418,1418,0,88,88,0
R,636,1421,1421,0,88,88,0
R,637,1423,1423,0,88,88,0
R,638,1425,1425,0,89,89,0
R,639,1427,1427,0,89,89,0
R,640,1430,1430,0,89,89,0
R,641,1432,1432,0,89,89,0
R,642,1434,1434,0,89,89,0
R,643,1436,1436,0,89,89,0
R,644,1438,1438,0,89,89,0
R,645,1441,1441,0,90,90,0
R,646,1443,1443,0,90,90,0
R,647,1445,1445,0,90,90,0
R,648,1447,1447,0,90,90,0
R,649,1450,1450,0,90,90,0
R,650,1452,1452,0,90,90,0
R,651,1454,1454,0,90,90,0
R,652,1456,1456,0,91,91,0
R,653,1459,1459,0,91,91,0
R,654,1461,1461,0,91,91,0
R,655,1463,1463,0,91,91,0
R,656,1465,1465,0,91,91,0
R,657,1467,1467,0,91,91,0
R,658,1470,1470,0,91,91,0
R,659,1472,1472,0,92,92,0
R,660,1474,1474,0,92,92,0
R,661,1476,1476,0,92,92,0
R,662,1479,1479,0,92,92,0
R,663,1481,1481,0,92,92,0
R,664,1483,1483,0,92,92,0
R,665,1485,1485,0,92,92,0
R,666,1488,1488,0,93,93,0
R,667,1490,1490,0,93,93,0
R,668,1492,1492,0,93,93,0
R,669,1494,1494,0,93,93,0
R,670,1497,1497,0,93,93,0
R,671,1499,1499,0,93,93,0
R,672,1501,1501,0,93,93,0
R,673,1503,1503,0,93,93,0
R,674,1505,1505,0,94,94,0
R,675,1508,1508,0,94,94,0
R,676,1510,1510,0,94,94,0
R,677,1512,1512,0,94,94,0
R,678,1514,1514,0,94,94,0
R,679,1517,1517,0,94,94,0
R,680,1519,1519,0,94,94,0
R,681,1521,1521,0,95,95,0
R,682,1523,1523,0,95,95,0
R,683,1526,1526,0,95,95,0
R,684,1528,1528,0,95,95,0
R,685,1530,1530,0,95,95,0
R,686,1532,1532,0,95,95,0
R,687,1535,1535,0,95,95,0
R,688,1537,1537,0,96,96,0
R,689,1539,1539,0,96,96,0
R,690,1541,1541,0,96,96,0
R,691,1543,1543,0,96,96,0
R,692,1546,1546,0,96,96,0
R,693,1548,1548,0,96,96,0
R,694,1550,1550,0,96,96,0
R,695,1552,1552,0,97,97,0
R,696,1555,1555,0,97,97,0
R,697,1557,1557,0,97,97,0
R,698,1559,1559,0,97,97,0
R,699,1561,1561,0,97,97,0
R,700,1564,1564,0,97,97,0
R,701,1566,1566,0,97,97,0
R,702,1568,1568,0,98,98,0
R,703,1570,1570,0,98,98,0
R,704,1573,1573,0,98,98,0
R,705,1575,1575,0,98,98,0
R,706,1577,1577,0,98,98,0
R,707,1579,1579,0,98,98,0
R,708,1581,1581,0,98,98,0
R,709,1584,1584,0,99,99,0
R,710,1586,1586,0,99,99,0
R,711,1588,1588,0,99,99,0
R,712,1590,1590,0,99,99,0
R,713,1593,1593,0,99,99,0
R,714,1595,1595,0,99,99,0
R,715,1597,1597,0,99,99,0
R,716,1599,1599,0,99,99,0
R,717,1602,1602,0,100,100,0
R,718,1604,1604,0,100,100,0
R,719,1606,1606,0,100,100,0
R,720,1608,1608,0,100,100,0
R,721,1610,1610,0,100,100,0
R,722,1613,1613,0,100,100,0
R,723,1615,1615,0,100,100,0
R,724,1617,1617,0,101,101,0
R,725,1619,1619,0,101,101,0
R,726,1622,1622,0,101,101,0
R,727,1624,1624,0,101,101,0
R,728,1626,1626,0,101,101,0
R,729,1628,1628,0,101,101,0
R,730,1631,1631,0,101,101,0
R,731,1633,1633,0,102,102,0
R,732,1635,1635,0,102,102,0
R,733,1637,1637,0,102,102,0
R,734,1640,1640,0,102,102,0
R,735,1642,1642,0,102,102,0
R,736,1644,1644,0,102,102,0
R,737,1646,1646,0,102,102,0
R,738,1648,1648,0,103,103,0
R,739,1651,1651,0,103,103,0
R,740,1653,1653,0,103,103,0
R,741,1655,1655,0,103,103,0
R,742,1657,1657,0,103,103,0
R,743,1660,1660,0,103,103,0
R,744,1662,1662,0,103,103,0
R,745,1664,1664,0,104,104,0
R,746,1666,1666,0,104,104,0
R,747,1669,1669,0,104,104,0
R,748,1671,1671,0,104,104,0
R,749,1673,1673,0,104,104,0
R,750,1675,1675,0,104,104,0
R,751,1678,1678,0,104,104,0
R,752,1680,1680,0,105,105,0
R,753,1682,1682,0,105,105,0
R,754,1684,1684,0,105,105,0
R,755,1686,1686,0,105,105,0
R,756,1689,1689,0,105,105,0
R,757,1691,1691,0,105,105,0
R,758,1693,1693,0,105,105,0
R,759,1695,1695,0,105,105,0
R,760,1698,1698,0,106,106,0
R,761,1700,1700,0,106,106,0
R,762,1702,1702,0,106,106,0
R,763,1704,1704,0,106,106,0
R,764,1707,1707,0,106,106,0
R,765,1709,1709,0,106,106,0
R,766,1711,1711,0,106,106,0
R,767,1713,1713,0,107,107,0
R,768,1716,1716,0,107,107,0
R,769,1718,1718,0,107,107,0
R,770,1720,1720,0,107,107,0
R,771,1722,1722,0,107,107,0
R,772,1724,1724,0,107,107,0
R,773,1727,1727,0,107,107,0
R,774,1729,1729,0,108,108,0
R,775,1731,1731,0,108,108,0
R,776,1733,1733,0,108,108,0
R,777,1736,1736,0,108,108,0
R,778,1738,1738,0,108,108,0
R,779,1740,1740,0,108,108,0
R,780,1742,1742,0,108,108,0
R,781,1745,1745,0,109,109,0
R,782,1747,1747,0,109,109,0
R,783,1749,1749,0,109,109,0
R,784,1751,1751,0,109,109,0
R,785,1753,1753,0,109,109,0
R,786,1756,1756,0,109,109,0
R,787,1758,1758,0,109,109,0
R,788,1760,1760,0,110,110,0
R,789,1762,1762,0,110,110,0
R,790,1765,1765,0,110,110,0
R,791,1767,1767,0,110,110,0
R,792,1769,1769,0,110,110,0
R,793,1771,1771,0,110,110,0
R,794,1774,1774,0,110,110,0
R,795,1776,1776,0,111,111,0
R,796,1778,1778,0,111,111,0
R,797,1780,1780,0,111,111,0
R,798,1783,1783,0,111,111,0
R,799,1785,1785,0,111,111,0
R,800,1787,1787,0,111,111,0
R,801,1789,1789,0,111,111,0
R,802,1791,1791,0,111,111,0
R,803,1794,1794,0,112,112,0
R,804,1796,1796,0,112,112,0
R,805,1798,1798,0,112,112,0
R,806,1800,1800,0,112,112,0
R,807,1803,1803,0,112,112,0
R,808,1805,1805,0,112,112,0
R,809,1807,1807,0,112,112,0
R,810,1809,1809,0,113,113,0
R,811,1812,1812,0,113,113,0
R,812,1814,1814,0,113,113,0
R,813,1816,1816,0,113,113,0
R,814,1818,1818,0,113,113,0
R,815,1821,1821,0,113,113,0
R,816,1823,1823,0,113,113,0
R,817,1825,1825,0,114,114,0
R,818,1827,1827,0,114,114,0
R,819,1829,1829,0,114,114,0
R,820,1832,1832,0,114,114,0
R,821,1834,1834,0,114,114,0
R,822,1836,1836,0,114,114,0
R,823,1838,1838,0,114,114,0
R,824,1841,1841,0,115,115,0
R,825,1843,1843,0,115,115,0
R,826,1845,1845,0,115,115,0
R,827,1847,1847,0,115,115,0
R,828,1850,1850,0,115,115,0
R,829,1852,1852,0,115,115,0
R,830,1854,1854,0,115,115,0
R,831,1856,1856,0,116,116,0
R,832,1859,1859,0,116,116,0
R,833,1861,1861,0,116,116,0
R,834,1863,1863,0,116,116,0
R,835,1865,1865,0,116,116,0
R,836,1867,1867,0,116,116,0
R,837,1870,1870,0,116,116,0
R,838,1872,1872,0,117,117,0
R,839,1874,1874,0,117,117,0
R,840,1876,1876,0,117,117,0
R,841,1879,1879,0,117,117,0
R,842,1881,1881,0,117,117,0
R,843,1883,1883,0,117,117,0
R,844,1885,1885,0,117,117,0
R,845,1888,1888,0,118,118,0
R,846,1890,1890,0,118,118,0
R,847,1892,1892,0,118,118,0
R,848,1894,1894,0,118,118,0
R,849,1896,1896,0,118,118,0
R,850,1899,1899,0,118,118,0
R,851,1901,1901,0,118,118,0
R,852,1903,1903,0,118,118,0
R,853,1905,1905,0,119,119,0
R,854,1908,1908,0,119,119,0
R,855,1910,1910,0,119,119,0
R,856,1912,1912,0,119,119,0
R,857,1914,1914,0,119,119,0
R,858,1917,1917,0,119,119,0
R,859,1919,1919,0,119,119,0
R,860,1921,1921,0,120,120,0
R,861,1923,1923,0,120,120,0
R,862,1926,1926,0,120,120,0
R,863,1928,1928,0,120,120,0
R,864,1930,1930,0,120,120,0
R,865,1932,1932,0,120,120,0
R,866,1934,1934,0,120,120,0
R,867,1937,1937,0,121,121,0
R,868,1939,1939,0,121,121,0
R,869,1941,1941,0,121,121,0
R,870,1943,1943,0,121,121,0
R,871,1946,1946,0,121,121,0
R,872,1948,1948,0,121,121,0
R,873,1950,1950,0,121,121,0
R,874,1952,1952,0,122,122,0
R,875,1955,1955,0,122,122,0
R,876,1957,1957,0,122,122,0
R,877,1959,1959,0,122,122,0
R,878,1961,1961,0,122,122,0
R,879,1964,1964,0,122,122,0
R,880,1966,1966,0,122,122,0
R,881,1968,1968,0,123,123,0
R,882,1970,1970,0,123,123,0
R,883,1972,1972,0,123,123,0
R,884,1975,1975,0,123,123,0
R,885,1977,1977,0,123,123,0
R,886,1979,1979,0,123,123,0
R,887,1981,1981,0,123,123,0
R,888,1984,1984,0,124,124,0
R,889,1986,1986,0,124,124,0
R,890,1988,1988,0,124,124,0
R,891,1990,1990,0,124,124,0
R,892,1993,1993,0,124,124,0
R,893,1995,1995,0,124,124,0
R,894,1997,1997,0,124,124,0
R,895,1999,1999,0,124,124,0
R,896,2002,2002,0,125,125,0
R,897,2004,2004,0,125,125,0
R,898,2006,2006,0,125,125,0
R,899,2008,2008,0,125,125,0
R,900,2010,2010,0,125,125,0
R,901,2013,2013,0,125,125,0
R,902,2015,2015,0,125,125,0
R,903,2017,2017,0,126,126,0
R,904,2019,2019,0,126,126,0
R,905,2022,2022,0,126,126,0
R,906,2024,2024,0,126,126,0
R,907,2026,2026,0,126,126,0
R,908,2028,2028,0,126,126,0
R,909,2031,2031,0,126,126,0
R,910,2033,2033,0,127,127,0
R,911,2035,2035,0,127,127,0
R,912,2037,2037,0,127,127,0
R,913,2039,2039,0,127,127,0
R,914,2042,2042,0,127,127,0
R,915,2044,2044,0,127,127,0
R,916,2046,2046,0,127,127,0
R,917,2048,2048,0,128,128,0
R,918,2051,2051,0,128,128,0
R,919,2053,2053,0,128,128,0
R,920,2055,2055,0,128,128,0
R,921,2057,2057,0,128,128,0
R,922,2060,2060,0,128,128,0
R,923,2062,2062,0,128,128,0
R,924,2064,2064,0,129,129,0
R,925,2066,2066,0,129,129,0
R,926,2069,2069,0,129,129,0
R,927,2071,2071,0,129,129,0
R,928,2073,2073,0,129,129,0
R,929,2075,2075,0,129,129,0
R,930,2077,2077,0,129,129,0
R,931,2080,2080,0,130,130,0
R,932,2082,2082,0,130,130,0
R,933,2084,2084,0,130,130,0
R,934,2086,2086,0,130,130,0
R,935,2089,2089,0,130,130,0
R,936,2091,2091,0,130,130,0
R,937,2093,2093,0,130,130,0
R,938,2095,2095,0,130,130,0
R,939,2098,2098,0,131,131,0
R,940,2100,2100,0,131,131,0
R,941,2102,2102,0,131,131,0
R,942,2104,2104,0,131,131,0
R,943,2107,2107,0,131,131,0
R,944,2109,2109,0,131,131,0
R,945,2111,2111,0,131,131,0
R,946,2113,2113,0,132,132,0
R,947,2115,2115,0,132,132,0
R,948,2118,2118,0,132,132,0
R,949,2120,2120,0,132,132,0
R,950,2122,2122,0,132,132,0
R,951,2124,2124,0,132,132,0
R,952,2127,2127,0,132,132,0
R,953,2129,2129,0,133,133,0
R,954,2131,2131,0,133,133,0
R,955,2133,2133,0,133,133,0
R,956,2136,2136,0,133,133,0
R,957,2138,2138,0,133,133,0
R,958,2140,2140,0,133,133,0
R,959,2142,2142,0,133,133,0
R,960,2145,2145,0,134,134,0
R,961,2147,2147,0,134,134,0
R,962,2149,2149,0,134,134,0
R,963,2151,2151,0,134,134,0
R,964,2153,2153,0,134,134,0
R,965,2156,2156,0,134,134,0
R,966,2158,2158,0,134,134,0
R,967,2160,2160,0,135,135,0
R,968,2162,2162,0,135,135,0
R,969,2165,2165,0,135,135,0
R,970,2167,2167,0,135,135,0
R,971,2169,2169,0,135,135,0
R,972,2171,2171,0,135,135,0
R,973,2174,2174,0,135,135,0
R,974,2176,2176,0,136,136,0
R,975,2178,2178,0,136,136,0
R,976,2180,2180,0,136,136,0
R,977,2182,2182,0,136,136,0
R,978,2185,2185,0,136,136,0
R,979,2187,2187,0,136,136,0
R,980,2189,2189,0,136,136,0
R,981,2191,2191,0,136,136,0
R,982,2194,2194,0,137,137,0
R,983,2196,2196,0,137,137,0
R,984,2198,2198,0,137,137,0
R,985,2200,2200,0,137,137,0
R,986,2203,2203,0,137,137,0
R,987,2205,2205,0,137,137,0
R,988,2207,2207,0,137,137,0
R,989,2209,2209,0,138,138,0
R,990,2212,2212,0,138,138,0
R,991,2214,2214,0,138,138,0
R,992,2216,2216,0,138,138,0
R,993,2218,2218,0,138,138,0
R,994,2220,2220,0,138,138,0
R,995,2223,2223,0,138,138,0
R,996,2225,2225,0,139,139,0
R,997,2227,2227,0,139,139,0
R,998,2229,2229,0,139,139,0
R,999,2232,2232,0,139,139,0
R,1000,2234,2234,0,139,139,0
R,1001,2236,2236,0,139,139,0
R,1002,2238,2238,0,139,139,0
R,1003,2241,2241,0,140,140,0
R,1004,2243,2243,0,140,140,0
R,1005,2245,2245,0,140,140,0
R,1006,2247,2247,0,140,140,0
R,1007,2250,2250,0,140,140,0
R,1008,2252,2252,0,140,140,0
R,1009,2254,2254,0,140,140,0
R,1010,2256,2256,0,141,141,0
R,1011,2258,2258,0,141,141,0
R,1012,2261,2261,0,141,141,0
R,1013,2263,2263,0,141,141,0
R,1014,2265,2265,0,141,141,0
R,1015,2267,2267,0,141,141,0
R,1016,2270,2270,0,141,141,0
R,1017,2272,2272,0,142,142,0
R,1018,2274,2274,0,142,142,0
R,1019,2276,2276,0,142,142,0
R,1020,2279,2279,0,142,142,0
R,1021,2281,2281,0,142,142,0
R,1022,2283,2283,0,142,142,0
R,1023,2285,2285,0,142,142,0
R,1024,2288,2288,0,143,143,0
R,1025,2290,2290,0,143,143,0
R,1026,2292,2292,0,143,143,0
R,1027,2294,2294,0,143,143,0
R,1028,2296,2296,0,143,143,0
R,1029,2299,2299,0,143,143,0
R,1030,2301,2301,0,143,143,0
R,1031,2303,2303,0,143,143,0
R,1032,2305,2305,0,144,144,0
R,1033,2308,2308,0,144,144,0
R,1034,2310,2310,0,144,144,0
R,1035,2312,2312,0,144,144,0
R,1036,2314,2314,0,144,144,0
R,1037,2317,2317,0,144,144,0
R,1038,2319,2319,0,144,144,0
R,1039,2321,2321,0,145,145,0
R,1040,2323,2323,0,145,145,0
R,1041,2325,2325,0,145,145,0
R,1042,2328,2328,0,145,145,0
R,1043,2330,2330,0,145,145,0
R,1044,2332,2332,0,145,145,0
R,1045,2334,2334,0,145,145,0
R,1046,2337,2337,0,146,146,0
R,1047,2339,2339,0,146,146,0
R,1048,2341,2341,0,146,146,0
R,1049,2343,2343,0,146,146,0
R,1050,2346,2346,0,146,146,0
R,1051,2348,2348,0,146,146,0
R,1052,2350,2350,0,146,146,0
R,1053,2352,2352,0,147,147,0
R,1054,2355,2355,0,147,147,0
R,1055,2357,2357,0,147,147,0
R,1056,2359,2359,0,147,147,0
R,1057,2361,2361,0,147,147,0
R,1058,2363,2363,0,147,147,0
R,1059,2366,2366,0,147,147,0
R,1060,2368,2368,0,148,148,0
R,1061,2370,2370,0,148,148,0
R,1062,2372,2372,0,148,148,0
R,1063,2375,2375,0,148,148,0
R,1064,2377,2377,0,148,148,0
R,1065,2379,2379,0,148,148,0
R,1066,2381,2381,0,148,148,0
R,1067,2384,2384,0,149,149,0
R,1068,2386,2386,0,149,149,0
R,1069,2388,2388,0,149,149,0
R,1070,2390,2390,0,149,149,0
R,1071,2393,2393,0,149,149,0
R,1072,2395,2395,0,149,149,0
R,1073,2397,2397,0,149,149,0
R,1074,2399,2399,0,149,149,0
R,1075,2401,2401,0,150,150,0
R,1076,2404,2404,0,150,150,0
R,1077,2406,2406,0,150,150,0
R,1078,2408,2408,0,150,150,0
R,1079,2410,2410,0,150,150,0
R,1080,2413,2413,0,150,150,0
R,1081,2415,2415,0,150,150,0
R,1082,2417,2417,0,151,151,0
R,1083,2419,2419,0,151,151,0
R,1084,2422,2422,0,151,151,0
R,1085,2424,2424,0,151,151,0
R,1086,2426,2426,0,151,151,0
R,1087,2428,2428,0,151,151,0
R,1088,2431,2431,0,151,151,0
R,1089,2433,2433,0,152,152,0
R,1090,2435,2435,0,152,152,0
R,1091,2437,2437,0,152,152,0
R,1092,2439,2439,0,152,152,0
R,1093,2442,2442,0,152,152,0
R,1094,2444,2444,0,152,152,0
R,1095,2446,2446,0,152,152,0
R,1096,2448,2448,0,153,153,0
R,1097,2451,2451,0,153,153,0
R,1098,2453,2453,0,153,153,0
R,1099,2455,2455,0,153,153,0
R,1100,2457,2457,0,153,153,0
R,1101,2460,2460,0,153,153,0
R,1102,2462,2462,0,153,153,0
R,1103,2464,2464,0,154,154,0
R,1104,2466,2466,0,154,154,0
R,1105,2468,2468,0,154,154,0
R,1106,2471,2471,0,154,154,0
R,1107,2473,2473,0,154,154,0
R,1108,2475,2475,0,154,154,0
R,1109,2477,2477,0,154,154,0
R,1110,2480,2480,0,155,155,0
R,1111,2482,2482,0,155,155,0
R,1112,2484,2484,0,155,155,0
R,1113,2486,2486,0,155,155,0
R,1114,2489,2489,0,155,155,0
R,1115,2491,2491,0,155,155,0
R,1116,2493,2493,0,155,155,0
R,1117,2495,2495,0,155,155,0
R,1118,2498,2498,0,156,156,0
R,1119,2500,2500,0,156,156,0
R,1120,2502,2502,0,156,156,0
R,1121,2504,2504,0,156,156,0
R,1122,2506,2506,0,156,156,0
R,1123,2509,2509,0,156,156,0
R,1124,2511,2511,0,156,156,0
R,1125,2513,2513,0,157,157,0
R,1126,2515,2515,0,157,157,0
R,1127,2518,2518,0,157,157,0
R,1128,2520,2520,0,157,157,0
R,1129,2522,2522,0,157,157,0
R,1130,2524,2524,0,157,157,0
R,1131,2527,2527,0,157,157,0
R,1132,2529,2529,0,158,158,0
R,1133,2531,2531,0,158,158,0
R,1134,2533,2533,0,158,158,0
R,1135,2536,2536,0,158,158,0
R,1136,2538,2538,0,158,158,0
R,1137,2540,2540,0,158,158,0
R,1138,2542,2542,0,158,158,0
R,1139,2544,2544,0,159,159,0
R,1140,2547,2547,0,159,159,0
R,1141,2549,2549,0,159,159,0
R,1142,2551,2551,0,159,159,0
R,1143,2553,2553,0,159,159,0
R,1144,2556,2556,0,159,159,0
R,1145,2558,2558,0,159,159,0
R,1146,2560,2560,0,160,160,0
R,1147,2562,2562,0,160,160,0
R,1148,2565,2565,0,160,160,0
R,1149,2567,2567,0,160,160,0
R,1150,2569,2569,0,160,160,0
R,1151,2571,2571,0,160,160,0
R,1152,2574,2574,0,160,160,0
R,1153,2576,2576,0,161,161,0
R,1154,2578,2578,0,161,161,0
R,1155,2580,2580,0,161,161,0
R,1156,2582,2582,0,161,161,0
R,1157,2585,2585,0,161,161,0
R,1158,2587,2587,0,161,161,0
R,1159,2589,2589,0,161,161,0
R,1160,2591,2591,0,161,161,0
R,1161,2594,2594,0,162,162,0
R,1162,2596,2596,0,162,162,0
R,1163,2598,2598,0,162,162,0
R,1164,2600,2600,0,162,162,0
R,1165,2603,2603,0,162,162,0
R,1166,2605,2605,0,162,162,0
R,1167,2607,2607,0,162,162,0
R,1168,2609,2609,0,163,163,0
R,1169,2611,2611,0,163,163,0
R,1170,2614,2614,0,163,163,0
R,1171,2616,2616,0,163,163,0
R,1172,2618,2618,0,163,163,0
R,1173,2620,2620,0,163,163,0
R,1174,2623,2623,0,163,163,0
R,1175,2625,2625,0,164,164,0
R,1176,2627,2627,0,164,164,0
R,1177,2629,2629,0,164,164,0
R,1178,2632,2632,0,164,164,0
R,1179,2634,2634,0,164,164,0
R,1180,2636,2636,0,164,164,0
R,1181,2638,2638,0,164,164,0
R,1182,2641,2641,0,165,165,0
R,1183,2643,2643,0,165,165,0
R,1184,2645,2645,0,165,165,0
R,1185,2647,2647,0,165,165,0
R,1186,2649,2649,0,165,165,0
R,1187,2652,2652,0,165,165,0
R,1188,2654,2654,0,165,165,0
R,1189,2656,2656,0,166,166,0
R,1190,2658,2658,0,166,166,0
R,1191,2661,2661,0,166,166,0
R,1192,2663,2663,0,166,166,0
R,1193,2665,2665,0,166,166,0
R,1194,2667,2667,0,166,166,0
R,1195,2670,2670,0,166,166,0
R,1196,2672,2672,0,167,167,0
R,1197,2674,2674,0,167,167,0
R,1198,2676,2676,0,167,167,0
R,1199,2679,2679,0,167,167,0
R,1200,2681,2681,0,167,167,0
R,1201,2683,2683,0,167,167,0
R,1202,2685,2685,0,167,167,0
R,1203,2687,2687,0,167,167,0
R,1204,2690,2690,0,168,168,0
R,1205,2692,2692,0,168,168,0
R,1206,2694,2694,0,168,168,0
R,1207,2696,2696,0,168,168,0
R,1208,2699,2699,0,168,168,0
R,1209,2701,2701,0,168,168,0
R,1210,2703,2703,0,168,168,0
R,1211,2705,2705,0,169,169,0
R,1212,2708,2708,0,169,169,0
R,1213,2710,2710,0,169,169,0
R,1214,2712,2712,0,169,169,0
R,1215,2714,2714,0,169,169,0
R,1216,2717,2717,0,169,169,0
R,1217,2719,2719,0,169,169,0
R,1218,2721,2721,0,170,170,0
R,1219,2723,2723,0,170,170,0
R,1220,2725,2725,0,170,170,0
R,1221,2728,2728,0,170,170,0
R,1222,2730,2730,0,170,170,0
R,1223,2732,2732,0,170,170,0
R,1224,2734,2734,0,170,170,0
R,1225,2737,2737,0,171,171,0
R,1226,2739,2739,0,171,171,0
R,1227,2741,2741,0,171,171,0
R,1228,2743,2743,0,171,171,0
R,1229,2746,2746,0,171,171,0
R,1230,2748,2748,0,171,171,0
R,1231,2750,2750,0,171,171,0
R,1232,2752,2752,0,172,172,0
R,1233,2754,2754,0,172,172,0
R,1234,2757,2757,0,172,172,0
R,1235,2759,2759,0,172,172,0
R,1236,2761,2761,0,172,172,0
R,1237,2763,2763,0,172,172,0
R,1238,2766,2766,0,172,172,0
R,1239,2768,2768,0,173,173,0
R,1240,2770,2770,0,173,173,0
R,1241,2772,2772,0,173,173,0
R,1242,2775,2775,0,173,173,0
R,1243,2777,2777,0,173,173,0
R,1244,2779,2779,0,173,173,0
R,1245,2781,2781,0,173,173,0
R,1246,2784,2784,0,174,174,0
R,1247,2786,2786,0,174,174,0
R,1248,2788,2788,0,174,174,0
R,1249,2790,2790,0,174,174,0
R,1250,2792,2792,0,174,174,0
R,1251,2795,2795,0,174,174,0
R,1252,2797,2797,0,174,174,0
R,1253,2799,2799,0,174,174,0
R,1254,2801,2801,0,175,175,0
R,1255,2804,2804,0,175,175,0
R,1256,2806,2806,0,175,175,0
R,1257,2808,2808,0,175,175,0
R,1258,2810,2810,0,175,175,0
R,1259,2813,2813,0,175,175,0
R,1260,2815,2815,0,175,175,0
R,1261,2817,2817,0,176,176,0
R,1262,2819,2819,0,176,176,0
R,1263,2822,2822,0,176,176,0
R,1264,2824,2824,0,176,176,0
R,1265,2826,2826,0,176,176,0
R,1266,2828,2828,0,176,176,0
R,1267,2830,2830,0,176,176,0
R,1268,2833,2833,0,177,177,0
R,1269,2835,2835,0,177,177,0
R,1270,2837,2837,0,177,177,0
R,1271,2839,2839,0,177,177,0
R,1272,2842,2842,0,177,177,0
R,1273,2844,2844,0,177,177,0
R,1274,2846,2846,0,177,177,0
R,1275,2848,2848,0,178,178,0
R,1276,2851,2851,0,178,178,0
R,1277,2853,2853,0,178,178,0
R,1278,2855,2855,0,178,178,0
R,1279,2857,2857,0,178,178,0
R,1280,2860,2860,0,178,178,0
R,1281,2862,2862,0,178,178,0
R,1282,2864,2864,0,179,179,0
R,1283,2866,2866,0,179,179,0
R,1284,2868,2868,0,179,179,0
R,1285,2871,2871,0,179,179,0
R,1286,2873,2873,0,179,179,0
R,1287,2875,2875,0,179,179,0
R,1288,2877,2877,0,179,179,0
R,1289,2880,2880,0,180,180,0
R,1290,2882,2882,0,180,180,0
R,1291,2884,2884,0,180,180,0
R,1292,2886,2886,0,180,180,0
R,1293,2889,2889,0,180,180,0
R,1294,2891,2891,0,180,180,0
R,1295,2893,2893,0,180,180,0
R,1296,2895,2895,0,180,180,0
R,1297,2897,2897,0,181,181,0
R,1298,2900,2900,0,181,181,0
R,1299,2902,2902,0,181,181,0
R,1300,2904,2904,0,181,181,0
R,1301,2906,2906,0,181,181,0
R,1302,2909,2909,0,181,181,0
R,1303,2911,2911,0,181,181,0
R,1304,2913,2913,0,182,182,0
R,1305,2915,2915,0,182,182,0
R,1306,2918,2918,0,182,182,0
R,1307,2920,2920,0,182,182,0
R,1308,2922,2922,0,182,182,0
R,1309,2924,2924,0,182,182,0
R,1310,2927,2927,0,182,182,0
R,1311,2929,2929,0,183,183,0
R,1312,2931,2931,0,183,183,0
R,1313,2933,2933,0,183,183,0
R,1314,2935,2935,0,183,183,0
R,1315,2938,2938,0,183,183,0
R,1316,2940,2940,0,183,183,0
R,1317,2942,2942,0,183,183,0
R,1318,2944,2944,0,184,184,0
R,1319,2947,2947,0,184,184,0
R,1320,2949,2949,0,184,184,0
R,1321,2951,2951,0,184,184,0
R,1322,2953,2953,0,184,184,0
R,1323,2956,2956,0,184,184,0
R,1324,2958,2958,0,184,184,0
R,1325,2960,2960,0,185,185,0
R,1326,2962,2962,0,185,185,0
R,1327,2965,2965,0,185,185,0
R,1328,2967,2967,0,185,185,0
R,1329,2969,2969,0,185,185,0
R,1330,2971,2971,0,185,185,0
R,1331,2973,2973,0,185,185,0
R,1332,2976,2976,0,186,186,0
R,1333,2978,2978,0,186,186,0
R,1334,2980,2980,0,186,186,0
R,1335,2982,2982,0,186,186,0
R,1336,2985,2985,0,186,186,0
R,1337,2987,2987,0,186,186,0
R,1338,2989,2989,0,186,186,0
R,1339,2991,2991,0,186,186,0
R,1340,2994,2994,0,187,187,0
R,1341,2996,2996,0,187,187,0
R,1342,2998,2998,0,187,187,0
R,1343,3000,3000,0,187,187,0
R,1344,3003,3003,0,187,187,0
R,1345,3005,3005,0,187,187,0
R,1346,3007,3007,0,187,187,0
R,1347,3009,3009,0,188,188,0
R,1348,3011,3011,0,188,188,0
R,1349,3014,3014,0,188,188,0
R,1350,3016,3016,0,188,188,0
R,1351,3018,3018,0,188,188,0
R,1352,3020,3020,0,188,188,0
R,1353,3023,3023,0,188,188,0
R,1354,3025,3025,0,189,189,0
R,1355,3027,3027,0,189,189,0
R,1356,3029,3029,0,189,189,0
R,1357,3032,3032,0,189,189,0
R,1358,3034,3034,0,189,189,0
R,1359,3036,3036,0,189,189,0
R,1360,3038,3038,0,189,189,0
R,1361,3040,3040,0,190,190,0
R,1362,3043,3043,0,190,190,0
R,1363,3045,3045,0,190,190,0
R,1364,3047,3047,0,190,190,0
R,1365,3049,3049,0,190,190,0
R,1366,3052,3052,0,190,190,0
R,1367,3054,3054,0,190,190,0
R,1368,3056,3056,0,191,191,0
R,1369,3058,3058,0,191,191,0
R,1370,3061,3061,0,191,191,0
R,1371,3063,3063,0,191,191,0
R,1372,3065,3065,0,191,191,0
R,1373,3067,3067,0,191,191,0
R,1374,3070,3070,0,191,191,0
R,1375,3072,3072,0,192,192,0
R,1376,3074,3074,0,192,192,0
R,1377,3076,3076,0,192,192,0
R,1378,3078,3078,0,192,192,0
R,1379,3081,3081,0,192,192,0
R,1380,3083,3083,0,192,192,0
R,1381,3085,3085,0,192,192,0
R,1382,3087,3087,0,192,192,0
R,1383,3090,3090,0,193,193,0
R,1384,3092,3092,0,193,193,0
R,1385,3094,3094,0,193,193,0
R,1386,3096,3096,0,193,193,0
R,1387,3099,3099,0,193,193,0
R,1388,3101,3101,0,193,193,0
R,1389,3103,3103,0,193,193,0
R,1390,3105,3105,0,194,194,0
R,1391,3108,3108,0,194,194,0
R,1392,3110,3110,0,194,194,0
R,1393,3112,3112,0,194,194,0
R,1394,3114,3114,0,194,194,0
R,1395,3116,3116,0,194,194,0
R,1396,3119,3119,0,194,194,0
R,1397,3121,3121,0,195,195,0
R,1398,3123,3123,0,195,195,0
R,1399,3125,3125,0,195,195,0
R,1400,3128,3128,0,195,195,0
R,1401,3130,3130,0,195,195,0
R,1402,3132,3132,0,195,195,0
R,1403,3134,3134,0,195,195,0
R,1404,3137,3137,0,196,196,0
R,1405,3139,3139,0,196,196,0
R,1406,3141,3141,0,196,196,0
R,1407,3143,3143,0,196,196,0
R,1408,3146,3146,0,196,196,0
R,1409,3148,3148,0,196,196,0
R,1410,3150,3150,0,196,196,0
R,1411,3152,3152,0,197,197,0
R,1412,3154,3154,0,197,197,0
R,1413,3157,3157,0,197,197,0
R,1414,3159,3159,0,197,197,0
R,1415,3161,3161,0,197,197,0
R,1416,3163,3163,0,197,197,0
R,1417,3166,3166,0,197,197,0
R,1418,3168,3168,0,198,198,0
R,1419,3170,3170,0,198,198,0
R,1420,3172,3172,0,198,198,0
R,1421,3175,3175,0,198,198,0
R,1422,3177,3177,0,198,198,0
R,1423,3179,3179,0,198,198,0
R,1424,3181,3181,0,198,198,0
R,1425,3183,3183,0,198,198,0
R,1426,3186,3186,0,199,199,0
R,1427,3188,3188,0,199,199,0
R,1428,3190,3190,0,199,199,0
R,1429,3192,3192,0,199,199,0
R,1430,3195,3195,0,199,199,0
R,1431,3197,3197,0,199,199,0
R,1432,3199,3199,0,199,199,0
R,1433,3201,3201,0,200,200,0
R,1434,3204,3204,0,200,200,0
R,1435,3206,3206,0,200,200,0
R,1436,3208,3208,0,200,200,0
R,1437,3210,3210,0,200,200,0
R,1438,3213,3213,0,200,200,0
R,1439,3215,3215,0,200,200,0
R,1440,3217,3217,0,201,201,0
R,1441,3219,3219,0,201,201,0
R,1442,3221,3221,0,201,201,0
R,1443,3224,3224,0,201,201,0
R,1444,3226,3226,0,201,201,0
R,1445,3228,3228,0,201,201,0
R,1446,3230,3230,0,201,201,0
R,1447,3233,3233,0,202,202,0
R,1448,3235,3235,0,202,202,0
R,1449,3237,3237,0,202,202,0
R,1450,3239,3239,0,202,202,0
R,1451,3242,3242,0,202,202,0
R,1452,3244,3244,0,202,202,0
R,1453,3246,3246,0,202,202,0
R,1454,3248,3248,0,203,203,0
R,1455,3251,3251,0,203,203,0
R,1456,3253,3253,0,203,203,0
R,1457,3255,3255,0,203,203,0
R,1458,3257,3257,0,203,203,0
R,1459,3259,3259,0,203,203,0
R,1460,3262,3262,0,203,203,0
R,1461,3264,3264,0,204,204,0
R,1462,3266,3266,0,204,204,0
R,1463,3268,3268,0,204,204,0
R,1464,3271,3271,0,204,204,0
R,1465,3273,3273,0,204,204,0
R,1466,3275,3275,0,204,204,0
R,1467,3277,3277,0,204,204,0
R,1468,3280,3280,0,205,205,0
R,1469,3282,3282,0,205,205,0
R,1470,3284,3284,0,205,205,0
R,1471,3286,3286,0,205,205,0
R,1472,3289,3289,0,205,205,0
R,1473,3291,3291,0,205,205,0
R,1474,3293,3293,0,205,205,0
R,1475,3295,3295,0,205,205,0
R,1476,3297,3297,0,206,206,0
R,1477,3300,3300,0,206,206,0
R,1478,3302,3302,0,206,206,0
R,1479,3304,3304,0,206,206,0
R,1480,3306,3306,0,206,206,0
R,1481,3309,3309,0,206,206,0
R,1482,3311,3311,0,206,206,0
R,1483,3313,3313,0,207,207,0
R,1484,3315,3315,0,207,207,0
R,1485,3318,3318,0,207,207,0
R,1486,3320,3320,0,207,207,0
R,1487,3322,3322,0,207,207,0
R,1488,3324,3324,0,207,207,0
R,1489,3326,3326,0,207,207,0
R,1490,3329,3329,0,208,208,0
R,1491,3331,3331,0,208,208,0
R,1492,3333,3333,0,208,208,0
R,1493,3335,3335,0,208,208,0
R,1494,3338,3338,0,208,208,0
R,1495,3340,3340,0,208,208,0
R,1496,3342,3342,0,208,208,0
R,1497,3344,3344,0,209,209,0
R,1498,3347,3347,0,209,209,0
R,1499,3349,3349,0,209,209,0
R,1500,3351,3351,0,209,209,0
R,1501,3353,3353,0,209,209,0
R,1502,3356,3356,0,209,209,0
R,1503,3358,3358,0,209,209,0
R,1504,3360,3360,0,210,210,0
R,1505,3362,3362,0,210,210,0
R,1506,3364,3364,0,210,210,0
R,1507,3367,3367,0,210,210,0
R,1508,3369,3369,0,210,210,0
R,1509,3371,3371,0,210,210,0
R,1510,3373,3373,0,210,210,0
R,1511,3376,3376,0,211,211,0
R,1512,3378,3378,0,211,211,0
R,1513,3380,3380,0,211,211,0
R,1514,3382,3382,0,211,211,0
R,1515,3385,3385,0,211,211,0
R,1516,3387,3387,0,211,211,0
R,1517,3389,3389,0,211,211,0
R,1518,3391,3391,0,211,211,0
R,1519,3394,3394,0,212,212,0
R,1520,3396,3396,0,212,212,0
R,1521,3398,3398,0,212,212,0
R,1522,3400,3400,0,212,212,0
R,1523,3402,3402,0,212,212,0
R,1524,3405,3405,0,212,212,0
R,1525,3407,3407,0,212,212,0
R,1526,3409,3409,0,213,213,0
R,1527,3411,3411,0,213,213,0
R,1528,3414,3414,0,213,213,0
R,1529,3416,3416,0,213,213,0
R,1530,3418,3418,0,213,213,0
R,1531,3420,3420,0,213,213,0
R,1532,3423,3423,0,213,213,0
R,1533,3425,3425,0,214,214,0
R,1534,3427,3427,0,214,214,0
R,1535,3429,3429,0,214,214,0
R,1536,3432,3432,0,214,214,0
R,1537,3434,3434,0,214,214,0
R,1538,3436,3436,0,214,214,0
R,1539,3438,3438,0,214,214,0
R,1540,3440,3440,0,215,215,0
R,1541,3443,3443,0,215,215,0
R,1542,3445,3445,0,215,215,0
R,1543,3447,3447,0,215,215,0
R,1544,3449,3449,0,215,215,0
R,1545,3452,3452,0,215,215,0
R,1546,3454,3454,0,215,215,0
R,1547,3456,3456,0,216,216,0
R,1548,3458,3458,0,216,216,0
R,1549,3461,3461,0,216,216,0
R,1550,3463,3463,0,216,216,0
R,1551,3465,3465,0,216,216,0
R,1552,3467,3467,0,216,216,0
R,1553,3469,3469,0,216,216,0
R,1554,3472,3472,0,217,217,0
R,1555,3474,3474,0,217,217,0
R,1556,3476,3476,0,217,217,0
R,1557,3478,3478,0,217,217,0
R,1558,3481,3481,0,217,217,0
R,1559,3483,3483,0,217,217,0
R,1560,3485,3485,0,217,217,0
R,1561,3487,3487,0,217,217,0
R,1562,3490,3490,0,218,218,0
R,1563,3492,3492,0,218,218,0
R,1564,3494,3494,0,218,218,0
R,1565,3496,3496,0,218,218,0
R,1566,3499,3499,0,218,218,0
R,1567,3501,3501,0,218,218,0
R,1568,3503,3503,0,218,218,0
R,1569,3505,3505,0,219,219,0
R,1570,3507,3507,0,219,219,0
R,1571,3510,3510,0,219,219,0
R,1572,3512,3512,0,219,219,0
R,1573,3514,3514,0,219,219,0
R,1574,3516,3516,0,219,219,0
R,1575,3519,3519,0,219,219,0
R,1576,3521,3521,0,220,220,0
R,1577,3523,3523,0,220,220,0
R,1578,3525,3525,0,220,220,0
R,1579,3528,3528,0,220,220,0
R,1580,3530,3530,0,220,220,0
R,1581,3532,3532,0,220,220,0
R,1582,3534,3534,0,220,220,0
R,1583,3537,3537,0,221,221,0
R,1584,3539,3539,0,221,221,0
R,1585,3541,3541,0,221,221,0
R,1586,3543,3543,0,221,221,0
R,1587,3545,3545,0,221,221,0
R,1588,3548,3548,0,221,221,0
R,1589,3550,3550,0,221,221,0
R,1590,3552,3552,0,222,222,0
R,1591,3554,3554,0,222,222,0
R,1592,3557,3557,0,222,222,0
R,1593,3559,3559,0,222,222,0
R,1594,3561,3561,0,222,222,0
R,1595,3563,3563,0,222,222,0
R,1596,3566,3566,0,222,222,0
R,1597,3568,3568,0,223,223,0
R,1598,3570,3570,0,223,223,0
R,1599,3572,3572,0,223,223,0
R,1600,3575,3575,0,223,223,0
R,1601,3577,3577,0,223,223,0
R,1602,3579,3579,0,223,223,0
R,1603,3581,3581,0,223,223,0
R,1604,3583,3583,0,223,223,0
R,1605,3586,3586,0,224,224,0
R,1606,3588,3588,0,224,224,0
R,1607,3590,3590,0,224,224,0
R,1608,3592,3592,0,224,224,0
R,1609,3595,3595,0,224,224,0
R,1610,3597,3597,0,224,224,0
R,1611,3599,3599,0,224,224,0
R,1612,3601,3601,0,225,225,0
R,1613,3604,3604,0,225,225,0
R,1614,3606,3606,0,225,225,0
R,1615,3608,3608,0,225,225,0
R,1616,3610,3610,0,225,225,0
R,1617,3612,3612,0,225,225,0
R,1618,3615,3615,0,225,225,0
R,1619,3617,3617,0,226,226,0
R,1620,3619,3619,0,226,226,0
R,1621,3621,3621,0,226,226,0
R,1622,3624,3624,0,226,226,0
R,1623,3626,3626,0,226,226,0
R,1624,3628,3628,0,226,226,0
R,1625,3630,3630,0,226,226,0
R,1626,3633,3633,0,227,227,0
R,1627,3635,3635,0,227,227,0
R,1628,3637,3637,0,227,227,0
R,1629,3639,3639,0,227,227,0
R,1630,3642,3642,0,227,227,0
R,1631,3644,3644,0,227,227,0
R,1632,3646,3646,0,227,227,0
R,1633,3648,3648,0,228,228,0
R,1634,3650,3650,0,228,228,0
R,1635,3653,3653,0,228,228,0
R,1636,3655,3655,0,228,228,0
R,1637,3657,3657,0,228,228,0
R,1638,3659,3659,0,228,228,0
R,1639,3662,3662,0,228,228,0
R,1640,3664,3664,0,229,229,0
R,1641,3666,3666,0,229,229,0
R,1642,3668,3668,0,229,229,0
R,1643,3671,3671,0,229,229,0
R,1644,3673,3673,0,229,229,0
R,1645,3675,3675,0,229,229,0
R,1646,3677,3677,0,229,229,0
R,1647,3680,3680,0,230,230,0
R,1648,3682,3682,0,230,230,0
R,1649,3684,3684,0,230,230,0
R,1650,3686,3686,0,230,230,0
R,1651,3688,3688,0,230,230,0
R,1652,3691,3691,0,230,230,0
R,1653,3693,3693,0,230,230,0
R,1654,3695,3695,0,230,230,0
R,1655,3697,3697,0,231,231,0
R,1656,3700,3700,0,231,231,0
R,1657,3702,3702,0,231,231,0
R,1658,3704,3704,0,231,231,0
R,1659,3706,3706,0,231,231,0
R,1660,3709,3709,0,231,231,0
R,1661,3711,3711,0,231,231,0
R,1662,3713,3713,0,232,232,0
R,1663,3715,3715,0,232,232,0
R,1664,3718,3718,0,232,232,0
R,1665,3720,3720,0,232,232,0
R,1666,3722,3722,0,232,232,0
R,1667,3724,3724,0,232,232,0
R,1668,3726,3726,0,232,232,0
R,1669,3729,3729,0,233,233,0
R,1670,3731,3731,0,233,233,0
R,1671,3733,3733,0,233,233,0
R,1672,3735,3735,0,233,233,0
R,1673,3738,3738,0,233,233,0
R,1674,3740,3740,0,233,233,0
R,1675,3742,3742,0,233,233,0
R,1676,3744,3744,0,234,234,0
R,1677,3747,3747,0,234,234,0
R,1678,3749,3749,0,234,234,0
R,1679,3751,3751,0,234,234,0
R,1680,3753,3753,0,234,234,0
R,1681,3755,3755,0,234,234,0
R,1682,3758,3758,0,234,234,0
R,1683,3760,3760,0,235,235,0
R,1684,3762,3762,0,235,235,0
R,1685,3764,3764,0,235,235,0
R,1686,3767,3767,0,235,235,0
R,1687,3769,3769,0,235,235,0
R,1688,3771,3771,0,235,235,0
R,1689,3773,3773,0,235,235,0
R,1690,3776,3776,0,236,236,0
R,1691,3778,3778,0,236,236,0
R,1692,3780,3780,0,236,236,0
R,1693,3782,3782,0,236,236,0
R,1694,3785,3785,0,236,236,0
R,1695,3787,3787,0,236,236,0
R,1696,3789,3789,0,236,236,0
R,1697,3791,3791,0,236,236,0
R,1698,3793,3793,0,237,237,0
R,1699,3796,3796,0,237,237,0
R,1700,3798,3798,0,237,237,0
R,1701,3800,3800,0,237,237,0
R,1702,3802,3802,0,237,237,0
R,1703,3805,3805,0,237,237,0
R,1704,3807,3807,0,237,237,0
R,1705,3809,3809,0,238,238,0
R,1706,3811,3811,0,238,238,0
R,1707,3814,3814,0,238,238,0
R,1708,3816,3816,0,238,238,0
R,1709,3818,3818,0,238,238,0
R,1710,3820,3820,0,238,238,0
R,1711,3823,3823,0,238,238,0
R,1712,3825,3825,0,239,239,0
R,1713,3827,3827,0,239,239,0
R,1714,3829,3829,0,239,239,0
R,1715,3831,3831,0,239,239,0
R,1716,3834,3834,0,239,239,0
R,1717,3836,3836,0,239,239,0
R,1718,3838,3838,0,239,239,0
R,1719,3840,3840,0,240,240,0
R,1720,3843,3843,0,240,240,0
R,1721,3845,3845,0,240,240,0
R,1722,3847,3847,0,240,240,0
R,1723,3849,3849,0,240,240,0
R,1724,3852,3852,0,240,240,0
R,1725,3854,3854,0,240,240,0
R,1726,3856,3856,0,241,241,0
R,1727,3858,3858,0,241,241,0
R,1728,3861,3861,0,241,241,0
R,1729,3863,3863,0,241,241,0
R,1730,3865,3865,0,241,241,0
R,1731,3867,3867,0,241,241,0
R,1732,3869,3869,0,241,241,0
R,1733,3872,3872,0,242,242,0
R,1734,3874,3874,0,242,242,0
R,1735,3876,3876,0,242,242,0
R,1736,3878,3878,0,242,242,0
R,1737,3881,3881,0,242,242,0
R,1738,3883,3883,0,242,242,0
R,1739,3885,3885,0,242,242,0
R,1740,3887,3887,0,242,242,0
R,1741,3890,3890,0,243,243,0
R,1742,3892,3892,0,243,243,0
R,1743,3894,3894,0,243,243,0
R,1744,3896,3896,0,243,243,0
R,1745,3898,3898,0,243,243,0
R,1746,3901,3901,0,243,243,0
R,1747,3903,3903,0,243,243,0
R,1748,3905,3905,0,244,244,0
R,1749,3907,3907,0,244,244,0
R,1750,3910,3910,0,244,244,0
R,1751,3912,3912,0,244,244,0
R,1752,3914,3914,0,244,244,0
R,1753,3916,3916,0,244,244,0
R,1754,3919,3919,0,244,244,0
R,1755,3921,3921,0,245,245,0
R,1756,3923,3923,0,245,245,0
R,1757,3925,3925,0,245,245,0
R,1758,3928,3928,0,245,245,0
R,1759,3930,3930,0,245,245,0
R,1760,3932,3932,0,245,245,0
R,1761,3934,3934,0,245,245,0
R,1762,3936,3936,0,246,246,0
R,1763,3939,3939,0,246,246,0
R,1764,3941,3941,0,246,246,0
R,1765,3943,3943,0,246,246,0
R,1766,3945,3945,0,246,246,0
R,1767,3948,3948,0,246,246,0
R,1768,3950,3950,0,246,246,0
R,1769,3952,3952,0,247,247,0
R,1770,3954,3954,0,247,247,0
R,1771,3957,3957,0,247,247,0
R,1772,3959,3959,0,247,247,0
R,1773,3961,3961,0,247,247,0
R,1774,3963,3963,0,247,247,0
R,1775,3966,3966,0,247,247,0
R,1776,3968,3968,0,248,248,0
R,1777,3970,3970,0,248,248,0
R,1778,3972,3972,0,248,248,0
R,1779,3974,3974,0,248,248,0
R,1780,3977,3977,0,248,248,0
R,1781,3979,3979,0,248,248,0
R,1782,3981,3981,0,248,248,0
R,1783,3983,3983,0,248,248,0
R,1784,3986,3986,0,249,249,0
R,1785,3988,3988,0,249,249,0
R,1786,3990,3990,0,249,249,0
R,1787,3992,3992,0,249,249,0
R,1788,3995,3995,0,249,249,0
R,1789,3997,3997,0,249,249,0
R,1790,3999,3999,0,249,249,0
R,1791,4001,4001,0,250,250,0
R,1792,4004,4004,0,250,250,0
R,1793,4006,4006,0,250,250,0
R,1794,4008,4008,0,250,250,0
R,1795,4010,4010,0,250,250,0
R,1796,4012,4012,0,250,250,0
R,1797,4015,4015,0,250,250,0
R,1798,4017,4017,0,251,251,0
R,1799,4019,4019,0,251,251,0
R,1800,4021,4021,0,251,251,0
R,1801,4024,4024,0,251,251,0
R,1802,4026,4026,0,251,251,0
R,1803,4028,4028,0,251,251,0
R,1804,4030,4030,0,251,251,0
R,1805,4033,4033,0,252,252,0
R,1806,4035,4035,0,252,252,0
R,1807,4037,4037,0,252,252,0
R,1808,4039,4039,0,252,252,0
R,1809,4041,4041,0,252,252,0
R,1810,4044,4044,0,252,252,0
R,1811,4046,4046,0,252,252,0
R,1812,4048,4048,0,253,253,0
R,1813,4050,4050,0,253,253,0
R,1814,4053,4053,0,253,253,0
R,1815,4055,4055,0,253,253,0
R,1816,4057,4057,0,253,253,0
R,1817,4059,4059,0,253,253,0
R,1818,4062,4062,0,253,253,0
R,1819,4064,4064,0,254,254,0
R,1820,4066,4066,0,254,254,0
R,1821,4068,4068,0,254,254,0
R,1822,4071,4071,0,254,254,0
R,1823,4073,4073,0,254,254,0
R,1824,4075,4075,0,254,254,0
R,1825,4077,4077,0,254,254,0
R,1826,4079,4079,0,254,254,0
R,1827,4082,4082,0,255,255,0
R,1828,4084,4084,0,255,255,0
R,1829,4086,4086,0,255,255,0
R,1830,4088,4088,0,255,255,0
R,1831,4091,4091,0,255,255,0
R,1832,4093,4093,0,255,255,0
R,1833,4095,4095,0,255,255,0
R,1834,4095,4095,0,255,255,0
R,1835,4095,4095,0,255,255,0
R,1836,4095,4095,0,255,255,0
R,1837,4095,4095,0,255,255,0
R,1838,4095,4095,0,255,255,0
R,1839,4095,4095,0,255,255,0
R,1840,4095,4095,0,255,255,0
R,1841,4095,4095,0,255,255,0
R,1842,4095,4095,0,255,255,0
R,1843,4095,4095,0,255,255,0
R,1844,4095,4095,0,255,255,0
R,1845,4095,4095,0,255,255,0
R,1846,4095,4095,0,255,255,0
R,1847,4095,4095,0,255,255,0
R,1848,4095,4095,0,255,255,0
R,1849,4095,4095,0,255,255,0
R,1850,4095,4095,0,255,255,0
R,1851,4095,4095,0,255,255,0
R,1852,4095,4095,0,255,255,0
R,1853,4095,4095,0,255,255,0
R,1854,4095,4095,0,255,255,0
R,1855,4095,4095,0,255,255,0
R,1856,4095,4095,0,255,255,0
R,1857,4095,4095,0,255,255,0
R,1858,4095,4095,0,255,255,0
R,1859,4095,4095,0,255,255,0
R,1860,4095,4095,0,255,255,0
R,1861,4095,4095,0,255,255,0
R,1862,4095,4095,0,255,255,0
R,1863,4095,4095,0,255,255,0
R,1864,4095,4095,0,255,255,0
R,1865,4095,4095,0,255,255,0
R,1866,4095,4095,0,255,255,0
R,1867,4095,4095,0,255,255,0
R,1868,4095,4095,0,255,255,0
R,1869,4095,4095,0,255,255,0
R,1870,4095,4095,0,255,255,0
R,1871,4095,4095,0,255,255,0
R,1872,4095,4095,0,255,255,0
R,1873,4095,4095,0,255,255,0
R,1874,4095,4095,0,255,255,0
R,1875,4095,4095,0,255,255,0
R,1876,4095,4095,0,255,255,0
R,1877,4095,4095,0,255,255,0
R,1878,4095,4095,0,255,255,0
R,1879,4095,4095,0,255,255,0
R,1880,4095,4095,0,255,255,0
R,1881,4095,4095,0,255,255,0
R,1882,4095,4095,0,255,255,0
R,1883,4095,4095,0,255,255,0
R,1884,4095,4095,0,255,255,0
R,1885,4095,4095,0,255,255,0
R,1886,4095,4095,0,255,255,0
R,1887,4095,4095,0,255,255,0
R,1888,4095,4095,0,255,255,0
R,1889,4095,4095,0,255,255,0
R,1890,4095,4095,0,255,255,0
R,1891,4095,4095,0,255,255,0
R,1892,4095,4095,0,255,255,0
R,1893,4095,4095,0,255,255,0
R,1894,4095,4095,0,255,255,0
R,1895,4095,4095,0,255,255,0
R,1896,4095,4095,0,255,255,0
R,1897,4095,4095,0,255,255,0
R,1898,4095,4095,0,255,255,0
R,1899,4095,4095,0,255,255,0
R,1900,4095,4095,0,255,255,0
R,1901,4095,4095,0,255,255,0
R,1902,4095,4095,0,255,255,0
R,1903,4095,4095,0,255,255,0
R,1904,4095,4095,0,255,255,0
R,1905,4095,4095,0,255,255,0
R,1906,4095,4095,0,255,255,0
R,1907,4095,4095,0,255,255,0
R,1908,4095,4095,0,255,255,0
R,1909,4095,4095,0,255,255,0
R,1910,4095,4095,0,255,255,0
R,1911,4095,4095,0,255,255,0
R,1912,4095,4095,0,255,255,0
R,1913,4095,4095,0,255,255,0
R,1914,4095,4095,0,255,255,0
R,1915,4095,4095,0,255,255,0
R,1916,4095,4095,0,255,255,0
R,1917,4095,4095,0,255,255,0
R,1918,4095,4095,0,255,255,0
R,1919,4095,4095,0,255,255,0
R,1920,4095,4095,0,255,255,0
R,1921,4095,4095,0,255,255,0
R,1922,4095,4095,0,255,255,0
R,1923,4095,4095,0,255,255,0
R,1924,4095,4095,0,255,255,0
R,1925,4095,4095,0,255,255,0
R,1926,4095,4095,0,255,255,0
R,1927,4095,4095,0,255,255,0
R,1928,4095,4095,0,255,255,0
R,1929,4095,4095,0,255,255,0
R,1930,4095,4095,0,255,255,0
R,1931,4095,4095,0,255,255,0
R,1932,4095,4095,0,255,255,0
R,1933,4095,4095,0,255,255,0
R,1934,4095,4095,0,255,255,0
R,1935,4095,4095,0,255,255,0
R,1936,4095,4095,0,255,255,0
R,1937,4095,4095,0,255,255,0
R,1938,4095,4095,0,255,255,0
R,1939,4095,4095,0,255,255,0
R,1940,4095,4095,0,255,255,0
R,1941,4095,4095,0,255,255,0
R,1942,4095,4095,0,255,255,0
R,1943,4095,4095,0,255,255,0
R,1944,4095,4095,0,255,255,0
R,1945,4095,4095,0,255,255,0
R,1946,4095,4095,0,255,255,0
R,1947,4095,4095,0,255,255,0
R,1948,4095,4095,0,255,255,0
R,1949,4095,4095,0,255,255,0
R,1950,4095,4095,0,255,255,0
R,1951,4095,4095,0,255,255,0
R,1952,4095,4095,0,255,255,0
R,1953,4095,4095,0,255,255,0
R,1954,4095,4095,0,255,255,0
R,1955,4095,4095,0,255,255,0
R,1956,4095,4095,0,255,255,0
R,1957,4095,4095,0,255,255,0
R,1958,4095,4095,0,255,255,0
R,1959,4095,4095,0,255,255,0
R,1960,4095,4095,0,255,255,0
R,1961,4095,4095,0,255,255,0
R,1962,4095,4095,0,255,255,0
R,1963,4095,4095,0,255,255,0
R,1964,4095,4095,0,255,255,0
R,1965,4095,4095,0,255,255,0
R,1966,4095,4095,0,255,255,0
R,1967,4095,4095,0,255,255,0
R,1968,4095,4095,0,255,255,0
R,1969,4095,4095,0,255,255,0
R,1970,4095,4095,0,255,255,0
R,1971,4095,4095,0,255,255,0
R,1972,4095,4095,0,255,255,0
R,1973,4095,4095,0,255,255,0
R,1974,4095,4095,0,255,255,0
R,1975,4095,4095,0,255,255,0
R,1976,4095,4095,0,255,255,0
R,1977,4095,4095,0,255,255,0
R,1978,4095,4095,0,255,255,0
R,1979,4095,4095,0,255,255,0
R,1980,4095,4095,0,255,255,0
R,1981,4095,4095,0,255,255,0
R,1982,4095,4095,0,255,255,0
R,1983,4095,4095,0,255,255,0
R,1984,4095,4095,0,255,255,0
R,1985,4095,4095,0,255,255,0
R,1986,4095,4095,0,255,255,0
R,1987,4095,4095,0,255,255,0
R,1988,4095,4095,0,255,255,0
R,1989,4095,4095,0,255,255,0
R,1990,4095,4095,0,255,255,0
R,1991,4095,4095,0,255,255,0
R,1992,4095,4095,0,255,255,0
R,1993,4095,4095,0,255,255,0
R,1994,4095,4095,0,255,255,0
R,1995,4095,4095,0,255,255,0
R,1996,4095,4095,0,255,255,0
R,1997,4095,4095,0,255,255,0
R,1998,4095,4095,0,255,255,0
R,1999,4095,4095,0,255,255,0
R,2000,4095,4095,0,255,255,0
R,2001,4095,4095,0,255,255,0
R,2002,4095,4095,0,255,255,0
R,2003,4095,4095,0,255,255,0
R,2004,4095,4095,0,255,255,0
R,2005,4095,4095,0,255,255,0
R,2006,4095,4095,0,255,255,0
R,2007,4095,4095,0,255,255,0
R,2008,4095,4095,0,255,255,0
R,2009,4095,4095,0,255,255,0
R,2010,4095,4095,0,255,255,0
R,2011,4095,4095,0,255,255,0
R,2012,4095,4095,0,255,255,0
R,2013,4095,4095,0,255,255,0
R,2014,4095,4095,0,255,255,0
R,2015,4095,4095,0,255,255,0
R,2016,4095,4095,0,255,255,0
R,2017,4095,4095,0,255,255,0
R,2018,4095,4095,0,255,255,0
R,2019,4095,4095,0,255,255,0
R,2020,4095,4095,0,255,255,0
R,2021,4095,4095,0,255,255,0
R,2022,4095,4095,0,255,255,0
R,2023,4095,4095,0,255,255,0
R,2024,4095,4095,0,255,255,0
R,2025,4095,4095,0,255,255,0
R,2026,4095,4095,0,255,255,0
R,2027,4095,4095,0,255,255,0
R,2028,4095,4095,0,255,255,0
R,2029,4095,4095,0,255,255,0
R,2030,4095,4095,0,255,255,0
R,2031,4095,4095,0,255,255,0
R,2032,4095,4095,0,255,255,0
R,2033,4095,4095,0,255,255,0
R,2034,4095,4095,0,255,255,0
R,2035,4095,4095,0,255,255,0
R,2036,4095,4095,0,255,255,0
R,2037,4095,4095,0,255,255,0
R,2038,4095,4095,0,255,255,0
R,2039,4095,4095,0,255,255,0
R,2040,4095,4095,0,255,255,0
R,2041,4095,4095,0,255,255,0
R,2042,4095,4095,0,255,255,0
R,2043,4095,4095,0,255,255,0
R,2044,4095,4095,0,255,255,0
R,2045,4095,4095,0,255,255,0
R,2046,4095,4095,0,255,255,0
R,2047,4095,4095,0,255,255,0
R,2048,4095,4095,0,255,255,0
R,2049,4095,4095,0,255,255,0
R,2050,4095,4095,0,255,255,0
R,2051,4095,4095,0,255,255,0
R,2052,4095,4095,0,255,255,0
R,2053,4095,4095,0,255,255,0
R,2054,4095,4095,0,255,255,0
R,2055,4095,4095,0,255,255,0
R,2056,4095,4095,0,255,255,0
R,2057,4095,4095,0,255,255,0
R,2058,4095,4095,0,255,255,0
R,2059,4095,4095,0,255,255,0
R,2060,4095,4095,0,255,255,0
R,2061,4095,4095,0,255,255,0
R,2062,4095,4095,0,255,255,0
R,2063,4095,4095,0,255,255,0
R,2064,4095,4095,0,255,255,0
R,2065,4095,4095,0,255,255,0
R,2066,4095,4095,0,255,255,0
R,2067,4095,4095,0,255,255,0
R,2068,4095,4095,0,255,255,0
R,2069,4095,4095,0,255,255,0
R,2070,4095,4095,0,255,255,0
R,2071,4095,4095,0,255,255,0
R,2072,4095,4095,0,255,255,0
R,2073,4095,4095,0,255,255,0
R,2074,4095,4095,0,255,255,0
R,2075,4095,4095,0,255,255,0
R,2076,4095,4095,0,255,255,0
R,2077,4095,4095,0,255,255,0
R,2078,4095,4095,0,255,255,0
R,2079,4095,4095,0,255,255,0
R,2080,4095,4095,0,255,255,0
R,2081,4095,4095,0,255,255,0
R,2082,4095,4095,0,255,255,0
R,2083,4095,4095,0,255,255,0
R,2084,4095,4095,0,255,255,0
R,2085,4095,4095,0,255,255,0
R,2086,4095,4095,0,255,255,0
R,2087,4095,4095,0,255,255,0
R,2088,4095,4095,0,255,255,0
R,2089,4095,4095,0,255,255,0
R,2090,4095,4095,0,255,255,0
R,2091,4095,4095,0,255,255,0
R,2092,4095,4095,0,255,255,0
R,2093,4095,4095,0,255,255,0
R,2094,4095,4095,0,255,255,0
R,2095,4095,4095,0,255,255,0
R,2096,4095,4095,0,255,255,0
R,2097,4095,4095,0,255,255,0
R,2098,4095,4095,0,255,255,0
R,2099,4095,4095,0,255,255,0
R,2100,4095,4095,0,255,255,0
R,2101,4095,4095,0,255,255,0
R,2102,4095,4095,0,255,255,0
R,2103,4095,4095,0,255,255,0
R,2104,4095,4095,0,255,255,0
R,2105,4095,4095,0,255,255,0
R,2106,4095,4095,0,255,255,0
R,2107,4095,4095,0,255,255,0
R,2108,4095,4095,0,255,255,0
R,2109,4095,4095,0,255,255,0
R,2110,4095,4095,0,255,255,0
R,2111,4095,4095,0,255,255,0
R,2112,4095,4095,0,255,255,0
R,2113,4095,4095,0,255,255,0
R,2114,4095,4095,0,255,255,0
R,2115,4095,4095,0,255,255,0
R,2116,4095,4095,0,255,255,0
R,2117,4095,4095,0,255,255,0
R,2118,4095,4095,0,255,255,0
R,2119,4095,4095,0,255,255,0
R,2120,4095,4095,0,255,255,0
R,2121,4095,4095,0,255,255,0
R,2122,4095,4095,0,255,255,0
R,2123,4095,4095,0,255,255,0
R,2124,4095,4095,0,255,255,0
R,2125,4095,4095,0,255,255,0
R,2126,4095,4095,0,255,255,0
R,2127,4095,4095,0,255,255,0
R,2128,4095,4095,0,255,255,0
R,2129,4095,4095,0,255,255,0
R,2130,4095,4095,0,255,255,0
R,2131,4095,4095,0,255,255,0
R,2132,4095,4095,0,255,255,0
R,2133,4095,4095,0,255,255,0
R,2134,4095,4095,0,255,255,0
R,2135,4095,4095,0,255,255,0
R,2136,4095,4095,0,255,255,0
R,2137,4095,4095,0,255,255,0
R,2138,4095,4095,0,255,255,0
R,2139,4095,4095,0,255,255,0
R,2140,4095,4095,0,255,255,0
R,2141,4095,4095,0,255,255,0
R,2142,4095,4095,0,255,255,0
R,2143,4095,4095,0,255,255,0
R,2144,4095,4095,0,255,255,0
R,2145,4095,4095,0,255,255,0
R,2146,4095,4095,0,255,255,0
R,2147,4095,4095,0,255,255,0
R,2148,4095,4095,0,255,255,0
R,2149,4095,4095,0,255,255,0
R,2150,4095,4095,0,255,255,0
R,2151,4095,4095,0,255,255,0
R,2152,4095,4095,0,255,255,0
R,2153,4095,4095,0,255,255,0
R,2154,4095,4095,0,255,255,0
R,2155,4095,4095,0,255,255,0
R,2156,4095,4095,0,255,255,0
R,2157,4095,4095,0,255,255,0
R,2158,4095,4095,0,255,255,0
R,2159,4095,4095,0,255,255,0
R,2160,4095,4095,0,255,255,0
R,2161,4095,4095,0,255,255,0
R,2162,4095,4095,0,255,255,0
R,2163,4095,4095,0,255,255,0
R,2164,4095,4095,0,255,255,0
R,2165,4095,4095,0,255,255,0
R,2166,4095,4095,0,255,255,0
R,2167,4095,4095,0,255,255,0
R,2168,4095,4095,0,255,255,0
R,2169,4095,4095,0,255,255,0
R,2170,4095,4095,0,255,255,0
R,2171,4095,4095,0,255,255,0
R,2172,4095,4095,0,255,255,0
R,2173,4095,4095,0,255,255,0
R,2174,4095,4095,0,255,255,0
R,2175,4095,4095,0,255,255,0
R,2176,4095,4095,0,255,255,0
R,2177,4095,4095,0,255,255,0
R,2178,4095,4095,0,255,255,0
R,2179,4095,4095,0,255,255,0
R,2180,4095,4095,0,255,255,0
R,2181,4095,4095,0,255,255,0
R,2182,4095,4095,0,255,255,0
R,2183,4095,4095,0,255,255,0
R,2184,4095,4095,0,255,255,0
R,2185,4095,4095,0,255,255,0
R,2186,4095,4095,0,255,255,0
R,2187,4095,4095,0,255,255,0
R,2188,4095,4095,0,255,255,0
R,2189,4095,4095,0,255,255,0
R,2190,4095,4095,0,255,255,0
R,2191,4095,4095,0,255,255,0
R,2192,4095,4095,0,255,255,0
R,2193,4095,4095,0,255,255,0
R,2194,4095,4095,0,255,255,0
R,2195,4095,4095,0,255,255,0
R,2196,4095,4095,0,255,255,0
R,2197,4095,4095,0,255,255,0
R,2198,4095,4095,0,255,255,0
R,2199,4095,4095,0,255,255,0
R,2200,4095,4095,0,255,255,0
R,2201,4095,4095,0,255,255,0
R,2202,4095,4095,0,255,255,0
R,2203,4095,4095,0,255,255,0
R,2204,4095,4095,0,255,255,0
R,2205,4095,4095,0,255,255,0
R,2206,4095,4095,0,255,255,0
R,2207,4095,4095,0,255,255,0
R,2208,4095,4095,0,255,255,0
R,2209,4095,4095,0,255,255,0
R,2210,4095,4095,0,255,255,0
R,2211,4095,4095,0,255,255,0
R,2212,4095,4095,0,255,255,0
R,2213,4095,4095,0,255,255,0
R,2214,4095,4095,0,255,255,0
R,2215,4095,4095,0,255,255,0
R,2216,4095,4095,0,255,255,0
R,2217,4095,4095,0,255,255,0
R,2218,4095,4095,0,255,255,0
R,2219,4095,4095,0,255,255,0
R,2220,4095,4095,0,255,255,0
R,2221,4095,4095,0,255,255,0
R,2222,4095,4095,0,255,255,0
R,2223,4095,4095,0,255,255,0
R,2224,4095,4095,0,255,255,0
R,2225,4095,4095,0,255,255,0
R,2226,4095,4095,0,255,255,0
R,2227,4095,4095,0,255,255,0
R,2228,4095,4095,0,255,255,0
R,2229,4095,4095,0,255,255,0
R,2230,4095,4095,0,255,255,0
R,2231,4095,4095,0,255,255,0
R,2232,4095,4095,0,255,255,0
R,2233,4095,4095,0,255,255,0
R,2234,4095,4095,0,255,255,0
R,2235,4095,4095,0,255,255,0
R,2236,4095,4095,0,255,255,0
R,2237,4095,4095,0,255,255,0
R,2238,4095,4095,0,255,255,0
R,2239,4095,4095,0,255,255,0
R,2240,4095,4095,0,255,255,0
R,2241,4095,4095,0,255,255,0
R,2242,4095,4095,0,255,255,0
R,2243,4095,4095,0,255,255,0
R,2244,4095,4095,0,255,255,0
R,2245,4095,4095,0,255,255,0
R,2246,4095,4095,0,255,255,0
R,2247,4095,4095,0,255,255,0
R,2248,4095,4095,0,255,255,0
R,2249,4095,4095,0,255,255,0
R,2250,4095,4095,0,255,255,0
R,2251,4095,4095,0,255,255,0
R,2252,4095,4095,0,255,255,0
R,2253,4095,4095,0,255,255,0
R,2254,4095,4095,0,255,255,0
R,2255,4095,4095,0,255,255,0
R,2256,4095,4095,0,255,255,0
R,2257,4095,4095,0,255,255,0
R,2258,4095,4095,0,255,255,0
R,2259,4095,4095,0,255,255,0
R,2260,4095,4095,0,255,255,0
R,2261,4095,4095,0,255,255,0
R,2262,4095,4095,0,255,255,0
R,2263,4095,4095,0,255,255,0
R,2264,4095,4095,0,255,255,0
R,2265,4095,4095,0,255,255,0
R,2266,4095,4095,0,255,255,0
R,2267,4095,4095,0,255,255,0
R,2268,4095,4095,0,255,255,0
R,2269,4095,4095,0,255,255,0
R,2270,4095,4095,0,255,255,0
R,2271,4095,4095,0,255,255,0
R,2272,4095,4095,0,255,255,0
R,2273,4095,4095,0,255,255,0
R,2274,4095,4095,0,255,255,0
R,2275,4095,4095,0,255,255,0
R,2276,4095,4095,0,255,255,0
R,2277,4095,4095,0,255,255,0
R,2278,4095,4095,0,255,255,0
R,2279,4095,4095,0,255,255,0
R,2280,4095,4095,0,255,255,0
R,2281,4095,4095,0,255,255,0
R,2282,4095,4095,0,255,255,0
R,2283,4095,4095,0,255,255,0
R,2284,4095,4095,0,255,255,0
R,2285,4095,4095,0,255,255,0
R,2286,4095,4095,0,255,255,0
R,2287,4095,4095,0,255,255,0
R,2288,4095,4095,0,255,255,0
R,2289,4095,4095,0,255,255,0
R,2290,4095,4095,0,255,255,0
R,2291,4095,4095,0,255,255,0
R,2292,4095,4095,0,255,255,0
R,2293,4095,4095,0,255,255,0
R,2294,4095,4095,0,255,255,0
R,2295,4095,4095,0,255,255,0
R,2296,4095,4095,0,255,255,0
R,2297,4095,4095,0,255,255,0
R,2298,4095,4095,0,255,255,0
R,2299,4095,4095,0,255,255,0
R,2300,4095,4095,0,255,255,0
R,2301,4095,4095,0,255,255,0
R,2302,4095,4095,0,255,255,0
R,2303,4095,4095,0,255,255,0
R,2304,4095,4095,0,255,255,0
R,2305,4095,4095,0,255,255,0
R,2306,4095,4095,0,255,255,0
R,2307,4095,4095,0,255,255,0
R,2308,4095,4095,0,255,255,0
R,2309,4095,4095,0,255,255,0
R,2310,4095,4095,0,255,255,0
R,2311,4095,4095,0,255,255,0
R,2312,4095,4095,0,255,255,0
R,2313,4095,4095,0,255,255,0
R,2314,4095,4095,0,255,255,0
R,2315,4095,4095,0,255,255,0
R,2316,4095,4095,0,255,255,0
R,2317,4095,4095,0,255,255,0
R,2318,4095,4095,0,255,255,0
R,2319,4095,4095,0,255,255,0
R,2320,4095,4095,0,255,255,0
R,2321,4095,4095,0,255,255,0
R,2322,4095,4095,0,255,255,0
R,2323,4095,4095,0,255,255,0
R,2324,4095,4095,0,255,255,0
R,2325,4095,4095,0,255,255,0
R,2326,4095,4095,0,255,255,0
R,2327,4095,4095,0,255,255,0
R,2328,4095,4095,0,255,255,0
R,2329,4095,4095,0,255,255,0
R,2330,4095,4095,0,255,255,0
R,2331,4095,4095,0,255,255,0
R,2332,4095,4095,0,255,255,0
R,2333,4095,4095,0,255,255,0
R,2334,4095,4095,0,255,255,0
R,2335,4095,4095,0,255,255,0
R,2336,4095,4095,0,255,255,0
R,2337,4095,4095,0,255,255,0
R,2338,4095,4095,0,255,255,0
R,2339,4095,4095,0,255,255,0
R,2340,4095,4095,0,255,255,0
R,2341,4095,4095,0,255,255,0
R,2342,4095,4095,0,255,255,0
R,2343,4095,4095,0,255,255,0
R,2344,4095,4095,0,255,255,0
R,2345,4095,4095,0,255,255,0
R,2346,4095,4095,0,255,255,0
R,2347,4095,4095,0,255,255,0
R,2348,4095,4095,0,255,255,0
R,2349,4095,4095,0,255,255,0
R,2350,4095,4095,0,255,255,0
R,2351,4095,4095,0,255,255,0
R,2352,4095,4095,0,255,255,0
R,2353,4095,4095,0,255,255,0
R,2354,4095,4095,0,255,255,0
R,2355,4095,4095,0,255,255,0
R,2356,4095,4095,0,255,255,0
R,2357,4095,4095,0,255,255,0
R,2358,4095,4095,0,255,255,0
R,2359,4095,4095,0,255,255,0
R,2360,4095,4095,0,255,255,0
R,2361,4095,4095,0,255,255,0
R,2362,4095,4095,0,255,255,0
R,2363,4095,4095,0,255,255,0
R,2364,4095,4095,0,255,255,0
R,2365,4095,4095,0,255,255,0
R,2366,4095,4095,0,255,255,0
R,2367,4095,4095,0,255,255,0
R,2368,4095,4095,0,255,255,0
R,2369,4095,4095,0,255,255,0
R,2370,4095,4095,0,255,255,0
R,2371,4095,4095,0,255,255,0
R,2372,4095,4095,0,255,255,0
R,2373,4095,4095,0,255,255,0
R,2374,4095,4095,0,255,255,0
R,2375,4095,4095,0,255,255,0
R,2376,4095,4095,0,255,255,0
R,2377,4095,4095,0,255,255,0
R,2378,4095,4095,0,255,255,0
R,2379,4095,4095,0,255,255,0
R,2380,4095,4095,0,255,255,0
R,2381,4095,4095,0,255,255,0
R,2382,4095,4095,0,255,255,0
R,2383,4095,4095,0,255,255,0
R,2384,4095,4095,0,255,255,0
R,2385,4095,4095,0,255,255,0
R,2386,4095,4095,0,255,255,0
R,2387,4095,4095,0,255,255,0
R,2388,4095,4095,0,255,255,0
R,2389,4095,4095,0,255,255,0
R,2390,4095,4095,0,255,255,0
R,2391,4095,4095,0,255,255,0
R,2392,4095,4095,0,255,255,0
R,2393,4095,4095,0,255,255,0
R,2394,4095,4095,0,255,255,0
R,2395,4095,4095,0,255,255,0
R,2396,4095,4095,0,255,255,0
R,2397,4095,4095,0,255,255,0
R,2398,4095,4095,0,255,255,0
R,2399,4095,4095,0,255,255,0
R,2400,4095,4095,0,255,255,0
R,2401,4095,4095,0,255,255,0
R,2402,4095,4095,0,255,255,0
R,2403,4095,4095,0,255,255,0
R,2404,4095,4095,0,255,255,0
R,2405,4095,4095,0,255,255,0
R,2406,4095,4095,0,255,255,0
R,2407,4095,4095,0,255,255,0
R,2408,4095,4095,0,255,255,0
R,2409,4095,4095,0,255,255,0
R,2410,4095,4095,0,255,255,0
R,2411,4095,4095,0,255,255,0
R,2412,4095,4095,0,255,255,0
R,2413,4095,4095,0,255,255,0
R,2414,4095,4095,0,255,255,0
R,2415,4095,4095,0,255,255,0
R,2416,4095,4095,0,255,255,0
R,2417,4095,4095,0,255,255,0
R,2418,4095,4095,0,255,255,0
R,2419,4095,4095,0,255,255,0
R,2420,4095,4095,0,255,255,0
R,2421,4095,4095,0,255,255,0
R,2422,4095,4095,0,255,255,0
R,2423,4095,4095,0,255,255,0
R,2424,4095,4095,0,255,255,0
R,2425,4095,4095,0,255,255,0
R,2426,4095,4095,0,255,255,0
R,2427,4095,4095,0,255,255,0
R,2428,4095,4095,0,255,255,0
R,2429,4095,4095,0,255,255,0
R,2430,4095,4095,0,255,255,0
R,2431,4095,4095,0,255,255,0
R,2432,4095,4095,0,255,255,0
R,2433,4095,4095,0,255,255,0
R,2434,4095,4095,0,255,255,0
R,2435,4095,4095,0,255,255,0
R,2436,4095,4095,0,255,255,0
R,2437,4095,4095,0,255,255,0
R,2438,4095,4095,0,255,255,0
R,2439,4095,4095,0,255,255,0
R,2440,4095,4095,0,255,255,0
R,2441,4095,4095,0,255,255,0
R,2442,4095,4095,0,255,255,0
R,2443,4095,4095,0,255,255,0
R,2444,4095,4095,0,255,255,0
R,2445,4095,4095,0,255,255,0
R,2446,4095,4095,0,255,255,0
R,2447,4095,4095,0,255,255,0
R,2448,4095,4095,0,255,255,0
R,2449,4095,4095,0,255,255,0
R,2450,4095,4095,0,255,255,0
R,2451,4095,4095,0,255,255,0
R,2452,4095,4095,0,255,255,0
R,2453,4095,4095,0,255,255,0
R,2454,4095,4095,0,255,255,0
R,2455,4095,4095,0,255,255,0
R,2456,4095,4095,0,255,255,0
R,2457,4095,4095,0,255,255,0
R,2458,4095,4095,0,255,255,0
R,2459,4095,4095,0,255,255,0
R,2460,4095,4095,0,255,255,0
R,2461,4095,4095,0,255,255,0
R,2462,4095,4095,0,255,255,0
R,2463,4095,4095,0,255,255,0
R,2464,4095,4095,0,255,255,0
R,2465,4095,4095,0,255,255,0
R,2466,4095,4095,0,255,255,0
R,2467,4095,4095,0,255,255,0
R,2468,4095,4095,0,255,255,0
R,2469,4095,4095,0,255,255,0
R,2470,4095,4095,0,255,255,0
R,2471,4095,4095,0,255,255,0
R,2472,4095,4095,0,255,255,0
R,2473,4095,4095,0,255,255,0
R,2474,4095,4095,0,255,255,0
R,2475,4095,4095,0,255,255,0
R,2476,4095,4095,0,255,255,0
R,2477,4095,4095,0,255,255,0
R,2478,4095,4095,0,255,255,0
R,2479,4095,4095,0,255,255,0
R,2480,4095,4095,0,255,255,0
R,2481,4095,4095,0,255,255,0
R,2482,4095,4095,0,255,255,0
R,2483,4095,4095,0,255,255,0
R,2484,4095,4095,0,255,255,0
R,2485,4095,4095,0,255,255,0
R,2486,4095,4095,0,255,255,0
R,2487,4095,4095,0,255,255,0
R,2488,4095,4095,0,255,255,0
R,2489,4095,4095,0,255,255,0
R,2490,4095,4095,0,255,255,0
R,2491,4095,4095,0,255,255,0
R,2492,4095,4095,0,255,255,0
R,2493,4095,4095,0,255,255,0
R,2494,4095,4095,0,255,255,0
R,2495,4095,4095,0,255,255,0
R,2496,4095,4095,0,255,255,0
R,2497,4095,4095,0,255,255,0
R,2498,4095,4095,0,255,255,0
R,2499,4095,4095,0,255,255,0
R,2500,4095,4095,0,255,255,0
R,2501,4095,4095,0,255,255,0
R,2502,4095,4095,0,255,255,0
R,2503,4095,4095,0,255,255,0
R,2504,4095,4095,0,255,255,0
R,2505,4095,4095,0,255,255,0
R,2506,4095,4095,0,255,255,0
R,2507,4095,4095,0,255,255,0
R,2508,4095,4095,0,255,255,0
R,2509,4095,4095,0,255,255,0
R,2510,4095,4095,0,255,255,0
R,2511,4095,4095,0,255,255,0
R,2512,4095,4095,0,255,255,0
R,2513,4095,4095,0,255,255,0
R,2514,4095,4095,0,255,255,0
R,2515,4095,4095,0,255,255,0
R,2516,4095,4095,0,255,255,0
R,2517,4095,4095,0,255,255,0
R,2518,4095,4095,0,255,255,0
R,2519,4095,4095,0,255,255,0
R,2520,4095,4095,0,255,255,0
R,2521,4095,4095,0,255,255,0
R,2522,4095,4095,0,255,255,0
R,2523,4095,4095,0,255,255,0
R,2524,4095,4095,0,255,255,0
R,2525,4095,4095,0,255,255,0
R,2526,4095,4095,0,255,255,0
R,2527,4095,4095,0,255,255,0
R,2528,4095,4095,0,255,255,0
R,2529,4095,4095,0,255,255,0
R,2530,4095,4095,0,255,255,0
R,2531,4095,4095,0,255,255,0
R,2532,4095,4095,0,255,255,0
R,2533,4095,4095,0,255,255,0
R,2534,4095,4095,0,255,255,0
R,2535,4095,4095,0,255,255,0
R,2536,4095,4095,0,255,255,0
R,2537,4095,4095,0,255,255,0
R,2538,4095,4095,0,255,255,0
R,2539,4095,4095,0,255,255,0
R,2540,4095,4095,0,255,255,0
R,2541,4095,4095,0,255,255,0
R,2542,4095,4095,0,255,255,0
R,2543,4095,4095,0,255,255,0
R,2544,4095,4095,0,255,255,0
R,2545,4095,4095,0,255,255,0
R,2546,4095,4095,0,255,255,0
R,2547,4095,4095,0,255,255,0
R,2548,4095,4095,0,255,255,0
R,2549,4095,4095,0,255,255,0
R,2550,4095,4095,0,255,255,0
R,2551,4095,4095,0,255,255,0
R,2552,4095,4095,0,255,255,0
R,2553,4095,4095,0,255,255,0
R,2554,4095,4095,0,255,255,0
R,2555,4095,4095,0,255,255,0
R,2556,4095,4095,0,255,255,0
R,2557,4095,4095,0,255,255,0
R,2558,4095,4095,0,255,255,0
R,2559,4095,4095,0,255,255,0
R,2560,4095,4095,0,255,255,0
R,2561,4095,4095,0,255,255,0
R,2562,4095,4095,0,255,255,0
R,2563,4095,4095,0,255,255,0
R,2564,4095,4095,0,255,255,0
R,2565,4095,4095,0,255,255,0
R,2566,4095,4095,0,255,255,0
R,2567,4095,4095,0,255,255,0
R,2568,4095,4095,0,255,255,0
R,2569,4095,4095,0,255,255,0
R,2570,4095,4095,0,255,255,0
R,2571,4095,4095,0,255,255,0
R,2572,4095,4095,0,255,255,0
R,2573,4095,4095,0,255,255,0
R,2574,4095,4095,0,255,255,0
R,2575,4095,4095,0,255,255,0
R,2576,4095,4095,0,255,255,0
R,2577,4095,4095,0,255,255,0
R,2578,4095,4095,0,255,255,0
R,2579,4095,4095,0,255,255,0
R,2580,4095,4095,0,255,255,0
R,2581,4095,4095,0,255,255,0
R,2582,4095,4095,0,255,255,0
R,2583,4095,4095,0,255,255,0
R,2584,4095,4095,0,255,255,0
R,2585,4095,4095,0,255,255,0
R,2586,4095,4095,0,255,255,0
R,2587,4095,4095,0,255,255,0
R,2588,4095,4095,0,255,255,0
R,2589,4095,4095,0,255,255,0
R,2590,4095,4095,0,255,255,0
R,2591,4095,4095,0,255,255,0
R,2592,4095,4095,0,255,255,0
R,2593,4095,4095,0,255,255,0
R,2594,4095,4095,0,255,255,0
R,2595,4095,4095,0,255,255,0
R,2596,4095,4095,0,255,255,0
R,2597,4095,4095,0,255,255,0
R,2598,4095,4095,0,255,255,0
R,2599,4095,4095,0,255,255,0
R,2600,4095,4095,0,255,255,0
R,2601,4095,4095,0,255,255,0
R,2602,4095,4095,0,255,255,0
R,2603,4095,4095,0,255,255,0
R,2604,4095,4095,0,255,255,0
R,2605,4095,4095,0,255,255,0
R,2606,4095,4095,0,255,255,0
R,2607,4095,4095,0,255,255,0
R,2608,4095,4095,0,255,255,0
R,2609,4095,4095,0,255,255,0
R,2610,4095,4095,0,255,255,0
R,2611,4095,4095,0,255,255,0
R,2612,4095,4095,0,255,255,0
R,2613,4095,4095,0,255,255,0
R,2614,4095,4095,0,255,255,0
R,2615,4095,4095,0,255,255,0
R,2616,4095,4095,0,255,255,0
R,2617,4095,4095,0,255,255,0
R,2618,4095,4095,0,255,255,0
R,2619,4095,4095,0,255,255,0
R,2620,4095,4095,0,255,255,0
R,2621,4095,4095,0,255,255,0
R,2622,4095,4095,0,255,255,0
R,2623,4095,4095,0,255,255,0
R,2624,4095,4095,0,255,255,0
R,2625,4095,4095,0,255,255,0
R,2626,4095,4095,0,255,255,0
R,2627,4095,4095,0,255,255,0
R,2628,4095,4095,0,255,255,0
R,2629,4095,4095,0,255,255,0
R,2630,4095,4095,0,255,255,0
R,2631,4095,4095,0,255,255,0
R,2632,4095,4095,0,255,255,0
R,2633,4095,4095,0,255,255,0
R,2634,4095,4095,0,255,255,0
R,2635,4095,4095,0,255,255,0
R,2636,4095,4095,0,255,255,0
R,2637,4095,4095,0,255,255,0
R,2638,4095,4095,0,255,255,0
R,2639,4095,4095,0,255,255,0
R,2640,4095,4095,0,255,255,0
R,2641,4095,4095,0,255,255,0
R,2642,4095,4095,0,255,255,0
R,2643,4095,4095,0,255,255,0
R,2644,4095,4095,0,255,255,0
R,2645,4095,4095,0,255,255,0
R,2646,4095,4095,0,255,255,0
R,2647,4095,4095,0,255,255,0
R,2648,4095,4095,0,255,255,0
R,2649,4095,4095,0,255,255,0
R,2650,4095,4095,0,255,255,0
R,2651,4095,4095,0,255,255,0
R,2652,4095,4095,0,255,255,0
R,2653,4095,4095,0,255,255,0
R,2654,4095,4095,0,255,255,0
R,2655,4095,4095,0,255,255,0
R,2656,4095,4095,0,255,255,0
R,2657,4095,4095,0,255,255,0
R,2658,4095,4095,0,255,255,0
R,2659,4095,4095,0,255,255,0
R,2660,4095,4095,0,255,255,0
R,2661,4095,4095,0,255,255,0
R,2662,4095,4095,0,255,255,0
R,2663,4095,4095,0,255,255,0
R,2664,4095,4095,0,255,255,0
R,2665,4095,4095,0,255,255,0
R,2666,4095,4095,0,255,255,0
R,2667,4095,4095,0,255,255,0
R,2668,4095,4095,0,255,255,0
R,2669,4095,4095,0,255,255,0
R,2670,4095,4095,0,255,255,0
R,2671,4095,4095,0,255,255,0
R,2672,4095,4095,0,255,255,0
R,2673,4095,4095,0,255,255,0
R,2674,4095,4095,0,255,255,0
R,2675,4095,4095,0,255,255,0
R,2676,4095,4095,0,255,255,0
R,2677,4095,4095,0,255,255,0
R,2678,4095,4095,0,255,255,0
R,2679,4095,4095,0,255,255,0
R,2680,4095,4095,0,255,255,0
R,2681,4095,4095,0,255,255,0
R,2682,4095,4095,0,255,255,0
R,2683,4095,4095,0,255,255,0
R,2684,4095,4095,0,255,255,0
R,2685,4095,4095,0,255,255,0
R,2686,4095,4095,0,255,255,0
R,2687,4095,4095,0,255,255,0
R,2688,4095,4095,0,255,255,0
R,2689,4095,4095,0,255,255,0
R,2690,4095,4095,0,255,255,0
R,2691,4095,4095,0,255,255,0
R,2692,4095,4095,0,255,255,0
R,2693,4095,4095,0,255,255,0
R,2694,4095,4095,0,255,255,0
R,2695,4095,4095,0,255,255,0
R,2696,4095,4095,0,255,255,0
R,2697,4095,4095,0,255,255,0
R,2698,4095,4095,0,255,255,0
R,2699,4095,4095,0,255,255,0
R,2700,4095,4095,0,255,255,0
R,2701,4095,4095,0,255,255,0
R,2702,4095,4095,0,255,255,0
R,2703,4095,4095,0,255,255,0
R,2704,4095,4095,0,255,255,0
R,2705,4095,4095,0,255,255,0
R,2706,4095,4095,0,255,255,0
R,2707,4095,4095,0,255,255,0
R,2708,4095,4095,0,255,255,0
R,2709,4095,4095,0,255,255,0
R,2710,4095,4095,0,255,255,0
R,2711,4095,4095,0,255,255,0
R,2712,4095,4095,0,255,255,0
R,2713,4095,4095,0,255,255,0
R,2714,4095,4095,0,255,255,0
R,2715,4095,4095,0,255,255,0
R,2716,4095,4095,0,255,255,0
R,2717,4095,4095,0,255,255,0
R,2718,4095,4095,0,255,255,0
R,2719,4095,4095,0,255,255,0
R,2720,4095,4095,0,255,255,0
R,2721,4095,4095,0,255,255,0
R,2722,4095,4095,0,255,255,0
R,2723,4095,4095,0,255,255,0
R,2724,4095,4095,0,255,255,0
R,2725,4095,4095,0,255,255,0
R,2726,4095,4095,0,255,255,0
R,2727,4095,4095,0,255,255,0
R,2728,4095,4095,0,255,255,0
R,2729,4095,4095,0,255,255,0
R,2730,4095,4095,0,255,255,0
R,2731,4095,4095,0,255,255,0
R,2732,4095,4095,0,255,255,0
R,2733,4095,4095,0,255,255,0
R,2734,4095,4095,0,255,255,0
R,2735,4095,4095,0,255,255,0
R,2736,4095,4095,0,255,255,0
R,2737,4095,4095,0,255,255,0
R,2738,4095,4095,0,255,255,0
R,2739,4095,4095,0,255,255,0
R,2740,4095,4095,0,255,255,0
R,2741,4095,4095,0,255,255,0
R,2742,4095,4095,0,255,255,0
R,2743,4095,4095,0,255,255,0
R,2744,4095,4095,0,255,255,0
R,2745,4095,4095,0,255,255,0
R,2746,4095,4095,0,255,255,0
R,2747,4095,4095,0,255,255,0
R,2748,4095,4095,0,255,255,0
R,2749,4095,4095,0,255,255,0
R,2750,4095,4095,0,255,255,0
R,2751,4095,4095,0,255,255,0
R,2752,4095,4095,0,255,255,0
R,2753,4095,4095,0,255,255,0
R,2754,4095,4095,0,255,255,0
R,2755,4095,4095,0,255,255,0
R,2756,4095,4095,0,255,255,0
R,2757,4095,4095,0,255,255,0
R,2758,4095,4095,0,255,255,0
R,2759,4095,4095,0,255,255,0
R,2760,4095,4095,0,255,255,0
R,2761,4095,4095,0,255,255,0
R,2762,4095,4095,0,255,255,0
R,2763,4095,4095,0,255,255,0
R,2764,4095,4095,0,255,255,0
R,2765,4095,4095,0,255,255,0
R,2766,4095,4095,0,255,255,0
R,2767,4095,4095,0,255,255,0
R,2768,4095,4095,0,255,255,0
R,2769,4095,4095,0,255,255,0
R,2770,4095,4095,0,255,255,0
R,2771,4095,4095,0,255,255,0
R,2772,4095,4095,0,255,255,0
R,2773,4095,4095,0,255,255,0
R,2774,4095,4095,0,255,255,0
R,2775,4095,4095,0,255,255,0
R,2776,4095,4095,0,255,255,0
R,2777,4095,4095,0,255,255,0
R,2778,4095,4095,0,255,255,0
R,2779,4095,4095,0,255,255,0
R,2780,4095,4095,0,255,255,0
R,2781,4095,4095,0,255,255,0
R,2782,4095,4095,0,255,255,0
R,2783,4095,4095,0,255,255,0
R,2784,4095,4095,0,255,255,0
R,2785,4095,4095,0,255,255,0
R,2786,4095,4095,0,255,255,0
R,2787,4095,4095,0,255,255,0
R,2788,4095,4095,0,255,255,0
R,2789,4095,4095,0,255,255,0
R,2790,4095,4095,0,255,255,0
R,2791,4095,4095,0,255,255,0
R,2792,4095,4095,0,255,255,0
R,2793,4095,4095,0,255,255,0
R,2794,4095,4095,0,255,255,0
R,2795,4095,4095,0,255,255,0
R,2796,4095,4095,0,255,255,0
R,2797,4095,4095,0,255,255,0
R,2798,4095,4095,0,255,255,0
R,2799,4095,4095,0,255,255,0
R,2800,4095,4095,0,255,255,0
R,2801,4095,4095,0,255,255,0
R,2802,4095,4095,0,255,255,0
R,2803,4095,4095,0,255,255,0
R,2804,4095,4095,0,255,255,0
R,2805,4095,4095,0,255,255,0
R,2806,4095,4095,0,255,255,0
R,2807,4095,4095,0,255,255,0
R,2808,4095,4095,0,255,255,0
R,2809,4095,4095,0,255,255,0
R,2810,4095,4095,0,255,255,0
R,2811,4095,4095,0,255,255,0
R,2812,4095,4095,0,255,255,0
R,2813,4095,4095,0,255,255,0
R,2814,4095,4095,0,255,255,0
R,2815,4095,4095,0,255,255,0
R,2816,4095,4095,0,255,255,0
R,2817,4095,4095,0,255,255,0
R,2818,4095,4095,0,255,255,0
R,2819,4095,4095,0,255,255,0
R,2820,4095,4095,0,255,255,0
R,2821,4095,4095,0,255,255,0
R,2822,4095,4095,0,255,255,0
R,2823,4095,4095,0,255,255,0
R,2824,4095,4095,0,255,255,0
R,2825,4095,4095,0,255,255,0
R,2826,4095,4095,0,255,255,0
R,2827,4095,4095,0,255,255,0
R,2828,4095,4095,0,255,255,0
R,2829,4095,4095,0,255,255,0
R,2830,4095,4095,0,255,255,0
R,2831,4095,4095,0,255,255,0
R,2832,4095,4095,0,255,255,0
R,2833,4095,4095,0,255,255,0
R,2834,4095,4095,0,255,255,0
R,2835,4095,4095,0,255,255,0
R,2836,4095,4095,0,255,255,0
R,2837,4095,4095,0,255,255,0
R,2838,4095,4095,0,255,255,0
R,2839,4095,4095,0,255,255,0
R,2840,4095,4095,0,255,255,0
R,2841,4095,4095,0,255,255,0
R,2842,4095,4095,0,255,255,0
R,2843,4095,4095,0,255,255,0
R,2844,4095,4095,0,255,255,0
R,2845,4095,4095,0,255,255,0
R,2846,4095,4095,0,255,255,0
R,2847,4095,4095,0,255,255,0
R,2848,4095,4095,0,255,255,0
R,2849,4095,4095,0,255,255,0
R,2850,4095,4095,0,255,255,0
R,2851,4095,4095,0,255,255,0
R,2852,4095,4095,0,255,255,0
R,2853,4095,4095,0,255,255,0
R,2854,4095,4095,0,255,255,0
R,2855,4095,4095,0,255,255,0
R,2856,4095,4095,0,255,255,0
R,2857,4095,4095,0,255,255,0
R,2858,4095,4095,0,255,255,0
R,2859,4095,4095,0,255,255,0
R,2860,4095,4095,0,255,255,0
R,2861,4095,4095,0,255,255,0
R,2862,4095,4095,0,255,255,0
R,2863,4095,4095,0,255,255,0
R,2864,4095,4095,0,255,255,0
R,2865,4095,4095,0,255,255,0
R,2866,4095,4095,0,255,255,0
R,2867,4095,4095,0,255,255,0
R,2868,4095,4095,0,255,255,0
R,2869,4095,4095,0,255,255,0
R,2870,4095,4095,0,255,255,0
R,2871,4095,4095,0,255,255,0
R,2872,4095,4095,0,255,255,0
R,2873,4095,4095,0,255,255,0
R,2874,4095,4095,0,255,255,0
R,2875,4095,4095,0,255,255,0
R,2876,4095,4095,0,255,255,0
R,2877,4095,4095,0,255,255,0
R,2878,4095,4095,0,255,255,0
R,2879,4095,4095,0,255,255,0
R,2880,4095,4095,0,255,255,0
R,2881,4095,4095,0,255,255,0
R,2882,4095,4095,0,255,255,0
R,2883,4095,4095,0,255,255,0
R,2884,4095,4095,0,255,255,0
R,2885,4095,4095,0,255,255,0
R,2886,4095,4095,0,255,255,0
R,2887,4095,4095,0,255,255,0
R,2888,4095,4095,0,255,255,0
R,2889,4095,4095,0,255,255,0
R,2890,4095,4095,0,255,255,0
R,2891,4095,4095,0,255,255,0
R,2892,4095,4095,0,255,255,0
R,2893,4095,4095,0,255,255,0
R,2894,4095,4095,0,255,255,0
R,2895,4095,4095,0,255,255,0
R,2896,4095,4095,0,255,255,0
R,2897,4095,4095,0,255,255,0
R,2898,4095,4095,0,255,255,0
R,2899,4095,4095,0,255,255,0
R,2900,4095,4095,0,255,255,0
R,2901,4095,4095,0,255,255,0
R,2902,4095,4095,0,255,255,0
R,2903,4095,4095,0,255,255,0
R,2904,4095,4095,0,255,255,0
R,2905,4095,4095,0,255,255,0
R,2906,4095,4095,0,255,255,0
R,2907,4095,4095,0,255,255,0
R,2908,4095,4095,0,255,255,0
R,2909,4095,4095,0,255,255,0
R,2910,4095,4095,0,255,255,0
R,2911,4095,4095,0,255,255,0
R,2912,4095,4095,0,255,255,0
R,2913,4095,4095,0,255,255,0
R,2914,4095,4095,0,255,255,0
R,2915,4095,4095,0,255,255,0
R,2916,4095,4095,0,255,255,0
R,2917,4095,4095,0,255,255,0
R,2918,4095,4095,0,255,255,0
R,2919,4095,4095,0,255,255,0
R,2920,4095,4095,0,255,255,0
R,2921,4095,4095,0,255,255,0
R,2922,4095,4095,0,255,255,0
R,2923,4095,4095,0,255,255,0
R,2924,4095,4095,0,255,255,0
R,2925,4095,4095,0,255,255,0
R,2926,4095,4095,0,255,255,0
R,2927,4095,4095,0,255,255,0
R,2928,4095,4095,0,255,255,0
R,2929,4095,4095,0,255,255,0
R,2930,4095,4095,0,255,255,0
R,2931,4095,4095,0,255,255,0
R,2932,4095,4095,0,255,255,0
R,2933,4095,4095,0,255,255,0
R,2934,4095,4095,0,255,255,0
R,2935,4095,4095,0,255,255,0
R,2936,4095,4095,0,255,255,0
R,2937,4095,4095,0,255,255,0
R,2938,4095,4095,0,255,255,0
R,2939,4095,4095,0,255,255,0
R,2940,4095,4095,0,255,255,0
R,2941,4095,4095,0,255,255,0
R,2942,4095,4095,0,255,255,0
R,2943,4095,4095,0,255,255,0
R,2944,4095,4095,0,255,255,0
R,2945,4095,4095,0,255,255,0
R,2946,4095,4095,0,255,255,0
R,2947,4095,4095,0,255,255,0
R,2948,4095,4095,0,255,255,0
R,2949,4095,4095,0,255,255,0
R,2950,4095,4095,0,255,255,0
R,2951,4095,4095,0,255,255,0
R,2952,4095,4095,0,255,255,0
R,2953,4095,4095,0,255,255,0
R,2954,4095,4095,0,255,255,0
R,2955,4095,4095,0,255,255,0
R,2956,4095,4095,0,255,255,0
R,2957,4095,4095,0,255,255,0
R,2958,4095,4095,0,255,255,0
R,2959,4095,4095,0,255,255,0
R,2960,4095,4095,0,255,255,0
R,2961,4095,4095,0,255,255,0
R,2962,4095,4095,0,255,255,0
R,2963,4095,4095,0,255,255,0
R,2964,4095,4095,0,255,255,0
R,2965,4095,4095,0,255,255,0
R,2966,4095,4095,0,255,255,0
R,2967,4095,4095,0,255,255,0
R,2968,4095,4095,0,255,255,0
R,2969,4095,4095,0,255,255,0
R,2970,4095,4095,0,255,255,0
R,2971,4095,4095,0,255,255,0
R,2972,4095,4095,0,255,255,0
R,2973,4095,4095,0,255,255,0
R,2974,4095,4095,0,255,255,0
R,2975,4095,4095,0,255,255,0
R,2976,4095,4095,0,255,255,0
R,2977,4095,4095,0,255,255,0
R,2978,4095,4095,0,255,255,0
R,2979,4095,4095,0,255,255,0
R,2980,4095,4095,0,255,255,0
R,2981,4095,4095,0,255,255,0
R,2982,4095,4095,0,255,255,0
R,2983,4095,4095,0,255,255,0
R,2984,4095,4095,0,255,255,0
R,2985,4095,4095,0,255,255,0
R,2986,4095,4095,0,255,255,0
R,2987,4095,4095,0,255,255,0
R,2988,4095,4095,0,255,255,0
R,2989,4095,4095,0,255,255,0
R,2990,4095,4095,0,255,255,0
R,2991,4095,4095,0,255,255,0
R,2992,4095,4095,0,255,255,0
R,2993,4095,4095,0,255,255,0
R,2994,4095,4095,0,255,255,0
R,2995,4095,4095,0,255,255,0
R,2996,4095,4095,0,255,255,0
R,2997,4095,4095,0,255,255,0
R,2998,4095,4095,0,255,255,0
R,2999,4095,4095,0,255,255,0
R,3000,4095,4095,0,255,255,0
R,3001,4095,4095,0,255,255,0
R,3002,4095,4095,0,255,255,0
R,3003,4095,4095,0,255,255,0
R,3004,4095,4095,0,255,255,0
R,3005,4095,4095,0,255,255,0
R,3006,4095,4095,0,255,255,0
R,3007,4095,4095,0,255,255,0
R,3008,4095,4095,0,255,255,0
R,3009,4095,4095,0,255,255,0
R,3010,4095,4095,0,255,255,0
R,3011,4095,4095,0,255,255,0
R,3012,4095,4095,0,255,255,0
R,3013,4095,4095,0,255,255,0
R,3014,4095,4095,0,255,255,0
R,3015,4095,4095,0,255,255,0
R,3016,4095,4095,0,255,255,0
R,3017,4095,4095,0,255,255,0
R,3018,4095,4095,0,255,255,0
R,3019,4095,4095,0,255,255,0
R,3020,4095,4095,0,255,255,0
R,3021,4095,4095,0,255,255,0
R,3022,4095,4095,0,255,255,0
R,3023,4095,4095,0,255,255,0
R,3024,4095,4095,0,255,255,0
R,3025,4095,4095,0,255,255,0
R,3026,4095,4095,0,255,255,0
R,3027,4095,4095,0,255,255,0
R,3028,4095,4095,0,255,255,0
R,3029,4095,4095,0,255,255,0
R,3030,4095,4095,0,255,255,0
R,3031,4095,4095,0,255,255,0
R,3032,4095,4095,0,255,255,0
R,3033,4095,4095,0,255,255,0
R,3034,4095,4095,0,255,255,0
R,3035,4095,4095,0,255,255,0
R,3036,4095,4095,0,255,255,0
R,3037,4095,4095,0,255,255,0
R,3038,4095,4095,0,255,255,0
R,3039,4095,4095,0,255,255,0
R,3040,4095,4095,0,255,255,0
R,3041,4095,4095,0,255,255,0
R,3042,4095,4095,0,255,255,0
R,3043,4095,4095,0,255,255,0
R,3044,4095,4095,0,255,255,0
R,3045,4095,4095,0,255,255,0
R,3046,4095,4095,0,255,255,0
R,3047,4095,4095,0,255,255,0
R,3048,4095,4095,0,255,255,0
R,3049,4095,4095,0,255,255,0
R,3050,4095,4095,0,255,255,0
R,3051,4095,4095,0,255,255,0
R,3052,4095,4095,0,255,255,0
R,3053,4095,4095,0,255,255,0
R,3054,4095,4095,0,255,255,0
R,3055,4095,4095,0,255,255,0
R,3056,4095,4095,0,255,255,0
R,3057,4095,4095,0,255,255,0
R,3058,4095,4095,0,255,255,0
R,3059,4095,4095,0,255,255,0
R,3060,4095,4095,0,255,255,0
R,3061,4095,4095,0,255,255,0
R,3062,4095,4095,0,255,255,0
R,3063,4095,4095,0,255,255,0
R,3064,4095,4095,0,255,255,0
R,3065,4095,4095,0,255,255,0
R,3066,4095,4095,0,255,255,0
R,3067,4095,4095,0,255,255,0
R,3068,4095,4095,0,255,255,0
R,3069,4095,4095,0,255,255,0
R,3070,4095,4095,0,255,255,0
R,3071,4095,4095,0,255,255,0
R,3072,4095,4095,0,255,255,0
R,3073,4095,4095,0,255,255,0
R,3074,4095,4095,0,255,255,0
R,3075,4095,4095,0,255,255,0
R,3076,4095,4095,0,255,255,0
R,3077,4095,4095,0,255,255,0
R,3078,4095,4095,0,255,255,0
R,3079,4095,4095,0,255,255,0
R,3080,4095,4095,0,255,255,0
R,3081,4095,4095,0,255,255,0
R,3082,4095,4095,0,255,255,0
R,3083,4095,4095,0,255,255,0
R,3084,4095,4095,0,255,255,0
R,3085,4095,4095,0,255,255,0
R,3086,4095,4095,0,255,255,0
R,3087,4095,4095,0,255,255,0
R,3088,4095,4095,0,255,255,0
R,3089,4095,4095,0,255,255,0
R,3090,4095,4095,0,255,255,0
R,3091,4095,4095,0,255,255,0
R,3092,4095,4095,0,255,255,0
R,3093,4095,4095,0,255,255,0
R,3094,4095,4095,0,255,255,0
R,3095,4095,4095,0,255,255,0
R,3096,4095,4095,0,255,255,0
R,3097,4095,4095,0,255,255,0
R,3098,4095,4095,0,255,255,0
R,3099,4095,4095,0,255,255,0
R,3100,4095,4095,0,255,255,0
R,3101,4095,4095,0,255,255,0
R,3102,4095,4095,0,255,255,0
R,3103,4095,4095,0,255,255,0
R,3104,4095,4095,0,255,255,0
R,3105,4095,4095,0,255,255,0
R,3106,4095,4095,0,255,255,0
R,3107,4095,4095,0,255,255,0
R,3108,4095,4095,0,255,255,0
R,3109,4095,4095,0,255,255,0
R,3110,4095,4095,0,255,255,0
R,3111,4095,4095,0,255,255,0
R,3112,4095,4095,0,255,255,0
R,3113,4095,4095,0,255,255,0
R,3114,4095,4095,0,255,255,0
R,3115,4095,4095,0,255,255,0
R,3116,4095,4095,0,255,255,0
R,3117,4095,4095,0,255,255,0
R,3118,4095,4095,0,255,255,0
R,3119,4095,4095,0,255,255,0
R,3120,4095,4095,0,255,255,0
R,3121,4095,4095,0,255,255,0
R,3122,4095,4095,0,255,255,0
R,3123,4095,4095,0,255,255,0
R,3124,4095,4095,0,255,255,0
R,3125,4095,4095,0,255,255,0
R,3126,4095,4095,0,255,255,0
R,3127,4095,4095,0,255,255,0
R,3128,4095,4095,0,255,255,0
R,3129,4095,4095,0,255,255,0
R,3130,4095,4095,0,255,255,0
R,3131,4095,4095,0,255,255,0
R,3132,4095,4095,0,255,255,0
R,3133,4095,4095,0,255,255,0
R,3134,4095,4095,0,255,255,0
R,3135,4095,4095,0,255,255,0
R,3136,4095,4095,0,255,255,0
R,3137,4095,4095,0,255,255,0
R,3138,4095,4095,0,255,255,0
R,3139,4095,4095,0,255,255,0
R,3140,4095,4095,0,255,255,0
R,3141,4095,4095,0,255,255,0
R,3142,4095,4095,0,255,255,0
R,3143,4095,4095,0,255,255,0
R,3144,4095,4095,0,255,255,0
R,3145,4095,4095,0,255,255,0
R,3146,4095,4095,0,255,255,0
R,3147,4095,4095,0,255,255,0
R,3148,4095,4095,0,255,255,0
R,3149,4095,4095,0,255,255,0
R,3150,4095,4095,0,255,255,0
R,3151,4095,4095,0,255,255,0
R,3152,4095,4095,0,255,255,0
R,3153,4095,4095,0,255,255,0
R,3154,4095,4095,0,255,255,0
R,3155,4095,4095,0,255,255,0
R,3156,4095,4095,0,255,255,0
R,3157,4095,4095,0,255,255,0
R,3158,4095,4095,0,255,255,0
R,3159,4095,4095,0,255,255,0
R,3160,4095,4095,0,255,255,0
R,3161,4095,4095,0,255,255,0
R,3162,4095,4095,0,255,255,0
R,3163,4095,4095,0,255,255,0
R,3164,4095,4095,0,255,255,0
R,3165,4095,4095,0,255,255,0
R,3166,4095,4095,0,255,255,0
R,3167,4095,4095,0,255,255,0
R,3168,4095,4095,0,255,255,0
R,3169,4095,4095,0,255,255,0
R,3170,4095,4095,0,255,255,0
R,3171,4095,4095,0,255,255,0
R,3172,4095,4095,0,255,255,0
R,3173,4095,4095,0,255,255,0
R,3174,4095,4095,0,255,255,0
R,3175,4095,4095,0,255,255,0
R,3176,4095,4095,0,255,255,0
R,3177,4095,4095,0,255,255,0
R,3178,4095,4095,0,255,255,0
R,3179,4095,4095,0,255,255,0
R,3180,4095,4095,0,255,255,0
R,3181,4095,4095,0,255,255,0
R,3182,4095,4095,0,255,255,0
R,3183,4095,4095,0,255,255,0
R,3184,4095,4095,0,255,255,0
R,3185,4095,4095,0,255,255,0
R,3186,4095,4095,0,255,255,0
R,3187,4095,4095,0,255,255,0
R,3188,4095,4095,0,255,255,0
R,3189,4095,4095,0,255,255,0
R,3190,4095,4095,0,255,255,0
R,3191,4095,4095,0,255,255,0
R,3192,4095,4095,0,255,255,0
R,3193,4095,4095,0,255,255,0
R,3194,4095,4095,0,255,255,0
R,3195,4095,4095,0,255,255,0
R,3196,4095,4095,0,255,255,0
R,3197,4095,4095,0,255,255,0
R,3198,4095,4095,0,255,255,0
R,3199,4095,4095,0,255,255,0
R,3200,4095,4095,0,255,255,0
R,3201,4095,4095,0,255,255,0
R,3202,4095,4095,0,255,255,0
R,3203,4095,4095,0,255,255,0
R,3204,4095,4095,0,255,255,0
R,3205,4095,4095,0,255,255,0
R,3206,4095,4095,0,255,255,0
R,3207,4095,4095,0,255,255,0
R,3208,4095,4095,0,255,255,0
R,3209,4095,4095,0,255,255,0
R,3210,4095,4095,0,255,255,0
R,3211,4095,4095,0,255,255,0
R,3212,4095,4095,0,255,255,0
R,3213,4095,4095,0,255,255,0
R,3214,4095,4095,0,255,255,0
R,3215,4095,4095,0,255,255,0
R,3216,4095,4095,0,255,255,0
R,3217,4095,4095,0,255,255,0
R,3218,4095,4095,0,255,255,0
R,3219,4095,4095,0,255,255,0
R,3220,4095,4095,0,255,255,0
R,3221,4095,4095,0,255,255,0
R,3222,4095,4095,0,255,255,0
R,3223,4095,4095,0,255,255,0
R,3224,4095,4095,0,255,255,0
R,3225,4095,4095,0,255,255,0
R,3226,4095,4095,0,255,255,0
R,3227,4095,4095,0,255,255,0
R,3228,4095,4095,0,255,255,0
R,3229,4095,4095,0,255,255,0
R,3230,4095,4095,0,255,255,0
R,3231,4095,4095,0,255,255,0
R,3232,4095,4095,0,255,255,0
R,3233,4095,4095,0,255,255,0
R,3234,4095,4095,0,255,255,0
R,3235,4095,4095,0,255,255,0
R,3236,4095,4095,0,255,255,0
R,3237,4095,4095,0,255,255,0
R,3238,4095,4095,0,255,255,0
R,3239,4095,4095,0,255,255,0
R,3240,4095,4095,0,255,255,0
R,3241,4095,4095,0,255,255,0
R,3242,4095,4095,0,255,255,0
R,3243,4095,4095,0,255,255,0
R,3244,4095,4095,0,255,255,0
R,3245,4095,4095,0,255,255,0
R,3246,4095,4095,0,255,255,0
R,3247,4095,4095,0,255,255,0
R,3248,4095,4095,0,255,255,0
R,3249,4095,4095,0,255,255,0
R,3250,4095,4095,0,255,255,0
R,3251,4095,4095,0,255,255,0
R,3252,4095,4095,0,255,255,0
R,3253,4095,4095,0,255,255,0
R,3254,4095,4095,0,255,255,0
R,3255,4095,4095,0,255,255,0
R,3256,4095,4095,0,255,255,0
R,3257,4095,4095,0,255,255,0
R,3258,4095,4095,0,255,255,0
R,3259,4095,4095,0,255,255,0
R,3260,4095,4095,0,255,255,0
R,3261,4095,4095,0,255,255,0
R,3262,4095,4095,0,255,255,0
R,3263,4095,4095,0,255,255,0
R,3264,4095,4095,0,255,255,0
R,3265,4095,4095,0,255,255,0
R,3266,4095,4095,0,255,255,0
R,3267,4095,4095,0,255,255,0
R,3268,4095,4095,0,255,255,0
R,3269,4095,4095,0,255,255,0
R,3270,4095,4095,0,255,255,0
R,3271,4095,4095,0,255,255,0
R,3272,4095,4095,0,255,255,0
R,3273,4095,4095,0,255,255,0
R,3274,4095,4095,0,255,255,0
R,3275,4095,4095,0,255,255,0
R,3276,4095,4095,0,255,255,0
R,3277,4095,4095,0,255,255,0
R,3278,4095,4095,0,255,255,0
R,3279,4095,4095,0,255,255,0
R,3280,4095,4095,0,255,255,0
R,3281,4095,4095,0,255,255,0
R,3282,4095,4095,0,255,255,0
R,3283,4095,4095,0,255,255,0
R,3284,4095,4095,0,255,255,0
R,3285,4095,4095,0,255,255,0
R,3286,4095,4095,0,255,255,0
R,3287,4095,4095,0,255,255,0
R,3288,4095,4095,0,255,255,0
R,3289,4095,4095,0,255,255,0
R,3290,4095,4095,0,255,255,0
R,3291,4095,4095,0,255,255,0
R,3292,4095,4095,0,255,255,0
R,3293,4095,4095,0,255,255,0
R,3294,4095,4095,0,255,255,0
R,3295,4095,4095,0,255,255,0
R,3296,4095,4095,0,255,255,0
R,3297,4095,4095,0,255,255,0
R,3298,4095,4095,0,255,255,0
R,3299,4095,4095,0,255,255,0
R,3300,4095,4095,0,255,255,0
R,3301,4095,4095,0,255,255,0
R,3302,4095,4095,0,255,255,0
R,3303,4095,4095,0,255,255,0
R,3304,4095,4095,0,255,255,0
R,3305,4095,4095,0,255,255,0
R,3306,4095,4095,0,255,255,0
R,3307,4095,4095,0,255,255,0
R,3308,4095,4095,0,255,255,0
R,3309,4095,4095,0,255,255,0
R,3310,4095,4095,0,255,255,0
R,3311,4095,4095,0,255,255,0
R,3312,4095,4095,0,255,255,0
R,3313,4095,4095,0,255,255,0
R,3314,4095,4095,0,255,255,0
R,3315,4095,4095,0,255,255,0
R,3316,4095,4095,0,255,255,0
R,3317,4095,4095,0,255,255,0
R,3318,4095,4095,0,255,255,0
R,3319,4095,4095,0,255,255,0
R,3320,4095,4095,0,255,255,0
R,3321,4095,4095,0,255,255,0
R,3322,4095,4095,0,255,255,0
R,3323,4095,4095,0,255,255,0
R,3324,4095,4095,0,255,255,0
R,3325,4095,4095,0,255,255,0
R,3326,4095,4095,0,255,255,0
R,3327,4095,4095,0,255,255,0
R,3328,4095,4095,0,255,255,0
R,3329,4095,4095,0,255,255,0
R,3330,4095,4095,0,255,255,0
R,3331,4095,4095,0,255,255,0
R,3332,4095,4095,0,255,255,0
R,3333,4095,4095,0,255,255,0
R,3334,4095,4095,0,255,255,0
R,3335,4095,4095,0,255,255,0
R,3336,4095,4095,0,255,255,0
R,3337,4095,4095,0,255,255,0
R,3338,4095,4095,0,255,255,0
R,3339,4095,4095,0,255,255,0
R,3340,4095,4095,0,255,255,0
R,3341,4095,4095,0,255,255,0
R,3342,4095,4095,0,255,255,0
R,3343,4095,4095,0,255,255,0
R,3344,4095,4095,0,255,255,0
R,3345,4095,4095,0,255,255,0
R,3346,4095,4095,0,255,255,0
R,3347,4095,4095,0,255,255,0
R,3348,4095,4095,0,255,255,0
R,3349,4095,4095,0,255,255,0
R,3350,4095,4095,0,255,255,0
R,3351,4095,4095,0,255,255,0
R,3352,4095,4095,0,255,255,0
R,3353,4095,4095,0,255,255,0
R,3354,4095,4095,0,255,255,0
R,3355,4095,4095,0,255,255,0
R,3356,4095,4095,0,255,255,0
R,3357,4095,4095,0,255,255,0
R,3358,4095,4095,0,255,255,0
R,3359,4095,4095,0,255,255,0
R,3360,4095,4095,0,255,255,0
R,3361,4095,4095,0,255,255,0
R,3362,4095,4095,0,255,255,0
R,3363,4095,4095,0,255,255,0
R,3364,4095,4095,0,255,255,0
R,3365,4095,4095,0,255,255,0
R,3366,4095,4095,0,255,255,0
R,3367,4095,4095,0,255,255,0
R,3368,4095,4095,0,255,255,0
R,3369,4095,4095,0,255,255,0
R,3370,4095,4095,0,255,255,0
R,3371,4095,4095,0,255,255,0
R,3372,4095,4095,0,255,255,0
R,3373,4095,4095,0,255,255,0
R,3374,4095,4095,0,255,255,0
R,3375,4095,4095,0,255,255,0
R,3376,4095,4095,0,255,255,0
R,3377,4095,4095,0,255,255,0
R,3378,4095,4095,0,255,255,0
R,3379,4095,4095,0,255,255,0
R,3380,4095,4095,0,255,255,0
R,3381,4095,4095,0,255,255,0
R,3382,4095,4095,0,255,255,0
R,3383,4095,4095,0,255,255,0
R,3384,4095,4095,0,255,255,0
R,3385,4095,4095,0,255,255,0
R,3386,4095,4095,0,255,255,0
R,3387,4095,4095,0,255,255,0
R,3388,4095,4095,0,255,255,0
R,3389,4095,4095,0,255,255,0
R,3390,4095,4095,0,255,255,0
R,3391,4095,4095,0,255,255,0
R,3392,4095,4095,0,255,255,0
R,3393,4095,4095,0,255,255,0
R,3394,4095,4095,0,255,255,0
R,3395,4095,4095,0,255,255,0
R,3396,4095,4095,0,255,255,0
R,3397,4095,4095,0,255,255,0
R,3398,4095,4095,0,255,255,0
R,3399,4095,4095,0,255,255,0
R,3400,4095,4095,0,255,255,0
R,3401,4095,4095,0,255,255,0
R,3402,4095,4095,0,255,255,0
R,3403,4095,4095,0,255,255,0
R,3404,4095,4095,0,255,255,0
R,3405,4095,4095,0,255,255,0
R,3406,4095,4095,0,255,255,0
R,3407,4095,4095,0,255,255,0
R,3408,4095,4095,0,255,255,0
R,3409,4095,4095,0,255,255,0
R,3410,4095,4095,0,255,255,0
R,3411,4095,4095,0,255,255,0
R,3412,4095,4095,0,255,255,0
R,3413,4095,4095,0,255,255,0
R,3414,4095,4095,0,255,255,0
R,3415,4095,4095,0,255,255,0
R,3416,4095,4095,0,255,255,0
R,3417,4095,4095,0,255,255,0
R,3418,4095,4095,0,255,255,0
R,3419,4095,4095,0,255,255,0
R,3420,4095,4095,0,255,255,0
R,3421,4095,4095,0,255,255,0
R,3422,4095,4095,0,255,255,0
R,3423,4095,4095,0,255,255,0
R,3424,4095,4095,0,255,255,0
R,3425,4095,4095,0,255,255,0
R,3426,4095,4095,0,255,255,0
R,3427,4095,4095,0,255,255,0
R,3428,4095,4095,0,255,255,0
R,3429,4095,4095,0,255,255,0
R,3430,4095,4095,0,255,255,0
R,3431,4095,4095,0,255,255,0
R,3432,4095,4095,0,255,255,0
R,3433,4095,4095,0,255,255,0
R,3434,4095,4095,0,255,255,0
R,3435,4095,4095,0,255,255,0
R,3436,4095,4095,0,255,255,0
R,3437,4095,4095,0,255,255,0
R,3438,4095,4095,0,255,255,0
R,3439,4095,4095,0,255,255,0
R,3440,4095,4095,0,255,255,0
R,3441,4095,4095,0,255,255,0
R,3442,4095,4095,0,255,255,0
R,3443,4095,4095,0,255,255,0
R,3444,4095,4095,0,255,255,0
R,3445,4095,4095,0,255,255,0
R,3446,4095,4095,0,255,255,0
R,3447,4095,4095,0,255,255,0
R,3448,4095,4095,0,255,255,0
R,3449,4095,4095,0,255,255,0
R,3450,4095,4095,0,255,255,0
R,3451,4095,4095,0,255,255,0
R,3452,4095,4095,0,255,255,0
R,3453,4095,4095,0,255,255,0
R,3454,4095,4095,0,255,255,0
R,3455,4095,4095,0,255,255,0
R,3456,4095,4095,0,255,255,0
R,3457,4095,4095,0,255,255,0
R,3458,4095,4095,0,255,255,0
R,3459,4095,4095,0,255,255,0
R,3460,4095,4095,0,255,255,0
R,3461,4095,4095,0,255,255,0
R,3462,4095,4095,0,255,255,0
R,3463,4095,4095,0,255,255,0
R,3464,4095,4095,0,255,255,0
R,3465,4095,4095,0,255,255,0
R,3466,4095,4095,0,255,255,0
R,3467,4095,4095,0,255,255,0
R,3468,4095,4095,0,255,255,0
R,3469,4095,4095,0,255,255,0
R,3470,4095,4095,0,255,255,0
R,3471,4095,4095,0,255,255,0
R,3472,4095,4095,0,255,255,0
R,3473,4095,4095,0,255,255,0
R,3474,4095,4095,0,255,255,0
R,3475,4095,4095,0,255,255,0
R,3476,4095,4095,0,255,255,0
R,3477,4095,4095,0,255,255,0
R,3478,4095,4095,0,255,255,0
R,3479,4095,4095,0,255,255,0
R,3480,4095,4095,0,255,255,0
R,3481,4095,4095,0,255,255,0
R,3482,4095,4095,0,255,255,0
R,3483,4095,4095,0,255,255,0
R,3484,4095,4095,0,255,255,0
R,3485,4095,4095,0,255,255,0
R,3486,4095,4095,0,255,255,0
R,3487,4095,4095,0,255,255,0
R,3488,4095,4095,0,255,255,0
R,3489,4095,4095,0,255,255,0
R,3490,4095,4095,0,255,255,0
R,3491,4095,4095,0,255,255,0
R,3492,4095,4095,0,255,255,0
R,3493,4095,4095,0,255,255,0
R,3494,4095,4095,0,255,255,0
R,3495,4095,4095,0,255,255,0
R,3496,4095,4095,0,255,255,0
R,3497,4095,4095,0,255,255,0
R,3498,4095,4095,0,255,255,0
R,3499,4095,4095,0,255,255,0
R,3500,4095,4095,0,255,255,0
R,3501,4095,4095,0,255,255,0
R,3502,4095,4095,0,255,255,0
R,3503,4095,4095,0,255,255,0
R,3504,4095,4095,0,255,255,0
R,3505,4095,4095,0,255,255,0
R,3506,4095,4095,0,255,255,0
R,3507,4095,4095,0,255,255,0
R,3508,4095,4095,0,255,255,0
R,3509,4095,4095,0,255,255,0
R,3510,4095,4095,0,255,255,0
R,3511,4095,4095,0,255,255,0
R,3512,4095,4095,0,255,255,0
R,3513,4095,4095,0,255,255,0
R,3514,4095,4095,0,255,255,0
R,3515,4095,4095,0,255,255,0
R,3516,4095,4095,0,255,255,0
R,3517,4095,4095,0,255,255,0
R,3518,4095,4095,0,255,255,0
R,3519,4095,4095,0,255,255,0
R,3520,4095,4095,0,255,255,0
R,3521,4095,4095,0,255,255,0
R,3522,4095,4095,0,255,255,0
R,3523,4095,4095,0,255,255,0
R,3524,4095,4095,0,255,255,0
R,3525,4095,4095,0,255,255,0
R,3526,4095,4095,0,255,255,0
R,3527,4095,4095,0,255,255,0
R,3528,4095,4095,0,255,255,0
R,3529,4095,4095,0,255,255,0
R,3530,4095,4095,0,255,255,0
R,3531,4095,4095,0,255,255,0
R,3532,4095,4095,0,255,255,0
R,3533,4095,4095,0,255,255,0
R,3534,4095,4095,0,255,255,0
R,3535,4095,4095,0,255,255,0
R,3536,4095,4095,0,255,255,0
R,3537,4095,4095,0,255,255,0
R,3538,4095,4095,0,255,255,0
R,3539,4095,4095,0,255,255,0
R,3540,4095,4095,0,255,255,0
R,3541,4095,4095,0,255,255,0
R,3542,4095,4095,0,255,255,0
R,3543,4095,4095,0,255,255,0
R,3544,4095,4095,0,255,255,0
R,3545,4095,4095,0,255,255,0
R,3546,4095,4095,0,255,255,0
R,3547,4095,4095,0,255,255,0
R,3548,4095,4095,0,255,255,0
R,3549,4095,4095,0,255,255,0
R,3550,4095,4095,0,255,255,0
R,3551,4095,4095,0,255,255,0
R,3552,4095,4095,0,255,255,0
R,3553,4095,4095,0,255,255,0
R,3554,4095,4095,0,255,255,0
R,3555,4095,4095,0,255,255,0
R,3556,4095,4095,0,255,255,0
R,3557,4095,4095,0,255,255,0
R,3558,4095,4095,0,255,255,0
R,3559,4095,4095,0,255,255,0
R,3560,4095,4095,0,255,255,0
R,3561,4095,4095,0,255,255,0
R,3562,4095,4095,0,255,255,0
R,3563,4095,4095,0,255,255,0
R,3564,4095,4095,0,255,255,0
R,3565,4095,4095,0,255,255,0
R,3566,4095,4095,0,255,255,0
R,3567,4095,4095,0,255,255,0
R,3568,4095,4095,0,255,255,0
R,3569,4095,4095,0,255,255,0
R,3570,4095,4095,0,255,255,0
R,3571,4095,4095,0,255,255,0
R,3572,4095,4095,0,255,255,0
R,3573,4095,4095,0,255,255,0
R,3574,4095,4095,0,255,255,0
R,3575,4095,4095,0,255,255,0
R,3576,4095,4095,0,255,255,0
R,3577,4095,4095,0,255,255,0
R,3578,4095,4095,0,255,255,0
R,3579,4095,4095,0,255,255,0
R,3580,4095,4095,0,255,255,0
R,3581,4095,4095,0,255,255,0
R,3582,4095,4095,0,255,255,0
R,3583,4095,4095,0,255,255,0
R,3584,4095,4095,0,255,255,0
R,3585,4095,4095,0,255,255,0
R,3586,4095,4095,0,255,255,0
R,3587,4095,4095,0,255,255,0
R,3588,4095,4095,0,255,255,0
R,3589,4095,4095,0,255,255,0
R,3590,4095,4095,0,255,255,0
R,3591,4095,4095,0,255,255,0
R,3592,4095,4095,0,255,255,0
R,3593,4095,4095,0,255,255,0
R,3594,4095,4095,0,255,255,0
R,3595,4095,4095,0,255,255,0
R,3596,4095,4095,0,255,255,0
R,3597,4095,4095,0,255,255,0
R,3598,4095,4095,0,255,255,0
R,3599,4095,4095,0,255,255,0
R,3600,4095,4095,0,255,255,0
R,3601,4095,4095,0,255,255,0
R,3602,4095,4095,0,255,255,0
R,3603,4095,4095,0,255,255,0
R,3604,4095,4095,0,255,255,0
R,3605,4095,4095,0,255,255,0
R,3606,4095,4095,0,255,255,0
R,3607,4095,4095,0,255,255,0
R,3608,4095,4095,0,255,255,0
R,3609,4095,4095,0,255,255,0
R,3610,4095,4095,0,255,255,0
R,3611,4095,4095,0,255,255,0
R,3612,4095,4095,0,255,255,0
R,3613,4095,4095,0,255,255,0
R,3614,4095,4095,0,255,255,0
R,3615,4095,4095,0,255,255,0
R,3616,4095,4095,0,255,255,0
R,3617,4095,4095,0,255,255,0
R,3618,4095,4095,0,255,255,0
R,3619,4095,4095,0,255,255,0
R,3620,4095,4095,0,255,255,0
R,3621,4095,4095,0,255,255,0
R,3622,4095,4095,0,255,255,0
R,3623,4095,4095,0,255,255,0
R,3624,4095,4095,0,255,255,0
R,3625,4095,4095,0,255,255,0
R,3626,4095,4095,0,255,255,0
R,3627,4095,4095,0,255,255,0
R,3628,4095,4095,0,255,255,0
R,3629,4095,4095,0,255,255,0
R,3630,4095,4095,0,255,255,0
R,3631,4095,4095,0,255,255,0
R,3632,4095,4095,0,255,255,0
R,3633,4095,4095,0,255,255,0
R,3634,4095,4095,0,255,255,0
R,3635,4095,4095,0,255,255,0
R,3636,4095,4095,0,255,255,0
R,3637,4095,4095,0,255,255,0
R,3638,4095,4095,0,255,255,0
R,3639,4095,4095,0,255,255,0
R,3640,4095,4095,0,255,255,0
R,3641,4095,4095,0,255,255,0
R,3642,4095,4095,0,255,255,0
R,3643,4095,4095,0,255,255,0
R,3644,4095,4095,0,255,255,0
R,3645,4095,4095,0,255,255,0
R,3646,4095,4095,0,255,255,0
R,3647,4095,4095,0,255,255,0
R,3648,4095,4095,0,255,255,0
R,3649,4095,4095,0,255,255,0
R,3650,4095,4095,0,255,255,0
R,3651,4095,4095,0,255,255,0
R,3652,4095,4095,0,255,255,0
R,3653,4095,4095,0,255,255,0
R,3654,4095,4095,0,255,255,0
R,3655,4095,4095,0,255,255,0
R,3656,4095,4095,0,255,255,0
R,3657,4095,4095,0,255,255,0
R,3658,4095,4095,0,255,255,0
R,3659,4095,4095,0,255,255,0
R,3660,4095,4095,0,255,255,0
R,3661,4095,4095,0,255,255,0
R,3662,4095,4095,0,255,255,0
R,3663,4095,4095,0,255,255,0
R,3664,4095,4095,0,255,255,0
R,3665,4095,4095,0,255,255,0
R,3666,4095,4095,0,255,255,0
R,3667,4095,4095,0,255,255,0
R,3668,4095,4095,0,255,255,0
R,3669,4095,4095,0,255,255,0
R,3670,4095,4095,0,255,255,0
R,3671,4095,4095,0,255,255,0
R,3672,4095,4095,0,255,255,0
R,3673,4095,4095,0,255,255,0
R,3674,4095,4095,0,255,255,0
R,3675,4095,4095,0,255,255,0
R,3676,4095,4095,0,255,255,0
R,3677,4095,4095,0,255,255,0
R,3678,4095,4095,0,255,255,0
R,3679,4095,4095,0,255,255,0
R,3680,4095,4095,0,255,255,0
R,3681,4095,4095,0,255,255,0
R,3682,4095,4095,0,255,255,0
R,3683,4095,4095,0,255,255,0
R,3684,4095,4095,0,255,255,0
R,3685,4095,4095,0,255,255,0
R,3686,4095,4095,0,255,255,0
R,3687,4095,4095,0,255,255,0
R,3688,4095,4095,0,255,255,0
R,3689,4095,4095,0,255,255,0
R,3690,4095,4095,0,255,255,0
R,3691,4095,4095,0,255,255,0
R,3692,4095,4095,0,255,255,0
R,3693,4095,4095,0,255,255,0
R,3694,4095,4095,0,255,255,0
R,3695,4095,4095,0,255,255,0
R,3696,4095,4095,0,255,255,0
R,3697,4095,4095,0,255,255,0
R,3698,4095,4095,0,255,255,0
R,3699,4095,4095,0,255,255,0
R,3700,4095,4095,0,255,255,0
R,3701,4095,4095,0,255,255,0
R,3702,4095,4095,0,255,255,0
R,3703,4095,4095,0,255,255,0
R,3704,4095,4095,0,255,255,0
R,3705,4095,4095,0,255,255,0
R,3706,4095,4095,0,255,255,0
R,3707,4095,4095,0,255,255,0
R,3708,4095,4095,0,255,255,0
R,3709,4095,4095,0,255,255,0
R,3710,4095,4095,0,255,255,0
R,3711,4095,4095,0,255,255,0
R,3712,4095,4095,0,255,255,0
R,3713,4095,4095,0,255,255,0
R,3714,4095,4095,0,255,255,0
R,3715,4095,4095,0,255,255,0
R,3716,4095,4095,0,255,255,0
R,3717,4095,4095,0,255,255,0
R,3718,4095,4095,0,255,255,0
R,3719,4095,4095,0,255,255,0
R,3720,4095,4095,0,255,255,0
R,3721,4095,4095,0,255,255,0
R,3722,4095,4095,0,255,255,0
R,3723,4095,4095,0,255,255,0
R,3724,4095,4095,0,255,255,0
R,3725,4095,4095,0,255,255,0
R,3726,4095,4095,0,255,255,0
R,3727,4095,4095,0,255,255,0
R,3728,4095,4095,0,255,255,0
R,3729,4095,4095,0,255,255,0
R,3730,4095,4095,0,255,255,0
R,3731,4095,4095,0,255,255,0
R,3732,4095,4095,0,255,255,0
R,3733,4095,4095,0,255,255,0
R,3734,4095,4095,0,255,255,0
R,3735,4095,4095,0,255,255,0
R,3736,4095,4095,0,255,255,0
R,3737,4095,4095,0,255,255,0
R,3738,4095,4095,0,255,255,0
R,3739,4095,4095,0,255,255,0
R,3740,4095,4095,0,255,255,0
R,3741,4095,4095,0,255,255,0
R,3742,4095,4095,0,255,255,0
R,3743,4095,4095,0,255,255,0
R,3744,4095,4095,0,255,255,0
R,3745,4095,4095,0,255,255,0
R,3746,4095,4095,0,255,255,0
R,3747,4095,4095,0,255,255,0
R,3748,4095,4095,0,255,255,0
R,3749,4095,4095,0,255,255,0
R,3750,4095,4095,0,255,255,0
R,3751,4095,4095,0,255,255,0
R,3752,4095,4095,0,255,255,0
R,3753,4095,4095,0,255,255,0
R,3754,4095,4095,0,255,255,0
R,3755,4095,4095,0,255,255,0
R,3756,4095,4095,0,255,255,0
R,3757,4095,4095,0,255,255,0
R,3758,4095,4095,0,255,255,0
R,3759,4095,4095,0,255,255,0
R,3760,4095,4095,0,255,255,0
R,3761,4095,4095,0,255,255,0
R,3762,4095,4095,0,255,255,0
R,3763,4095,4095,0,255,255,0
R,3764,4095,4095,0,255,255,0
R,3765,4095,4095,0,255,255,0
R,3766,4095,4095,0,255,255,0
R,3767,4095,4095,0,255,255,0
R,3768,4095,4095,0,255,255,0
R,3769,4095,4095,0,255,255,0
R,3770,4095,4095,0,255,255,0
R,3771,4095,4095,0,255,255,0
R,3772,4095,4095,0,255,255,0
R,3773,4095,4095,0,255,255,0
R,3774,4095,4095,0,255,255,0
R,3775,4095,4095,0,255,255,0
R,3776,4095,4095,0,255,255,0
R,3777,4095,4095,0,255,255,0
R,3778,4095,4095,0,255,255,0
R,3779,4095,4095,0,255,255,0
R,3780,4095,4095,0,255,255,0
R,3781,4095,4095,0,255,255,0
R,3782,4095,4095,0,255,255,0
R,3783,4095,4095,0,255,255,0
R,3784,4095,4095,0,255,255,0
R,3785,4095,4095,0,255,255,0
R,3786,4095,4095,0,255,255,0
R,3787,4095,4095,0,255,255,0
R,3788,4095,4095,0,255,255,0
R,3789,4095,4095,0,255,255,0
R,3790,4095,4095,0,255,255,0
R,3791,4095,4095,0,255,255,0
R,3792,4095,4095,0,255,255,0
R,3793,4095,4095,0,255,255,0
R,3794,4095,4095,0,255,255,0
R,3795,4095,4095,0,255,255,0
R,3796,4095,4095,0,255,255,0
R,3797,4095,4095,0,255,255,0
R,3798,4095,4095,0,255,255,0
R,3799,4095,4095,0,255,255,0
R,3800,4095,4095,0,255,255,0
R,3801,4095,4095,0,255,255,0
R,3802,4095,4095,0,255,255,0
R,3803,4095,4095,0,255,255,0
R,3804,4095,4095,0,255,255,0
R,3805,4095,4095,0,255,255,0
R,3806,4095,4095,0,255,255,0
R,3807,4095,4095,0,255,255,0
R,3808,4095,4095,0,255,255,0
R,3809,4095,4095,0,255,255,0
R,3810,4095,4095,0,255,255,0
R,3811,4095,4095,0,255,255,0
R,3812,4095,4095,0,255,255,0
R,3813,4095,4095,0,255,255,0
R,3814,4095,4095,0,255,255,0
R,3815,4095,4095,0,255,255,0
R,3816,4095,4095,0,255,255,0
R,3817,4095,4095,0,255,255,0
R,3818,4095,4095,0,255,255,0
R,3819,4095,4095,0,255,255,0
R,3820,4095,4095,0,255,255,0
R,3821,4095,4095,0,255,255,0
R,3822,4095,4095,0,255,255,0
R,3823,4095,4095,0,255,255,0
R,3824,4095,4095,0,255,255,0
R,3825,4095,4095,0,255,255,0
R,3826,4095,4095,0,255,255,0
R,3827,4095,4095,0,255,255,0
R,3828,4095,4095,0,255,255,0
R,3829,4095,4095,0,255,255,0
R,3830,4095,4095,0,255,255,0
R,3831,4095,4095,0,255,255,0
R,3832,4095,4095,0,255,255,0
R,3833,4095,4095,0,255,255,0
R,3834,4095,4095,0,255,255,0
R,3835,4095,4095,0,255,255,0
R,3836,4095,4095,0,255,255,0
R,3837,4095,4095,0,255,255,0
R,3838,4095,4095,0,255,255,0
R,3839,4095,4095,0,255,255,0
R,3840,4095,4095,0,255,255,0
R,3841,4095,4095,0,255,255,0
R,3842,4095,4095,0,255,255,0
R,3843,4095,4095,0,255,255,0
R,3844,4095,4095,0,255,255,0
R,3845,4095,4095,0,255,255,0
R,3846,4095,4095,0,255,255,0
R,3847,4095,4095,0,255,255,0
R,3848,4095,4095,0,255,255,0
R,3849,4095,4095,0,255,255,0
R,3850,4095,4095,0,255,255,0
R,3851,4095,4095,0,255,255,0
R,3852,4095,4095,0,255,255,0
R,3853,4095,4095,0,255,255,0
R,3854,4095,4095,0,255,255,0
R,3855,4095,4095,0,255,255,0
R,3856,4095,4095,0,255,255,0
R,3857,4095,4095,0,255,255,0
R,3858,4095,4095,0,255,255,0
R,3859,4095,4095,0,255,255,0
R,3860,4095,4095,0,255,255,0
R,3861,4095,4095,0,255,255,0
R,3862,4095,4095,0,255,255,0
R,3863,4095,4095,0,255,255,0
R,3864,4095,4095,0,255,255,0
R,3865,4095,4095,0,255,255,0
R,3866,4095,4095,0,255,255,0
R,3867,4095,4095,0,255,255,0
R,3868,4095,4095,0,255,255,0
R,3869,4095,4095,0,255,255,0
R,3870,4095,4095,0,255,255,0
R,3871,4095,4095,0,255,255,0
R,3872,4095,4095,0,255,255,0
R,3873,4095,4095,0,255,255,0
R,3874,4095,4095,0,255,255,0
R,3875,4095,4095,0,255,255,0
R,3876,4095,4095,0,255,255,0
R,3877,4095,4095,0,255,255,0
R,3878,4095,4095,0,255,255,0
R,3879,4095,4095,0,255,255,0
R,3880,4095,4095,0,255,255,0
R,3881,4095,4095,0,255,255,0
R,3882,4095,4095,0,255,255,0
R,3883,4095,4095,0,255,255,0
R,3884,4095,4095,0,255,255,0
R,3885,4095,4095,0,255,255,0
R,3886,4095,4095,0,255,255,0
R,3887,4095,4095,0,255,255,0
R,3888,4095,4095,0,255,255,0
R,3889,4095,4095,0,255,255,0
R,3890,4095,4095,0,255,255,0
R,3891,4095,4095,0,255,255,0
R,3892,4095,4095,0,255,255,0
R,3893,4095,4095,0,255,255,0
R,3894,4095,4095,0,255,255,0
R,3895,4095,4095,0,255,255,0
R,3896,4095,4095,0,255,255,0
R,3897,4095,4095,0,255,255,0
R,3898,4095,4095,0,255,255,0
R,3899,4095,4095,0,255,255,0
R,3900,4095,4095,0,255,255,0
R,3901,4095,4095,0,255,255,0
R,3902,4095,4095,0,255,255,0
R,3903,4095,4095,0,255,255,0
R,3904,4095,4095,0,255,255,0
R,3905,4095,4095,0,255,255,0
R,3906,4095,4095,0,255,255,0
R,3907,4095,4095,0,255,255,0
R,3908,4095,4095,0,255,255,0
R,3909,4095,4095,0,255,255,0
R,3910,4095,4095,0,255,255,0
R,3911,4095,4095,0,255,255,0
R,3912,4095,4095,0,255,255,0
R,3913,4095,4095,0,255,255,0
R,3914,4095,4095,0,255,255,0
R,3915,4095,4095,0,255,255,0
R,3916,4095,4095,0,255,255,0
R,3917,4095,4095,0,255,255,0
R,3918,4095,4095,0,255,255,0
R,3919,4095,4095,0,255,255,0
R,3920,4095,4095,0,255,255,0
R,3921,4095,4095,0,255,255,0
R,3922,4095,4095,0,255,255,0
R,3923,4095,4095,0,255,255,0
R,3924,4095,4095,0,255,255,0
R,3925,4095,4095,0,255,255,0
R,3926,4095,4095,0,255,255,0
R,3927,4095,4095,0,255,255,0
R,3928,4095,4095,0,255,255,0
R,3929,4095,4095,0,255,255,0
R,3930,4095,4095,0,255,255,0
R,3931,4095,4095,0,255,255,0
R,3932,4095,4095,0,255,255,0
R,3933,4095,4095,0,255,255,0
R,3934,4095,4095,0,255,255,0
R,3935,4095,4095,0,255,255,0
R,3936,4095,4095,0,255,255,0
R,3937,4095,4095,0,255,255,0
R,3938,4095,4095,0,255,255,0
R,3939,4095,4095,0,255,255,0
R,3940,4095,4095,0,255,255,0
R,3941,4095,4095,0,255,255,0
R,3942,4095,4095,0,255,255,0
R,3943,4095,4095,0,255,255,0
R,3944,4095,4095,0,255,255,0
R,3945,4095,4095,0,255,255,0
R,3946,4095,4095,0,255,255,0
R,3947,4095,4095,0,255,255,0
R,3948,4095,4095,0,255,255,0
R,3949,4095,4095,0,255,255,0
R,3950,4095,4095,0,255,255,0
R,3951,4095,4095,0,255,255,0
R,3952,4095,4095,0,255,255,0
R,3953,4095,4095,0,255,255,0
R,3954,4095,4095,0,255,255,0
R,3955,4095,4095,0,255,255,0
R,3956,4095,4095,0,255,255,0
R,3957,4095,4095,0,255,255,0
R,3958,4095,4095,0,255,255,0
R,3959,4095,4095,0,255,255,0
R,3960,4095,4095,0,255,255,0
R,3961,4095,4095,0,255,255,0
R,3962,4095,4095,0,255,255,0
R,3963,4095,4095,0,255,255,0
R,3964,4095,4095,0,255,255,0
R,3965,4095,4095,0,255,255,0
R,3966,4095,4095,0,255,255,0
R,3967,4095,4095,0,255,255,0
R,3968,4095,4095,0,255,255,0
R,3969,4095,4095,0,255,255,0
R,3970,4095,4095,0,255,255,0
R,3971,4095,4095,0,255,255,0
R,3972,4095,4095,0,255,255,0
R,3973,4095,4095,0,255,255,0
R,3974,4095,4095,0,255,255,0
R,3975,4095,4095,0,255,255,0
R,3976,4095,4095,0,255,255,0
R,3977,4095,4095,0,255,255,0
R,3978,4095,4095,0,255,255,0
R,3979,4095,4095,0,255,255,0
R,3980,4095,4095,0,255,255,0
R,3981,4095,4095,0,255,255,0
R,3982,4095,4095,0,255,255,0
R,3983,4095,4095,0,255,255,0
R,3984,4095,4095,0,255,255,0
R,3985,4095,4095,0,255,255,0
R,3986,4095,4095,0,255,255,0
R,3987,4095,4095,0,255,255,0
R,3988,4095,4095,0,255,255,0
R,3989,4095,4095,0,255,255,0
R,3990,4095,4095,0,255,255,0
R,3991,4095,4095,0,255,255,0
R,3992,4095,4095,0,255,255,0
R,3993,4095,4095,0,255,255,0
R,3994,4095,4095,0,255,255,0
R,3995,4095,4095,0,255,255,0
R,3996,4095,4095,0,255,255,0
R,3997,4095,4095,0,255,255,0
R,3998,4095,4095,0,255,255,0
R,3999,4095,4095,0,255,255,0
R,4000,4095,4095,0,255,255,0
R,4001,4095,4095,0,255,255,0
R,4002,4095,4095,0,255,255,0
R,4003,4095,4095,0,255,255,0
R,4004,4095,4095,0,255,255,0
R,4005,4095,4095,0,255,255,0
R,4006,4095,4095,0,255,255,0
R,4007,4095,4095,0,255,255,0
R,4008,4095,4095,0,255,255,0
R,4009,4095,4095,0,255,255,0
R,4010,4095,4095,0,255,255,0
R,4011,4095,4095,0,255,255,0
R,4012,4095,4095,0,255,255,0
R,4013,4095,4095,0,255,255,0
R,4014,4095,4095,0,255,255,0
R,4015,4095,4095,0,255,255,0
R,4016,4095,4095,0,255,255,0
R,4017,4095,4095,0,255,255,0
R,4018,4095,4095,0,255,255,0
R,4019,4095,4095,0,255,255,0
R,4020,4095,4095,0,255,255,0
R,4021,4095,4095,0,255,255,0
R,4022,4095,4095,0,255,255,0
R,4023,4095,4095,0,255,255,0
R,4024,4095,4095,0,255,255,0
R,4025,4095,4095,0,255,255,0
R,4026,4095,4095,0,255,255,0
R,4027,4095,4095,0,255,255,0
R,4028,4095,4095,0,255,255,0
R,4029,4095,4095,0,255,255,0
R,4030,4095,4095,0,255,255,0
R,4031,4095,4095,0,255,255,0
R,4032,4095,4095,0,255,255,0
R,4033,4095,4095,0,255,255,0
R,4034,4095,4095,0,255,255,0
R,4035,4095,4095,0,255,255,0
R,4036,4095,4095,0,255,255,0
R,4037,4095,4095,0,255,255,0
R,4038,4095,4095,0,255,255,0
R,4039,4095,4095,0,255,255,0
R,4040,4095,4095,0,255,255,0
R,4041,4095,4095,0,255,255,0
R,4042,4095,4095,0,255,255,0
R,4043,4095,4095,0,255,255,0
R,4044,4095,4095,0,255,255,0
R,4045,4095,4095,0,255,255,0
R,4046,4095,4095,0,255,255,0
R,4047,4095,4095,0,255,255,0
R,4048,4095,4095,0,255,255,0
R,4049,4095,4095,0,255,255,0
R,4050,4095,4095,0,255,255,0
R,4051,4095,4095,0,255,255,0
R,4052,4095,4095,0,255,255,0
R,4053,4095,4095,0,255,255,0
R,4054,4095,4095,0,255,255,0
R,4055,4095,4095,0,255,255,0
R,4056,4095,4095,0,255,255,0
R,4057,4095,4095,0,255,255,0
R,4058,4095,4095,0,255,255,0
R,4059,4095,4095,0,255,255,0
R,4060,4095,4095,0,255,255,0
R,4061,4095,4095,0,255,255,0
R,4062,4095,4095,0,255,255,0
R,4063,4095,4095,0,255,255,0
R,4064,4095,4095,0,255,255,0
R,4065,4095,4095,0,255,255,0
R,4066,4095,4095,0,255,255,0
R,4067,4095,4095,0,255,255,0
R,4068,4095,4095,0,255,255,0
R,4069,4095,4095,0,255,255,0
R,4070,4095,4095,0,255,255,0
R,4071,4095,4095,0,255,255,0
R,4072,4095,4095,0,255,255,0
R,4073,4095,4095,0,255,255,0
R,4074,4095,4095,0,255,255,0
R,4075,4095,4095,0,255,255,0
R,4076,4095,4095,0,255,255,0
R,4077,4095,4095,0,255,255,0
R,4078,4095,4095,0,255,255,0
R,4079,4095,4095,0,255,255,0
R,4080,4095,4095,0,255,255,0
R,4081,4095,4095,0,255,255,0
R,4082,4095,4095,0,255,255,0
R,4083,4095,4095,0,255,255,0
R,4084,4095,4095,0,255,255,0
R,4085,4095,4095,0,255,255,0
R,4086,4095,4095,0,255,255,0
R,4087,4095,4095,0,255,255,0
R,4088,4095,4095,0,255,255,0
R,4089,4095,4095,0,255,255,0
R,4090,4095,4095,0,255,255,0
R,4091,4095,4095,0,255,255,0
R,4092,4095,4095,0,255,255,0
R,4093,4095,4095,0,255,255,0
R,4094,4095,4095,0,255,255,0
R,4095,4095,4095,0,255,255,0
G,0,0,0,0,0,0,0
G,1,2,2,0,0,0,0
G,2,4,4,0,0,0,0
G,3,6,6,0,0,0,0
G,4,8,8,0,0,0,0
G,5,10,10,0,0,0,0
G,6,12,12,0,0,0,0
G,7,14,14,0,0,0,0
G,8,16,16,0,1,1,0
G,9,18,18,0,1,1,0
G,10,20,20,0,1,1,0
G,11,22,22,0,1,1,0
G,12,24,24,0,1,1,0
G,13,26,26,0,1,1,0
G,14,28,28,0,1,1,0
G,15,30,30,0,1,1,0
G,16,32,32,0,2,2,0
G,17,34,34,0,2,2,0
G,18,36,36,0,2,2,0
G,19,38,38,0,2,2,0
G,20,40,40,0,2,2,0
G,21,42,42,0,2,2,0
G,22,44,44,0,2,2,0
G,23,46,46,0,2,2,0
G,24,48,48,0,3,3,0
G,25,50,50,0,3,3,0
G,26,52,52,0,3,3,0
G,27,54,54,0,3,3,0
G,28,56,56,0,3,3,0
G,29,58,58,0,3,3,0
G,30,60,60,0,3,3,0
G,31,62,62,0,3,3,0
G,32,64,64,0,4,4,0
G,33,66,66,0,4,4,0
G,34,68,68,0,4,4,0
G,35,70,70,0,4,4,0
G,36,72,72,0,4,4,0
G,37,74,74,0,4,4,0
G,38,76,76,0,4,4,0
G,39,78,78,0,4,4,0
G,40,80,80,0,5,5,0
G,41,82,82,0,5,5,0
G,42,84,84,0,5,5,0
G,43,86,86,0,5,5,0
G,44,88,88,0,5,5,0
G,45,90,90,0,5,5,0
G,46,92,92,0,5,5,0
G,47,94,94,0,5,5,0
G,48,96,96,0,6,6,0
G,49,98,98,0,6,6,0
G,50,100,100,0,6,6,0
G,51,102,102,0,6,6,0
G,52,104,104,0,6,6,0
G,53,106,106,0,6,6,0
G,54,108,108,0,6,6,0
G,55,110,110,0,6,6,0
G,56,112,112,0,7,7,0
G,57,114,114,0,7,7,0
G,58,116,116,0,7,7,0
G,59,118,118,0,7,7,0
G,60,120,120,0,7,7,0
G,61,122,122,0,7,7,0
G,62,124,124,0,7,7,0
G,63,126,126,0,7,7,0
G,64,128,128,0,8,8,0
G,65,130,130,0,8,8,0
G,66,132,132,0,8,8,0
G,67,134,134,0,8,8,0
G,68,136,136,0,8,8,0
G,69,138,138,0,8,8,0
G,70,140,140,0,8,8,0
G,71,142,142,0,8,8,0
G,72,144,144,0,9,9,0
G,73,146,146,0,9,9,0
G,74,148,148,0,9,9,0
G,75,150,150,0,9,9,0
G,76,152,152,0,9,9,0
G,77,154,154,0,9,9,0
G,78,156,156,0,9,9,0
G,79,158,158,0,9,9,0
G,80,160,160,0,10,10,0
G,81,162,162,0,10,10,0
G,82,164,164,0,10,10,0
G,83,166,166,0,10,10,0
G,84,168,168,0,10,10,0
G,85,170,170,0,10,10,0
G,86,172,172,0,10,10,0
G,87,174,174,0,10,10,0
G,88,176,176,0,11,11,0
G,89,178,178,0,11,11,0
G,90,180,180,0,11,11,0
G,91,182,182,0,11,11,0
G,92,184,184,0,11,11,0
G,93,186,186,0,11,11,0
G,94,188,188,0,11,11,0
G,95,190,190,0,11,11,0
G,96,192,192,0,12,12,0
G,97,194,194,0,12,12,0
G,98,196,196,0,12,12,0
G,99,198,198,0,12,12,0
G,100,200,200,0,12,12,0
G,101,202,202,0,12,12,0
G,102,204,204,0,12,12,0
G,103,206,206,0,12,12,0
G,104,208,208,0,13,13,0
G,105,210,210,0,13,13,0
G,106,212,212,0,13,13,0
G,107,214,214,0,13,13,0
G,108,216,216,0,13,13,0
G,109,218,218,0,13,13,0
G,110,220,220,0,13,13,0
G,111,222,222,0,13,13,0
G,112,224,224,0,14,14,0
G,113,226,226,0,14,14,0
G,114,228,228,0,14,14,0
G,115,230,230,0,14,14,0
G,116,232,232,0,14,14,0
G,117,234,234,0,14,14,0
G,118,236,236,0,14,14,0
G,119,238,238,0,14,14,0
G,120,240,240,0,15,15,0
G,121,242,242,0,15,15,0
G,122,244,244,0,15,15,0
G,123,246,246,0,15,15,0
G,124,248,248,0,15,15,0
G,125,250,250,0,15,15,0
G,126,252,252,0,15,15,0
G,127,254,254,0,15,15,0
G,128,256,256,0,16,16,0
G,129,258,258,0,16,16,0
G,130,260,260,0,16,16,0
G,131,262,262,0,16,16,0
G,132,264,264,0,16,16,0
G,133,266,266,0,16,16,0
G,134,268,268,0,16,16,0
G,135,270,270,0,16,16,0
G,136,272,272,0,17,17,0
G,137,274,274,0,17,17,0
G,138,276,276,0,17,17,0
G,139,278,278,0,17,17,0
G,140,280,280,0,17,17,0
G,141,282,282,0,17,17,0
G,142,284,284,0,17,17,0
G,143,286,286,0,17,17,0
G,144,288,288,0,18,18,0
G,145,290,290,0,18,18,0
G,146,292,292,0,18,18,0
G,147,294,294,0,18,18,0
G,148,296,296,0,18,18,0
G,149,298,298,0,18,18,0
G,150,300,300,0,18,18,0
G,151,302,302,0,18,18,0
G,152,304,304,0,19,19,0
G,153,306,306,0,19,19,0
G,154,308,308,0,19,19,0
G,155,310,310,0,19,19,0
G,156,312,312,0,19,19,0
G,157,314,314,0,19,19,0
G,158,316,316,0,19,19,0
G,159,318,318,0,19,19,0
G,160,320,320,0,20,20,0
G,161,322,322,0,20,20,0
G,162,324,324,0,20,20,0
G,163,326,326,0,20,20,0
G,164,328,328,0,20,20,0
G,165,330,330,0,20,20,0
G,166,332,332,0,20,20,0
G,167,334,334,0,20,20,0
G,168,336,336,0,21,21,0
G,169,338,338,0,21,21,0
G,170,340,340,0,21,21,0
G,171,342,342,0,21,21,0
G,172,344,344,0,21,21,0
G,173,346,346,0,21,21,0
G,174,348,348,0,21,21,0
G,175,350,350,0,21,21,0
G,176,352,352,0,22,22,0
G,177,354,354,0,22,22,0
G,178,356,356,0,22,22,0
G,179,358,358,0,22,22,0
G,180,360,360,0,22,22,0
G,181,362,362,0,22,22,0
G,182,364,364,0,22,22,0
G,183,366,366,0,22,22,0
G,184,368,368,0,23,23,0
G,185,370,370,0,23,23,0
G,186,372,372,0,23,23,0
G,187,374,374,0,23,23,0
G,188,376,376,0,23,23,0
G,189,378,378,0,23,23,0
G,190,380,380,0,23,23,0
G,191,382,382,0,23,23,0
G,192,384,384,0,24,24,0
G,193,386,386,0,24,24,0
G,194,388,388,0,24,24,0
G,195,390,390,0,24,24,0
G,196,392,392,0,24,24,0
G,197,394,394,0,24,24,0
G,198,396,396,0,24,24,0
G,199,398,398,0,24,24,0
G,200,400,400,0,25,25,0
G,201,402,402,0,25,25,0
G,202,404,404,0,25,25,0
G,203,406,406,0,25,25,0
G,204,408,408,0,25,25,0
G,205,410,410,0,25,25,0
G,206,412,412,0,25,25,0
G,207,414,414,0,25,25,0
G,208,416,416,0,26,26,0
G,209,418,418,0,26,26,0
G,210,420,420,0,26,26,0
G,211,422,422,0,26,26,0
G,212,424,424,0,26,26,0
G,213,426,426,0,26,26,0
G,214,428,428,0,26,26,0
G,215,430,430,0,26,26,0
G,216,432,432,0,27,27,0
G,217,434,434,0,27,27,0
G,218,436,436,0,27,27,0
G,219,438,438,0,27,27,0
G,220,440,440,0,27,27,0
G,221,442,442,0,27,27,0
G,222,444,444,0,27,27,0
G,223,446,446,0,27,27,0
G,224,448,448,0,28,28,0
G,225,450,450,0,28,28,0
G,226,452,452,0,28,28,0
G,227,454,454,0,28,28,0
G,228,456,456,0,28,28,0
G,229,458,458,0,28,28,0
G,230,460,460,0,28,28,0
G,231,462,462,0,28,28,0
G,232,464,464,0,29,29,0
G,233,466,466,0,29,29,0
G,234,468,468,0,29,29,0
G,235,470,470,0,29,29,0
G,236,472,472,0,29,29,0
G,237,474,474,0,29,29,0
G,238,476,476,0,29,29,0
G,239,478,478,0,29,29,0
G,240,480,480,0,30,30,0
G,241,482,482,0,30,30,0
G,242,484,484,0,30,30,0
G,243,486,486,0,30,30,0
G,244,488,488,0,30,30,0
G,245,490,490,0,30,30,0
G,246,492,492,0,30,30,0
G,247,494,494,0,30,30,0
G,248,496,496,0,31,31,0
G,249,498,498,0,31,31,0
G,250,500,500,0,31,31,0
G,251,502,502,0,31,31,0
G,252,504,504,0,31,31,0
G,253,506,506,0,31,31,0
G,254,508,508,0,31,31,0
G,255,510,510,0,31,31,0
G,256,512,512,0,32,32,0
G,257,514,514,0,32,32,0
G,258,516,516,0,32,32,0
G,259,518,518,0,32,32,0
G,260,520,520,0,32,32,0
G,261,522,522,0,32,32,0
G,262,524,524,0,32,32,0
G,263,526,526,0,32,32,0
G,264,528,528,0,33,33,0
G,265,530,530,0,33,33,0
G,266,532,532,0,33,33,0
G,267,534,534,0,33,33,0
G,268,536,536,0,33,33,0
G,269,538,538,0,33,33,0
G,270,540,540,0,33,33,0
G,271,542,542,0,33,33,0
G,272,544,544,0,34,34,0
G,273,546,546,0,34,34,0
G,274,548,548,0,34,34,0
G,275,550,550,0,34,34,0
G,276,552,552,0,34,34,0
G,277,554,554,0,34,34,0
G,278,556,556,0,34,34,0
G,279,558,558,0,34,34,0
G,280,560,560,0,35,35,0
G,281,562,562,0,35,35,0
G,282,564,564,0,35,35,0
G,283,566,566,0,35,35,0
G,284,568,568,0,35,35,0
G,285,570,570,0,35,35,0
G,286,572,572,0,35,35,0
G,287,574,574,0,35,35,0
G,288,576,576,0,36,36,0
G,289,578,578,0,36,36,0
G,290,580,580,0,36,36,0
G,291,582,582,0,36,36,0
G,292,584,584,0,36,36,0
G,293,586,586,0,36,36,0
G,294,588,588,0,36,36,0
G,295,590,590,0,36,36,0
G,296,592,592,0,37,37,0
G,297,594,594,0,37,37,0
G,298,596,596,0,37,37,0
G,299,598,598,0,37,37,0
G,300,600,600,0,37,37,0
G,301,602,602,0,37,37,0
G,302,604,604,0,37,37,0
G,303,606,606,0,37,37,0
G,304,608,608,0,38,38,0
G,305,610,610,0,38,38,0
G,306,612,612,0,38,38,0
G,307,614,614,0,38,38,0
G,308,616,616,0,38,38,0
G,309,618,618,0,38,38,0
G,310,620,620,0,38,38,0
G,311,622,622,0,38,38,0
G,312,624,624,0,39,39,0
G,313,626,626,0,39,39,0
G,314,628,628,0,39,39,0
G,315,630,630,0,39,39,0
G,316,632,632,0,39,39,0
G,317,634,634,0,39,39,0
G,318,636,636,0,39,39,0
G,319,638,638,0,39,39,0
G,320,640,640,0,40,40,0
G,321,642,642,0,40,40,0
G,322,644,644,0,40,40,0
G,323,646,646,0,40,40,0
G,324,648,648,0,40,40,0
G,325,650,650,0,40,40,0
G,326,652,652,0,40,40,0
G,327,654,654,0,40,40,0
G,328,656,656,0,41,41,0
G,329,658,658,0,41,41,0
G,330,660,660,0,41,41,0
G,331,662,662,0,41,41,0
G,332,664,664,0,41,41,0
G,333,666,666,0,41,41,0
G,334,668,668,0,41,41,0
G,335,670,670,0,41,41,0
G,336,672,672,0,42,42,0
G,337,674,674,0,42,42,0
G,338,676,676,0,42,42,0
G,339,678,678,0,42,42,0
G,340,680,680,0,42,42,0
G,341,682,682,0,42,42,0
G,342,684,684,0,42,42,0
G,343,686,686,0,42,42,0
G,344,688,688,0,43,43,0
G,345,690,690,0,43,43,0
G,346,692,692,0,43,43,0
G,347,694,694,0,43,43,0
G,348,696,696,0,43,43,0
G,349,698,698,0,43,43,0
G,350,700,700,0,43,43,0
G,351,702,702,0,43,43,0
G,352,704,704,0,44,44,0
G,353,706,706,0,44,44,0
G,354,708,708,0,44,44,0
G,355,710,710,0,44,44,0
G,356,712,712,0,44,44,0
G,357,714,714,0,44,44,0
G,358,716,716,0,44,44,0
G,359,718,718,0,44,44,0
G,360,720,720,0,45,45,0
G,361,722,722,0,45,45,0
G,362,724,724,0,45,45,0
G,363,726,726,0,45,45,0
G,364,728,728,0,45,45,0
G,365,730,730,0,45,45,0
G,366,732,732,0,45,45,0
G,367,734,734,0,45,45,0
G,368,736,736,0,46,46,0
G,369,738,738,0,46,46,0
G,370,740,740,0,46,46,0
G,371,742,742,0,46,46,0
G,372,744,744,0,46,46,0
G,373,746,746,0,46,46,0
G,374,748,748,0,46,46,0
G,375,750,750,0,46,46,0
G,376,752,752,0,47,47,0
G,377,754,754,0,47,47,0
G,378,756,756,0,47,47,0
G,379,758,758,0,47,47,0
G,380,760,760,0,47,47,0
G,381,762,762,0,47,47,0
G,382,764,764,0,47,47,0
G,383,766,766,0,47,47,0
G,384,768,768,0,48,48,0
G,385,770,770,0,48,48,0
G,386,772,772,0,48,48,0
G,387,774,774,0,48,48,0
G,388,776,776,0,48,48,0
G,389,778,778,0,48,48,0
G,390,780,780,0,48,48,0
G,391,782,782,0,48,48,0
G,392,784,784,0,49,49,0
G,393,786,786,0,49,49,0
G,394,788,788,0,49,49,0
G,395,790,790,0,49,49,0
G,396,792,792,0,49,49,0
G,397,794,794,0,49,49,0
G,398,796,796,0,49,49,0
G,399,798,798,0,49,49,0
G,400,800,800,0,50,50,0
G,401,802,802,0,50,50,0
G,402,804,804,0,50,50,0
G,403,806,806,0,50,50,0
G,404,808,808,0,50,50,0
G,405,810,810,0,50,50,0
G,406,812,812,0,50,50,0
G,407,814,814,0,50,50,0
G,408,816,816,0,51,51,0
G,409,818,818,0,51,51,0
G,410,820,820,0,51,51,0
G,411,822,822,0,51,51,0
G,412,824,824,0,51,51,0
G,413,826,826,0,51,51,0
G,414,828,828,0,51,51,0
G,415,830,830,0,51,51,0
G,416,832,832,0,52,52,0
G,417,834,834,0,52,52,0
G,418,836,836,0,52,52,0
G,419,838,838,0,52,52,0
G,420,840,840,0,52,52,0
G,421,842,842,0,52,52,0
G,422,844,844,0,52,52,0
G,423,846,846,0,52,52,0
G,424,848,848,0,53,53,0
G,425,850,850,0,53,53,0
G,426,852,852,0,53,53,0
G,427,854,854,0,53,53,0
G,428,856,856,0,53,53,0
G,429,858,858,0,53,53,0
G,430,860,860,0,53,53,0
G,431,862,862,0,53,53,0
G,432,864,864,0,54,54,0
G,433,866,866,0,54,54,0
G,434,868,868,0,54,54,0
G,435,870,870,0,54,54,0
G,436,872,872,0,54,54,0
G,437,874,874,0,54,54,0
G,438,876,876,0,54,54,0
G,439,878,878,0,54,54,0
G,440,880,880,0,55,55,0
G,441,882,882,0,55,55,0
G,442,884,884,0,55,55,0
G,443,886,886,0,55,55,0
G,444,888,888,0,55,55,0
G,445,890,890,0,55,55,0
G,446,892,892,0,55,55,0
G,447,894,894,0,55,55,0
G,448,896,896,0,56,56,0
G,449,898,898,0,56,56,0
G,450,900,900,0,56,56,0
G,451,902,902,0,56,56,0
G,452,904,904,0,56,56,0
G,453,906,906,0,56,56,0
G,454,908,908,0,56,56,0
G,455,910,910,0,56,56,0
G,456,912,912,0,57,57,0
G,457,914,914,0,57,57,0
G,458,916,916,0,57,57,0
G,459,918,918,0,57,57,0
G,460,920,920,0,57,57,0
G,461,922,922,0,57,57,0
G,462,924,924,0,57,57,0
G,463,926,926,0,57,57,0
G,464,928,928,0,58,58,0
G,465,930,930,0,58,58,0
G,466,932,932,0,58,58,0
G,467,934,934,0,58,58,0
G,468,936,936,0,58,58,0
G,469,938,938,0,58,58,0
G,470,940,940,0,58,58,0
G,471,942,942,0,58,58,0
G,472,944,944,0,59,59,0
G,473,946,946,0,59,59,0
G,474,948,948,0,59,59,0
G,475,950,950,0,59,59,0
G,476,952,952,0,59,59,0
G,477,954,954,0,59,59,0
G,478,956,956,0,59,59,0
G,479,958,958,0,59,59,0
G,480,960,960,0,60,60,0
G,481,962,962,0,60,60,0
G,482,964,964,0,60,60,0
G,483,966,966,0,60,60,0
G,484,968,968,0,60,60,0
G,485,970,970,0,60,60,0
G,486,972,972,0,60,60,0
G,487,974,974,0,60,60,0
G,488,976,976,0,61,61,0
G,489,978,978,0,61,61,0
G,490,980,980,0,61,61,0
G,491,982,982,0,61,61,0
G,492,984,984,0,61,61,0
G,493,986,986,0,61,61,0
G,494,988,988,0,61,61,0
G,495,990,990,0,61,61,0
G,496,992,992,0,62,62,0
G,497,994,994,0,62,62,0
G,498,996,996,0,62,62,0
G,499,998,998,0,62,62,0
G,500,1000,1000,0,62,62,0
G,501,1002,1002,0,62,62,0
G,502,1004,1004,0,62,62,0
G,503,1006,1006,0,62,62,0
G,504,1008,1008,0,63,63,0
G,505,1010,1010,0,63,63,0
G,506,1012,1012,0,63,63,0
G,507,1014,1014,0,63,63,0
G,508,1016,1016,0,63,63,0
G,509,1018,1018,0,63,63,0
G,510,1020,1020,0,63,63,0
G,511,1022,1022,0,63,63,0
G,512,1024,1024,0,64,64,0
G,513,1026,1026,0,64,64,0
G,514,1028,1028,0,64,64,0
G,515,1030,1030,0,64,64,0
G,516,1032,1032,0,64,64,0
G,517,1034,1034,0,64,64,0
G,518,1036,1036,0,64,64,0
G,519,1038,1038,0,64,64,0
G,520,1040,1040,0,65,65,0
G,521,1042,1042,0,65,65,0
G,522,1044,1044,0,65,65,0
G,523,1046,1046,0,65,65,0
G,524,1048,1048,0,65,65,0
G,525,1050,1050,0,65,65,0
G,526,1052,1052,0,65,65,0
G,527,1054,1054,0,65,65,0
G,528,1056,1056,0,66,66,0
G,529,1058,1058,0,66,66,0
G,530,1060,1060,0,66,66,0
G,531,1062,1062,0,66,66,0
G,532,1064,1064,0,66,66,0
G,533,1066,1066,0,66,66,0
G,534,1068,1068,0,66,66,0
G,535,1070,1070,0,66,66,0
G,536,1072,1072,0,67,67,0
G,537,1074,1074,0,67,67,0
G,538,1076,1076,0,67,67,0
G,539,1078,1078,0,67,67,0
G,540,1080,1080,0,67,67,0
G,541,1082,1082,0,67,67,0
G,542,1084,1084,0,67,67,0
G,543,1086,1086,0,67,67,0
G,544,1088,1088,0,68,68,0
G,545,1090,1090,0,68,68,0
G,546,1092,1092,0,68,68,0
G,547,1094,1094,0,68,68,0
G,548,1096,1096,0,68,68,0
G,549,1098,1098,0,68,68,0
G,550,1100,1100,0,68,68,0
G,551,1102,1102,0,68,68,0
G,552,1104,1104,0,69,69,0
G,553,1106,1106,0,69,69,0
G,554,1108,1108,0,69,69,0
G,555,1110,1110,0,69,69,0
G,556,1112,1112,0,69,69,0
G,557,1114,1114,0,69,69,0
G,558,1116,1116,0,69,69,0
G,559,1118,1118,0,69,69,0
G,560,1120,1120,0,70,70,0
G,561,1122,1122,0,70,70,0
G,562,1124,1124,0,70,70,0
G,563,1126,1126,0,70,70,0
G,564,1128,1128,0,70,70,0
G,565,1130,1130,0,70,70,0
G,566,1132,1132,0,70,70,0
G,567,1134,1134,0,70,70,0
G,568,1136,1136,0,71,71,0
G,569,1138,1138,0,71,71,0
G,570,1140,1140,0,71,71,0
G,571,1142,1142,0,71,71,0
G,572,1144,1144,0,71,71,0
G,573,1146,1146,0,71,71,0
G,574,1148,1148,0,71,71,0
G,575,1150,1150,0,71,71,0
G,576,1152,1152,0,72,72,0
G,577,1154,1154,0,72,72,0
G,578,1156,1156,0,72,72,0
G,579,1158,1158,0,72,72,0
G,580,1160,1160,0,72,72,0
G,581,1162,1162,0,72,72,0
G,582,1164,1164,0,72,72,0
G,583,1166,1166,0,72,72,0
G,584,1168,1168,0,73,73,0
G,585,1170,1170,0,73,73,0
G,586,1172,1172,0,73,73,0
G,587,1174,1174,0,73,73,0
G,588,1176,1176,0,73,73,0
G,589,1178,1178,0,73,73,0
G,590,1180,1180,0,73,73,0
G,591,1182,1182,0,73,73,0
G,592,1184,1184,0,74,74,0
G,593,1186,1186,0,74,74,0
G,594,1188,1188,0,74,74,0
G,595,1190,1190,0,74,74,0
G,596,1192,1192,0,74,74,0
G,597,1194,1194,0,74,74,0
G,598,1196,1196,0,74,74,0
G,599,1198,1198,0,74,74,0
G,600,1200,1200,0,75,75,0
G,601,1202,1202,0,75,75,0
G,602,1204,1204,0,75,75,0
G,603,1206,1206,0,75,75,0
G,604,1208,1208,0,75,75,0
G,605,1210,1210,0,75,75,0
G,606,1212,1212,0,75,75,0
G,607,1214,1214,0,75,75,0
G,608,1216,1216,0,76,76,0
G,609,1218,1218,0,76,76,0
G,610,1220,1220,0,76,76,0
G,611,1222,1222,0,76,76,0
G,612,1224,1224,0,76,76,0
G,613,1226,1226,0,76,76,0
G,614,1228,1228,0,76,76,0
G,615,1230,1230,0,76,76,0
G,616,1232,1232,0,77,77,0
G,617,1234,1234,0,77,77,0
G,618,1236,1236,0,77,77,0
G,619,1238,1238,0,77,77,0
G,620,1240,1240,0,77,77,0
G,621,1242,1242,0,77,77,0
G,622,1244,1244,0,77,77,0
G,623,1246,1246,0,77,77,0
G,624,1248,1248,0,78,78,0
G,625,1250,1250,0,78,78,0
G,626,1252,1252,0,78,78,0
G,627,1254,1254,0,78,78,0
G,628,1256,1256,0,78,78,0
G,629,1258,1258,0,78,78,0
G,630,1260,1260,0,78,78,0
G,631,1262,1262,0,78,78,0
G,632,1264,1264,0,79,79,0
G,633,1266,1266,0,79,79,0
G,634,1268,1268,0,79,79,0
G,635,1270,1270,0,79,79,0
G,636,1272,1272,0,79,79,0
G,637,1274,1274,0,79,79,0
G,638,1276,1276,0,79,79,0
G,639,1278,1278,0,79,79,0
G,640,1280,1280,0,80,80,0
G,641,1282,1282,0,80,80,0
G,642,1284,1284,0,80,80,0
G,643,1286,1286,0,80,80,0
G,644,1288,1288,0,80,80,0
G,645,1290,1290,0,80,80,0
G,646,1292,1292,0,80,80,0
G,647,1294,1294,0,80,80,0
G,648,1296,1296,0,81,81,0
G,649,1298,1298,0,81,81,0
G,650,1300,1300,0,81,81,0
G,651,1302,1302,0,81,81,0
G,652,1304,1304,0,81,81,0
G,653,1306,1306,0,81,81,0
G,654,1308,1308,0,81,81,0
G,655,1310,1310,0,81,81,0
G,656,1312,1312,0,82,82,0
G,657,1314,1314,0,82,82,0
G,658,1316,1316,0,82,82,0
G,659,1318,1318,0,82,82,0
G,660,1320,1320,0,82,82,0
G,661,1322,1322,0,82,82,0
G,662,1324,1324,0,82,82,0
G,663,1326,1326,0,82,82,0
G,664,1328,1328,0,83,83,0
G,665,1330,1330,0,83,83,0
G,666,1332,1332,0,83,83,0
G,667,1334,1334,0,83,83,0
G,668,1336,1336,0,83,83,0
G,669,1338,1338,0,83,83,0
G,670,1340,1340,0,83,83,0
G,671,1342,1342,0,83,83,0
G,672,1344,1344,0,84,84,0
G,673,1346,1346,0,84,84,0
G,674,1348,1348,0,84,84,0
G,675,1350,1350,0,84,84,0
G,676,1352,1352,0,84,84,0
G,677,1354,1354,0,84,84,0
G,678,1356,1356,0,84,84,0
G,679,1358,1358,0,84,84,0
G,680,1360,1360,0,85,85,0
G,681,1362,1362,0,85,85,0
G,682,1364,1364,0,85,85,0
G,683,1366,1366,0,85,85,0
G,684,1368,1368,0,85,85,0
G,685,1370,1370,0,85,85,0
G,686,1372,1372,0,85,85,0
G,687,1374,1374,0,85,85,0
G,688,1376,1376,0,86,86,0
G,689,1378,1378,0,86,86,0
G,690,1380,1380,0,86,86,0
G,691,1382,1382,0,86,86,0
G,692,1384,1384,0,86,86,0
G,693,1386,1386,0,86,86,0
G,694,1388,1388,0,86,86,0
G,695,1390,1390,0,86,86,0
G,696,1392,1392,0,87,87,0
G,697,1394,1394,0,87,87,0
G,698,1396,1396,0,87,87,0
G,699,1398,1398,0,87,87,0
G,700,1400,1400,0,87,87,0
G,701,1402,1402,0,87,87,0
G,702,1404,1404,0,87,87,0
G,703,1406,1406,0,87,87,0
G,704,1408,1408,0,88,88,0
G,705,1410,1410,0,88,88,0
G,706,1412,1412,0,88,88,0
G,707,1414,1414,0,88,88,0
G,708,1416,1416,0,88,88,0
G,709,1418,1418,0,88,88,0
G,710,1420,1420,0,88,88,0
G,711,1422,1422,0,88,88,0
G,712,1424,1424,0,89,89,0
G,713,1426,1426,0,89,89,0
G,714,1428,1428,0,89,89,0
G,715,1430,1430,0,89,89,0
G,716,1432,1432,0,89,89,0
G,717,1434,1434,0,89,89,0
G,718,1436,1436,0,89,89,0
G,719,1438,1438,0,89,89,0
G,720,1440,1440,0,90,90,0
G,721,1442,1442,0,90,90,0
G,722,1444,1444,0,90,90,0
G,723,1446,1446,0,90,90,0
G,724,1448,1448,0,90,90,0
G,725,1450,1450,0,90,90,0
G,726,1452,1452,0,90,90,0
G,727,1454,1454,0,90,90,0
G,728,1456,1456,0,91,91,0
G,729,1458,1458,0,91,91,0
G,730,1460,1460,0,91,91,0
G,731,1462,1462,0,91,91,0
G,732,1464,1464,0,91,91,0
G,733,1466,1466,0,91,91,0
G,734,1468,1468,0,91,91,0
G,735,1470,1470,0,91,91,0
G,736,1472,1472,0,92,92,0
G,737,1474,1474,0,92,92,0
G,738,1476,1476,0,92,92,0
G,739,1478,1478,0,92,92,0
G,740,1480,1480,0,92,92,0
G,741,1482,1482,0,92,92,0
G,742,1484,1484,0,92,92,0
G,743,1486,1486,0,92,92,0
G,744,1488,1488,0,93,93,0
G,745,1490,1490,0,93,93,0
G,746,1492,1492,0,93,93,0
G,747,1494,1494,0,93,93,0
G,748,1496,1496,0,93,93,0
G,749,1498,1498,0,93,93,0
G,750,1500,1500,0,93,93,0
G,751,1502,1502,0,93,93,0
G,752,1504,1504,0,94,94,0
G,753,1506,1506,0,94,94,0
G,754,1508,1508,0,94,94,0
G,755,1510,1510,0,94,94,0
G,756,1512,1512,0,94,94,0
G,757,1514,1514,0,94,94,0
G,758,1516,1516,0,94,94,0
G,759,1518,1518,0,94,94,0
G,760,1520,1520,0,95,95,0
G,761,1522,1522,0,95,95,0
G,762,1524,1524,0,95,95,0
G,763,1526,1526,0,95,95,0
G,764,1528,1528,0,95,95,0
G,765,1530,1530,0,95,95,0
G,766,1532,1532,0,95,95,0
G,767,1534,1534,0,95,95,0
G,768,1536,1536,0,96,96,0
G,769,1538,1538,0,96,96,0
G,770,1540,1540,0,96,96,0
G,771,1542,1542,0,96,96,0
G,772,1544,1544,0,96,96,0
G,773,1546,1546,0,96,96,0
G,774,1548,1548,0,96,96,0
G,775,1550,1550,0,96,96,0
G,776,1552,1552,0,97,97,0
G,777,1554,1554,0,97,97,0
G,778,1556,1556,0,97,97,0
G,779,1558,1558,0,97,97,0
G,780,1560,1560,0,97,97,0
G,781,1562,1562,0,97,97,0
G,782,1564,1564,0,97,97,0
G,783,1566,1566,0,97,97,0
G,784,1568,1568,0,98,98,0
G,785,1570,1570,0,98,98,0
G,786,1572,1572,0,98,98,0
G,787,1574,1574,0,98,98,0
G,788,1576,1576,0,98,98,0
G,789,1578,1578,0,98,98,0
G,790,1580,1580,0,98,98,0
G,791,1582,1582,0,98,98,0
G,792,1584,1584,0,99,99,0
G,793,1586,1586,0,99,99,0
G,794,1588,1588,0,99,99,0
G,795,1590,1590,0,99,99,0
G,796,1592,1592,0,99,99,0
G,797,1594,1594,0,99,99,0
G,798,1596,1596,0,99,99,0
G,799,1598,1598,0,99,99,0
G,800,1600,1600,0,100,100,0
G,801,1602,1602,0,100,100,0
G,802,1604,1604,0,100,100,0
G,803,1606,1606,0,100,100,0
G,804,1608,1608,0,100,100,0
G,805,1610,1610,0,100,100,0
G,806,1612,1612,0,100,100,0
G,807,1614,1614,0,100,100,0
G,808,1616,1616,0,101,101,0
G,809,1618,1618,0,101,101,0
G,810,1620,1620,0,101,101,0
G,811,1622,1622,0,101,101,0
G,812,1624,1624,0,101,101,0
G,813,1626,1626,0,101,101,0
G,814,1628,1628,0,101,101,0
G,815,1630,1630,0,101,101,0
G,816,1632,1632,0,102,102,0
G,817,1634,1634,0,102,102,0
G,818,1636,1636,0,102,102,0
G,819,1638,1638,0,102,102,0
G,820,1640,1640,0,102,102,0
G,821,1642,1642,0,102,102,0
G,822,1644,1644,0,102,102,0
G,823,1646,1646,0,102,102,0
G,824,1648,1648,0,103,103,0
G,825,1650,1650,0,103,103,0
G,826,1652,1652,0,103,103,0
G,827,1654,1654,0,103,103,0
G,828,1656,1656,0,103,103,0
G,829,1658,1658,0,103,103,0
G,830,1660,1660,0,103,103,0
G,831,1662,1662,0,103,103,0
G,832,1664,1664,0,104,104,0
G,833,1666,1666,0,104,104,0
G,834,1668,1668,0,104,104,0
G,835,1670,1670,0,104,104,0
G,836,1672,1672,0,104,104,0
G,837,1674,1674,0,104,104,0
G,838,1676,1676,0,104,104,0
G,839,1678,1678,0,104,104,0
G,840,1680,1680,0,105,105,0
G,841,1682,1682,0,105,105,0
G,842,1684,1684,0,105,105,0
G,843,1686,1686,0,105,105,0
G,844,1688,1688,0,105,105,0
G,845,1690,1690,0,105,105,0
G,846,1692,1692,0,105,105,0
G,847,1694,1694,0,105,105,0
G,848,1696,1696,0,106,106,0
G,849,1698,1698,0,106,106,0
G,850,1700,1700,0,106,106,0
G,851,1702,1702,0,106,106,0
G,852,1704,1704,0,106,106,0
G,853,1706,1706,0,106,106,0
G,854,1708,1708,0,106,106,0
G,855,1710,1710,0,106,106,0
G,856,1712,1712,0,107,107,0
G,857,1714,1714,0,107,107,0
G,858,1716,1716,0,107,107,0
G,859,1718,1718,0,107,107,0
G,860,1720,1720,0,107,107,0
G,861,1722,1722,0,107,107,0
G,862,1724,1724,0,107,107,0
G,863,1726,1726,0,107,107,0
G,864,1728,1728,0,108,108,0
G,865,1730,1730,0,108,108,0
G,866,1732,1732,0,108,108,0
G,867,1734,1734,0,108,108,0
G,868,1736,1736,0,108,108,0
G,869,1738,1738,0,108,108,0
G,870,1740,1740,0,108,108,0
G,871,1742,1742,0,108,108,0
G,872,1744,1744,0,109,109,0
G,873,1746,1746,0,109,109,0
G,874,1748,1748,0,109,109,0
G,875,1750,1750,0,109,109,0
G,876,1752,1752,0,109,109,0
G,877,1754,1754,0,109,109,0
G,878,1756,1756,0,109,109,0
G,879,1758,1758,0,109,109,0
G,880,1760,1760,0,110,110,0
G,881,1762,1762,0,110,110,0
G,882,1764,1764,0,110,110,0
G,883,1766,1766,0,110,110,0
G,884,1768,1768,0,110,110,0
G,885,1770,1770,0,110,110,0
G,886,1772,1772,0,110,110,0
G,887,1774,1774,0,110,110,0
G,888,1776,1776,0,111,111,0
G,889,1778,1778,0,111,111,0
G,890,1780,1780,0,111,111,0
G,891,1782,1782,0,111,111,0
G,892,1784,1784,0,111,111,0
G,893,1786,1786,0,111,111,0
G,894,1788,1788,0,111,111,0
G,895,1790,1790,0,111,111,0
G,896,1792,1792,0,112,112,0
G,897,1794,1794,0,112,112,0
G,898,1796,1796,0,112,112,0
G,899,1798,1798,0,112,112,0
G,900,1800,1800,0,112,112,0
G,901,1802,1802,0,112,112,0
G,902,1804,1804,0,112,112,0
G,903,1806,1806,0,112,112,0
G,904,1808,1808,0,113,113,0
G,905,1810,1810,0,113,113,0
G,906,1812,1812,0,113,113,0
G,907,1814,1814,0,113,113,0
G,908,1816,1816,0,113,113,0
G,909,1818,1818,0,113,113,0
G,910,1820,1820,0,113,113,0
G,911,1822,1822,0,113,113,0
G,912,1824,1824,0,114,114,0
G,913,1826,1826,0,114,114,0
G,914,1828,1828,0,114,114,0
G,915,1830,1830,0,114,114,0
G,916,1832,1832,0,114,114,0
G,917,1834,1834,0,114,114,0
G,918,1836,1836,0,114,114,0
G,919,1838,1838,0,114,114,0
G,920,1840,1840,0,115,115,0
G,921,1842,1842,0,115,115,0
G,922,1844,1844,0,115,115,0
G,923,1846,1846,0,115,115,0
G,924,1848,1848,0,115,115,0
G,925,1850,1850,0,115,115,0
G,926,1852,1852,0,115,115,0
G,927,1854,1854,0,115,115,0
G,928,1856,1856,0,116,116,0
G,929,1858,1858,0,116,116,0
G,930,1860,1860,0,116,116,0
G,931,1862,1862,0,116,116,0
G,932,1864,1864,0,116,116,0
G,933,1866,1866,0,116,116,0
G,934,1868,1868,0,116,116,0
G,935,1870,1870,0,116,116,0
G,936,1872,1872,0,117,117,0
G,937,1874,1874,0,117,117,0
G,938,1876,1876,0,117,117,0
G,939,1878,1878,0,117,117,0
G,940,1880,1880,0,117,117,0
G,941,1882,1882,0,117,117,0
G,942,1884,1884,0,117,117,0
G,943,1886,1886,0,117,117,0
G,944,1888,1888,0,118,118,0
G,945,1890,1890,0,118,118,0
G,946,1892,1892,0,118,118,0
G,947,1894,1894,0,118,118,0
G,948,1896,1896,0,118,118,0
G,949,1898,1898,0,118,118,0
G,950,1900,1900,0,118,118,0
G,951,1902,1902,0,118,118,0
G,952,1904,1904,0,119,119,0
G,953,1906,1906,0,119,119,0
G,954,1908,1908,0,119,119,0
G,955,1910,1910,0,119,119,0
G,956,1912,1912,0,119,119,0
G,957,1914,1914,0,119,119,0
G,958,1916,1916,0,119,119,0
G,959,1918,1918,0,119,119,0
G,960,1920,1920,0,120,120,0
G,961,1922,1922,0,120,120,0
G,962,1924,1924,0,120,120,0
G,963,1926,1926,0,120,120,0
G,964,1928,1928,0,120,120,0
G,965,1930,1930,0,120,120,0
G,966,1932,1932,0,120,120,0
G,967,1934,1934,0,120,120,0
G,968,1936,1936,0,121,121,0
G,969,1938,1938,0,121,121,0
G,970,1940,1940,0,121,121,0
G,971,1942,1942,0,121,121,0
G,972,1944,1944,0,121,121,0
G,973,1946,1946,0,121,121,0
G,974,1948,1948,0,121,121,0
G,975,1950,1950,0,121,121,0
G,976,1952,1952,0,122,122,0
G,977,1954,1954,0,122,122,0
G,978,1956,1956,0,122,122,0
G,979,1958,1958,0,122,122,0
G,980,1960,1960,0,122,122,0
G,981,1962,1962,0,122,122,0
G,982,1964,1964,0,122,122,0
G,983,1966,1966,0,122,122,0
G,984,1968,1968,0,123,123,0
G,985,1970,1970,0,123,123,0
G,986,1972,1972,0,123,123,0
G,987,1974,1974,0,123,123,0
G,988,1976,1976,0,123,123,0
G,989,1978,1978,0,123,123,0
G,990,1980,1980,0,123,123,0
G,991,1982,1982,0,123,123,0
G,992,1984,1984,0,124,124,0
G,993,1986,1986,0,124,124,0
G,994,1988,1988,0,124,124,0
G,995,1990,1990,0,124,124,0
G,996,1992,1992,0,124,124,0
G,997,1994,1994,0,124,124,0
G,998,1996,1996,0,124,124,0
G,999,1998,1998,0,124,124,0
G,1000,2000,2000,0,125,125,0
G,1001,2002,2002,0,125,125,0
G,1002,2004,2004,0,125,125,0
G,1003,2006,2006,0,125,125,0
G,1004,2008,2008,0,125,125,0
G,1005,2010,2010,0,125,125,0
G,1006,2012,2012,0,125,125,0
G,1007,2014,2014,0,125,125,0
G,1008,2016,2016,0,126,126,0
G,1009,2018,2018,0,126,126,0
G,1010,2020,2020,0,126,126,0
G,1011,2022,2022,0,126,126,0
G,1012,2024,2024,0,126,126,0
G,1013,2026,2026,0,126,126,0
G,1014,2028,2028,0,126,126,0
G,1015,2030,2030,0,126,126,0
G,1016,2032,2032,0,127,127,0
G,1017,2034,2034,0,127,127,0
G,1018,2036,2036,0,127,127,0
G,1019,2038,2038,0,127,127,0
G,1020,2040,2040,0,127,127,0
G,1021,2042,2042,0,127,127,0
G,1022,2044,2044,0,127,127,0
G,1023,2046,2046,0,127,127,0
G,1024,2048,2048,0,128,128,0
G,1025,2050,2050,0,128,128,0
G,1026,2052,2052,0,128,128,0
G,1027,2054,2054,0,128,128,0
G,1028,2056,2056,0,128,128,0
G,1029,2058,2058,0,128,128,0
G,1030,2060,2060,0,128,128,0
G,1031,2062,2062,0,128,128,0
G,1032,2064,2064,0,129,129,0
G,1033,2066,2066,0,129,129,0
G,1034,2068,2068,0,129,129,0
G,1035,2070,2070,0,129,129,0
G,1036,2072,2072,0,129,129,0
G,1037,2074,2074,0,129,129,0
G,1038,2076,2076,0,129,129,0
G,1039,2078,2078,0,129,129,0
G,1040,2080,2080,0,130,130,0
G,1041,2082,2082,0,130,130,0
G,1042,2084,2084,0,130,130,0
G,1043,2086,2086,0,130,130,0
G,1044,2088,2088,0,130,130,0
G,1045,2090,2090,0,130,130,0
G,1046,2092,2092,0,130,130,0
G,1047,2094,2094,0,130,130,0
G,1048,2096,2096,0,131,131,0
G,1049,2098,2098,0,131,131,0
G,1050,2100,2100,0,131,131,0
G,1051,2102,2102,0,131,131,0
G,1052,2104,2104,0,131,131,0
G,1053,2106,2106,0,131,131,0
G,1054,2108,2108,0,131,131,0
G,1055,2110,2110,0,131,131,0
G,1056,2112,2112,0,132,132,0
G,1057,2114,2114,0,132,132,0
G,1058,2116,2116,0,132,132,0
G,1059,2118,2118,0,132,132,0
G,1060,2120,2120,0,132,132,0
G,1061,2122,2122,0,132,132,0
G,1062,2124,2124,0,132,132,0
G,1063,2126,2126,0,132,132,0
G,1064,2128,2128,0,133,133,0
G,1065,2130,2130,0,133,133,0
G,1066,2132,2132,0,133,133,0
G,1067,2134,2134,0,133,133,0
G,1068,2136,2136,0,133,133,0
G,1069,2138,2138,0,133,133,0
G,1070,2140,2140,0,133,133,0
G,1071,2142,2142,0,133,133,0
G,1072,2144,2144,0,134,134,0
G,1073,2146,2146,0,134,134,0
G,1074,2148,2148,0,134,134,0
G,1075,2150,2150,0,134,134,0
G,1076,2152,2152,0,134,134,0
G,1077,2154,2154,0,134,134,0
G,1078,2156,2156,0,134,134,0
G,1079,2158,2158,0,134,134,0
G,1080,2160,2160,0,135,135,0
G,1081,2162,2162,0,135,135,0
G,1082,2164,2164,0,135,135,0
G,1083,2166,2166,0,135,135,0
G,1084,2168,2168,0,135,135,0
G,1085,2170,2170,0,135,135,0
G,1086,2172,2172,0,135,135,0
G,1087,2174,2174,0,135,135,0
G,1088,2176,2176,0,136,136,0
G,1089,2178,2178,0,136,136,0
G,1090,2180,2180,0,136,136,0
G,1091,2182,2182,0,136,136,0
G,1092,2184,2184,0,136,136,0
G,1093,2186,2186,0,136,136,0
G,1094,2188,2188,0,136,136,0
G,1095,2190,2190,0,136,136,0
G,1096,2192,2192,0,137,137,0
G,1097,2194,2194,0,137,137,0
G,1098,2196,2196,0,137,137,0
G,1099,2198,2198,0,137,137,0
G,1100,2200,2200,0,137,137,0
G,1101,2202,2202,0,137,137,0
G,1102,2204,2204,0,137,137,0
G,1103,2206,2206,0,137,137,0
G,1104,2208,2208,0,138,138,0
G,1105,2210,2210,0,138,138,0
G,1106,2212,2212,0,138,138,0
G,1107,2214,2214,0,138,138,0
G,1108,2216,2216,0,138,138,0
G,1109,2218,2218,0,138,138,0
G,1110,2220,2220,0,138,138,0
G,1111,2222,2222,0,138,138,0
G,1112,2224,2224,0,139,139,0
G,1113,2226,2226,0,139,139,0
G,1114,2228,2228,0,139,139,0
G,1115,2230,2230,0,139,139,0
G,1116,2232,2232,0,139,139,0
G,1117,2234,2234,0,139,139,0
G,1118,2236,2236,0,139,139,0
G,1119,2238,2238,0,139,139,0
G,1120,2240,2240,0,140,140,0
G,1121,2242,2242,0,140,140,0
G,1122,2244,2244,0,140,140,0
G,1123,2246,2246,0,140,140,0
G,1124,2248,2248,0,140,140,0
G,1125,2250,2250,0,140,140,0
G,1126,2252,2252,0,140,140,0
G,1127,2254,2254,0,140,140,0
G,1128,2256,2256,0,141,141,0
G,1129,2258,2258,0,141,141,0
G,1130,2260,2260,0,141,141,0
G,1131,2262,2262,0,141,141,0
G,1132,2264,2264,0,141,141,0
G,1133,2266,2266,0,141,141,0
G,1134,2268,2268,0,141,141,0
G,1135,2270,2270,0,141,141,0
G,1136,2272,2272,0,142,142,0
G,1137,2274,2274,0,142,142,0
G,1138,2276,2276,0,142,142,0
G,1139,2278,2278,0,142,142,0
G,1140,2280,2280,0,142,142,0
G,1141,2282,2282,0,142,142,0
G,1142,2284,2284,0,142,142,0
G,1143,2286,2286,0,142,142,0
G,1144,2288,2288,0,143,143,0
G,1145,2290,2290,0,143,143,0
G,1146,2292,2292,0,143,143,0
G,1147,2294,2294,0,143,143,0
G,1148,2296,2296,0,143,143,0
G,1149,2298,2298,0,143,143,0
G,1150,2300,2300,0,143,143,0
G,1151,2302,2302,0,143,143,0
G,1152,2304,2304,0,144,144,0
G,1153,2306,2306,0,144,144,0
G,1154,2308,2308,0,144,144,0
G,1155,2310,2310,0,144,144,0
G,1156,2312,2312,0,144,144,0
G,1157,2314,2314,0,144,144,0
G,1158,2316,2316,0,144,144,0
G,1159,2318,2318,0,144,144,0
G,1160,2320,2320,0,145,145,0
G,1161,2322,2322,0,145,145,0
G,1162,2324,2324,0,145,145,0
G,1163,2326,2326,0,145,145,0
G,1164,2328,2328,0,145,145,0
G,1165,2330,2330,0,145,145,0
G,1166,2332,2332,0,145,145,0
G,1167,2334,2334,0,145,145,0
G,1168,2336,2336,0,146,146,0
G,1169,2338,2338,0,146,146,0
G,1170,2340,2340,0,146,146,0
G,1171,2342,2342,0,146,146,0
G,1172,2344,2344,0,146,146,0
G,1173,2346,2346,0,146,146,0
G,1174,2348,2348,0,146,146,0
G,1175,2350,2350,0,146,146,0
G,1176,2352,2352,0,147,147,0
G,1177,2354,2354,0,147,147,0
G,1178,2356,2356,0,147,147,0
G,1179,2358,2358,0,147,147,0
G,1180,2360,2360,0,147,147,0
G,1181,2362,2362,0,147,147,0
G,1182,2364,2364,0,147,147,0
G,1183,2366,2366,0,147,147,0
G,1184,2368,2368,0,148,148,0
G,1185,2370,2370,0,148,148,0
G,1186,2372,2372,0,148,148,0
G,1187,2374,2374,0,148,148,0
G,1188,2376,2376,0,148,148,0
G,1189,2378,2378,0,148,148,0
G,1190,2380,2380,0,148,148,0
G,1191,2382,2382,0,148,148,0
G,1192,2384,2384,0,149,149,0
G,1193,2386,2386,0,149,149,0
G,1194,2388,2388,0,149,149,0
G,1195,2390,2390,0,149,149,0
G,1196,2392,2392,0,149,149,0
G,1197,2394,2394,0,149,149,0
G,1198,2396,2396,0,149,149,0
G,1199,2398,2398,0,149,149,0
G,1200,2400,2400,0,150,150,0
G,1201,2402,2402,0,150,150,0
G,1202,2404,2404,0,150,150,0
G,1203,2406,2406,0,150,150,0
G,1204,2408,2408,0,150,150,0
G,1205,2410,2410,0,150,150,0
G,1206,2412,2412,0,150,150,0
G,1207,2414,2414,0,150,150,0
G,1208,2416,2416,0,151,151,0
G,1209,2418,2418,0,151,151,0
G,1210,2420,2420,0,151,151,0
G,1211,2422,2422,0,151,151,0
G,1212,2424,2424,0,151,151,0
G,1213,2426,2426,0,151,151,0
G,1214,2428,2428,0,151,151,0
G,1215,2430,2430,0,151,151,0
G,1216,2432,2432,0,152,152,0
G,1217,2434,2434,0,152,152,0
G,1218,2436,2436,0,152,152,0
G,1219,2438,2438,0,152,152,0
G,1220,2440,2440,0,152,152,0
G,1221,2442,2442,0,152,152,0
G,1222,2444,2444,0,152,152,0
G,1223,2446,2446,0,152,152,0
G,1224,2448,2448,0,153,153,0
G,1225,2450,2450,0,153,153,0
G,1226,2452,2452,0,153,153,0
G,1227,2454,2454,0,153,153,0
G,1228,2456,2456,0,153,153,0
G,1229,2458,2458,0,153,153,0
G,1230,2460,2460,0,153,153,0
G,1231,2462,2462,0,153,153,0
G,1232,2464,2464,0,154,154,0
G,1233,2466,2466,0,154,154,0
G,1234,2468,2468,0,154,154,0
G,1235,2470,2470,0,154,154,0
G,1236,2472,2472,0,154,154,0
G,1237,2474,2474,0,154,154,0
G,1238,2476,2476,0,154,154,0
G,1239,2478,2478,0,154,154,0
G,1240,2480,2480,0,155,155,0
G,1241,2482,2482,0,155,155,0
G,1242,2484,2484,0,155,155,0
G,1243,2486,2486,0,155,155,0
G,1244,2488,2488,0,155,155,0
G,1245,2490,2490,0,155,155,0
G,1246,2492,2492,0,155,155,0
G,1247,2494,2494,0,155,155,0
G,1248,2496,2496,0,156,156,0
G,1249,2498,2498,0,156,156,0
G,1250,2500,2500,0,156,156,0
G,1251,2502,2502,0,156,156,0
G,1252,2504,2504,0,156,156,0
G,1253,2506,2506,0,156,156,0
G,1254,2508,2508,0,156,156,0
G,1255,2510,2510,0,156,156,0
G,1256,2512,2512,0,157,157,0
G,1257,2514,2514,0,157,157,0
G,1258,2516,2516,0,157,157,0
G,1259,2518,2518,0,157,157,0
G,1260,2520,2520,0,157,157,0
G,1261,2522,2522,0,157,157,0
G,1262,2524,2524,0,157,157,0
G,1263,2526,2526,0,157,157,0
G,1264,2528,2528,0,158,158,0
G,1265,2530,2530,0,158,158,0
G,1266,2532,2532,0,158,158,0
G,1267,2534,2534,0,158,158,0
G,1268,2536,2536,0,158,158,0
G,1269,2538,2538,0,158,158,0
G,1270,2540,2540,0,158,158,0
G,1271,2542,2542,0,158,158,0
G,1272,2544,2544,0,159,159,0
G,1273,2546,2546,0,159,159,0
G,1274,2548,2548,0,159,159,0
G,1275,2550,2550,0,159,159,0
G,1276,2552,2552,0,159,159,0
G,1277,2554,2554,0,159,159,0
G,1278,2556,2556,0,159,159,0
G,1279,2558,2558,0,159,159,0
G,1280,2560,2560,0,160,160,0
G,1281,2562,2562,0,160,160,0
G,1282,2564,2564,0,160,160,0
G,1283,2566,2566,0,160,160,0
G,1284,2568,2568,0,160,160,0
G,1285,2570,2570,0,160,160,0
G,1286,2572,2572,0,160,160,0
G,1287,2574,2574,0,160,160,0
G,1288,2576,2576,0,161,161,0
G,1289,2578,2578,0,161,161,0
G,1290,2580,2580,0,161,161,0
G,1291,2582,2582,0,161,161,0
G,1292,2584,2584,0,161,161,0
G,1293,2586,2586,0,161,161,0
G,1294,2588,2588,0,161,161,0
G,1295,2590,2590,0,161,161,0
G,1296,2592,2592,0,162,162,0
G,1297,2594,2594,0,162,162,0
G,1298,2596,2596,0,162,162,0
G,1299,2598,2598,0,162,162,0
G,1300,2600,2600,0,162,162,0
G,1301,2602,2602,0,162,162,0
G,1302,2604,2604,0,162,162,0
G,1303,2606,2606,0,162,162,0
G,1304,2608,2608,0,163,163,0
G,1305,2610,2610,0,163,163,0
G,1306,2612,2612,0,163,163,0
G,1307,2614,2614,0,163,163,0
G,1308,2616,2616,0,163,163,0
G,1309,2618,2618,0,163,163,0
G,1310,2620,2620,0,163,163,0
G,1311,2622,2622,0,163,163,0
G,1312,2624,2624,0,164,164,0
G,1313,2626,2626,0,164,164,0
G,1314,2628,2628,0,164,164,0
G,1315,2630,2630,0,164,164,0
G,1316,2632,2632,0,164,164,0
G,1317,2634,2634,0,164,164,0
G,1318,2636,2636,0,164,164,0
G,1319,2638,2638,0,164,164,0
G,1320,2640,2640,0,165,165,0
G,1321,2642,2642,0,165,165,0
G,1322,2644,2644,0,165,165,0
G,1323,2646,2646,0,165,165,0
G,1324,2648,2648,0,165,165,0
G,1325,2650,2650,0,165,165,0
G,1326,2652,2652,0,165,165,0
G,1327,2654,2654,0,165,165,0
G,1328,2656,2656,0,166,166,0
G,1329,2658,2658,0,166,166,0
G,1330,2660,2660,0,166,166,0
G,1331,2662,2662,0,166,166,0
G,1332,2664,2664,0,166,166,0
G,1333,2666,2666,0,166,166,0
G,1334,2668,2668,0,166,166,0
G,1335,2670,2670,0,166,166,0
G,1336,2672,2672,0,167,167,0
G,1337,2674,2674,0,167,167,0
G,1338,2676,2676,0,167,167,0
G,1339,2678,2678,0,167,167,0
G,1340,2680,2680,0,167,167,0
G,1341,2682,2682,0,167,167,0
G,1342,2684,2684,0,167,167,0
G,1343,2686,2686,0,167,167,0
G,1344,2688,2688,0,168,168,0
G,1345,2690,2690,0,168,168,0
G,1346,2692,2692,0,168,168,0
G,1347,2694,2694,0,168,168,0
G,1348,2696,2696,0,168,168,0
G,1349,2698,2698,0,168,168,0
G,1350,2700,2700,0,168,168,0
G,1351,2702,2702,0,168,168,0
G,1352,2704,2704,0,169,169,0
G,1353,2706,2706,0,169,169,0
G,1354,2708,2708,0,169,169,0
G,1355,2710,2710,0,169,169,0
G,1356,2712,2712,0,169,169,0
G,1357,2714,2714,0,169,169,0
G,1358,2716,2716,0,169,169,0
G,1359,2718,2718,0,169,169,0
G,1360,2720,2720,0,170,170,0
G,1361,2722,2722,0,170,170,0
G,1362,2724,2724,0,170,170,0
G,1363,2726,2726,0,170,170,0
G,1364,2728,2728,0,170,170,0
G,1365,2730,2730,0,170,170,0
G,1366,2732,2732,0,170,170,0
G,1367,2734,2734,0,170,170,0
G,1368,2736,2736,0,171,171,0
G,1369,2738,2738,0,171,171,0
G,1370,2740,2740,0,171,171,0
G,1371,2742,2742,0,171,171,0
G,1372,2744,2744,0,171,171,0
G,1373,2746,2746,0,171,171,0
G,1374,2748,2748,0,171,171,0
G,1375,2750,2750,0,171,171,0
G,1376,2752,2752,0,172,172,0
G,1377,2754,2754,0,172,172,0
G,1378,2756,2756,0,172,172,0
G,1379,2758,2758,0,172,172,0
G,1380,2760,2760,0,172,172,0
G,1381,2762,2762,0,172,172,0
G,1382,2764,2764,0,172,172,0
G,1383,2766,2766,0,172,172,0
G,1384,2768,2768,0,173,173,0
G,1385,2770,2770,0,173,173,0
G,1386,2772,2772,0,173,173,0
G,1387,2774,2774,0,173,173,0
G,1388,2776,2776,0,173,173,0
G,1389,2778,2778,0,173,173,0
G,1390,2780,2780,0,173,173,0
G,1391,2782,2782,0,173,173,0
G,1392,2784,2784,0,174,174,0
G,1393,2786,2786,0,174,174,0
G,1394,2788,2788,0,174,174,0
G,1395,2790,2790,0,174,174,0
G,1396,2792,2792,0,174,174,0
G,1397,2794,2794,0,174,174,0
G,1398,2796,2796,0,174,174,0
G,1399,2798,2798,0,174,174,0
G,1400,2800,2800,0,175,175,0
G,1401,2802,2802,0,175,175,0
G,1402,2804,2804,0,175,175,0
G,1403,2806,2806,0,175,175,0
G,1404,2808,2808,0,175,175,0
G,1405,2810,2810,0,175,175,0
G,1406,2812,2812,0,175,175,0
G,1407,2814,2814,0,175,175,0
G,1408,2816,2816,0,176,176,0
G,1409,2818,2818,0,176,176,0
G,1410,2820,2820,0,176,176,0
G,1411,2822,2822,0,176,176,0
G,1412,2824,2824,0,176,176,0
G,1413,2826,2826,0,176,176,0
G,1414,2828,2828,0,176,176,0
G,1415,2830,2830,0,176,176,0
G,1416,2832,2832,0,177,177,0
G,1417,2834,2834,0,177,177,0
G,1418,2836,2836,0,177,177,0
G,1419,2838,2838,0,177,177,0
G,1420,2840,2840,0,177,177,0
G,1421,2842,2842,0,177,177,0
G,1422,2844,2844,0,177,177,0
G,1423,2846,2846,0,177,177,0
G,1424,2848,2848,0,178,178,0
G,1425,2850,2850,0,178,178,0
G,1426,2852,2852,0,178,178,0
G,1427,2854,2854,0,178,178,0
G,1428,2856,2856,0,178,178,0
G,1429,2858,2858,0,178,178,0
G,1430,2860,2860,0,178,178,0
G,1431,2862,2862,0,178,178,0
G,1432,2864,2864,0,179,179,0
G,1433,2866,2866,0,179,179,0
G,1434,2868,2868,0,179,179,0
G,1435,2870,2870,0,179,179,0
G,1436,2872,2872,0,179,179,0
G,1437,2874,2874,0,179,179,0
G,1438,2876,2876,0,179,179,0
G,1439,2878,2878,0,179,179,0
G,1440,2880,2880,0,180,180,0
G,1441,2882,2882,0,180,180,0
G,1442,2884,2884,0,180,180,0
G,1443,2886,2886,0,180,180,0
G,1444,2888,2888,0,180,180,0
G,1445,2890,2890,0,180,180,0
G,1446,2892,2892,0,180,180,0
G,1447,2894,2894,0,180,180,0
G,1448,2896,2896,0,181,181,0
G,1449,2898,2898,0,181,181,0
G,1450,2900,2900,0,181,181,0
G,1451,2902,2902,0,181,181,0
G,1452,2904,2904,0,181,181,0
G,1453,2906,2906,0,181,181,0
G,1454,2908,2908,0,181,181,0
G,1455,2910,2910,0,181,181,0
G,1456,2912,2912,0,182,182,0
G,1457,2914,2914,0,182,182,0
G,1458,2916,2916,0,182,182,0
G,1459,2918,2918,0,182,182,0
G,1460,2920,2920,0,182,182,0
G,1461,2922,2922,0,182,182,0
G,1462,2924,2924,0,182,182,0
G,1463,2926,2926,0,182,182,0
G,1464,2928,2928,0,183,183,0
G,1465,2930,2930,0,183,183,0
G,1466,2932,2932,0,183,183,0
G,1467,2934,2934,0,183,183,0
G,1468,2936,2936,0,183,183,0
G,1469,2938,2938,0,183,183,0
G,1470,2940,2940,0,183,183,0
G,1471,2942,2942,0,183,183,0
G,1472,2944,2944,0,184,184,0
G,1473,2946,2946,0,184,184,0
G,1474,2948,2948,0,184,184,0
G,1475,2950,2950,0,184,184,0
G,1476,2952,2952,0,184,184,0
G,1477,2954,2954,0,184,184,0
G,1478,2956,2956,0,184,184,0
G,1479,2958,2958,0,184,184,0
G,1480,2960,2960,0,185,185,0
G,1481,2962,2962,0,185,185,0
G,1482,2964,2964,0,185,185,0
G,1483,2966,2966,0,185,185,0
G,1484,2968,2968,0,185,185,0
G,1485,2970,2970,0,185,185,0
G,1486,2972,2972,0,185,185,0
G,1487,2974,2974,0,185,185,0
G,1488,2976,2976,0,186,186,0
G,1489,2978,2978,0,186,186,0
G,1490,2980,2980,0,186,186,0
G,1491,2982,2982,0,186,186,0
G,1492,2984,2984,0,186,186,0
G,1493,2986,2986,0,186,186,0
G,1494,2988,2988,0,186,186,0
G,1495,2990,2990,0,186,186,0
G,1496,2992,2992,0,187,187,0
G,1497,2994,2994,0,187,187,0
G,1498,2996,2996,0,187,187,0
G,1499,2998,2998,0,187,187,0
G,1500,3000,3000,0,187,187,0
G,1501,3002,3002,0,187,187,0
G,1502,3004,3004,0,187,187,0
G,1503,3006,3006,0,187,187,0
G,1504,3008,3008,0,188,188,0
G,1505,3010,3010,0,188,188,0
G,1506,3012,3012,0,188,188,0
G,1507,3014,3014,0,188,188,0
G,1508,3016,3016,0,188,188,0
G,1509,3018,3018,0,188,188,0
G,1510,3020,3020,0,188,188,0
G,1511,3022,3022,0,188,188,0
G,1512,3024,3024,0,189,189,0
G,1513,3026,3026,0,189,189,0
G,1514,3028,3028,0,189,189,0
G,1515,3030,3030,0,189,189,0
G,1516,3032,3032,0,189,189,0
G,1517,3034,3034,0,189,189,0
G,1518,3036,3036,0,189,189,0
G,1519,3038,3038,0,189,189,0
G,1520,3040,3040,0,190,190,0
G,1521,3042,3042,0,190,190,0
G,1522,3044,3044,0,190,190,0
G,1523,3046,3046,0,190,190,0
G,1524,3048,3048,0,190,190,0
G,1525,3050,3050,0,190,190,0
G,1526,3052,3052,0,190,190,0
G,1527,3054,3054,0,190,190,0
G,1528,3056,3056,0,191,191,0
G,1529,3058,3058,0,191,191,0
G,1530,3060,3060,0,191,191,0
G,1531,3062,3062,0,191,191,0
G,1532,3064,3064,0,191,191,0
G,1533,3066,3066,0,191,191,0
G,1534,3068,3068,0,191,191,0
G,1535,3070,3070,0,191,191,0
G,1536,3072,3072,0,192,192,0
G,1537,3074,3074,0,192,192,0
G,1538,3076,3076,0,192,192,0
G,1539,3078,3078,0,192,192,0
G,1540,3080,3080,0,192,192,0
G,1541,3082,3082,0,192,192,0
G,1542,3084,3084,0,192,192,0
G,1543,3086,3086,0,192,192,0
G,1544,3088,3088,0,193,193,0
G,1545,3090,3090,0,193,193,0
G,1546,3092,3092,0,193,193,0
G,1547,3094,3094,0,193,193,0
G,1548,3096,3096,0,193,193,0
G,1549,3098,3098,0,193,193,0
G,1550,3100,3100,0,193,193,0
G,1551,3102,3102,0,193,193,0
G,1552,3104,3104,0,194,194,0
G,1553,3106,3106,0,194,194,0
G,1554,3108,3108,0,194,194,0
G,1555,3110,3110,0,194,194,0
G,1556,3112,3112,0,194,194,0
G,1557,3114,3114,0,194,194,0
G,1558,3116,3116,0,194,194,0
G,1559,3118,3118,0,194,194,0
G,1560,3120,3120,0,195,195,0
G,1561,3122,3122,0,195,195,0
G,1562,3124,3124,0,195,195,0
G,1563,3126,3126,0,195,195,0
G,1564,3128,3128,0,195,195,0
G,1565,3130,3130,0,195,195,0
G,1566,3132,3132,0,195,195,0
G,1567,3134,3134,0,195,195,0
G,1568,3136,3136,0,196,196,0
G,1569,3138,3138,0,196,196,0
G,1570,3140,3140,0,196,196,0
G,1571,3142,3142,0,196,196,0
G,1572,3144,3144,0,196,196,0
G,1573,3146,3146,0,196,196,0
G,1574,3148,3148,0,196,196,0
G,1575,3150,3150,0,196,196,0
G,1576,3152,3152,0,197,197,0
G,1577,3154,3154,0,197,197,0
G,1578,3156,3156,0,197,197,0
G,1579,3158,3158,0,197,197,0
G,1580,3160,3160,0,197,197,0
G,1581,3162,3162,0,197,197,0
G,1582,3164,3164,0,197,197,0
G,1583,3166,3166,0,197,197,0
G,1584,3168,3168,0,198,198,0
G,1585,3170,3170,0,198,198,0
G,1586,3172,3172,0,198,198,0
G,1587,3174,3174,0,198,198,0
G,1588,3176,3176,0,198,198,0
G,1589,3178,3178,0,198,198,0
G,1590,3180,3180,0,198,198,0
G,1591,3182,3182,0,198,198,0
G,1592,3184,3184,0,199,199,0
G,1593,3186,3186,0,199,199,0
G,1594,3188,3188,0,199,199,0
G,1595,3190,3190,0,199,199,0
G,1596,3192,3192,0,199,199,0
G,1597,3194,3194,0,199,199,0
G,1598,3196,3196,0,199,199,0
G,1599,3198,3198,0,199,199,0
G,1600,3200,3200,0,200,200,0
G,1601,3202,3202,0,200,200,0
G,1602,3204,3204,0,200,200,0
G,1603,3206,3206,0,200,200,0
G,1604,3208,3208,0,200,200,0
G,1605,3210,3210,0,200,200,0
G,1606,3212,3212,0,200,200,0
G,1607,3214,3214,0,200,200,0
G,1608,3216,3216,0,201,201,0
G,1609,3218,3218,0,201,201,0
G,1610,3220,3220,0,201,201,0
G,1611,3222,3222,0,201,201,0
G,1612,3224,3224,0,201,201,0
G,1613,3226,3226,0,201,201,0
G,1614,3228,3228,0,201,201,0
G,1615,3230,3230,0,201,201,0
G,1616,3232,3232,0,202,202,0
G,1617,3234,3234,0,202,202,0
G,1618,3236,3236,0,202,202,0
G,1619,3238,3238,0,202,202,0
G,1620,3240,3240,0,202,202,0
G,1621,3242,3242,0,202,202,0
G,1622,3244,3244,0,202,202,0
G,1623,3246,3246,0,202,202,0
G,1624,3248,3248,0,203,203,0
G,1625,3250,3250,0,203,203,0
G,1626,3252,3252,0,203,203,0
G,1627,3254,3254,0,203,203,0
G,1628,3256,3256,0,203,203,0
G,1629,3258,3258,0,203,203,0
G,1630,3260,3260,0,203,203,0
G,1631,3262,3262,0,203,203,0
G,1632,3264,3264,0,204,204,0
G,1633,3266,3266,0,204,204,0
G,1634,3268,3268,0,204,204,0
G,1635,3270,3270,0,204,204,0
G,1636,3272,3272,0,204,204,0
G,1637,3274,3274,0,204,204,0
G,1638,3276,3276,0,204,204,0
G,1639,3278,3278,0,204,204,0
G,1640,3280,3280,0,205,205,0
G,1641,3282,3282,0,205,205,0
G,1642,3284,3284,0,205,205,0
G,1643,3286,3286,0,205,205,0
G,1644,3288,3288,0,205,205,0
G,1645,3290,3290,0,205,205,0
G,1646,3292,3292,0,205,205,0
G,1647,3294,3294,0,205,205,0
G,1648,3296,3296,0,206,206,0
G,1649,3298,3298,0,206,206,0
G,1650,3300,3300,0,206,206,0
G,1651,3302,3302,0,206,206,0
G,1652,3304,3304,0,206,206,0
G,1653,3306,3306,0,206,206,0
G,1654,3308,3308,0,206,206,0
G,1655,3310,3310,0,206,206,0
G,1656,3312,3312,0,207,207,0
G,1657,3314,3314,0,207,207,0
G,1658,3316,3316,0,207,207,0
G,1659,3318,3318,0,207,207,0
G,1660,3320,3320,0,207,207,0
G,1661,3322,3322,0,207,207,0
G,1662,3324,3324,0,207,207,0
G,1663,3326,3326,0,207,207,0
G,1664,3328,3328,0,208,208,0
G,1665,3330,3330,0,208,208,0
G,1666,3332,3332,0,208,208,0
G,1667,3334,3334,0,208,208,0
G,1668,3336,3336,0,208,208,0
G,1669,3338,3338,0,208,208,0
G,1670,3340,3340,0,208,208,0
G,1671,3342,3342,0,208,208,0
G,1672,3344,3344,0,209,209,0
G,1673,3346,3346,0,209,209,0
G,1674,3348,3348,0,209,209,0
G,1675,3350,3350,0,209,209,0
G,1676,3352,3352,0,209,209,0
G,1677,3354,3354,0,209,209,0
G,1678,3356,3356,0,209,209,0
G,1679,3358,3358,0,209,209,0
G,1680,3360,3360,0,210,210,0
G,1681,3362,3362,0,210,210,0
G,1682,3364,3364,0,210,210,0
G,1683,3366,3366,0,210,210,0
G,1684,3368,3368,0,210,210,0
G,1685,3370,3370,0,210,210,0
G,1686,3372,3372,0,210,210,0
G,1687,3374,3374,0,210,210,0
G,1688,3376,3376,0,211,211,0
G,1689,3378,3378,0,211,211,0
G,1690,3380,3380,0,211,211,0
G,1691,3382,3382,0,211,211,0
G,1692,3384,3384,0,211,211,0
G,1693,3386,3386,0,211,211,0
G,1694,3388,3388,0,211,211,0
G,1695,3390,3390,0,211,211,0
G,1696,3392,3392,0,212,212,0
G,1697,3394,3394,0,212,212,0
G,1698,3396,3396,0,212,212,0
G,1699,3398,3398,0,212,212,0
G,1700,3400,3400,0,212,212,0
G,1701,3402,3402,0,212,212,0
G,1702,3404,3404,0,212,212,0
G,1703,3406,3406,0,212,212,0
G,1704,3408,3408,0,213,213,0
G,1705,3410,3410,0,213,213,0
G,1706,3412,3412,0,213,213,0
G,1707,3414,3414,0,213,213,0
G,1708,3416,3416,0,213,213,0
G,1709,3418,3418,0,213,213,0
G,1710,3420,3420,0,213,213,0
G,1711,3422,3422,0,213,213,0
G,1712,3424,3424,0,214,214,0
G,1713,3426,3426,0,214,214,0
G,1714,3428,3428,0,214,214,0
G,1715,3430,3430,0,214,214,0
G,1716,3432,3432,0,214,214,0
G,1717,3434,3434,0,214,214,0
G,1718,3436,3436,0,214,214,0
G,1719,3438,3438,0,214,214,0
G,1720,3440,3440,0,215,215,0
G,1721,3442,3442,0,215,215,0
G,1722,3444,3444,0,215,215,0
G,1723,3446,3446,0,215,215,0
G,1724,3448,3448,0,215,215,0
G,1725,3450,3450,0,215,215,0
G,1726,3452,3452,0,215,215,0
G,1727,3454,3454,0,215,215,0
G,1728,3456,3456,0,216,216,0
G,1729,3458,3458,0,216,216,0
G,1730,3460,3460,0,216,216,0
G,1731,3462,3462,0,216,216,0
G,1732,3464,3464,0,216,216,0
G,1733,3466,3466,0,216,216,0
G,1734,3468,3468,0,216,216,0
G,1735,3470,3470,0,216,216,0
G,1736,3472,3472,0,217,217,0
G,1737,3474,3474,0,217,217,0
G,1738,3476,3476,0,217,217,0
G,1739,3478,3478,0,217,217,0
G,1740,3480,3480,0,217,217,0
G,1741,3482,3482,0,217,217,0
G,1742,3484,3484,0,217,217,0
G,1743,3486,3486,0,217,217,0
G,1744,3488,3488,0,218,218,0
G,1745,3490,3490,0,218,218,0
G,1746,3492,3492,0,218,218,0
G,1747,3494,3494,0,218,218,0
G,1748,3496,3496,0,218,218,0
G,1749,3498,3498,0,218,218,0
G,1750,3500,3500,0,218,218,0
G,1751,3502,3502,0,218,218,0
G,1752,3504,3504,0,219,219,0
G,1753,3506,3506,0,219,219,0
G,1754,3508,3508,0,219,219,0
G,1755,3510,3510,0,219,219,0
G,1756,3512,3512,0,219,219,0
G,1757,3514,3514,0,219,219,0
G,1758,3516,3516,0,219,219,0
G,1759,3518,3518,0,219,219,0
G,1760,3520,3520,0,220,220,0
G,1761,3522,3522,0,220,220,0
G,1762,3524,3524,0,220,220,0
G,1763,3526,3526,0,220,220,0
G,1764,3528,3528,0,220,220,0
G,1765,3530,3530,0,220,220,0
G,1766,3532,3532,0,220,220,0
G,1767,3534,3534,0,220,220,0
G,1768,3536,3536,0,221,221,0
G,1769,3538,3538,0,221,221,0
G,1770,3540,3540,0,221,221,0
G,1771,3542,3542,0,221,221,0
G,1772,3544,3544,0,221,221,0
G,1773,3546,3546,0,221,221,0
G,1774,3548,3548,0,221,221,0
G,1775,3550,3550,0,221,221,0
G,1776,3552,3552,0,222,222,0
G,1777,3554,3554,0,222,222,0
G,1778,3556,3556,0,222,222,0
G,1779,3558,3558,0,222,222,0
G,1780,3560,3560,0,222,222,0
G,1781,3562,3562,0,222,222,0
G,1782,3564,3564,0,222,222,0
G,1783,3566,3566,0,222,222,0
G,1784,3568,3568,0,223,223,0
G,1785,3570,3570,0,223,223,0
G,1786,3572,3572,0,223,223,0
G,1787,3574,3574,0,223,223,0
G,1788,3576,3576,0,223,223,0
G,1789,3578,3578,0,223,223,0
G,1790,3580,3580,0,223,223,0
G,1791,3582,3582,0,223,223,0
G,1792,3584,3584,0,224,224,0
G,1793,3586,3586,0,224,224,0
G,1794,3588,3588,0,224,224,0
G,1795,3590,3590,0,224,224,0
G,1796,3592,3592,0,224,224,0
G,1797,3594,3594,0,224,224,0
G,1798,3596,3596,0,224,224,0
G,1799,3598,3598,0,224,224,0
G,1800,3600,3600,0,225,225,0
G,1801,3602,3602,0,225,225,0
G,1802,3604,3604,0,225,225,0
G,1803,3606,3606,0,225,225,0
G,1804,3608,3608,0,225,225,0
G,1805,3610,3610,0,225,225,0
G,1806,3612,3612,0,225,225,0
G,1807,3614,3614,0,225,225,0
G,1808,3616,3616,0,226,226,0
G,1809,3618,3618,0,226,226,0
G,1810,3620,3620,0,226,226,0
G,1811,3622,3622,0,226,226,0
G,1812,3624,3624,0,226,226,0
G,1813,3626,3626,0,226,226,0
G,1814,3628,3628,0,226,226,0
G,1815,3630,3630,0,226,226,0
G,1816,3632,3632,0,227,227,0
G,1817,3634,3634,0,227,227,0
G,1818,3636,3636,0,227,227,0
G,1819,3638,3638,0,227,227,0
G,1820,3640,3640,0,227,227,0
G,1821,3642,3642,0,227,227,0
G,1822,3644,3644,0,227,227,0
G,1823,3646,3646,0,227,227,0
G,1824,3648,3648,0,228,228,0
G,1825,3650,3650,0,228,228,0
G,1826,3652,3652,0,228,228,0
G,1827,3654,3654,0,228,228,0
G,1828,3656,3656,0,228,228,0
G,1829,3658,3658,0,228,228,0
G,1830,3660,3660,0,228,228,0
G,1831,3662,3662,0,228,228,0
G,1832,3664,3664,0,229,229,0
G,1833,3666,3666,0,229,229,0
G,1834,3668,3668,0,229,229,0
G,1835,3670,3670,0,229,229,0
G,1836,3672,3672,0,229,229,0
G,1837,3674,3674,0,229,229,0
G,1838,3676,3676,0,229,229,0
G,1839,3678,3678,0,229,229,0
G,1840,3680,3680,0,230,230,0
G,1841,3682,3682,0,230,230,0
G,1842,3684,3684,0,230,230,0
G,1843,3686,3686,0,230,230,0
G,1844,3688,3688,0,230,230,0
G,1845,3690,3690,0,230,230,0
G,1846,3692,3692,0,230,230,0
G,1847,3694,3694,0,230,230,0
G,1848,3696,3696,0,231,231,0
G,1849,3698,3698,0,231,231,0
G,1850,3700,3700,0,231,231,0
G,1851,3702,3702,0,231,231,0
G,1852,3704,3704,0,231,231,0
G,1853,3706,3706,0,231,231,0
G,1854,3708,3708,0,231,231,0
G,1855,3710,3710,0,231,231,0
G,1856,3712,3712,0,232,232,0
G,1857,3714,3714,0,232,232,0
G,1858,3716,3716,0,232,232,0
G,1859,3718,3718,0,232,232,0
G,1860,3720,3720,0,232,232,0
G,1861,3722,3722,0,232,232,0
G,1862,3724,3724,0,232,232,0
G,1863,3726,3726,0,232,232,0
G,1864,3728,3728,0,233,233,0
G,1865,3730,3730,0,233,233,0
G,1866,3732,3732,0,233,233,0
G,1867,3734,3734,0,233,233,0
G,1868,3736,3736,0,233,233,0
G,1869,3738,3738,0,233,233,0
G,1870,3740,3740,0,233,233,0
G,1871,3742,3742,0,233,233,0
G,1872,3744,3744,0,234,234,0
G,1873,3746,3746,0,234,234,0
G,1874,3748,3748,0,234,234,0
G,1875,3750,3750,0,234,234,0
G,1876,3752,3752,0,234,234,0
G,1877,3754,3754,0,234,234,0
G,1878,3756,3756,0,234,234,0
G,1879,3758,3758,0,234,234,0
G,1880,3760,3760,0,235,235,0
G,1881,3762,3762,0,235,235,0
G,1882,3764,3764,0,235,235,0
G,1883,3766,3766,0,235,235,0
G,1884,3768,3768,0,235,235,0
G,1885,3770,3770,0,235,235,0
G,1886,3772,3772,0,235,235,0
G,1887,3774,3774,0,235,235,0
G,1888,3776,3776,0,236,236,0
G,1889,3778,3778,0,236,236,0
G,1890,3780,3780,0,236,236,0
G,1891,3782,3782,0,236,236,0
G,1892,3784,3784,0,236,236,0
G,1893,3786,3786,0,236,236,0
G,1894,3788,3788,0,236,236,0
G,1895,3790,3790,0,236,236,0
G,1896,3792,3792,0,237,237,0
G,1897,3794,3794,0,237,237,0
G,1898,3796,3796,0,237,237,0
G,1899,3798,3798,0,237,237,0
G,1900,3800,3800,0,237,237,0
G,1901,3802,3802,0,237,237,0
G,1902,3804,3804,0,237,237,0
G,1903,3806,3806,0,237,237,0
G,1904,3808,3808,0,238,238,0
G,1905,3810,3810,0,238,238,0
G,1906,3812,3812,0,238,238,0
G,1907,3814,3814,0,238,238,0
G,1908,3816,3816,0,238,238,0
G,1909,3818,3818,0,238,238,0
G,1910,3820,3820,0,238,238,0
G,1911,3822,3822,0,238,238,0
G,1912,3824,3824,0,239,239,0
G,1913,3826,3826,0,239,239,0
G,1914,3828,3828,0,239,239,0
G,1915,3830,3830,0,239,239,0
G,1916,3832,3832,0,239,239,0
G,1917,3834,3834,0,239,239,0
G,1918,3836,3836,0,239,239,0
G,1919,3838,3838,0,239,239,0
G,1920,3840,3840,0,240,240,0
G,1921,3842,3842,0,240,240,0
G,1922,3844,3844,0,240,240,0
G,1923,3846,3846,0,240,240,0
G,1924,3848,3848,0,240,240,0
G,1925,3850,3850,0,240,240,0
G,1926,3852,3852,0,240,240,0
G,1927,3854,3854,0,240,240,0
G,1928,3856,3856,0,241,241,0
G,1929,3858,3858,0,241,241,0
G,1930,3860,3860,0,241,241,0
G,1931,3862,3862,0,241,241,0
G,1932,3864,3864,0,241,241,0
G,1933,3866,3866,0,241,241,0
G,1934,3868,3868,0,241,241,0
G,1935,3870,3870,0,241,241,0
G,1936,3872,3872,0,242,242,0
G,1937,3874,3874,0,242,242,0
G,1938,3876,3876,0,242,242,0
G,1939,3878,3878,0,242,242,0
G,1940,3880,3880,0,242,242,0
G,1941,3882,3882,0,242,242,0
G,1942,3884,3884,0,242,242,0
G,1943,3886,3886,0,242,242,0
G,1944,3888,3888,0,243,243,0
G,1945,3890,3890,0,243,243,0
G,1946,3892,3892,0,243,243,0
G,1947,3894,3894,0,243,243,0
G,1948,3896,3896,0,243,243,0
G,1949,3898,3898,0,243,243,0
G,1950,3900,3900,0,243,243,0
G,1951,3902,3902,0,243,243,0
G,1952,3904,3904,0,244,244,0
G,1953,3906,3906,0,244,244,0
G,1954,3908,3908,0,244,244,0
G,1955,3910,3910,0,244,244,0
G,1956,3912,3912,0,244,244,0
G,1957,3914,3914,0,244,244,0
G,1958,3916,3916,0,244,244,0
G,1959,3918,3918,0,244,244,0
G,1960,3920,3920,0,245,245,0
G,1961,3922,3922,0,245,245,0
G,1962,3924,3924,0,245,245,0
G,1963,3926,3926,0,245,245,0
G,1964,3928,3928,0,245,245,0
G,1965,3930,3930,0,245,245,0
G,1966,3932,3932,0,245,245,0
G,1967,3934,3934,0,245,245,0
G,1968,3936,3936,0,246,246,0
G,1969,3938,3938,0,246,246,0
G,1970,3940,3940,0,246,246,0
G,1971,3942,3942,0,246,246,0
G,1972,3944,3944,0,246,246,0
G,1973,3946,3946,0,246,246,0
G,1974,3948,3948,0,246,246,0
G,1975,3950,3950,0,246,246,0
G,1976,3952,3952,0,247,247,0
G,1977,3954,3954,0,247,247,0
G,1978,3956,3956,0,247,247,0
G,1979,3958,3958,0,247,247,0
G,1980,3960,3960,0,247,247,0
G,1981,3962,3962,0,247,247,0
G,1982,3964,3964,0,247,247,0
G,1983,3966,3966,0,247,247,0
G,1984,3968,3968,0,248,248,0
G,1985,3970,3970,0,248,248,0
G,1986,3972,3972,0,248,248,0
G,1987,3974,3974,0,248,248,0
G,1988,3976,3976,0,248,248,0
G,1989,3978,3978,0,248,248,0
G,1990,3980,3980,0,248,248,0
G,1991,3982,3982,0,248,248,0
G,1992,3984,3984,0,249,249,0
G,1993,3986,3986,0,249,249,0
G,1994,3988,3988,0,249,249,0
G,1995,3990,3990,0,249,249,0
G,1996,3992,3992,0,249,249,0
G,1997,3994,3994,0,249,249,0
G,1998,3996,3996,0,249,249,0
G,1999,3998,3998,0,249,249,0
G,2000,4000,4000,0,250,250,0
G,2001,4002,4002,0,250,250,0
G,2002,4004,4004,0,250,250,0
G,2003,4006,4006,0,250,250,0
G,2004,4008,4008,0,250,250,0
G,2005,4010,4010,0,250,250,0
G,2006,4012,4012,0,250,250,0
G,2007,4014,4014,0,250,250,0
G,2008,4016,4016,0,251,251,0
G,2009,4018,4018,0,251,251,0
G,2010,4020,4020,0,251,251,0
G,2011,4022,4022,0,251,251,0
G,2012,4024,4024,0,251,251,0
G,2013,4026,4026,0,251,251,0
G,2014,4028,4028,0,251,251,0
G,2015,4030,4030,0,251,251,0
G,2016,4032,4032,0,252,252,0
G,2017,4034,4034,0,252,252,0
G,2018,4036,4036,0,252,252,0
G,2019,4038,4038,0,252,252,0
G,2020,4040,4040,0,252,252,0
G,2021,4042,4042,0,252,252,0
G,2022,4044,4044,0,252,252,0
G,2023,4046,4046,0,252,252,0
G,2024,4048,4048,0,253,253,0
G,2025,4050,4050,0,253,253,0
G,2026,4052,4052,0,253,253,0
G,2027,4054,4054,0,253,253,0
G,2028,4056,4056,0,253,253,0
G,2029,4058,4058,0,253,253,0
G,2030,4060,4060,0,253,253,0
G,2031,4062,4062,0,253,253,0
G,2032,4064,4064,0,254,254,0
G,2033,4066,4066,0,254,254,0
G,2034,4068,4068,0,254,254,0
G,2035,4070,4070,0,254,254,0
G,2036,4072,4072,0,254,254,0
G,2037,4074,4074,0,254,254,0
G,2038,4076,4076,0,254,254,0
G,2039,4078,4078,0,254,254,0
G,2040,4080,4080,0,255,255,0
G,2041,4082,4082,0,255,255,0
G,2042,4084,4084,0,255,255,0
G,2043,4086,4086,0,255,255,0
G,2044,4088,4088,0,255,255,0
G,2045,4090,4090,0,255,255,0
G,2046,4092,4092,0,255,255,0
G,2047,4094,4094,0,255,255,0
G,2048,4095,4095,0,255,255,0
G,2049,4095,4095,0,255,255,0
G,2050,4095,4095,0,255,255,0
G,2051,4095,4095,0,255,255,0
G,2052,4095,4095,0,255,255,0
G,2053,4095,4095,0,255,255,0
G,2054,4095,4095,0,255,255,0
G,2055,4095,4095,0,255,255,0
G,2056,4095,4095,0,255,255,0
G,2057,4095,4095,0,255,255,0
G,2058,4095,4095,0,255,255,0
G,2059,4095,4095,0,255,255,0
G,2060,4095,4095,0,255,255,0
G,2061,4095,4095,0,255,255,0
G,2062,4095,4095,0,255,255,0
G,2063,4095,4095,0,255,255,0
G,2064,4095,4095,0,255,255,0
G,2065,4095,4095,0,255,255,0
G,2066,4095,4095,0,255,255,0
G,2067,4095,4095,0,255,255,0
G,2068,4095,4095,0,255,255,0
G,2069,4095,4095,0,255,255,0
G,2070,4095,4095,0,255,255,0
G,2071,4095,4095,0,255,255,0
G,2072,4095,4095,0,255,255,0
G,2073,4095,4095,0,255,255,0
G,2074,4095,4095,0,255,255,0
G,2075,4095,4095,0,255,255,0
G,2076,4095,4095,0,255,255,0
G,2077,4095,4095,0,255,255,0
G,2078,4095,4095,0,255,255,0
G,2079,4095,4095,0,255,255,0
G,2080,4095,4095,0,255,255,0
G,2081,4095,4095,0,255,255,0
G,2082,4095,4095,0,255,255,0
G,2083,4095,4095,0,255,255,0
G,2084,4095,4095,0,255,255,0
G,2085,4095,4095,0,255,255,0
G,2086,4095,4095,0,255,255,0
G,2087,4095,4095,0,255,255,0
G,2088,4095,4095,0,255,255,0
G,2089,4095,4095,0,255,255,0
G,2090,4095,4095,0,255,255,0
G,2091,4095,4095,0,255,255,0
G,2092,4095,4095,0,255,255,0
G,2093,4095,4095,0,255,255,0
G,2094,4095,4095,0,255,255,0
G,2095,4095,4095,0,255,255,0
G,2096,4095,4095,0,255,255,0
G,2097,4095,4095,0,255,255,0
G,2098,4095,4095,0,255,255,0
G,2099,4095,4095,0,255,255,0
G,2100,4095,4095,0,255,255,0
G,2101,4095,4095,0,255,255,0
G,2102,4095,4095,0,255,255,0
G,2103,4095,4095,0,255,255,0
G,2104,4095,4095,0,255,255,0
G,2105,4095,4095,0,255,255,0
G,2106,4095,4095,0,255,255,0
G,2107,4095,4095,0,255,255,0
G,2108,4095,4095,0,255,255,0
G,2109,4095,4095,0,255,255,0
G,2110,4095,4095,0,255,255,0
G,2111,4095,4095,0,255,255,0
G,2112,4095,4095,0,255,255,0
G,2113,4095,4095,0,255,255,0
G,2114,4095,4095,0,255,255,0
G,2115,4095,4095,0,255,255,0
G,2116,4095,4095,0,255,255,0
G,2117,4095,4095,0,255,255,0
G,2118,4095,4095,0,255,255,0
G,2119,4095,4095,0,255,255,0
G,2120,4095,4095,0,255,255,0
G,2121,4095,4095,0,255,255,0
G,2122,4095,4095,0,255,255,0
G,2123,4095,4095,0,255,255,0
G,2124,4095,4095,0,255,255,0
G,2125,4095,4095,0,255,255,0
G,2126,4095,4095,0,255,255,0
G,2127,4095,4095,0,255,255,0
G,2128,4095,4095,0,255,255,0
G,2129,4095,4095,0,255,255,0
G,2130,4095,4095,0,255,255,0
G,2131,4095,4095,0,255,255,0
G,2132,4095,4095,0,255,255,0
G,2133,4095,4095,0,255,255,0
G,2134,4095,4095,0,255,255,0
G,2135,4095,4095,0,255,255,0
G,2136,4095,4095,0,255,255,0
G,2137,4095,4095,0,255,255,0
G,2138,4095,4095,0,255,255,0
G,2139,4095,4095,0,255,255,0
G,2140,4095,4095,0,255,255,0
G,2141,4095,4095,0,255,255,0
G,2142,4095,4095,0,255,255,0
G,2143,4095,4095,0,255,255,0
G,2144,4095,4095,0,255,255,0
G,2145,4095,4095,0,255,255,0
G,2146,4095,4095,0,255,255,0
G,2147,4095,4095,0,255,255,0
G,2148,4095,4095,0,255,255,0
G,2149,4095,4095,0,255,255,0
G,2150,4095,4095,0,255,255,0
G,2151,4095,4095,0,255,255,0
G,2152,4095,4095,0,255,255,0
G,2153,4095,4095,0,255,255,0
G,2154,4095,4095,0,255,255,0
G,2155,4095,4095,0,255,255,0
G,2156,4095,4095,0,255,255,0
G,2157,4095,4095,0,255,255,0
G,2158,4095,4095,0,255,255,0
G,2159,4095,4095,0,255,255,0
G,2160,4095,4095,0,255,255,0
G,2161,4095,4095,0,255,255,0
G,2162,4095,4095,0,255,255,0
G,2163,4095,4095,0,255,255,0
G,2164,4095,4095,0,255,255,0
G,2165,4095,4095,0,255,255,0
G,2166,4095,4095,0,255,255,0
G,2167,4095,4095,0,255,255,0
G,2168,4095,4095,0,255,255,0
G,2169,4095,4095,0,255,255,0
G,2170,4095,4095,0,255,255,0
G,2171,4095,4095,0,255,255,0
G,2172,4095,4095,0,255,255,0
G,2173,4095,4095,0,255,255,0
G,2174,4095,4095,0,255,255,0
G,2175,4095,4095,0,255,255,0
G,2176,4095,4095,0,255,255,0
G,2177,4095,4095,0,255,255,0
G,2178,4095,4095,0,255,255,0
G,2179,4095,4095,0,255,255,0
G,2180,4095,4095,0,255,255,0
G,2181,4095,4095,0,255,255,0
G,2182,4095,4095,0,255,255,0
G,2183,4095,4095,0,255,255,0
G,2184,4095,4095,0,255,255,0
G,2185,4095,4095,0,255,255,0
G,2186,4095,4095,0,255,255,0
G,2187,4095,4095,0,255,255,0
G,2188,4095,4095,0,255,255,0
G,2189,4095,4095,0,255,255,0
G,2190,4095,4095,0,255,255,0
G,2191,4095,4095,0,255,255,0
G,2192,4095,4095,0,255,255,0
G,2193,4095,4095,0,255,255,0
G,2194,4095,4095,0,255,255,0
G,2195,4095,4095,0,255,255,0
G,2196,4095,4095,0,255,255,0
G,2197,4095,4095,0,255,255,0
G,2198,4095,4095,0,255,255,0
G,2199,4095,4095,0,255,255,0
G,2200,4095,4095,0,255,255,0
G,2201,4095,4095,0,255,255,0
G,2202,4095,4095,0,255,255,0
G,2203,4095,4095,0,255,255,0
G,2204,4095,4095,0,255,255,0
G,2205,4095,4095,0,255,255,0
G,2206,4095,4095,0,255,255,0
G,2207,4095,4095,0,255,255,0
G,2208,4095,4095,0,255,255,0
G,2209,4095,4095,0,255,255,0
G,2210,4095,4095,0,255,255,0
G,2211,4095,4095,0,255,255,0
G,2212,4095,4095,0,255,255,0
G,2213,4095,4095,0,255,255,0
G,2214,4095,4095,0,255,255,0
G,2215,4095,4095,0,255,255,0
G,2216,4095,4095,0,255,255,0
G,2217,4095,4095,0,255,255,0
G,2218,4095,4095,0,255,255,0
G,2219,4095,4095,0,255,255,0
G,2220,4095,4095,0,255,255,0
G,2221,4095,4095,0,255,255,0
G,2222,4095,4095,0,255,255,0
G,2223,4095,4095,0,255,255,0
G,2224,4095,4095,0,255,255,0
G,2225,4095,4095,0,255,255,0
G,2226,4095,4095,0,255,255,0
G,2227,4095,4095,0,255,255,0
G,2228,4095,4095,0,255,255,0
G,2229,4095,4095,0,255,255,0
G,2230,4095,4095,0,255,255,0
G,2231,4095,4095,0,255,255,0
G,2232,4095,4095,0,255,255,0
G,2233,4095,4095,0,255,255,0
G,2234,4095,4095,0,255,255,0
G,2235,4095,4095,0,255,255,0
G,2236,4095,4095,0,255,255,0
G,2237,4095,4095,0,255,255,0
G,2238,4095,4095,0,255,255,0
G,2239,4095,4095,0,255,255,0
G,2240,4095,4095,0,255,255,0
G,2241,4095,4095,0,255,255,0
G,2242,4095,4095,0,255,255,0
G,2243,4095,4095,0,255,255,0
G,2244,4095,4095,0,255,255,0
G,2245,4095,4095,0,255,255,0
G,2246,4095,4095,0,255,255,0
G,2247,4095,4095,0,255,255,0
G,2248,4095,4095,0,255,255,0
G,2249,4095,4095,0,255,255,0
G,2250,4095,4095,0,255,255,0
G,2251,4095,4095,0,255,255,0
G,2252,4095,4095,0,255,255,0
G,2253,4095,4095,0,255,255,0
G,2254,4095,4095,0,255,255,0
G,2255,4095,4095,0,255,255,0
G,2256,4095,4095,0,255,255,0
G,2257,4095,4095,0,255,255,0
G,2258,4095,4095,0,255,255,0
G,2259,4095,4095,0,255,255,0
G,2260,4095,4095,0,255,255,0
G,2261,4095,4095,0,255,255,0
G,2262,4095,4095,0,255,255,0
G,2263,4095,4095,0,255,255,0
G,2264,4095,4095,0,255,255,0
G,2265,4095,4095,0,255,255,0
G,2266,4095,4095,0,255,255,0
G,2267,4095,4095,0,255,255,0
G,2268,4095,4095,0,255,255,0
G,2269,4095,4095,0,255,255,0
G,2270,4095,4095,0,255,255,0
G,2271,4095,4095,0,255,255,0
G,2272,4095,4095,0,255,255,0
G,2273,4095,4095,0,255,255,0
G,2274,4095,4095,0,255,255,0
G,2275,4095,4095,0,255,255,0
G,2276,4095,4095,0,255,255,0
G,2277,4095,4095,0,255,255,0
G,2278,4095,4095,0,255,255,0
G,2279,4095,4095,0,255,255,0
G,2280,4095,4095,0,255,255,0
G,2281,4095,4095,0,255,255,0
G,2282,4095,4095,0,255,255,0
G,2283,4095,4095,0,255,255,0
G,2284,4095,4095,0,255,255,0
G,2285,4095,4095,0,255,255,0
G,2286,4095,4095,0,255,255,0
G,2287,4095,4095,0,255,255,0
G,2288,4095,4095,0,255,255,0
G,2289,4095,4095,0,255,255,0
G,2290,4095,4095,0,255,255,0
G,2291,4095,4095,0,255,255,0
G,2292,4095,4095,0,255,255,0
G,2293,4095,4095,0,255,255,0
G,2294,4095,4095,0,255,255,0
G,2295,4095,4095,0,255,255,0
G,2296,4095,4095,0,255,255,0
G,2297,4095,4095,0,255,255,0
G,2298,4095,4095,0,255,255,0
G,2299,4095,4095,0,255,255,0
G,2300,4095,4095,0,255,255,0
G,2301,4095,4095,0,255,255,0
G,2302,4095,4095,0,255,255,0
G,2303,4095,4095,0,255,255,0
G,2304,4095,4095,0,255,255,0
G,2305,4095,4095,0,255,255,0
G,2306,4095,4095,0,255,255,0
G,2307,4095,4095,0,255,255,0
G,2308,4095,4095,0,255,255,0
G,2309,4095,4095,0,255,255,0
G,2310,4095,4095,0,255,255,0
G,2311,4095,4095,0,255,255,0
G,2312,4095,4095,0,255,255,0
G,2313,4095,4095,0,255,255,0
G,2314,4095,4095,0,255,255,0
G,2315,4095,4095,0,255,255,0
G,2316,4095,4095,0,255,255,0
G,2317,4095,4095,0,255,255,0
G,2318,4095,4095,0,255,255,0
G,2319,4095,4095,0,255,255,0
G,2320,4095,4095,0,255,255,0
G,2321,4095,4095,0,255,255,0
G,2322,4095,4095,0,255,255,0
G,2323,4095,4095,0,255,255,0
G,2324,4095,4095,0,255,255,0
G,2325,4095,4095,0,255,255,0
G,2326,4095,4095,0,255,255,0
G,2327,4095,4095,0,255,255,0
G,2328,4095,4095,0,255,255,0
G,2329,4095,4095,0,255,255,0
G,2330,4095,4095,0,255,255,0
G,2331,4095,4095,0,255,255,0
G,2332,4095,4095,0,255,255,0
G,2333,4095,4095,0,255,255,0
G,2334,4095,4095,0,255,255,0
G,2335,4095,4095,0,255,255,0
G,2336,4095,4095,0,255,255,0
G,2337,4095,4095,0,255,255,0
G,2338,4095,4095,0,255,255,0
G,2339,4095,4095,0,255,255,0
G,2340,4095,4095,0,255,255,0
G,2341,4095,4095,0,255,255,0
G,2342,4095,4095,0,255,255,0
G,2343,4095,4095,0,255,255,0
G,2344,4095,4095,0,255,255,0
G,2345,4095,4095,0,255,255,0
G,2346,4095,4095,0,255,255,0
G,2347,4095,4095,0,255,255,0
G,2348,4095,4095,0,255,255,0
G,2349,4095,4095,0,255,255,0
G,2350,4095,4095,0,255,255,0
G,2351,4095,4095,0,255,255,0
G,2352,4095,4095,0,255,255,0
G,2353,4095,4095,0,255,255,0
G,2354,4095,4095,0,255,255,0
G,2355,4095,4095,0,255,255,0
G,2356,4095,4095,0,255,255,0
G,2357,4095,4095,0,255,255,0
G,2358,4095,4095,0,255,255,0
G,2359,4095,4095,0,255,255,0
G,2360,4095,4095,0,255,255,0
G,2361,4095,4095,0,255,255,0
G,2362,4095,4095,0,255,255,0
G,2363,4095,4095,0,255,255,0
G,2364,4095,4095,0,255,255,0
G,2365,4095,4095,0,255,255,0
G,2366,4095,4095,0,255,255,0
G,2367,4095,4095,0,255,255,0
G,2368,4095,4095,0,255,255,0
G,2369,4095,4095,0,255,255,0
G,2370,4095,4095,0,255,255,0
G,2371,4095,4095,0,255,255,0
G,2372,4095,4095,0,255,255,0
G,2373,4095,4095,0,255,255,0
G,2374,4095,4095,0,255,255,0
G,2375,4095,4095,0,255,255,0
G,2376,4095,4095,0,255,255,0
G,2377,4095,4095,0,255,255,0
G,2378,4095,4095,0,255,255,0
G,2379,4095,4095,0,255,255,0
G,2380,4095,4095,0,255,255,0
G,2381,4095,4095,0,255,255,0
G,2382,4095,4095,0,255,255,0
G,2383,4095,4095,0,255,255,0
G,2384,4095,4095,0,255,255,0
G,2385,4095,4095,0,255,255,0
G,2386,4095,4095,0,255,255,0
G,2387,4095,4095,0,255,255,0
G,2388,4095,4095,0,255,255,0
G,2389,4095,4095,0,255,255,0
G,2390,4095,4095,0,255,255,0
G,2391,4095,4095,0,255,255,0
G,2392,4095,4095,0,255,255,0
G,2393,4095,4095,0,255,255,0
G,2394,4095,4095,0,255,255,0
G,2395,4095,4095,0,255,255,0
G,2396,4095,4095,0,255,255,0
G,2397,4095,4095,0,255,255,0
G,2398,4095,4095,0,255,255,0
G,2399,4095,4095,0,255,255,0
G,2400,4095,4095,0,255,255,0
G,2401,4095,4095,0,255,255,0
G,2402,4095,4095,0,255,255,0
G,2403,4095,4095,0,255,255,0
G,2404,4095,4095,0,255,255,0
G,2405,4095,4095,0,255,255,0
G,2406,4095,4095,0,255,255,0
G,2407,4095,4095,0,255,255,0
G,2408,4095,4095,0,255,255,0
G,2409,4095,4095,0,255,255,0
G,2410,4095,4095,0,255,255,0
G,2411,4095,4095,0,255,255,0
G,2412,4095,4095,0,255,255,0
G,2413,4095,4095,0,255,255,0
G,2414,4095,4095,0,255,255,0
G,2415,4095,4095,0,255,255,0
G,2416,4095,4095,0,255,255,0
G,2417,4095,4095,0,255,255,0
G,2418,4095,4095,0,255,255,0
G,2419,4095,4095,0,255,255,0
G,2420,4095,4095,0,255,255,0
G,2421,4095,4095,0,255,255,0
G,2422,4095,4095,0,255,255,0
G,2423,4095,4095,0,255,255,0
G,2424,4095,4095,0,255,255,0
G,2425,4095,4095,0,255,255,0
G,2426,4095,4095,0,255,255,0
G,2427,4095,4095,0,255,255,0
G,2428,4095,4095,0,255,255,0
G,2429,4095,4095,0,255,255,0
G,2430,4095,4095,0,255,255,0
G,2431,4095,4095,0,255,255,0
G,2432,4095,4095,0,255,255,0
G,2433,4095,4095,0,255,255,0
G,2434,4095,4095,0,255,255,0
G,2435,4095,4095,0,255,255,0
G,2436,4095,4095,0,255,255,0
G,2437,4095,4095,0,255,255,0
G,2438,4095,4095,0,255,255,0
G,2439,4095,4095,0,255,255,0
G,2440,4095,4095,0,255,255,0
G,2441,4095,4095,0,255,255,0
G,2442,4095,4095,0,255,255,0
G,2443,4095,4095,0,255,255,0
G,2444,4095,4095,0,255,255,0
G,2445,4095,4095,0,255,255,0
G,2446,4095,4095,0,255,255,0
G,2447,4095,4095,0,255,255,0
G,2448,4095,4095,0,255,255,0
G,2449,4095,4095,0,255,255,0
G,2450,4095,4095,0,255,255,0
G,2451,4095,4095,0,255,255,0
G,2452,4095,4095,0,255,255,0
G,2453,4095,4095,0,255,255,0
G,2454,4095,4095,0,255,255,0
G,2455,4095,4095,0,255,255,0
G,2456,4095,4095,0,255,255,0
G,2457,4095,4095,0,255,255,0
G,2458,4095,4095,0,255,255,0
G,2459,4095,4095,0,255,255,0
G,2460,4095,4095,0,255,255,0
G,2461,4095,4095,0,255,255,0
G,2462,4095,4095,0,255,255,0
G,2463,4095,4095,0,255,255,0
G,2464,4095,4095,0,255,255,0
G,2465,4095,4095,0,255,255,0
G,2466,4095,4095,0,255,255,0
G,2467,4095,4095,0,255,255,0
G,2468,4095,4095,0,255,255,0
G,2469,4095,4095,0,255,255,0
G,2470,4095,4095,0,255,255,0
G,2471,4095,4095,0,255,255,0
G,2472,4095,4095,0,255,255,0
G,2473,4095,4095,0,255,255,0
G,2474,4095,4095,0,255,255,0
G,2475,4095,4095,0,255,255,0
G,2476,4095,4095,0,255,255,0
G,2477,4095,4095,0,255,255,0
G,2478,4095,4095,0,255,255,0
G,2479,4095,4095,0,255,255,0
G,2480,4095,4095,0,255,255,0
G,2481,4095,4095,0,255,255,0
G,2482,4095,4095,0,255,255,0
G,2483,4095,4095,0,255,255,0
G,2484,4095,4095,0,255,255,0
G,2485,4095,4095,0,255,255,0
G,2486,4095,4095,0,255,255,0
G,2487,4095,4095,0,255,255,0
G,2488,4095,4095,0,255,255,0
G,2489,4095,4095,0,255,255,0
G,2490,4095,4095,0,255,255,0
G,2491,4095,4095,0,255,255,0
G,2492,4095,4095,0,255,255,0
G,2493,4095,4095,0,255,255,0
G,2494,4095,4095,0,255,255,0
G,2495,4095,4095,0,255,255,0
G,2496,4095,4095,0,255,255,0
G,2497,4095,4095,0,255,255,0
G,2498,4095,4095,0,255,255,0
G,2499,4095,4095,0,255,255,0
G,2500,4095,4095,0,255,255,0
G,2501,4095,4095,0,255,255,0
G,2502,4095,4095,0,255,255,0
G,2503,4095,4095,0,255,255,0
G,2504,4095,4095,0,255,255,0
G,2505,4095,4095,0,255,255,0
G,2506,4095,4095,0,255,255,0
G,2507,4095,4095,0,255,255,0
G,2508,4095,4095,0,255,255,0
G,2509,4095,4095,0,255,255,0
G,2510,4095,4095,0,255,255,0
G,2511,4095,4095,0,255,255,0
G,2512,4095,4095,0,255,255,0
G,2513,4095,4095,0,255,255,0
G,2514,4095,4095,0,255,255,0
G,2515,4095,4095,0,255,255,0
G,2516,4095,4095,0,255,255,0
G,2517,4095,4095,0,255,255,0
G,2518,4095,4095,0,255,255,0
G,2519,4095,4095,0,255,255,0
G,2520,4095,4095,0,255,255,0
G,2521,4095,4095,0,255,255,0
G,2522,4095,4095,0,255,255,0
G,2523,4095,4095,0,255,255,0
G,2524,4095,4095,0,255,255,0
G,2525,4095,4095,0,255,255,0
G,2526,4095,4095,0,255,255,0
G,2527,4095,4095,0,255,255,0
G,2528,4095,4095,0,255,255,0
G,2529,4095,4095,0,255,255,0
G,2530,4095,4095,0,255,255,0
G,2531,4095,4095,0,255,255,0
G,2532,4095,4095,0,255,255,0
G,2533,4095,4095,0,255,255,0
G,2534,4095,4095,0,255,255,0
G,2535,4095,4095,0,255,255,0
G,2536,4095,4095,0,255,255,0
G,2537,4095,4095,0,255,255,0
G,2538,4095,4095,0,255,255,0
G,2539,4095,4095,0,255,255,0
G,2540,4095,4095,0,255,255,0
G,2541,4095,4095,0,255,255,0
G,2542,4095,4095,0,255,255,0
G,2543,4095,4095,0,255,255,0
G,2544,4095,4095,0,255,255,0
G,2545,4095,4095,0,255,255,0
G,2546,4095,4095,0,255,255,0
G,2547,4095,4095,0,255,255,0
G,2548,4095,4095,0,255,255,0
G,2549,4095,4095,0,255,255,0
G,2550,4095,4095,0,255,255,0
G,2551,4095,4095,0,255,255,0
G,2552,4095,4095,0,255,255,0
G,2553,4095,4095,0,255,255,0
G,2554,4095,4095,0,255,255,0
G,2555,4095,4095,0,255,255,0
G,2556,4095,4095,0,255,255,0
G,2557,4095,4095,0,255,255,0
G,2558,4095,4095,0,255,255,0
G,2559,4095,4095,0,255,255,0
G,2560,4095,4095,0,255,255,0
G,2561,4095,4095,0,255,255,0
G,2562,4095,4095,0,255,255,0
G,2563,4095,4095,0,255,255,0
G,2564,4095,4095,0,255,255,0
G,2565,4095,4095,0,255,255,0
G,2566,4095,4095,0,255,255,0
G,2567,4095,4095,0,255,255,0
G,2568,4095,4095,0,255,255,0
G,2569,4095,4095,0,255,255,0
G,2570,4095,4095,0,255,255,0
G,2571,4095,4095,0,255,255,0
G,2572,4095,4095,0,255,255,0
G,2573,4095,4095,0,255,255,0
G,2574,4095,4095,0,255,255,0
G,2575,4095,4095,0,255,255,0
G,2576,4095,4095,0,255,255,0
G,2577,4095,4095,0,255,255,0
G,2578,4095,4095,0,255,255,0
G,2579,4095,4095,0,255,255,0
G,2580,4095,4095,0,255,255,0
G,2581,4095,4095,0,255,255,0
G,2582,4095,4095,0,255,255,0
G,2583,4095,4095,0,255,255,0
G,2584,4095,4095,0,255,255,0
G,2585,4095,4095,0,255,255,0
G,2586,4095,4095,0,255,255,0
G,2587,4095,4095,0,255,255,0
G,2588,4095,4095,0,255,255,0
G,2589,4095,4095,0,255,255,0
G,2590,4095,4095,0,255,255,0
G,2591,4095,4095,0,255,255,0
G,2592,4095,4095,0,255,255,0
G,2593,4095,4095,0,255,255,0
G,2594,4095,4095,0,255,255,0
G,2595,4095,4095,0,255,255,0
G,2596,4095,4095,0,255,255,0
G,2597,4095,4095,0,255,255,0
G,2598,4095,4095,0,255,255,0
G,2599,4095,4095,0,255,255,0
G,2600,4095,4095,0,255,255,0
G,2601,4095,4095,0,255,255,0
G,2602,4095,4095,0,255,255,0
G,2603,4095,4095,0,255,255,0
G,2604,4095,4095,0,255,255,0
G,2605,4095,4095,0,255,255,0
G,2606,4095,4095,0,255,255,0
G,2607,4095,4095,0,255,255,0
G,2608,4095,4095,0,255,255,0
G,2609,4095,4095,0,255,255,0
G,2610,4095,4095,0,255,255,0
G,2611,4095,4095,0,255,255,0
G,2612,4095,4095,0,255,255,0
G,2613,4095,4095,0,255,255,0
G,2614,4095,4095,0,255,255,0
G,2615,4095,4095,0,255,255,0
G,2616,4095,4095,0,255,255,0
G,2617,4095,4095,0,255,255,0
G,2618,4095,4095,0,255,255,0
G,2619,4095,4095,0,255,255,0
G,2620,4095,4095,0,255,255,0
G,2621,4095,4095,0,255,255,0
G,2622,4095,4095,0,255,255,0
G,2623,4095,4095,0,255,255,0
G,2624,4095,4095,0,255,255,0
G,2625,4095,4095,0,255,255,0
G,2626,4095,4095,0,255,255,0
G,2627,4095,4095,0,255,255,0
G,2628,4095,4095,0,255,255,0
G,2629,4095,4095,0,255,255,0
G,2630,4095,4095,0,255,255,0
G,2631,4095,4095,0,255,255,0
G,2632,4095,4095,0,255,255,0
G,2633,4095,4095,0,255,255,0
G,2634,4095,4095,0,255,255,0
G,2635,4095,4095,0,255,255,0
G,2636,4095,4095,0,255,255,0
G,2637,4095,4095,0,255,255,0
G,2638,4095,4095,0,255,255,0
G,2639,4095,4095,0,255,255,0
G,2640,4095,4095,0,255,255,0
G,2641,4095,4095,0,255,255,0
G,2642,4095,4095,0,255,255,0
G,2643,4095,4095,0,255,255,0
G,2644,4095,4095,0,255,255,0
G,2645,4095,4095,0,255,255,0
G,2646,4095,4095,0,255,255,0
G,2647,4095,4095,0,255,255,0
G,2648,4095,4095,0,255,255,0
G,2649,4095,4095,0,255,255,0
G,2650,4095,4095,0,255,255,0
G,2651,4095,4095,0,255,255,0
G,2652,4095,4095,0,255,255,0
G,2653,4095,4095,0,255,255,0
G,2654,4095,4095,0,255,255,0
G,2655,4095,4095,0,255,255,0
G,2656,4095,4095,0,255,255,0
G,2657,4095,4095,0,255,255,0
G,2658,4095,4095,0,255,255,0
G,2659,4095,4095,0,255,255,0
G,2660,4095,4095,0,255,255,0
G,2661,4095,4095,0,255,255,0
G,2662,4095,4095,0,255,255,0
G,2663,4095,4095,0,255,255,0
G,2664,4095,4095,0,255,255,0
G,2665,4095,4095,0,255,255,0
G,2666,4095,4095,0,255,255,0
G,2667,4095,4095,0,255,255,0
G,2668,4095,4095,0,255,255,0
G,2669,4095,4095,0,255,255,0
G,2670,4095,4095,0,255,255,0
G,2671,4095,4095,0,255,255,0
G,2672,4095,4095,0,255,255,0
G,2673,4095,4095,0,255,255,0
G,2674,4095,4095,0,255,255,0
G,2675,4095,4095,0,255,255,0
G,2676,4095,4095,0,255,255,0
G,2677,4095,4095,0,255,255,0
G,2678,4095,4095,0,255,255,0
G,2679,4095,4095,0,255,255,0
G,2680,4095,4095,0,255,255,0
G,2681,4095,4095,0,255,255,0
G,2682,4095,4095,0,255,255,0
G,2683,4095,4095,0,255,255,0
G,2684,4095,4095,0,255,255,0
G,2685,4095,4095,0,255,255,0
G,2686,4095,4095,0,255,255,0
G,2687,4095,4095,0,255,255,0
G,2688,4095,4095,0,255,255,0
G,2689,4095,4095,0,255,255,0
G,2690,4095,4095,0,255,255,0
G,2691,4095,4095,0,255,255,0
G,2692,4095,4095,0,255,255,0
G,2693,4095,4095,0,255,255,0
G,2694,4095,4095,0,255,255,0
G,2695,4095,4095,0,255,255,0
G,2696,4095,4095,0,255,255,0
G,2697,4095,4095,0,255,255,0
G,2698,4095,4095,0,255,255,0
G,2699,4095,4095,0,255,255,0
G,2700,4095,4095,0,255,255,0
G,2701,4095,4095,0,255,255,0
G,2702,4095,4095,0,255,255,0
G,2703,4095,4095,0,255,255,0
G,2704,4095,4095,0,255,255,0
G,2705,4095,4095,0,255,255,0
G,2706,4095,4095,0,255,255,0
G,2707,4095,4095,0,255,255,0
G,2708,4095,4095,0,255,255,0
G,2709,4095,4095,0,255,255,0
G,2710,4095,4095,0,255,255,0
G,2711,4095,4095,0,255,255,0
G,2712,4095,4095,0,255,255,0
G,2713,4095,4095,0,255,255,0
G,2714,4095,4095,0,255,255,0
G,2715,4095,4095,0,255,255,0
G,2716,4095,4095,0,255,255,0
G,2717,4095,4095,0,255,255,0
G,2718,4095,4095,0,255,255,0
G,2719,4095,4095,0,255,255,0
G,2720,4095,4095,0,255,255,0
G,2721,4095,4095,0,255,255,0
G,2722,4095,4095,0,255,255,0
G,2723,4095,4095,0,255,255,0
G,2724,4095,4095,0,255,255,0
G,2725,4095,4095,0,255,255,0
G,2726,4095,4095,0,255,255,0
G,2727,4095,4095,0,255,255,0
G,2728,4095,4095,0,255,255,0
G,2729,4095,4095,0,255,255,0
G,2730,4095,4095,0,255,255,0
G,2731,4095,4095,0,255,255,0
G,2732,4095,4095,0,255,255,0
G,2733,4095,4095,0,255,255,0
G,2734,4095,4095,0,255,255,0
G,2735,4095,4095,0,255,255,0
G,2736,4095,4095,0,255,255,0
G,2737,4095,4095,0,255,255,0
G,2738,4095,4095,0,255,255,0
G,2739,4095,4095,0,255,255,0
G,2740,4095,4095,0,255,255,0
G,2741,4095,4095,0,255,255,0
G,2742,4095,4095,0,255,255,0
G,2743,4095,4095,0,255,255,0
G,2744,4095,4095,0,255,255,0
G,2745,4095,4095,0,255,255,0
G,2746,4095,4095,0,255,255,0
G,2747,4095,4095,0,255,255,0
G,2748,4095,4095,0,255,255,0
G,2749,4095,4095,0,255,255,0
G,2750,4095,4095,0,255,255,0
G,2751,4095,4095,0,255,255,0
G,2752,4095,4095,0,255,255,0
G,2753,4095,4095,0,255,255,0
G,2754,4095,4095,0,255,255,0
G,2755,4095,4095,0,255,255,0
G,2756,4095,4095,0,255,255,0
G,2757,4095,4095,0,255,255,0
G,2758,4095,4095,0,255,255,0
G,2759,4095,4095,0,255,255,0
G,2760,4095,4095,0,255,255,0
G,2761,4095,4095,0,255,255,0
G,2762,4095,4095,0,255,255,0
G,2763,4095,4095,0,255,255,0
G,2764,4095,4095,0,255,255,0
G,2765,4095,4095,0,255,255,0
G,2766,4095,4095,0,255,255,0
G,2767,4095,4095,0,255,255,0
G,2768,4095,4095,0,255,255,0
G,2769,4095,4095,0,255,255,0
G,2770,4095,4095,0,255,255,0
G,2771,4095,4095,0,255,255,0
G,2772,4095,4095,0,255,255,0
G,2773,4095,4095,0,255,255,0
G,2774,4095,4095,0,255,255,0
G,2775,4095,4095,0,255,255,0
G,2776,4095,4095,0,255,255,0
G,2777,4095,4095,0,255,255,0
G,2778,4095,4095,0,255,255,0
G,2779,4095,4095,0,255,255,0
G,2780,4095,4095,0,255,255,0
G,2781,4095,4095,0,255,255,0
G,2782,4095,4095,0,255,255,0
G,2783,4095,4095,0,255,255,0
G,2784,4095,4095,0,255,255,0
G,2785,4095,4095,0,255,255,0
G,2786,4095,4095,0,255,255,0
G,2787,4095,4095,0,255,255,0
G,2788,4095,4095,0,255,255,0
G,2789,4095,4095,0,255,255,0
G,2790,4095,4095,0,255,255,0
G,2791,4095,4095,0,255,255,0
G,2792,4095,4095,0,255,255,0
G,2793,4095,4095,0,255,255,0
G,2794,4095,4095,0,255,255,0
G,2795,4095,4095,0,255,255,0
G,2796,4095,4095,0,255,255,0
G,2797,4095,4095,0,255,255,0
G,2798,4095,4095,0,255,255,0
G,2799,4095,4095,0,255,255,0
G,2800,4095,4095,0,255,255,0
G,2801,4095,4095,0,255,255,0
G,2802,4095,4095,0,255,255,0
G,2803,4095,4095,0,255,255,0
G,2804,4095,4095,0,255,255,0
G,2805,4095,4095,0,255,255,0
G,2806,4095,4095,0,255,255,0
G,2807,4095,4095,0,255,255,0
G,2808,4095,4095,0,255,255,0
G,2809,4095,4095,0,255,255,0
G,2810,4095,4095,0,255,255,0
G,2811,4095,4095,0,255,255,0
G,2812,4095,4095,0,255,255,0
G,2813,4095,4095,0,255,255,0
G,2814,4095,4095,0,255,255,0
G,2815,4095,4095,0,255,255,0
G,2816,4095,4095,0,255,255,0
G,2817,4095,4095,0,255,255,0
G,2818,4095,4095,0,255,255,0
G,2819,4095,4095,0,255,255,0
G,2820,4095,4095,0,255,255,0
G,2821,4095,4095,0,255,255,0
G,2822,4095,4095,0,255,255,0
G,2823,4095,4095,0,255,255,0
G,2824,4095,4095,0,255,255,0
G,2825,4095,4095,0,255,255,0
G,2826,4095,4095,0,255,255,0
G,2827,4095,4095,0,255,255,0
G,2828,4095,4095,0,255,255,0
G,2829,4095,4095,0,255,255,0
G,2830,4095,4095,0,255,255,0
G,2831,4095,4095,0,255,255,0
G,2832,4095,4095,0,255,255,0
G,2833,4095,4095,0,255,255,0
G,2834,4095,4095,0,255,255,0
G,2835,4095,4095,0,255,255,0
G,2836,4095,4095,0,255,255,0
G,2837,4095,4095,0,255,255,0
G,2838,4095,4095,0,255,255,0
G,2839,4095,4095,0,255,255,0
G,2840,4095,4095,0,255,255,0
G,2841,4095,4095,0,255,255,0
G,2842,4095,4095,0,255,255,0
G,2843,4095,4095,0,255,255,0
G,2844,4095,4095,0,255,255,0
G,2845,4095,4095,0,255,255,0
G,2846,4095,4095,0,255,255,0
G,2847,4095,4095,0,255,255,0
G,2848,4095,4095,0,255,255,0
G,2849,4095,4095,0,255,255,0
G,2850,4095,4095,0,255,255,0
G,2851,4095,4095,0,255,255,0
G,2852,4095,4095,0,255,255,0
G,2853,4095,4095,0,255,255,0
G,2854,4095,4095,0,255,255,0
G,2855,4095,4095,0,255,255,0
G,2856,4095,4095,0,255,255,0
G,2857,4095,4095,0,255,255,0
G,2858,4095,4095,0,255,255,0
G,2859,4095,4095,0,255,255,0
G,2860,4095,4095,0,255,255,0
G,2861,4095,4095,0,255,255,0
G,2862,4095,4095,0,255,255,0
G,2863,4095,4095,0,255,255,0
G,2864,4095,4095,0,255,255,0
G,2865,4095,4095,0,255,255,0
G,2866,4095,4095,0,255,255,0
G,2867,4095,4095,0,255,255,0
G,2868,4095,4095,0,255,255,0
G,2869,4095,4095,0,255,255,0
G,2870,4095,4095,0,255,255,0
G,2871,4095,4095,0,255,255,0
G,2872,4095,4095,0,255,255,0
G,2873,4095,4095,0,255,255,0
G,2874,4095,4095,0,255,255,0
G,2875,4095,4095,0,255,255,0
G,2876,4095,4095,0,255,255,0
G,2877,4095,4095,0,255,255,0
G,2878,4095,4095,0,255,255,0
G,2879,4095,4095,0,255,255,0
G,2880,4095,4095,0,255,255,0
G,2881,4095,4095,0,255,255,0
G,2882,4095,4095,0,255,255,0
G,2883,4095,4095,0,255,255,0
G,2884,4095,4095,0,255,255,0
G,2885,4095,4095,0,255,255,0
G,2886,4095,4095,0,255,255,0
G,2887,4095,4095,0,255,255,0
G,2888,4095,4095,0,255,255,0
G,2889,4095,4095,0,255,255,0
G,2890,4095,4095,0,255,255,0
G,2891,4095,4095,0,255,255,0
G,2892,4095,4095,0,255,255,0
G,2893,4095,4095,0,255,255,0
G,2894,4095,4095,0,255,255,0
G,2895,4095,4095,0,255,255,0
G,2896,4095,4095,0,255,255,0
G,2897,4095,4095,0,255,255,0
G,2898,4095,4095,0,255,255,0
G,2899,4095,4095,0,255,255,0
G,2900,4095,4095,0,255,255,0
G,2901,4095,4095,0,255,255,0
G,2902,4095,4095,0,255,255,0
G,2903,4095,4095,0,255,255,0
G,2904,4095,4095,0,255,255,0
G,2905,4095,4095,0,255,255,0
G,2906,4095,4095,0,255,255,0
G,2907,4095,4095,0,255,255,0
G,2908,4095,4095,0,255,255,0
G,2909,4095,4095,0,255,255,0
G,2910,4095,4095,0,255,255,0
G,2911,4095,4095,0,255,255,0
G,2912,4095,4095,0,255,255,0
G,2913,4095,4095,0,255,255,0
G,2914,4095,4095,0,255,255,0
G,2915,4095,4095,0,255,255,0
G,2916,4095,4095,0,255,255,0
G,2917,4095,4095,0,255,255,0
G,2918,4095,4095,0,255,255,0
G,2919,4095,4095,0,255,255,0
G,2920,4095,4095,0,255,255,0
G,2921,4095,4095,0,255,255,0
G,2922,4095,4095,0,255,255,0
G,2923,4095,4095,0,255,255,0
G,2924,4095,4095,0,255,255,0
G,2925,4095,4095,0,255,255,0
G,2926,4095,4095,0,255,255,0
G,2927,4095,4095,0,255,255,0
G,2928,4095,4095,0,255,255,0
G,2929,4095,4095,0,255,255,0
G,2930,4095,4095,0,255,255,0
G,2931,4095,4095,0,255,255,0
G,2932,4095,4095,0,255,255,0
G,2933,4095,4095,0,255,255,0
G,2934,4095,4095,0,255,255,0
G,2935,4095,4095,0,255,255,0
G,2936,4095,4095,0,255,255,0
G,2937,4095,4095,0,255,255,0
G,2938,4095,4095,0,255,255,0
G,2939,4095,4095,0,255,255,0
G,2940,4095,4095,0,255,255,0
G,2941,4095,4095,0,255,255,0
G,2942,4095,4095,0,255,255,0
G,2943,4095,4095,0,255,255,0
G,2944,4095,4095,0,255,255,0
G,2945,4095,4095,0,255,255,0
G,2946,4095,4095,0,255,255,0
G,2947,4095,4095,0,255,255,0
G,2948,4095,4095,0,255,255,0
G,2949,4095,4095,0,255,255,0
G,2950,4095,4095,0,255,255,0
G,2951,4095,4095,0,255,255,0
G,2952,4095,4095,0,255,255,0
G,2953,4095,4095,0,255,255,0
G,2954,4095,4095,0,255,255,0
G,2955,4095,4095,0,255,255,0
G,2956,4095,4095,0,255,255,0
G,2957,4095,4095,0,255,255,0
G,2958,4095,4095,0,255,255,0
G,2959,4095,4095,0,255,255,0
G,2960,4095,4095,0,255,255,0
G,2961,4095,4095,0,255,255,0
G,2962,4095,4095,0,255,255,0
G,2963,4095,4095,0,255,255,0
G,2964,4095,4095,0,255,255,0
G,2965,4095,4095,0,255,255,0
G,2966,4095,4095,0,255,255,0
G,2967,4095,4095,0,255,255,0
G,2968,4095,4095,0,255,255,0
G,2969,4095,4095,0,255,255,0
G,2970,4095,4095,0,255,255,0
G,2971,4095,4095,0,255,255,0
G,2972,4095,4095,0,255,255,0
G,2973,4095,4095,0,255,255,0
G,2974,4095,4095,0,255,255,0
G,2975,4095,4095,0,255,255,0
G,2976,4095,4095,0,255,255,0
G,2977,4095,4095,0,255,255,0
G,2978,4095,4095,0,255,255,0
G,2979,4095,4095,0,255,255,0
G,2980,4095,4095,0,255,255,0
G,2981,4095,4095,0,255,255,0
G,2982,4095,4095,0,255,255,0
G,2983,4095,4095,0,255,255,0
G,2984,4095,4095,0,255,255,0
G,2985,4095,4095,0,255,255,0
G,2986,4095,4095,0,255,255,0
G,2987,4095,4095,0,255,255,0
G,2988,4095,4095,0,255,255,0
G,2989,4095,4095,0,255,255,0
G,2990,4095,4095,0,255,255,0
G,2991,4095,4095,0,255,255,0
G,2992,4095,4095,0,255,255,0
G,2993,4095,4095,0,255,255,0
G,2994,4095,4095,0,255,255,0
G,2995,4095,4095,0,255,255,0
G,2996,4095,4095,0,255,255,0
G,2997,4095,4095,0,255,255,0
G,2998,4095,4095,0,255,255,0
G,2999,4095,4095,0,255,255,0
G,3000,4095,4095,0,255,255,0
G,3001,4095,4095,0,255,255,0
G,3002,4095,4095,0,255,255,0
G,3003,4095,4095,0,255,255,0
G,3004,4095,4095,0,255,255,0
G,3005,4095,4095,0,255,255,0
G,3006,4095,4095,0,255,255,0
G,3007,4095,4095,0,255,255,0
G,3008,4095,4095,0,255,255,0
G,3009,4095,4095,0,255,255,0
G,3010,4095,4095,0,255,255,0
G,3011,4095,4095,0,255,255,0
G,3012,4095,4095,0,255,255,0
G,3013,4095,4095,0,255,255,0
G,3014,4095,4095,0,255,255,0
G,3015,4095,4095,0,255,255,0
G,3016,4095,4095,0,255,255,0
G,3017,4095,4095,0,255,255,0
G,3018,4095,4095,0,255,255,0
G,3019,4095,4095,0,255,255,0
G,3020,4095,4095,0,255,255,0
G,3021,4095,4095,0,255,255,0
G,3022,4095,4095,0,255,255,0
G,3023,4095,4095,0,255,255,0
G,3024,4095,4095,0,255,255,0
G,3025,4095,4095,0,255,255,0
G,3026,4095,4095,0,255,255,0
G,3027,4095,4095,0,255,255,0
G,3028,4095,4095,0,255,255,0
G,3029,4095,4095,0,255,255,0
G,3030,4095,4095,0,255,255,0
G,3031,4095,4095,0,255,255,0
G,3032,4095,4095,0,255,255,0
G,3033,4095,4095,0,255,255,0
G,3034,4095,4095,0,255,255,0
G,3035,4095,4095,0,255,255,0
G,3036,4095,4095,0,255,255,0
G,3037,4095,4095,0,255,255,0
G,3038,4095,4095,0,255,255,0
G,3039,4095,4095,0,255,255,0
G,3040,4095,4095,0,255,255,0
G,3041,4095,4095,0,255,255,0
G,3042,4095,4095,0,255,255,0
G,3043,4095,4095,0,255,255,0
G,3044,4095,4095,0,255,255,0
G,3045,4095,4095,0,255,255,0
G,3046,4095,4095,0,255,255,0
G,3047,4095,4095,0,255,255,0
G,3048,4095,4095,0,255,255,0
G,3049,4095,4095,0,255,255,0
G,3050,4095,4095,0,255,255,0
G,3051,4095,4095,0,255,255,0
G,3052,4095,4095,0,255,255,0
G,3053,4095,4095,0,255,255,0
G,3054,4095,4095,0,255,255,0
G,3055,4095,4095,0,255,255,0
G,3056,4095,4095,0,255,255,0
G,3057,4095,4095,0,255,255,0
G,3058,4095,4095,0,255,255,0
G,3059,4095,4095,0,255,255,0
G,3060,4095,4095,0,255,255,0
G,3061,4095,4095,0,255,255,0
G,3062,4095,4095,0,255,255,0
G,3063,4095,4095,0,255,255,0
G,3064,4095,4095,0,255,255,0
G,3065,4095,4095,0,255,255,0
G,3066,4095,4095,0,255,255,0
G,3067,4095,4095,0,255,255,0
G,3068,4095,4095,0,255,255,0
G,3069,4095,4095,0,255,255,0
G,3070,4095,4095,0,255,255,0
G,3071,4095,4095,0,255,255,0
G,3072,4095,4095,0,255,255,0
G,3073,4095,4095,0,255,255,0
G,3074,4095,4095,0,255,255,0
G,3075,4095,4095,0,255,255,0
G,3076,4095,4095,0,255,255,0
G,3077,4095,4095,0,255,255,0
G,3078,4095,4095,0,255,255,0
G,3079,4095,4095,0,255,255,0
G,3080,4095,4095,0,255,255,0
G,3081,4095,4095,0,255,255,0
G,3082,4095,4095,0,255,255,0
G,3083,4095,4095,0,255,255,0
G,3084,4095,4095,0,255,255,0
G,3085,4095,4095,0,255,255,0
G,3086,4095,4095,0,255,255,0
G,3087,4095,4095,0,255,255,0
G,3088,4095,4095,0,255,255,0
G,3089,4095,4095,0,255,255,0
G,3090,4095,4095,0,255,255,0
G,3091,4095,4095,0,255,255,0
G,3092,4095,4095,0,255,255,0
G,3093,4095,4095,0,255,255,0
G,3094,4095,4095,0,255,255,0
G,3095,4095,4095,0,255,255,0
G,3096,4095,4095,0,255,255,0
G,3097,4095,4095,0,255,255,0
G,3098,4095,4095,0,255,255,0
G,3099,4095,4095,0,255,255,0
G,3100,4095,4095,0,255,255,0
G,3101,4095,4095,0,255,255,0
G,3102,4095,4095,0,255,255,0
G,3103,4095,4095,0,255,255,0
G,3104,4095,4095,0,255,255,0
G,3105,4095,4095,0,255,255,0
G,3106,4095,4095,0,255,255,0
G,3107,4095,4095,0,255,255,0
G,3108,4095,4095,0,255,255,0
G,3109,4095,4095,0,255,255,0
G,3110,4095,4095,0,255,255,0
G,3111,4095,4095,0,255,255,0
G,3112,4095,4095,0,255,255,0
G,3113,4095,4095,0,255,255,0
G,3114,4095,4095,0,255,255,0
G,3115,4095,4095,0,255,255,0
G,3116,4095,4095,0,255,255,0
G,3117,4095,4095,0,255,255,0
G,3118,4095,4095,0,255,255,0
G,3119,4095,4095,0,255,255,0
G,3120,4095,4095,0,255,255,0
G,3121,4095,4095,0,255,255,0
G,3122,4095,4095,0,255,255,0
G,3123,4095,4095,0,255,255,0
G,3124,4095,4095,0,255,255,0
G,3125,4095,4095,0,255,255,0
G,3126,4095,4095,0,255,255,0
G,3127,4095,4095,0,255,255,0
G,3128,4095,4095,0,255,255,0
G,3129,4095,4095,0,255,255,0
G,3130,4095,4095,0,255,255,0
G,3131,4095,4095,0,255,255,0
G,3132,4095,4095,0,255,255,0
G,3133,4095,4095,0,255,255,0
G,3134,4095,4095,0,255,255,0
G,3135,4095,4095,0,255,255,0
G,3136,4095,4095,0,255,255,0
G,3137,4095,4095,0,255,255,0
G,3138,4095,4095,0,255,255,0
G,3139,4095,4095,0,255,255,0
G,3140,4095,4095,0,255,255,0
G,3141,4095,4095,0,255,255,0
G,3142,4095,4095,0,255,255,0
G,3143,4095,4095,0,255,255,0
G,3144,4095,4095,0,255,255,0
G,3145,4095,4095,0,255,255,0
G,3146,4095,4095,0,255,255,0
G,3147,4095,4095,0,255,255,0
G,3148,4095,4095,0,255,255,0
G,3149,4095,4095,0,255,255,0
G,3150,4095,4095,0,255,255,0
G,3151,4095,4095,0,255,255,0
G,3152,4095,4095,0,255,255,0
G,3153,4095,4095,0,255,255,0
G,3154,4095,4095,0,255,255,0
G,3155,4095,4095,0,255,255,0
G,3156,4095,4095,0,255,255,0
G,3157,4095,4095,0,255,255,0
G,3158,4095,4095,0,255,255,0
G,3159,4095,4095,0,255,255,0
G,3160,4095,4095,0,255,255,0
G,3161,4095,4095,0,255,255,0
G,3162,4095,4095,0,255,255,0
G,3163,4095,4095,0,255,255,0
G,3164,4095,4095,0,255,255,0
G,3165,4095,4095,0,255,255,0
G,3166,4095,4095,0,255,255,0
G,3167,4095,4095,0,255,255,0
G,3168,4095,4095,0,255,255,0
G,3169,4095,4095,0,255,255,0
G,3170,4095,4095,0,255,255,0
G,3171,4095,4095,0,255,255,0
G,3172,4095,4095,0,255,255,0
G,3173,4095,4095,0,255,255,0
G,3174,4095,4095,0,255,255,0
G,3175,4095,4095,0,255,255,0
G,3176,4095,4095,0,255,255,0
G,3177,4095,4095,0,255,255,0
G,3178,4095,4095,0,255,255,0
G,3179,4095,4095,0,255,255,0
G,3180,4095,4095,0,255,255,0
G,3181,4095,4095,0,255,255,0
G,3182,4095,4095,0,255,255,0
G,3183,4095,4095,0,255,255,0
G,3184,4095,4095,0,255,255,0
G,3185,4095,4095,0,255,255,0
G,3186,4095,4095,0,255,255,0
G,3187,4095,4095,0,255,255,0
G,3188,4095,4095,0,255,255,0
G,3189,4095,4095,0,255,255,0
G,3190,4095,4095,0,255,255,0
G,3191,4095,4095,0,255,255,0
G,3192,4095,4095,0,255,255,0
G,3193,4095,4095,0,255,255,0
G,3194,4095,4095,0,255,255,0
G,3195,4095,4095,0,255,255,0
G,3196,4095,4095,0,255,255,0
G,3197,4095,4095,0,255,255,0
G,3198,4095,4095,0,255,255,0
G,3199,4095,4095,0,255,255,0
G,3200,4095,4095,0,255,255,0
G,3201,4095,4095,0,255,255,0
G,3202,4095,4095,0,255,255,0
G,3203,4095,4095,0,255,255,0
G,3204,4095,4095,0,255,255,0
G,3205,4095,4095,0,255,255,0
G,3206,4095,4095,0,255,255,0
G,3207,4095,4095,0,255,255,0
G,3208,4095,4095,0,255,255,0
G,3209,4095,4095,0,255,255,0
G,3210,4095,4095,0,255,255,0
G,3211,4095,4095,0,255,255,0
G,3212,4095,4095,0,255,255,0
G,3213,4095,4095,0,255,255,0
G,3214,4095,4095,0,255,255,0
G,3215,4095,4095,0,255,255,0
G,3216,4095,4095,0,255,255,0
G,3217,4095,4095,0,255,255,0
G,3218,4095,4095,0,255,255,0
G,3219,4095,4095,0,255,255,0
G,3220,4095,4095,0,255,255,0
G,3221,4095,4095,0,255,255,0
G,3222,4095,4095,0,255,255,0
G,3223,4095,4095,0,255,255,0
G,3224,4095,4095,0,255,255,0
G,3225,4095,4095,0,255,255,0
G,3226,4095,4095,0,255,255,0
G,3227,4095,4095,0,255,255,0
G,3228,4095,4095,0,255,255,0
G,3229,4095,4095,0,255,255,0
G,3230,4095,4095,0,255,255,0
G,3231,4095,4095,0,255,255,0
G,3232,4095,4095,0,255,255,0
G,3233,4095,4095,0,255,255,0
G,3234,4095,4095,0,255,255,0
G,3235,4095,4095,0,255,255,0
G,3236,4095,4095,0,255,255,0
G,3237,4095,4095,0,255,255,0
G,3238,4095,4095,0,255,255,0
G,3239,4095,4095,0,255,255,0
G,3240,4095,4095,0,255,255,0
G,3241,4095,4095,0,255,255,0
G,3242,4095,4095,0,255,255,0
G,3243,4095,4095,0,255,255,0
G,3244,4095,4095,0,255,255,0
G,3245,4095,4095,0,255,255,0
G,3246,4095,4095,0,255,255,0
G,3247,4095,4095,0,255,255,0
G,3248,4095,4095,0,255,255,0
G,3249,4095,4095,0,255,255,0
G,3250,4095,4095,0,255,255,0
G,3251,4095,4095,0,255,255,0
G,3252,4095,4095,0,255,255,0
G,3253,4095,4095,0,255,255,0
G,3254,4095,4095,0,255,255,0
G,3255,4095,4095,0,255,255,0
G,3256,4095,4095,0,255,255,0
G,3257,4095,4095,0,255,255,0
G,3258,4095,4095,0,255,255,0
G,3259,4095,4095,0,255,255,0
G,3260,4095,4095,0,255,255,0
G,3261,4095,4095,0,255,255,0
G,3262,4095,4095,0,255,255,0
G,3263,4095,4095,0,255,255,0
G,3264,4095,4095,0,255,255,0
G,3265,4095,4095,0,255,255,0
G,3266,4095,4095,0,255,255,0
G,3267,4095,4095,0,255,255,0
G,3268,4095,4095,0,255,255,0
G,3269,4095,4095,0,255,255,0
G,3270,4095,4095,0,255,255,0
G,3271,4095,4095,0,255,255,0
G,3272,4095,4095,0,255,255,0
G,3273,4095,4095,0,255,255,0
G,3274,4095,4095,0,255,255,0
G,3275,4095,4095,0,255,255,0
G,3276,4095,4095,0,255,255,0
G,3277,4095,4095,0,255,255,0
G,3278,4095,4095,0,255,255,0
G,3279,4095,4095,0,255,255,0
G,3280,4095,4095,0,255,255,0
G,3281,4095,4095,0,255,255,0
G,3282,4095,4095,0,255,255,0
G,3283,4095,4095,0,255,255,0
G,3284,4095,4095,0,255,255,0
G,3285,4095,4095,0,255,255,0
G,3286,4095,4095,0,255,255,0
G,3287,4095,4095,0,255,255,0
G,3288,4095,4095,0,255,255,0
G,3289,4095,4095,0,255,255,0
G,3290,4095,4095,0,255,255,0
G,3291,4095,4095,0,255,255,0
G,3292,4095,4095,0,255,255,0
G,3293,4095,4095,0,255,255,0
G,3294,4095,4095,0,255,255,0
G,3295,4095,4095,0,255,255,0
G,3296,4095,4095,0,255,255,0
G,3297,4095,4095,0,255,255,0
G,3298,4095,4095,0,255,255,0
G,3299,4095,4095,0,255,255,0
G,3300,4095,4095,0,255,255,0
G,3301,4095,4095,0,255,255,0
G,3302,4095,4095,0,255,255,0
G,3303,4095,4095,0,255,255,0
G,3304,4095,4095,0,255,255,0
G,3305,4095,4095,0,255,255,0
G,3306,4095,4095,0,255,255,0
G,3307,4095,4095,0,255,255,0
G,3308,4095,4095,0,255,255,0
G,3309,4095,4095,0,255,255,0
G,3310,4095,4095,0,255,255,0
G,3311,4095,4095,0,255,255,0
G,3312,4095,4095,0,255,255,0
G,3313,4095,4095,0,255,255,0
G,3314,4095,4095,0,255,255,0
G,3315,4095,4095,0,255,255,0
G,3316,4095,4095,0,255,255,0
G,3317,4095,4095,0,255,255,0
G,3318,4095,4095,0,255,255,0
G,3319,4095,4095,0,255,255,0
G,3320,4095,4095,0,255,255,0
G,3321,4095,4095,0,255,255,0
G,3322,4095,4095,0,255,255,0
G,3323,4095,4095,0,255,255,0
G,3324,4095,4095,0,255,255,0
G,3325,4095,4095,0,255,255,0
G,3326,4095,4095,0,255,255,0
G,3327,4095,4095,0,255,255,0
G,3328,4095,4095,0,255,255,0
G,3329,4095,4095,0,255,255,0
G,3330,4095,4095,0,255,255,0
G,3331,4095,4095,0,255,255,0
G,3332,4095,4095,0,255,255,0
G,3333,4095,4095,0,255,255,0
G,3334,4095,4095,0,255,255,0
G,3335,4095,4095,0,255,255,0
G,3336,4095,4095,0,255,255,0
G,3337,4095,4095,0,255,255,0
G,3338,4095,4095,0,255,255,0
G,3339,4095,4095,0,255,255,0
G,3340,4095,4095,0,255,255,0
G,3341,4095,4095,0,255,255,0
G,3342,4095,4095,0,255,255,0
G,3343,4095,4095,0,255,255,0
G,3344,4095,4095,0,255,255,0
G,3345,4095,4095,0,255,255,0
G,3346,4095,4095,0,255,255,0
G,3347,4095,4095,0,255,255,0
G,3348,4095,4095,0,255,255,0
G,3349,4095,4095,0,255,255,0
G,3350,4095,4095,0,255,255,0
G,3351,4095,4095,0,255,255,0
G,3352,4095,4095,0,255,255,0
G,3353,4095,4095,0,255,255,0
G,3354,4095,4095,0,255,255,0
G,3355,4095,4095,0,255,255,0
G,3356,4095,4095,0,255,255,0
G,3357,4095,4095,0,255,255,0
G,3358,4095,4095,0,255,255,0
G,3359,4095,4095,0,255,255,0
G,3360,4095,4095,0,255,255,0
G,3361,4095,4095,0,255,255,0
G,3362,4095,4095,0,255,255,0
G,3363,4095,4095,0,255,255,0
G,3364,4095,4095,0,255,255,0
G,3365,4095,4095,0,255,255,0
G,3366,4095,4095,0,255,255,0
G,3367,4095,4095,0,255,255,0
G,3368,4095,4095,0,255,255,0
G,3369,4095,4095,0,255,255,0
G,3370,4095,4095,0,255,255,0
G,3371,4095,4095,0,255,255,0
G,3372,4095,4095,0,255,255,0
G,3373,4095,4095,0,255,255,0
G,3374,4095,4095,0,255,255,0
G,3375,4095,4095,0,255,255,0
G,3376,4095,4095,0,255,255,0
G,3377,4095,4095,0,255,255,0
G,3378,4095,4095,0,255,255,0
G,3379,4095,4095,0,255,255,0
G,3380,4095,4095,0,255,255,0
G,3381,4095,4095,0,255,255,0
G,3382,4095,4095,0,255,255,0
G,3383,4095,4095,0,255,255,0
G,3384,4095,4095,0,255,255,0
G,3385,4095,4095,0,255,255,0
G,3386,4095,4095,0,255,255,0
G,3387,4095,4095,0,255,255,0
G,3388,4095,4095,0,255,255,0
G,3389,4095,4095,0,255,255,0
G,3390,4095,4095,0,255,255,0
G,3391,4095,4095,0,255,255,0
G,3392,4095,4095,0,255,255,0
G,3393,4095,4095,0,255,255,0
G,3394,4095,4095,0,255,255,0
G,3395,4095,4095,0,255,255,0
G,3396,4095,4095,0,255,255,0
G,3397,4095,4095,0,255,255,0
G,3398,4095,4095,0,255,255,0
G,3399,4095,4095,0,255,255,0
G,3400,4095,4095,0,255,255,0
G,3401,4095,4095,0,255,255,0
G,3402,4095,4095,0,255,255,0
G,3403,4095,4095,0,255,255,0
G,3404,4095,4095,0,255,255,0
G,3405,4095,4095,0,255,255,0
G,3406,4095,4095,0,255,255,0
G,3407,4095,4095,0,255,255,0
G,3408,4095,4095,0,255,255,0
G,3409,4095,4095,0,255,255,0
G,3410,4095,4095,0,255,255,0
G,3411,4095,4095,0,255,255,0
G,3412,4095,4095,0,255,255,0
G,3413,4095,4095,0,255,255,0
G,3414,4095,4095,0,255,255,0
G,3415,4095,4095,0,255,255,0
G,3416,4095,4095,0,255,255,0
G,3417,4095,4095,0,255,255,0
G,3418,4095,4095,0,255,255,0
G,3419,4095,4095,0,255,255,0
G,3420,4095,4095,0,255,255,0
G,3421,4095,4095,0,255,255,0
G,3422,4095,4095,0,255,255,0
G,3423,4095,4095,0,255,255,0
G,3424,4095,4095,0,255,255,0
G,3425,4095,4095,0,255,255,0
G,3426,4095,4095,0,255,255,0
G,3427,4095,4095,0,255,255,0
G,3428,4095,4095,0,255,255,0
G,3429,4095,4095,0,255,255,0
G,3430,4095,4095,0,255,255,0
G,3431,4095,4095,0,255,255,0
G,3432,4095,4095,0,255,255,0
G,3433,4095,4095,0,255,255,0
G,3434,4095,4095,0,255,255,0
G,3435,4095,4095,0,255,255,0
G,3436,4095,4095,0,255,255,0
G,3437,4095,4095,0,255,255,0
G,3438,4095,4095,0,255,255,0
G,3439,4095,4095,0,255,255,0
G,3440,4095,4095,0,255,255,0
G,3441,4095,4095,0,255,255,0
G,3442,4095,4095,0,255,255,0
G,3443,4095,4095,0,255,255,0
G,3444,4095,4095,0,255,255,0
G,3445,4095,4095,0,255,255,0
G,3446,4095,4095,0,255,255,0
G,3447,4095,4095,0,255,255,0
G,3448,4095,4095,0,255,255,0
G,3449,4095,4095,0,255,255,0
G,3450,4095,4095,0,255,255,0
G,3451,4095,4095,0,255,255,0
G,3452,4095,4095,0,255,255,0
G,3453,4095,4095,0,255,255,0
G,3454,4095,4095,0,255,255,0
G,3455,4095,4095,0,255,255,0
G,3456,4095,4095,0,255,255,0
G,3457,4095,4095,0,255,255,0
G,3458,4095,4095,0,255,255,0
G,3459,4095,4095,0,255,255,0
G,3460,4095,4095,0,255,255,0
G,3461,4095,4095,0,255,255,0
G,3462,4095,4095,0,255,255,0
G,3463,4095,4095,0,255,255,0
G,3464,4095,4095,0,255,255,0
G,3465,4095,4095,0,255,255,0
G,3466,4095,4095,0,255,255,0
G,3467,4095,4095,0,255,255,0
G,3468,4095,4095,0,255,255,0
G,3469,4095,4095,0,255,255,0
G,3470,4095,4095,0,255,255,0
G,3471,4095,4095,0,255,255,0
G,3472,4095,4095,0,255,255,0
G,3473,4095,4095,0,255,255,0
G,3474,4095,4095,0,255,255,0
G,3475,4095,4095,0,255,255,0
G,3476,4095,4095,0,255,255,0
G,3477,4095,4095,0,255,255,0
G,3478,4095,4095,0,255,255,0
G,3479,4095,4095,0,255,255,0
G,3480,4095,4095,0,255,255,0
G,3481,4095,4095,0,255,255,0
G,3482,4095,4095,0,255,255,0
G,3483,4095,4095,0,255,255,0
G,3484,4095,4095,0,255,255,0
G,3485,4095,4095,0,255,255,0
G,3486,4095,4095,0,255,255,0
G,3487,4095,4095,0,255,255,0
G,3488,4095,4095,0,255,255,0
G,3489,4095,4095,0,255,255,0
G,3490,4095,4095,0,255,255,0
G,3491,4095,4095,0,255,255,0
G,3492,4095,4095,0,255,255,0
G,3493,4095,4095,0,255,255,0
G,3494,4095,4095,0,255,255,0
G,3495,4095,4095,0,255,255,0
G,3496,4095,4095,0,255,255,0
G,3497,4095,4095,0,255,255,0
G,3498,4095,4095,0,255,255,0
G,3499,4095,4095,0,255,255,0
G,3500,4095,4095,0,255,255,0
G,3501,4095,4095,0,255,255,0
G,3502,4095,4095,0,255,255,0
G,3503,4095,4095,0,255,255,0
G,3504,4095,4095,0,255,255,0
G,3505,4095,4095,0,255,255,0
G,3506,4095,4095,0,255,255,0
G,3507,4095,4095,0,255,255,0
G,3508,4095,4095,0,255,255,0
G,3509,4095,4095,0,255,255,0
G,3510,4095,4095,0,255,255,0
G,3511,4095,4095,0,255,255,0
G,3512,4095,4095,0,255,255,0
G,3513,4095,4095,0,255,255,0
G,3514,4095,4095,0,255,255,0
G,3515,4095,4095,0,255,255,0
G,3516,4095,4095,0,255,255,0
G,3517,4095,4095,0,255,255,0
G,3518,4095,4095,0,255,255,0
G,3519,4095,4095,0,255,255,0
G,3520,4095,4095,0,255,255,0
G,3521,4095,4095,0,255,255,0
G,3522,4095,4095,0,255,255,0
G,3523,4095,4095,0,255,255,0
G,3524,4095,4095,0,255,255,0
G,3525,4095,4095,0,255,255,0
G,3526,4095,4095,0,255,255,0
G,3527,4095,4095,0,255,255,0
G,3528,4095,4095,0,255,255,0
G,3529,4095,4095,0,255,255,0
G,3530,4095,4095,0,255,255,0
G,3531,4095,4095,0,255,255,0
G,3532,4095,4095,0,255,255,0
G,3533,4095,4095,0,255,255,0
G,3534,4095,4095,0,255,255,0
G,3535,4095,4095,0,255,255,0
G,3536,4095,4095,0,255,255,0
G,3537,4095,4095,0,255,255,0
G,3538,4095,4095,0,255,255,0
G,3539,4095,4095,0,255,255,0
G,3540,4095,4095,0,255,255,0
G,3541,4095,4095,0,255,255,0
G,3542,4095,4095,0,255,255,0
G,3543,4095,4095,0,255,255,0
G,3544,4095,4095,0,255,255,0
G,3545,4095,4095,0,255,255,0
G,3546,4095,4095,0,255,255,0
G,3547,4095,4095,0,255,255,0
G,3548,4095,4095,0,255,255,0
G,3549,4095,4095,0,255,255,0
G,3550,4095,4095,0,255,255,0
G,3551,4095,4095,0,255,255,0
G,3552,4095,4095,0,255,255,0
G,3553,4095,4095,0,255,255,0
G,3554,4095,4095,0,255,255,0
G,3555,4095,4095,0,255,255,0
G,3556,4095,4095,0,255,255,0
G,3557,4095,4095,0,255,255,0
G,3558,4095,4095,0,255,255,0
G,3559,4095,4095,0,255,255,0
G,3560,4095,4095,0,255,255,0
G,3561,4095,4095,0,255,255,0
G,3562,4095,4095,0,255,255,0
G,3563,4095,4095,0,255,255,0
G,3564,4095,4095,0,255,255,0
G,3565,4095,4095,0,255,255,0
G,3566,4095,4095,0,255,255,0
G,3567,4095,4095,0,255,255,0
G,3568,4095,4095,0,255,255,0
G,3569,4095,4095,0,255,255,0
G,3570,4095,4095,0,255,255,0
G,3571,4095,4095,0,255,255,0
G,3572,4095,4095,0,255,255,0
G,3573,4095,4095,0,255,255,0
G,3574,4095,4095,0,255,255,0
G,3575,4095,4095,0,255,255,0
G,3576,4095,4095,0,255,255,0
G,3577,4095,4095,0,255,255,0
G,3578,4095,4095,0,255,255,0
G,3579,4095,4095,0,255,255,0
G,3580,4095,4095,0,255,255,0
G,3581,4095,4095,0,255,255,0
G,3582,4095,4095,0,255,255,0
G,3583,4095,4095,0,255,255,0
G,3584,4095,4095,0,255,255,0
G,3585,4095,4095,0,255,255,0
G,3586,4095,4095,0,255,255,0
G,3587,4095,4095,0,255,255,0
G,3588,4095,4095,0,255,255,0
G,3589,4095,4095,0,255,255,0
G,3590,4095,4095,0,255,255,0
G,3591,4095,4095,0,255,255,0
G,3592,4095,4095,0,255,255,0
G,3593,4095,4095,0,255,255,0
G,3594,4095,4095,0,255,255,0
G,3595,4095,4095,0,255,255,0
G,3596,4095,4095,0,255,255,0
G,3597,4095,4095,0,255,255,0
G,3598,4095,4095,0,255,255,0
G,3599,4095,4095,0,255,255,0
G,3600,4095,4095,0,255,255,0
G,3601,4095,4095,0,255,255,0
G,3602,4095,4095,0,255,255,0
G,3603,4095,4095,0,255,255,0
G,3604,4095,4095,0,255,255,0
G,3605,4095,4095,0,255,255,0
G,3606,4095,4095,0,255,255,0
G,3607,4095,4095,0,255,255,0
G,3608,4095,4095,0,255,255,0
G,3609,4095,4095,0,255,255,0
G,3610,4095,4095,0,255,255,0
G,3611,4095,4095,0,255,255,0
G,3612,4095,4095,0,255,255,0
G,3613,4095,4095,0,255,255,0
G,3614,4095,4095,0,255,255,0
G,3615,4095,4095,0,255,255,0
G,3616,4095,4095,0,255,255,0
G,3617,4095,4095,0,255,255,0
G,3618,4095,4095,0,255,255,0
G,3619,4095,4095,0,255,255,0
G,3620,4095,4095,0,255,255,0
G,3621,4095,4095,0,255,255,0
G,3622,4095,4095,0,255,255,0
G,3623,4095,4095,0,255,255,0
G,3624,4095,4095,0,255,255,0
G,3625,4095,4095,0,255,255,0
G,3626,4095,4095,0,255,255,0
G,3627,4095,4095,0,255,255,0
G,3628,4095,4095,0,255,255,0
G,3629,4095,4095,0,255,255,0
G,3630,4095,4095,0,255,255,0
G,3631,4095,4095,0,255,255,0
G,3632,4095,4095,0,255,255,0
G,3633,4095,4095,0,255,255,0
G,3634,4095,4095,0,255,255,0
G,3635,4095,4095,0,255,255,0
G,3636,4095,4095,0,255,255,0
G,3637,4095,4095,0,255,255,0
G,3638,4095,4095,0,255,255,0
G,3639,4095,4095,0,255,255,0
G,3640,4095,4095,0,255,255,0
G,3641,4095,4095,0,255,255,0
G,3642,4095,4095,0,255,255,0
G,3643,4095,4095,0,255,255,0
G,3644,4095,4095,0,255,255,0
G,3645,4095,4095,0,255,255,0
G,3646,4095,4095,0,255,255,0
G,3647,4095,4095,0,255,255,0
G,3648,4095,4095,0,255,255,0
G,3649,4095,4095,0,255,255,0
G,3650,4095,4095,0,255,255,0
G,3651,4095,4095,0,255,255,0
G,3652,4095,4095,0,255,255,0
G,3653,4095,4095,0,255,255,0
G,3654,4095,4095,0,255,255,0
G,3655,4095,4095,0,255,255,0
G,3656,4095,4095,0,255,255,0
G,3657,4095,4095,0,255,255,0
G,3658,4095,4095,0,255,255,0
G,3659,4095,4095,0,255,255,0
G,3660,4095,4095,0,255,255,0
G,3661,4095,4095,0,255,255,0
G,3662,4095,4095,0,255,255,0
G,3663,4095,4095,0,255,255,0
G,3664,4095,4095,0,255,255,0
G,3665,4095,4095,0,255,255,0
G,3666,4095,4095,0,255,255,0
G,3667,4095,4095,0,255,255,0
G,3668,4095,4095,0,255,255,0
G,3669,4095,4095,0,255,255,0
G,3670,4095,4095,0,255,255,0
G,3671,4095,4095,0,255,255,0
G,3672,4095,4095,0,255,255,0
G,3673,4095,4095,0,255,255,0
G,3674,4095,4095,0,255,255,0
G,3675,4095,4095,0,255,255,0
G,3676,4095,4095,0,255,255,0
G,3677,4095,4095,0,255,255,0
G,3678,4095,4095,0,255,255,0
G,3679,4095,4095,0,255,255,0
G,3680,4095,4095,0,255,255,0
G,3681,4095,4095,0,255,255,0
G,3682,4095,4095,0,255,255,0
G,3683,4095,4095,0,255,255,0
G,3684,4095,4095,0,255,255,0
G,3685,4095,4095,0,255,255,0
G,3686,4095,4095,0,255,255,0
G,3687,4095,4095,0,255,255,0
G,3688,4095,4095,0,255,255,0
G,3689,4095,4095,0,255,255,0
G,3690,4095,4095,0,255,255,0
G,3691,4095,4095,0,255,255,0
G,3692,4095,4095,0,255,255,0
G,3693,4095,4095,0,255,255,0
G,3694,4095,4095,0,255,255,0
G,3695,4095,4095,0,255,255,0
G,3696,4095,4095,0,255,255,0
G,3697,4095,4095,0,255,255,0
G,3698,4095,4095,0,255,255,0
G,3699,4095,4095,0,255,255,0
G,3700,4095,4095,0,255,255,0
G,3701,4095,4095,0,255,255,0
G,3702,4095,4095,0,255,255,0
G,3703,4095,4095,0,255,255,0
G,3704,4095,4095,0,255,255,0
G,3705,4095,4095,0,255,255,0
G,3706,4095,4095,0,255,255,0
G,3707,4095,4095,0,255,255,0
G,3708,4095,4095,0,255,255,0
G,3709,4095,4095,0,255,255,0
G,3710,4095,4095,0,255,255,0
G,3711,4095,4095,0,255,255,0
G,3712,4095,4095,0,255,255,0
G,3713,4095,4095,0,255,255,0
G,3714,4095,4095,0,255,255,0
G,3715,4095,4095,0,255,255,0
G,3716,4095,4095,0,255,255,0
G,3717,4095,4095,0,255,255,0
G,3718,4095,4095,0,255,255,0
G,3719,4095,4095,0,255,255,0
G,3720,4095,4095,0,255,255,0
G,3721,4095,4095,0,255,255,0
G,3722,4095,4095,0,255,255,0
G,3723,4095,4095,0,255,255,0
G,3724,4095,4095,0,255,255,0
G,3725,4095,4095,0,255,255,0
G,3726,4095,4095,0,255,255,0
G,3727,4095,4095,0,255,255,0
G,3728,4095,4095,0,255,255,0
G,3729,4095,4095,0,255,255,0
G,3730,4095,4095,0,255,255,0
G,3731,4095,4095,0,255,255,0
G,3732,4095,4095,0,255,255,0
G,3733,4095,4095,0,255,255,0
G,3734,4095,4095,0,255,255,0
G,3735,4095,4095,0,255,255,0
G,3736,4095,4095,0,255,255,0
G,3737,4095,4095,0,255,255,0
G,3738,4095,4095,0,255,255,0
G,3739,4095,4095,0,255,255,0
G,3740,4095,4095,0,255,255,0
G,3741,4095,4095,0,255,255,0
G,3742,4095,4095,0,255,255,0
G,3743,4095,4095,0,255,255,0
G,3744,4095,4095,0,255,255,0
G,3745,4095,4095,0,255,255,0
G,3746,4095,4095,0,255,255,0
G,3747,4095,4095,0,255,255,0
G,3748,4095,4095,0,255,255,0
G,3749,4095,4095,0,255,255,0
G,3750,4095,4095,0,255,255,0
G,3751,4095,4095,0,255,255,0
G,3752,4095,4095,0,255,255,0
G,3753,4095,4095,0,255,255,0
G,3754,4095,4095,0,255,255,0
G,3755,4095,4095,0,255,255,0
G,3756,4095,4095,0,255,255,0
G,3757,4095,4095,0,255,255,0
G,3758,4095,4095,0,255,255,0
G,3759,4095,4095,0,255,255,0
G,3760,4095,4095,0,255,255,0
G,3761,4095,4095,0,255,255,0
G,3762,4095,4095,0,255,255,0
G,3763,4095,4095,0,255,255,0
G,3764,4095,4095,0,255,255,0
G,3765,4095,4095,0,255,255,0
G,3766,4095,4095,0,255,255,0
G,3767,4095,4095,0,255,255,0
G,3768,4095,4095,0,255,255,0
G,3769,4095,4095,0,255,255,0
G,3770,4095,4095,0,255,255,0
G,3771,4095,4095,0,255,255,0
G,3772,4095,4095,0,255,255,0
G,3773,4095,4095,0,255,255,0
G,3774,4095,4095,0,255,255,0
G,3775,4095,4095,0,255,255,0
G,3776,4095,4095,0,255,255,0
G,3777,4095,4095,0,255,255,0
G,3778,4095,4095,0,255,255,0
G,3779,4095,4095,0,255,255,0
G,3780,4095,4095,0,255,255,0
G,3781,4095,4095,0,255,255,0
G,3782,4095,4095,0,255,255,0
G,3783,4095,4095,0,255,255,0
G,3784,4095,4095,0,255,255,0
G,3785,4095,4095,0,255,255,0
G,3786,4095,4095,0,255,255,0
G,3787,4095,4095,0,255,255,0
G,3788,4095,4095,0,255,255,0
G,3789,4095,4095,0,255,255,0
G,3790,4095,4095,0,255,255,0
G,3791,4095,4095,0,255,255,0
G,3792,4095,4095,0,255,255,0
G,3793,4095,4095,0,255,255,0
G,3794,4095,4095,0,255,255,0
G,3795,4095,4095,0,255,255,0
G,3796,4095,4095,0,255,255,0
G,3797,4095,4095,0,255,255,0
G,3798,4095,4095,0,255,255,0
G,3799,4095,4095,0,255,255,0
G,3800,4095,4095,0,255,255,0
G,3801,4095,4095,0,255,255,0
G,3802,4095,4095,0,255,255,0
G,3803,4095,4095,0,255,255,0
G,3804,4095,4095,0,255,255,0
G,3805,4095,4095,0,255,255,0
G,3806,4095,4095,0,255,255,0
G,3807,4095,4095,0,255,255,0
G,3808,4095,4095,0,255,255,0
G,3809,4095,4095,0,255,255,0
G,3810,4095,4095,0,255,255,0
G,3811,4095,4095,0,255,255,0
G,3812,4095,4095,0,255,255,0
G,3813,4095,4095,0,255,255,0
G,3814,4095,4095,0,255,255,0
G,3815,4095,4095,0,255,255,0
G,3816,4095,4095,0,255,255,0
G,3817,4095,4095,0,255,255,0
G,3818,4095,4095,0,255,255,0
G,3819,4095,4095,0,255,255,0
G,3820,4095,4095,0,255,255,0
G,3821,4095,4095,0,255,255,0
G,3822,4095,4095,0,255,255,0
G,3823,4095,4095,0,255,255,0
G,3824,4095,4095,0,255,255,0
G,3825,4095,4095,0,255,255,0
G,3826,4095,4095,0,255,255,0
G,3827,4095,4095,0,255,255,0
G,3828,4095,4095,0,255,255,0
G,3829,4095,4095,0,255,255,0
G,3830,4095,4095,0,255,255,0
G,3831,4095,4095,0,255,255,0
G,3832,4095,4095,0,255,255,0
G,3833,4095,4095,0,255,255,0
G,3834,4095,4095,0,255,255,0
G,3835,4095,4095,0,255,255,0
G,3836,4095,4095,0,255,255,0
G,3837,4095,4095,0,255,255,0
G,3838,4095,4095,0,255,255,0
G,3839,4095,4095,0,255,255,0
G,3840,4095,4095,0,255,255,0
G,3841,4095,4095,0,255,255,0
G,3842,4095,4095,0,255,255,0
G,3843,4095,4095,0,255,255,0
G,3844,4095,4095,0,255,255,0
G,3845,4095,4095,0,255,255,0
G,3846,4095,4095,0,255,255,0
G,3847,4095,4095,0,255,255,0
G,3848,4095,4095,0,255,255,0
G,3849,4095,4095,0,255,255,0
G,3850,4095,4095,0,255,255,0
G,3851,4095,4095,0,255,255,0
G,3852,4095,4095,0,255,255,0
G,3853,4095,4095,0,255,255,0
G,3854,4095,4095,0,255,255,0
G,3855,4095,4095,0,255,255,0
G,3856,4095,4095,0,255,255,0
G,3857,4095,4095,0,255,255,0
G,3858,4095,4095,0,255,255,0
G,3859,4095,4095,0,255,255,0
G,3860,4095,4095,0,255,255,0
G,3861,4095,4095,0,255,255,0
G,3862,4095,4095,0,255,255,0
G,3863,4095,4095,0,255,255,0
G,3864,4095,4095,0,255,255,0
G,3865,4095,4095,0,255,255,0
G,3866,4095,4095,0,255,255,0
G,3867,4095,4095,0,255,255,0
G,3868,4095,4095,0,255,255,0
G,3869,4095,4095,0,255,255,0
G,3870,4095,4095,0,255,255,0
G,3871,4095,4095,0,255,255,0
G,3872,4095,4095,0,255,255,0
G,3873,4095,4095,0,255,255,0
G,3874,4095,4095,0,255,255,0
G,3875,4095,4095,0,255,255,0
G,3876,4095,4095,0,255,255,0
G,3877,4095,4095,0,255,255,0
G,3878,4095,4095,0,255,255,0
G,3879,4095,4095,0,255,255,0
G,3880,4095,4095,0,255,255,0
G,3881,4095,4095,0,255,255,0
G,3882,4095,4095,0,255,255,0
G,3883,4095,4095,0,255,255,0
G,3884,4095,4095,0,255,255,0
G,3885,4095,4095,0,255,255,0
G,3886,4095,4095,0,255,255,0
G,3887,4095,4095,0,255,255,0
G,3888,4095,4095,0,255,255,0
G,3889,4095,4095,0,255,255,0
G,3890,4095,4095,0,255,255,0
G,3891,4095,4095,0,255,255,0
G,3892,4095,4095,0,255,255,0
G,3893,4095,4095,0,255,255,0
G,3894,4095,4095,0,255,255,0
G,3895,4095,4095,0,255,255,0
G,3896,4095,4095,0,255,255,0
G,3897,4095,4095,0,255,255,0
G,3898,4095,4095,0,255,255,0
G,3899,4095,4095,0,255,255,0
G,3900,4095,4095,0,255,255,0
G,3901,4095,4095,0,255,255,0
G,3902,4095,4095,0,255,255,0
G,3903,4095,4095,0,255,255,0
G,3904,4095,4095,0,255,255,0
G,3905,4095,4095,0,255,255,0
G,3906,4095,4095,0,255,255,0
G,3907,4095,4095,0,255,255,0
G,3908,4095,4095,0,255,255,0
G,3909,4095,4095,0,255,255,0
G,3910,4095,4095,0,255,255,0
G,3911,4095,4095,0,255,255,0
G,3912,4095,4095,0,255,255,0
G,3913,4095,4095,0,255,255,0
G,3914,4095,4095,0,255,255,0
G,3915,4095,4095,0,255,255,0
G,3916,4095,4095,0,255,255,0
G,3917,4095,4095,0,255,255,0
G,3918,4095,4095,0,255,255,0
G,3919,4095,4095,0,255,255,0
G,3920,4095,4095,0,255,255,0
G,3921,4095,4095,0,255,255,0
G,3922,4095,4095,0,255,255,0
G,3923,4095,4095,0,255,255,0
G,3924,4095,4095,0,255,255,0
G,3925,4095,4095,0,255,255,0
G,3926,4095,4095,0,255,255,0
G,3927,4095,4095,0,255,255,0
G,3928,4095,4095,0,255,255,0
G,3929,4095,4095,0,255,255,0
G,3930,4095,4095,0,255,255,0
G,3931,4095,4095,0,255,255,0
G,3932,4095,4095,0,255,255,0
G,3933,4095,4095,0,255,255,0
G,3934,4095,4095,0,255,255,0
G,3935,4095,4095,0,255,255,0
G,3936,4095,4095,0,255,255,0
G,3937,4095,4095,0,255,255,0
G,3938,4095,4095,0,255,255,0
G,3939,4095,4095,0,255,255,0
G,3940,4095,4095,0,255,255,0
G,3941,4095,4095,0,255,255,0
G,3942,4095,4095,0,255,255,0
G,3943,4095,4095,0,255,255,0
G,3944,4095,4095,0,255,255,0
G,3945,4095,4095,0,255,255,0
G,3946,4095,4095,0,255,255,0
G,3947,4095,4095,0,255,255,0
G,3948,4095,4095,0,255,255,0
G,3949,4095,4095,0,255,255,0
G,3950,4095,4095,0,255,255,0
G,3951,4095,4095,0,255,255,0
G,3952,4095,4095,0,255,255,0
G,3953,4095,4095,0,255,255,0
G,3954,4095,4095,0,255,255,0
G,3955,4095,4095,0,255,255,0
G,3956,4095,4095,0,255,255,0
G,3957,4095,4095,0,255,255,0
G,3958,4095,4095,0,255,255,0
G,3959,4095,4095,0,255,255,0
G,3960,4095,4095,0,255,255,0
G,3961,4095,4095,0,255,255,0
G,3962,4095,4095,0,255,255,0
G,3963,4095,4095,0,255,255,0
G,3964,4095,4095,0,255,255,0
G,3965,4095,4095,0,255,255,0
G,3966,4095,4095,0,255,255,0
G,3967,4095,4095,0,255,255,0
G,3968,4095,4095,0,255,255,0
G,3969,4095,4095,0,255,255,0
G,3970,4095,4095,0,255,255,0
G,3971,4095,4095,0,255,255,0
G,3972,4095,4095,0,255,255,0
G,3973,4095,4095,0,255,255,0
G,3974,4095,4095,0,255,255,0
G,3975,4095,4095,0,255,255,0
G,3976,4095,4095,0,255,255,0
G,3977,4095,4095,0,255,255,0
G,3978,4095,4095,0,255,255,0
G,3979,4095,4095,0,255,255,0
G,3980,4095,4095,0,255,255,0
G,3981,4095,4095,0,255,255,0
G,3982,4095,4095,0,255,255,0
G,3983,4095,4095,0,255,255,0
G,3984,4095,4095,0,255,255,0
G,3985,4095,4095,0,255,255,0
G,3986,4095,4095,0,255,255,0
G,3987,4095,4095,0,255,255,0
G,3988,4095,4095,0,255,255,0
G,3989,4095,4095,0,255,255,0
G,3990,4095,4095,0,255,255,0
G,3991,4095,4095,0,255,255,0
G,3992,4095,4095,0,255,255,0
G,3993,4095,4095,0,255,255,0
G,3994,4095,4095,0,255,255,0
G,3995,4095,4095,0,255,255,0
G,3996,4095,4095,0,255,255,0
G,3997,4095,4095,0,255,255,0
G,3998,4095,4095,0,255,255,0
G,3999,4095,4095,0,255,255,0
G,4000,4095,4095,0,255,255,0
G,4001,4095,4095,0,255,255,0
G,4002,4095,4095,0,255,255,0
G,4003,4095,4095,0,255,255,0
G,4004,4095,4095,0,255,255,0
G,4005,4095,4095,0,255,255,0
G,4006,4095,4095,0,255,255,0
G,4007,4095,4095,0,255,255,0
G,4008,4095,4095,0,255,255,0
G,4009,4095,4095,0,255,255,0
G,4010,4095,4095,0,255,255,0
G,4011,4095,4095,0,255,255,0
G,4012,4095,4095,0,255,255,0
G,4013,4095,4095,0,255,255,0
G,4014,4095,4095,0,255,255,0
G,4015,4095,4095,0,255,255,0
G,4016,4095,4095,0,255,255,0
G,4017,4095,4095,0,255,255,0
G,4018,4095,4095,0,255,255,0
G,4019,4095,4095,0,255,255,0
G,4020,4095,4095,0,255,255,0
G,4021,4095,4095,0,255,255,0
G,4022,4095,4095,0,255,255,0
G,4023,4095,4095,0,255,255,0
G,4024,4095,4095,0,255,255,0
G,4025,4095,4095,0,255,255,0
G,4026,4095,4095,0,255,255,0
G,4027,4095,4095,0,255,255,0
G,4028,4095,4095,0,255,255,0
G,4029,4095,4095,0,255,255,0
G,4030,4095,4095,0,255,255,0
G,4031,4095,4095,0,255,255,0
G,4032,4095,4095,0,255,255,0
G,4033,4095,4095,0,255,255,0
G,4034,4095,4095,0,255,255,0
G,4035,4095,4095,0,255,255,0
G,4036,4095,4095,0,255,255,0
G,4037,4095,4095,0,255,255,0
G,4038,4095,4095,0,255,255,0
G,4039,4095,4095,0,255,255,0
G,4040,4095,4095,0,255,255,0
G,4041,4095,4095,0,255,255,0
G,4042,4095,4095,0,255,255,0
G,4043,4095,4095,0,255,255,0
G,4044,4095,4095,0,255,255,0
G,4045,4095,4095,0,255,255,0
G,4046,4095,4095,0,255,255,0
G,4047,4095,4095,0,255,255,0
G,4048,4095,4095,0,255,255,0
G,4049,4095,4095,0,255,255,0
G,4050,4095,4095,0,255,255,0
G,4051,4095,4095,0,255,255,0
G,4052,4095,4095,0,255,255,0
G,4053,4095,4095,0,255,255,0
G,4054,4095,4095,0,255,255,0
G,4055,4095,4095,0,255,255,0
G,4056,4095,4095,0,255,255,0
G,4057,4095,4095,0,255,255,0
G,4058,4095,4095,0,255,255,0
G,4059,4095,4095,0,255,255,0
G,4060,4095,4095,0,255,255,0
G,4061,4095,4095,0,255,255,0
G,4062,4095,4095,0,255,255,0
G,4063,4095,4095,0,255,255,0
G,4064,4095,4095,0,255,255,0
G,4065,4095,4095,0,255,255,0
G,4066,4095,4095,0,255,255,0
G,4067,4095,4095,0,255,255,0
G,4068,4095,4095,0,255,255,0
G,4069,4095,4095,0,255,255,0
G,4070,4095,4095,0,255,255,0
G,4071,4095,4095,0,255,255,0
G,4072,4095,4095,0,255,255,0
G,4073,4095,4095,0,255,255,0
G,4074,4095,4095,0,255,255,0
G,4075,4095,4095,0,255,255,0
G,4076,4095,4095,0,255,255,0
G,4077,4095,4095,0,255,255,0
G,4078,4095,4095,0,255,255,0
G,4079,4095,4095,0,255,255,0
G,4080,4095,4095,0,255,255,0
G,4081,4095,4095,0,255,255,0
G,4082,4095,4095,0,255,255,0
G,4083,4095,4095,0,255,255,0
G,4084,4095,4095,0,255,255,0
G,4085,4095,4095,0,255,255,0
G,4086,4095,4095,0,255,255,0
G,4087,4095,4095,0,255,255,0
G,4088,4095,4095,0,255,255,0
G,4089,4095,4095,0,255,255,0
G,4090,4095,4095,0,255,255,0
G,4091,4095,4095,0,255,255,0
G,4092,4095,4095,0,255,255,0
G,4093,4095,4095,0,255,255,0
G,4094,4095,4095,0,255,255,0
G,4095,4095,4095,0,255,255,0
B,0,0,0,0,0,0,0
B,1,2,2,0,0,0,0
B,2,4,4,0,0,0,0
B,3,7,7,0,0,0,0
B,4,9,9,0,0,0,0
B,5,11,11,0,0,0,0
B,6,14,14,0,0,0,0
B,7,16,16,0,1,1,0
B,8,19,19,0,1,1,0
B,9,21,21,0,1,1,0
B,10,23,23,0,1,1,0
B,11,26,26,0,1,1,0
B,12,28,28,0,1,1,0
B,13,31,31,0,1,1,0
B,14,33,33,0,2,2,0
B,15,35,35,0,2,2,0
B,16,38,38,0,2,2,0
B,17,40,40,0,2,2,0
B,18,43,43,0,2,2,0
B,19,45,45,0,2,2,0
B,20,47,47,0,2,2,0
B,21,50,50,0,3,3,0
B,22,52,52,0,3,3,0
B,23,55,55,0,3,3,0
B,24,57,57,0,3,3,0
B,25,59,59,0,3,3,0
B,26,62,62,0,3,3,0
B,27,64,64,0,4,4,0
B,28,67,67,0,4,4,0
B,29,69,69,0,4,4,0
B,30,71,71,0,4,4,0
B,31,74,74,0,4,4,0
B,32,76,76,0,4,4,0
B,33,79,79,0,4,4,0
B,34,81,81,0,5,5,0
B,35,83,83,0,5,5,0
B,36,86,86,0,5,5,0
B,37,88,88,0,5,5,0
B,38,91,91,0,5,5,0
B,39,93,93,0,5,5,0
B,40,95,95,0,5,5,0
B,41,98,98,0,6,6,0
B,42,100,100,0,6,6,0
B,43,103,103,0,6,6,0
B,44,105,105,0,6,6,0
B,45,107,107,0,6,6,0
B,46,110,110,0,6,6,0
B,47,112,112,0,7,7,0
B,48,115,115,0,7,7,0
B,49,117,117,0,7,7,0
B,50,119,119,0,7,7,0
B,51,122,122,0,7,7,0
B,52,124,124,0,7,7,0
B,53,127,127,0,7,7,0
B,54,129,129,0,8,8,0
B,55,131,131,0,8,8,0
B,56,134,134,0,8,8,0
B,57,136,136,0,8,8,0
B,58,139,139,0,8,8,0
B,59,141,141,0,8,8,0
B,60,143,143,0,8,8,0
B,61,146,146,0,9,9,0
B,62,148,148,0,9,9,0
B,63,151,151,0,9,9,0
B,64,153,153,0,9,9,0
B,65,155,155,0,9,9,0
B,66,158,158,0,9,9,0
B,67,160,160,0,10,10,0
B,68,163,163,0,10,10,0
B,69,165,165,0,10,10,0
B,70,167,167,0,10,10,0
B,71,170,170,0,10,10,0
B,72,172,172,0,10,10,0
B,73,175,175,0,10,10,0
B,74,177,177,0,11,11,0
B,75,179,179,0,11,11,0
B,76,182,182,0,11,11,0
B,77,184,184,0,11,11,0
B,78,187,187,0,11,11,0
B,79,189,189,0,11,11,0
B,80,191,191,0,11,11,0
B,81,194,194,0,12,12,0
B,82,196,196,0,12,12,0
B,83,199,199,0,12,12,0
B,84,201,201,0,12,12,0
B,85,203,203,0,12,12,0
B,86,206,206,0,12,12,0
B,87,208,208,0,13,13,0
B,88,211,211,0,13,13,0
B,89,213,213,0,13,13,0
B,90,215,215,0,13,13,0
B,91,218,218,0,13,13,0
B,92,220,220,0,13,13,0
B,93,223,223,0,13,13,0
B,94,225,225,0,14,14,0
B,95,227,227,0,14,14,0
B,96,230,230,0,14,14,0
B,97,232,232,0,14,14,0
B,98,235,235,0,14,14,0
B,99,237,237,0,14,14,0
B,100,239,239,0,14,14,0
B,101,242,242,0,15,15,0
B,102,244,244,0,15,15,0
B,103,247,247,0,15,15,0
B,104,249,249,0,15,15,0
B,105,251,251,0,15,15,0
B,106,254,254,0,15,15,0
B,107,256,256,0,16,16,0
B,108,259,259,0,16,16,0
B,109,261,261,0,16,16,0
B,110,263,263,0,16,16,0
B,111,266,266,0,16,16,0
B,112,268,268,0,16,16,0
B,113,271,271,0,16,16,0
B,114,273,273,0,17,17,0
B,115,275,275,0,17,17,0
B,116,278,278,0,17,17,0
B,117,280,280,0,17,17,0
B,118,283,283,0,17,17,0
B,119,285,285,0,17,17,0
B,120,287,287,0,17,17,0
B,121,290,290,0,18,18,0
B,122,292,292,0,18,18,0
B,123,295,295,0,18,18,0
B,124,297,297,0,18,18,0
B,125,299,299,0,18,18,0
B,126,302,302,0,18,18,0
B,127,304,304,0,19,19,0
B,128,307,307,0,19,19,0
B,129,309,309,0,19,19,0
B,130,311,311,0,19,19,0
B,131,314,314,0,19,19,0
B,132,316,316,0,19,19,0
B,133,318,318,0,19,19,0
B,134,321,321,0,20,20,0
B,135,323,323,0,20,20,0
B,136,326,326,0,20,20,0
B,137,328,328,0,20,20,0
B,138,330,330,0,20,20,0
B,139,333,333,0,20,20,0
B,140,335,335,0,20,20,0
B,141,338,338,0,21,21,0
B,142,340,340,0,21,21,0
B,143,342,342,0,21,21,0
B,144,345,345,0,21,21,0
B,145,347,347,0,21,21,0
B,146,350,350,0,21,21,0
B,147,352,352,0,22,22,0
B,148,354,354,0,22,22,0
B,149,357,357,0,22,22,0
B,150,359,359,0,22,22,0
B,151,362,362,0,22,22,0
B,152,364,364,0,22,22,0
B,153,366,366,0,22,22,0
B,154,369,369,0,23,23,0
B,155,371,371,0,23,23,0
B,156,374,374,0,23,23,0
B,157,376,376,0,23,23,0
B,158,378,378,0,23,23,0
B,159,381,381,0,23,23,0
B,160,383,383,0,23,23,0
B,161,386,386,0,24,24,0
B,162,388,388,0,24,24,0
B,163,390,390,0,24,24,0
B,164,393,393,0,24,24,0
B,165,395,395,0,24,24,0
B,166,398,398,0,24,24,0
B,167,400,400,0,25,25,0
B,168,402,402,0,25,25,0
B,169,405,405,0,25,25,0
B,170,407,407,0,25,25,0
B,171,410,410,0,25,25,0
B,172,412,412,0,25,25,0
B,173,414,414,0,25,25,0
B,174,417,417,0,26,26,0
B,175,419,419,0,26,26,0
B,176,422,422,0,26,26,0
B,177,424,424,0,26,26,0
B,178,426,426,0,26,26,0
B,179,429,429,0,26,26,0
B,180,431,431,0,26,26,0
B,181,434,434,0,27,27,0
B,182,436,436,0,27,27,0
B,183,438,438,0,27,27,0
B,184,441,441,0,27,27,0
B,185,443,443,0,27,27,0
B,186,446,446,0,27,27,0
B,187,448,448,0,28,28,0
B,188,450,450,0,28,28,0
B,189,453,453,0,28,28,0
B,190,455,455,0,28,28,0
B,191,458,458,0,28,28,0
B,192,460,460,0,28,28,0
B,193,462,462,0,28,28,0
B,194,465,465,0,29,29,0
B,195,467,467,0,29,29,0
B,196,470,470,0,29,29,0
B,197,472,472,0,29,29,0
B,198,474,474,0,29,29,0
B,199,477,477,0,29,29,0
B,200,479,479,0,29,29,0
B,201,482,482,0,30,30,0
B,202,484,484,0,30,30,0
B,203,486,486,0,30,30,0
B,204,489,489,0,30,30,0
B,205,491,491,0,30,30,0
B,206,494,494,0,30,30,0
B,207,496,496,0,31,31,0
B,208,498,498,0,31,31,0
B,209,501,501,0,31,31,0
B,210,503,503,0,31,31,0
B,211,506,506,0,31,31,0
B,212,508,508,0,31,31,0
B,213,510,510,0,31,31,0
B,214,513,513,0,32,32,0
B,215,515,515,0,32,32,0
B,216,518,518,0,32,32,0
B,217,520,520,0,32,32,0
B,218,522,522,0,32,32,0
B,219,525,525,0,32,32,0
B,220,527,527,0,32,32,0
B,221,530,530,0,33,33,0
B,222,532,532,0,33,33,0
B,223,534,534,0,33,33,0
B,224,537,537,0,33,33,0
B,225,539,539,0,33,33,0
B,226,542,542,0,33,33,0
B,227,544,544,0,34,34,0
B,228,546,546,0,34,34,0
B,229,549,549,0,34,34,0
B,230,551,551,0,34,34,0
B,231,554,554,0,34,34,0
B,232,556,556,0,34,34,0
B,233,558,558,0,34,34,0
B,234,561,561,0,35,35,0
B,235,563,563,0,35,35,0
B,236,566,566,0,35,35,0
B,237,568,568,0,35,35,0
B,238,570,570,0,35,35,0
B,239,573,573,0,35,35,0
B,240,575,575,0,35,35,0
B,241,578,578,0,36,36,0
B,242,580,580,0,36,36,0
B,243,582,582,0,36,36,0
B,244,585,585,0,36,36,0
B,245,587,587,0,36,36,0
B,246,590,590,0,36,36,0
B,247,592,592,0,37,37,0
B,248,594,594,0,37,37,0
B,249,597,597,0,37,37,0
B,250,599,599,0,37,37,0
B,251,602,602,0,37,37,0
B,252,604,604,0,37,37,0
B,253,606,606,0,37,37,0
B,254,609,609,0,38,38,0
B,255,611,611,0,38,38,0
B,256,614,614,0,38,38,0
B,257,616,616,0,38,38,0
B,258,618,618,0,38,38,0
B,259,621,621,0,38,38,0
B,260,623,623,0,38,38,0
B,261,625,625,0,39,39,0
B,262,628,628,0,39,39,0
B,263,630,630,0,39,39,0
B,264,633,633,0,39,39,0
B,265,635,635,0,39,39,0
B,266,637,637,0,39,39,0
B,267,640,640,0,40,40,0
B,268,642,642,0,40,40,0
B,269,645,645,0,40,40,0
B,270,647,647,0,40,40,0
B,271,649,649,0,40,40,0
B,272,652,652,0,40,40,0
B,273,654,654,0,40,40,0
B,274,657,657,0,41,41,0
B,275,659,659,0,41,41,0
B,276,661,661,0,41,41,0
B,277,664,664,0,41,41,0
B,278,666,666,0,41,41,0
B,279,669,669,0,41,41,0
B,280,671,671,0,41,41,0
B,281,673,673,0,42,42,0
B,282,676,676,0,42,42,0
B,283,678,678,0,42,42,0
B,284,681,681,0,42,42,0
B,285,683,683,0,42,42,0
B,286,685,685,0,42,42,0
B,287,688,688,0,43,43,0
B,288,690,690,0,43,43,0
B,289,693,693,0,43,43,0
B,290,695,695,0,43,43,0
B,291,697,697,0,43,43,0
B,292,700,700,0,43,43,0
B,293,702,702,0,43,43,0
B,294,705,705,0,44,44,0
B,295,707,707,0,44,44,0
B,296,709,709,0,44,44,0
B,297,712,712,0,44,44,0
B,298,714,714,0,44,44,0
B,299,717,717,0,44,44,0
B,300,719,719,0,44,44,0
B,301,721,721,0,45,45,0
B,302,724,724,0,45,45,0
B,303,726,726,0,45,45,0
B,304,729,729,0,45,45,0
B,305,731,731,0,45,45,0
B,306,733,733,0,45,45,0
B,307,736,736,0,46,46,0
B,308,738,738,0,46,46,0
B,309,741,741,0,46,46,0
B,310,743,743,0,46,46,0
B,311,745,745,0,46,46,0
B,312,748,748,0,46,46,0
B,313,750,750,0,46,46,0
B,314,753,753,0,47,47,0
B,315,755,755,0,47,47,0
B,316,757,757,0,47,47,0
B,317,760,760,0,47,47,0
B,318,762,762,0,47,47,0
B,319,765,765,0,47,47,0
B,320,767,767,0,47,47,0
B,321,769,769,0,48,48,0
B,322,772,772,0,48,48,0
B,323,774,774,0,48,48,0
B,324,777,777,0,48,48,0
B,325,779,779,0,48,48,0
B,326,781,781,0,48,48,0
B,327,784,784,0,49,49,0
B,328,786,786,0,49,49,0
B,329,789,789,0,49,49,0
B,330,791,791,0,49,49,0
B,331,793,793,0,49,49,0
B,332,796,796,0,49,49,0
B,333,798,798,0,49,49,0
B,334,801,801,0,50,50,0
B,335,803,803,0,50,50,0
B,336,805,805,0,50,50,0
B,337,808,808,0,50,50,0
B,338,810,810,0,50,50,0
B,339,813,813,0,50,50,0
B,340,815,815,0,50,50,0
B,341,817,817,0,51,51,0
B,342,820,820,0,51,51,0
B,343,822,822,0,51,51,0
B,344,825,825,0,51,51,0
B,345,827,827,0,51,51,0
B,346,829,829,0,51,51,0
B,347,832,832,0,52,52,0
B,348,834,834,0,52,52,0
B,349,837,837,0,52,52,0
B,350,839,839,0,52,52,0
B,351,841,841,0,52,52,0
B,352,844,844,0,52,52,0
B,353,846,846,0,52,52,0
B,354,849,849,0,53,53,0
B,355,851,851,0,53,53,0
B,356,853,853,0,53,53,0
B,357,856,856,0,53,53,0
B,358,858,858,0,53,53,0
B,359,861,861,0,53,53,0
B,360,863,863,0,53,53,0
B,361,865,865,0,54,54,0
B,362,868,868,0,54,54,0
B,363,870,870,0,54,54,0
B,364,873,873,0,54,54,0
B,365,875,875,0,54,54,0
B,366,877,877,0,54,54,0
B,367,880,880,0,55,55,0
B,368,882,882,0,55,55,0
B,369,885,885,0,55,55,0
B,370,887,887,0,55,55,0
B,371,889,889,0,55,55,0
B,372,892,892,0,55,55,0
B,373,894,894,0,55,55,0
B,374,897,897,0,56,56,0
B,375,899,899,0,56,56,0
B,376,901,901,0,56,56,0
B,377,904,904,0,56,56,0
B,378,906,906,0,56,56,0
B,379,909,909,0,56,56,0
B,380,911,911,0,56,56,0
B,381,913,913,0,57,57,0
B,382,916,916,0,57,57,0
B,383,918,918,0,57,57,0
B,384,921,921,0,57,57,0
B,385,923,923,0,57,57,0
B,386,925,925,0,57,57,0
B,387,928,928,0,58,58,0
B,388,930,930,0,58,58,0
B,389,932,932,0,58,58,0
B,390,935,935,0,58,58,0
B,391,937,937,0,58,58,0
B,392,940,940,0,58,58,0
B,393,942,942,0,58,58,0
B,394,944,944,0,59,59,0
B,395,947,947,0,59,59,0
B,396,949,949,0,59,59,0
B,397,952,952,0,59,59,0
B,398,954,954,0,59,59,0
B,399,956,956,0,59,59,0
B,400,959,959,0,59,59,0
B,401,961,961,0,60,60,0
B,402,964,964,0,60,60,0
B,403,966,966,0,60,60,0
B,404,968,968,0,60,60,0
B,405,971,971,0,60,60,0
B,406,973,973,0,60,60,0
B,407,976,976,0,61,61,0
B,408,978,978,0,61,61,0
B,409,980,980,0,61,61,0
B,410,983,983,0,61,61,0
B,411,985,985,0,61,61,0
B,412,988,988,0,61,61,0
B,413,990,990,0,61,61,0
B,414,992,992,0,62,62,0
B,415,995,995,0,62,62,0
B,416,997,997,0,62,62,0
B,417,1000,1000,0,62,62,0
B,418,1002,1002,0,62,62,0
B,419,1004,1004,0,62,62,0
B,420,1007,1007,0,62,62,0
B,421,1009,1009,0,63,63,0
B,422,1012,1012,0,63,63,0
B,423,1014,1014,0,63,63,0
B,424,1016,1016,0,63,63,0
B,425,1019,1019,0,63,63,0
B,426,1021,1021,0,63,63,0
B,427,1024,1024,0,64,64,0
B,428,1026,1026,0,64,64,0
B,429,1028,1028,0,64,64,0
B,430,1031,1031,0,64,64,0
B,431,1033,1033,0,64,64,0
B,432,1036,1036,0,64,64,0
B,433,1038,1038,0,64,64,0
B,434,1040,1040,0,65,65,0
B,435,1043,1043,0,65,65,0
B,436,1045,1045,0,65,65,0
B,437,1048,1048,0,65,65,0
B,438,1050,1050,0,65,65,0
B,439,1052,1052,0,65,65,0
B,440,1055,1055,0,65,65,0
B,441,1057,1057,0,66,66,0
B,442,1060,1060,0,66,66,0
B,443,1062,1062,0,66,66,0
B,444,1064,1064,0,66,66,0
B,445,1067,1067,0,66,66,0
B,446,1069,1069,0,66,66,0
B,447,1072,1072,0,67,67,0
B,448,1074,1074,0,67,67,0
B,449,1076,1076,0,67,67,0
B,450,1079,1079,0,67,67,0
B,451,1081,1081,0,67,67,0
B,452,1084,1084,0,67,67,0
B,453,1086,1086,0,67,67,0
B,454,1088,1088,0,68,68,0
B,455,1091,1091,0,68,68,0
B,456,1093,1093,0,68,68,0
B,457,1096,1096,0,68,68,0
B,458,1098,1098,0,68,68,0
B,459,1100,1100,0,68,68,0
B,460,1103,1103,0,68,68,0
B,461,1105,1105,0,69,69,0
B,462,1108,1108,0,69,69,0
B,463,1110,1110,0,69,69,0
B,464,1112,1112,0,69,69,0
B,465,1115,1115,0,69,69,0
B,466,1117,1117,0,69,69,0
B,467,1120,1120,0,70,70,0
B,468,1122,1122,0,70,70,0
B,469,1124,1124,0,70,70,0
B,470,1127,1127,0,70,70,0
B,471,1129,1129,0,70,70,0
B,472,1132,1132,0,70,70,0
B,473,1134,1134,0,70,70,0
B,474,1136,1136,0,71,71,0
B,475,1139,1139,0,71,71,0
B,476,1141,1141,0,71,71,0
B,477,1144,1144,0,71,71,0
B,478,1146,1146,0,71,71,0
B,479,1148,1148,0,71,71,0
B,480,1151,1151,0,71,71,0
B,481,1153,1153,0,72,72,0
B,482,1156,1156,0,72,72,0
B,483,1158,1158,0,72,72,0
B,484,1160,1160,0,72,72,0
B,485,1163,1163,0,72,72,0
B,486,1165,1165,0,72,72,0
B,487,1168,1168,0,73,73,0
B,488,1170,1170,0,73,73,0
B,489,1172,1172,0,73,73,0
B,490,1175,1175,0,73,73,0
B,491,1177,1177,0,73,73,0
B,492,1180,1180,0,73,73,0
B,493,1182,1182,0,73,73,0
B,494,1184,1184,0,74,74,0
B,495,1187,1187,0,74,74,0
B,496,1189,1189,0,74,74,0
B,497,1192,1192,0,74,74,0
B,498,1194,1194,0,74,74,0
B,499,1196,1196,0,74,74,0
B,500,1199,1199,0,74,74,0
B,501,1201,1201,0,75,75,0
B,502,1204,1204,0,75,75,0
B,503,1206,1206,0,75,75,0
B,504,1208,1208,0,75,75,0
B,505,1211,1211,0,75,75,0
B,506,1213,1213,0,75,75,0
B,507,1216,1216,0,76,76,0
B,508,1218,1218,0,76,76,0
B,509,1220,1220,0,76,76,0
B,510,1223,1223,0,76,76,0
B,511,1225,1225,0,76,76,0
B,512,1228,1228,0,76,76,0
B,513,1230,1230,0,76,76,0
B,514,1232,1232,0,77,77,0
B,515,1235,1235,0,77,77,0
B,516,1237,1237,0,77,77,0
B,517,1239,1239,0,77,77,0
B,518,1242,1242,0,77,77,0
B,519,1244,1244,0,77,77,0
B,520,1247,1247,0,77,77,0
B,521,1249,1249,0,78,78,0
B,522,1251,1251,0,78,78,0
B,523,1254,1254,0,78,78,0
B,524,1256,1256,0,78,78,0
B,525,1259,1259,0,78,78,0
B,526,1261,1261,0,78,78,0
B,527,1263,1263,0,78,78,0
B,528,1266,1266,0,79,79,0
B,529,1268,1268,0,79,79,0
B,530,1271,1271,0,79,79,0
B,531,1273,1273,0,79,79,0
B,532,1275,1275,0,79,79,0
B,533,1278,1278,0,79,79,0
B,534,1280,1280,0,80,80,0
B,535,1283,1283,0,80,80,0
B,536,1285,1285,0,80,80,0
B,537,1287,1287,0,80,80,0
B,538,1290,1290,0,80,80,0
B,539,1292,1292,0,80,80,0
B,540,1295,1295,0,80,80,0
B,541,1297,1297,0,81,81,0
B,542,1299,1299,0,81,81,0
B,543,1302,1302,0,81,81,0
B,544,1304,1304,0,81,81,0
B,545,1307,1307,0,81,81,0
B,546,1309,1309,0,81,81,0
B,547,1311,1311,0,81,81,0
B,548,1314,1314,0,82,82,0
B,549,1316,1316,0,82,82,0
B,550,1319,1319,0,82,82,0
B,551,1321,1321,0,82,82,0
B,552,1323,1323,0,82,82,0
B,553,1326,1326,0,82,82,0
B,554,1328,1328,0,83,83,0
B,555,1331,1331,0,83,83,0
B,556,1333,1333,0,83,83,0
B,557,1335,1335,0,83,83,0
B,558,1338,1338,0,83,83,0
B,559,1340,1340,0,83,83,0
B,560,1343,1343,0,83,83,0
B,561,1345,1345,0,84,84,0
B,562,1347,1347,0,84,84,0
B,563,1350,1350,0,84,84,0
B,564,1352,1352,0,84,84,0
B,565,1355,1355,0,84,84,0
B,566,1357,1357,0,84,84,0
B,567,1359,1359,0,84,84,0
B,568,1362,1362,0,85,85,0
B,569,1364,1364,0,85,85,0
B,570,1367,1367,0,85,85,0
B,571,1369,1369,0,85,85,0
B,572,1371,1371,0,85,85,0
B,573,1374,1374,0,85,85,0
B,574,1376,1376,0,86,86,0
B,575,1379,1379,0,86,86,0
B,576,1381,1381,0,86,86,0
B,577,1383,1383,0,86,86,0
B,578,1386,1386,0,86,86,0
B,579,1388,1388,0,86,86,0
B,580,1391,1391,0,86,86,0
B,581,1393,1393,0,87,87,0
B,582,1395,1395,0,87,87,0
B,583,1398,1398,0,87,87,0
B,584,1400,1400,0,87,87,0
B,585,1403,1403,0,87,87,0
B,586,1405,1405,0,87,87,0
B,587,1407,1407,0,87,87,0
B,588,1410,1410,0,88,88,0
B,589,1412,1412,0,88,88,0
B,590,1415,1415,0,88,88,0
B,591,1417,1417,0,88,88,0
B,592,1419,1419,0,88,88,0
B,593,1422,1422,0,88,88,0
B,594,1424,1424,0,89,89,0
B,595,1427,1427,0,89,89,0
B,596,1429,1429,0,89,89,0
B,597,1431,1431,0,89,89,0
B,598,1434,1434,0,89,89,0
B,599,1436,1436,0,89,89,0
B,600,1439,1439,0,89,89,0
B,601,1441,1441,0,90,90,0
B,602,1443,1443,0,90,90,0
B,603,1446,1446,0,90,90,0
B,604,1448,1448,0,90,90,0
B,605,1451,1451,0,90,90,0
B,606,1453,1453,0,90,90,0
B,607,1455,1455,0,90,90,0
B,608,1458,1458,0,91,91,0
B,609,1460,1460,0,91,91,0
B,610,1463,1463,0,91,91,0
B,611,1465,1465,0,91,91,0
B,612,1467,1467,0,91,91,0
B,613,1470,1470,0,91,91,0
B,614,1472,1472,0,92,92,0
B,615,1475,1475,0,92,92,0
B,616,1477,1477,0,92,92,0
B,617,1479,1479,0,92,92,0
B,618,1482,1482,0,92,92,0
B,619,1484,1484,0,92,92,0
B,620,1487,1487,0,92,92,0
B,621,1489,1489,0,93,93,0
B,622,1491,1491,0,93,93,0
B,623,1494,1494,0,93,93,0
B,624,1496,1496,0,93,93,0
B,625,1499,1499,0,93,93,0
B,626,1501,1501,0,93,93,0
B,627,1503,1503,0,93,93,0
B,628,1506,1506,0,94,94,0
B,629,1508,1508,0,94,94,0
B,630,1511,1511,0,94,94,0
B,631,1513,1513,0,94,94,0
B,632,1515,1515,0,94,94,0
B,633,1518,1518,0,94,94,0
B,634,1520,1520,0,95,95,0
B,635,1523,1523,0,95,95,0
B,636,1525,1525,0,95,95,0
B,637,1527,1527,0,95,95,0
B,638,1530,1530,0,95,95,0
B,639,1532,1532,0,95,95,0
B,640,1535,1535,0,95,95,0
B,641,1537,1537,0,96,96,0
B,642,1539,1539,0,96,96,0
B,643,1542,1542,0,96,96,0
B,644,1544,1544,0,96,96,0
B,645,1546,1546,0,96,96,0
B,646,1549,1549,0,96,96,0
B,647,1551,1551,0,96,96,0
B,648,1554,1554,0,97,97,0
B,649,1556,1556,0,97,97,0
B,650,1558,1558,0,97,97,0
B,651,1561,1561,0,97,97,0
B,652,1563,1563,0,97,97,0
B,653,1566,1566,0,97,97,0
B,654,1568,1568,0,98,98,0
B,655,1570,1570,0,98,98,0
B,656,1573,1573,0,98,98,0
B,657,1575,1575,0,98,98,0
B,658,1578,1578,0,98,98,0
B,659,1580,1580,0,98,98,0
B,660,1582,1582,0,98,98,0
B,661,1585,1585,0,99,99,0
B,662,1587,1587,0,99,99,0
B,663,1590,1590,0,99,99,0
B,664,1592,1592,0,99,99,0
B,665,1594,1594,0,99,99,0
B,666,1597,1597,0,99,99,0
B,667,1599,1599,0,99,99,0
B,668,1602,1602,0,100,100,0
B,669,1604,1604,0,100,100,0
B,670,1606,1606,0,100,100,0
B,671,1609,1609,0,100,100,0
B,672,1611,1611,0,100,100,0
B,673,1614,1614,0,100,100,0
B,674,1616,1616,0,101,101,0
B,675,1618,1618,0,101,101,0
B,676,1621,1621,0,101,101,0
B,677,1623,1623,0,101,101,0
B,678,1626,1626,0,101,101,0
B,679,1628,1628,0,101,101,0
B,680,1630,1630,0,101,101,0
B,681,1633,1633,0,102,102,0
B,682,1635,1635,0,102,102,0
B,683,1638,1638,0,102,102,0
B,684,1640,1640,0,102,102,0
B,685,1642,1642,0,102,102,0
B,686,1645,1645,0,102,102,0
B,687,1647,1647,0,102,102,0
B,688,1650,1650,0,103,103,0
B,689,1652,1652,0,103,103,0
B,690,1654,1654,0,103,103,0
B,691,1657,1657,0,103,103,0
B,692,1659,1659,0,103,103,0
B,693,1662,1662,0,103,103,0
B,694,1664,1664,0,104,104,0
B,695,1666,1666,0,104,104,0
B,696,1669,1669,0,104,104,0
B,697,1671,1671,0,104,104,0
B,698,1674,1674,0,104,104,0
B,699,1676,1676,0,104,104,0
B,700,1678,1678,0,104,104,0
B,701,1681,1681,0,105,105,0
B,702,1683,1683,0,105,105,0
B,703,1686,1686,0,105,105,0
B,704,1688,1688,0,105,105,0
B,705,1690,1690,0,105,105,0
B,706,1693,1693,0,105,105,0
B,707,1695,1695,0,105,105,0
B,708,1698,1698,0,106,106,0
B,709,1700,1700,0,106,106,0
B,710,1702,1702,0,106,106,0
B,711,1705,1705,0,106,106,0
B,712,1707,1707,0,106,106,0
B,713,1710,1710,0,106,106,0
B,714,1712,1712,0,107,107,0
B,715,1714,1714,0,107,107,0
B,716,1717,1717,0,107,107,0
B,717,1719,1719,0,107,107,0
B,718,1722,1722,0,107,107,0
B,719,1724,1724,0,107,107,0
B,720,1726,1726,0,107,107,0
B,721,1729,1729,0,108,108,0
B,722,1731,1731,0,108,108,0
B,723,1734,1734,0,108,108,0
B,724,1736,1736,0,108,108,0
B,725,1738,1738,0,108,108,0
B,726,1741,1741,0,108,108,0
B,727,1743,1743,0,108,108,0
B,728,1746,1746,0,109,109,0
B,729,1748,1748,0,109,109,0
B,730,1750,1750,0,109,109,0
B,731,1753,1753,0,109,109,0
B,732,1755,1755,0,109,109,0
B,733,1758,1758,0,109,109,0
B,734,1760,1760,0,110,110,0
B,735,1762,1762,0,110,110,0
B,736,1765,1765,0,110,110,0
B,737,1767,1767,0,110,110,0
B,738,1770,1770,0,110,110,0
B,739,1772,1772,0,110,110,0
B,740,1774,1774,0,110,110,0
B,741,1777,1777,0,111,111,0
B,742,1779,1779,0,111,111,0
B,743,1782,1782,0,111,111,0
B,744,1784,1784,0,111,111,0
B,745,1786,1786,0,111,111,0
B,746,1789,1789,0,111,111,0
B,747,1791,1791,0,111,111,0
B,748,1794,1794,0,112,112,0
B,749,1796,1796,0,112,112,0
B,750,1798,1798,0,112,112,0
B,751,1801,1801,0,112,112,0
B,752,1803,1803,0,112,112,0
B,753,1806,1806,0,112,112,0
B,754,1808,1808,0,113,113,0
B,755,1810,1810,0,113,113,0
B,756,1813,1813,0,113,113,0
B,757,1815,1815,0,113,113,0
B,758,1818,1818,0,113,113,0
B,759,1820,1820,0,113,113,0
B,760,1822,1822,0,113,113,0
B,761,1825,1825,0,114,114,0
B,762,1827,1827,0,114,114,0
B,763,1830,1830,0,114,114,0
B,764,1832,1832,0,114,114,0
B,765,1834,1834,0,114,114,0
B,766,1837,1837,0,114,114,0
B,767,1839,1839,0,114,114,0
B,768,1842,1842,0,115,115,0
B,769,1844,1844,0,115,115,0
B,770,1846,1846,0,115,115,0
B,771,1849,1849,0,115,115,0
B,772,1851,1851,0,115,115,0
B,773,1853,1853,0,115,115,0
B,774,1856,1856,0,116,116,0
B,775,1858,1858,0,116,116,0
B,776,1861,1861,0,116,116,0
B,777,1863,1863,0,116,116,0
B,778,1865,1865,0,116,116,0
B,779,1868,1868,0,116,116,0
B,780,1870,1870,0,116,116,0
B,781,1873,1873,0,117,117,0
B,782,1875,1875,0,117,117,0
B,783,1877,1877,0,117,117,0
B,784,1880,1880,0,117,117,0
B,785,1882,1882,0,117,117,0
B,786,1885,1885,0,117,117,0
B,787,1887,1887,0,117,117,0
B,788,1889,1889,0,118,118,0
B,789,1892,1892,0,118,118,0
B,790,1894,1894,0,118,118,0
B,791,1897,1897,0,118,118,0
B,792,1899,1899,0,118,118,0
B,793,1901,1901,0,118,118,0
B,794,1904,1904,0,119,119,0
B,795,1906,1906,0,119,119,0
B,796,1909,1909,0,119,119,0
B,797,1911,1911,0,119,119,0
B,798,1913,1913,0,119,119,0
B,799,1916,1916,0,119,119,0
B,800,1918,1918,0,119,119,0
B,801,1921,1921,0,120,120,0
B,802,1923,1923,0,120,120,0
B,803,1925,1925,0,120,120,0
B,804,1928,1928,0,120,120,0
B,805,1930,1930,0,120,120,0
B,806,1933,1933,0,120,120,0
B,807,1935,1935,0,120,120,0
B,808,1937,1937,0,121,121,0
B,809,1940,1940,0,121,121,0
B,810,1942,1942,0,121,121,0
B,811,1945,1945,0,121,121,0
B,812,1947,1947,0,121,121,0
B,813,1949,1949,0,121,121,0
B,814,1952,1952,0,122,122,0
B,815,1954,1954,0,122,122,0
B,816,1957,1957,0,122,122,0
B,817,1959,1959,0,122,122,0
B,818,1961,1961,0,122,122,0
B,819,1964,1964,0,122,122,0
B,820,1966,1966,0,122,122,0
B,821,1969,1969,0,123,123,0
B,822,1971,1971,0,123,123,0
B,823,1973,1973,0,123,123,0
B,824,1976,1976,0,123,123,0
B,825,1978,1978,0,123,123,0
B,826,1981,1981,0,123,123,0
B,827,1983,1983,0,123,123,0
B,828,1985,1985,0,124,124,0
B,829,1988,1988,0,124,124,0
B,830,1990,1990,0,124,124,0
B,831,1993,1993,0,124,124,0
B,832,1995,1995,0,124,124,0
B,833,1997,1997,0,124,124,0
B,834,2000,2000,0,125,125,0
B,835,2002,2002,0,125,125,0
B,836,2005,2005,0,125,125,0
B,837,2007,2007,0,125,125,0
B,838,2009,2009,0,125,125,0
B,839,2012,2012,0,125,125,0
B,840,2014,2014,0,125,125,0
B,841,2017,2017,0,126,126,0
B,842,2019,2019,0,126,126,0
B,843,2021,2021,0,126,126,0
B,844,2024,2024,0,126,126,0
B,845,2026,2026,0,126,126,0
B,846,2029,2029,0,126,126,0
B,847,2031,2031,0,126,126,0
B,848,2033,2033,0,127,127,0
B,849,2036,2036,0,127,127,0
B,850,2038,2038,0,127,127,0
B,851,2041,2041,0,127,127,0
B,852,2043,2043,0,127,127,0
B,853,2045,2045,0,127,127,0
B,854,2048,2048,0,128,128,0
B,855,2050,2050,0,128,128,0
B,856,2053,2053,0,128,128,0
B,857,2055,2055,0,128,128,0
B,858,2057,2057,0,128,128,0
B,859,2060,2060,0,128,128,0
B,860,2062,2062,0,128,128,0
B,861,2065,2065,0,129,129,0
B,862,2067,2067,0,129,129,0
B,863,2069,2069,0,129,129,0
B,864,2072,2072,0,129,129,0
B,865,2074,2074,0,129,129,0
B,866,2077,2077,0,129,129,0
B,867,2079,2079,0,129,129,0
B,868,2081,2081,0,130,130,0
B,869,2084,2084,0,130,130,0
B,870,2086,2086,0,130,130,0
B,871,2089,2089,0,130,130,0
B,872,2091,2091,0,130,130,0
B,873,2093,2093,0,130,130,0
B,874,2096,2096,0,131,131,0
B,875,2098,2098,0,131,131,0
B,876,2101,2101,0,131,131,0
B,877,2103,2103,0,131,131,0
B,878,2105,2105,0,131,131,0
B,879,2108,2108,0,131,131,0
B,880,2110,2110,0,131,131,0
B,881,2113,2113,0,132,132,0
B,882,2115,2115,0,132,132,0
B,883,2117,2117,0,132,132,0
B,884,2120,2120,0,132,132,0
B,885,2122,2122,0,132,132,0
B,886,2125,2125,0,132,132,0
B,887,2127,2127,0,132,132,0
B,888,2129,2129,0,133,133,0
B,889,2132,2132,0,133,133,0
B,890,2134,2134,0,133,133,0
B,891,2137,2137,0,133,133,0
B,892,2139,2139,0,133,133,0
B,893,2141,2141,0,133,133,0
B,894,2144,2144,0,134,134,0
B,895,2146,2146,0,134,134,0
B,896,2149,2149,0,134,134,0
B,897,2151,2151,0,134,134,0
B,898,2153,2153,0,134,134,0
B,899,2156,2156,0,134,134,0
B,900,2158,2158,0,134,134,0
B,901,2160,2160,0,135,135,0
B,902,2163,2163,0,135,135,0
B,903,2165,2165,0,135,135,0
B,904,2168,2168,0,135,135,0
B,905,2170,2170,0,135,135,0
B,906,2172,2172,0,135,135,0
B,907,2175,2175,0,135,135,0
B,908,2177,2177,0,136,136,0
B,909,2180,2180,0,136,136,0
B,910,2182,2182,0,136,136,0
B,911,2184,2184,0,136,136,0
B,912,2187,2187,0,136,136,0
B,913,2189,2189,0,136,136,0
B,914,2192,2192,0,137,137,0
B,915,2194,2194,0,137,137,0
B,916,2196,2196,0,137,137,0
B,917,2199,2199,0,137,137,0
B,918,2201,2201,0,137,137,0
B,919,2204,2204,0,137,137,0
B,920,2206,2206,0,137,137,0
B,921,2208,2208,0,138,138,0
B,922,2211,2211,0,138,138,0
B,923,2213,2213,0,138,138,0
B,924,2216,2216,0,138,138,0
B,925,2218,2218,0,138,138,0
B,926,2220,2220,0,138,138,0
B,927,2223,2223,0,138,138,0
B,928,2225,2225,0,139,139,0
B,929,2228,2228,0,139,139,0
B,930,2230,2230,0,139,139,0
B,931,2232,2232,0,139,139,0
B,932,2235,2235,0,139,139,0
B,933,2237,2237,0,139,139,0
B,934,2240,2240,0,140,140,0
B,935,2242,2242,0,140,140,0
B,936,2244,2244,0,140,140,0
B,937,2247,2247,0,140,140,0
B,938,2249,2249,0,140,140,0
B,939,2252,2252,0,140,140,0
B,940,2254,2254,0,140,140,0
B,941,2256,2256,0,141,141,0
B,942,2259,2259,0,141,141,0
B,943,2261,2261,0,141,141,0
B,944,2264,2264,0,141,141,0
B,945,2266,2266,0,141,141,0
B,946,2268,2268,0,141,141,0
B,947,2271,2271,0,141,141,0
B,948,2273,2273,0,142,142,0
B,949,2276,2276,0,142,142,0
B,950,2278,2278,0,142,142,0
B,951,2280,2280,0,142,142,0
B,952,2283,2283,0,142,142,0
B,953,2285,2285,0,142,142,0
B,954,2288,2288,0,143,143,0
B,955,2290,2290,0,143,143,0
B,956,2292,2292,0,143,143,0
B,957,2295,2295,0,143,143,0
B,958,2297,2297,0,143,143,0
B,959,2300,2300,0,143,143,0
B,960,2302,2302,0,143,143,0
B,961,2304,2304,0,144,144,0
B,962,2307,2307,0,144,144,0
B,963,2309,2309,0,144,144,0
B,964,2312,2312,0,144,144,0
B,965,2314,2314,0,144,144,0
B,966,2316,2316,0,144,144,0
B,967,2319,2319,0,144,144,0
B,968,2321,2321,0,145,145,0
B,969,2324,2324,0,145,145,0
B,970,2326,2326,0,145,145,0
B,971,2328,2328,0,145,145,0
B,972,2331,2331,0,145,145,0
B,973,2333,2333,0,145,145,0
B,974,2336,2336,0,146,146,0
B,975,2338,2338,0,146,146,0
B,976,2340,2340,0,146,146,0
B,977,2343,2343,0,146,146,0
B,978,2345,2345,0,146,146,0
B,979,2348,2348,0,146,146,0
B,980,2350,2350,0,146,146,0
B,981,2352,2352,0,147,147,0
B,982,2355,2355,0,147,147,0
B,983,2357,2357,0,147,147,0
B,984,2360,2360,0,147,147,0
B,985,2362,2362,0,147,147,0
B,986,2364,2364,0,147,147,0
B,987,2367,2367,0,147,147,0
B,988,2369,2369,0,148,148,0
B,989,2372,2372,0,148,148,0
B,990,2374,2374,0,148,148,0
B,991,2376,2376,0,148,148,0
B,992,2379,2379,0,148,148,0
B,993,2381,2381,0,148,148,0
B,994,2384,2384,0,149,149,0
B,995,2386,2386,0,149,149,0
B,996,2388,2388,0,149,149,0
B,997,2391,2391,0,149,149,0
B,998,2393,2393,0,149,149,0
B,999,2396,2396,0,149,149,0
B,1000,2398,2398,0,149,149,0
B,1001,2400,2400,0,150,150,0
B,1002,2403,2403,0,150,150,0
B,1003,2405,2405,0,150,150,0
B,1004,2408,2408,0,150,150,0
B,1005,2410,2410,0,150,150,0
B,1006,2412,2412,0,150,150,0
B,1007,2415,2415,0,150,150,0
B,1008,2417,2417,0,151,151,0
B,1009,2420,2420,0,151,151,0
B,1010,2422,2422,0,151,151,0
B,1011,2424,2424,0,151,151,0
B,1012,2427,2427,0,151,151,0
B,1013,2429,2429,0,151,151,0
B,1014,2432,2432,0,152,152,0
B,1015,2434,2434,0,152,152,0
B,1016,2436,2436,0,152,152,0
B,1017,2439,2439,0,152,152,0
B,1018,2441,2441,0,152,152,0
B,1019,2444,2444,0,152,152,0
B,1020,2446,2446,0,152,152,0
B,1021,2448,2448,0,153,153,0
B,1022,2451,2451,0,153,153,0
B,1023,2453,2453,0,153,153,0
B,1024,2456,2456,0,153,153,0
B,1025,2458,2458,0,153,153,0
B,1026,2460,2460,0,153,153,0
B,1027,2463,2463,0,153,153,0
B,1028,2465,2465,0,154,154,0
B,1029,2467,2467,0,154,154,0
B,1030,2470,2470,0,154,154,0
B,1031,2472,2472,0,154,154,0
B,1032,2475,2475,0,154,154,0
B,1033,2477,2477,0,154,154,0
B,1034,2479,2479,0,154,154,0
B,1035,2482,2482,0,155,155,0
B,1036,2484,2484,0,155,155,0
B,1037,2487,2487,0,155,155,0
B,1038,2489,2489,0,155,155,0
B,1039,2491,2491,0,155,155,0
B,1040,2494,2494,0,155,155,0
B,1041,2496,2496,0,156,156,0
B,1042,2499,2499,0,156,156,0
B,1043,2501,2501,0,156,156,0
B,1044,2503,2503,0,156,156,0
B,1045,2506,2506,0,156,156,0
B,1046,2508,2508,0,156,156,0
B,1047,2511,2511,0,156,156,0
B,1048,2513,2513,0,157,157,0
B,1049,2515,2515,0,157,157,0
B,1050,2518,2518,0,157,157,0
B,1051,2520,2520,0,157,157,0
B,1052,2523,2523,0,157,157,0
B,1053,2525,2525,0,157,157,0
B,1054,2527,2527,0,157,157,0
B,1055,2530,2530,0,158,158,0
B,1056,2532,2532,0,158,158,0
B,1057,2535,2535,0,158,158,0
B,1058,2537,2537,0,158,158,0
B,1059,2539,2539,0,158,158,0
B,1060,2542,2542,0,158,158,0
B,1061,2544,2544,0,159,159,0
B,1062,2547,2547,0,159,159,0
B,1063,2549,2549,0,159,159,0
B,1064,2551,2551,0,159,159,0
B,1065,2554,2554,0,159,159,0
B,1066,2556,2556,0,159,159,0
B,1067,2559,2559,0,159,159,0
B,1068,2561,2561,0,160,160,0
B,1069,2563,2563,0,160,160,0
B,1070,2566,2566,0,160,160,0
B,1071,2568,2568,0,160,160,0
B,1072,2571,2571,0,160,160,0
B,1073,2573,2573,0,160,160,0
B,1074,2575,2575,0,160,160,0
B,1075,2578,2578,0,161,161,0
B,1076,2580,2580,0,161,161,0
B,1077,2583,2583,0,161,161,0
B,1078,2585,2585,0,161,161,0
B,1079,2587,2587,0,161,161,0
B,1080,2590,2590,0,161,161,0
B,1081,2592,2592,0,162,162,0
B,1082,2595,2595,0,162,162,0
B,1083,2597,2597,0,162,162,0
B,1084,2599,2599,0,162,162,0
B,1085,2602,2602,0,162,162,0
B,1086,2604,2604,0,162,162,0
B,1087,2607,2607,0,162,162,0
B,1088,2609,2609,0,163,163,0
B,1089,2611,2611,0,163,163,0
B,1090,2614,2614,0,163,163,0
B,1091,2616,2616,0,163,163,0
B,1092,2619,2619,0,163,163,0
B,1093,2621,2621,0,163,163,0
B,1094,2623,2623,0,163,163,0
B,1095,2626,2626,0,164,164,0
B,1096,2628,2628,0,164,164,0
B,1097,2631,2631,0,164,164,0
B,1098,2633,2633,0,164,164,0
B,1099,2635,2635,0,164,164,0
B,1100,2638,2638,0,164,164,0
B,1101,2640,2640,0,165,165,0
B,1102,2643,2643,0,165,165,0
B,1103,2645,2645,0,165,165,0
B,1104,2647,2647,0,165,165,0
B,1105,2650,2650,0,165,165,0
B,1106,2652,2652,0,165,165,0
B,1107,2655,2655,0,165,165,0
B,1108,2657,2657,0,166,166,0
B,1109,2659,2659,0,166,166,0
B,1110,2662,2662,0,166,166,0
B,1111,2664,2664,0,166,166,0
B,1112,2667,2667,0,166,166,0
B,1113,2669,2669,0,166,166,0
B,1114,2671,2671,0,166,166,0
B,1115,2674,2674,0,167,167,0
B,1116,2676,2676,0,167,167,0
B,1117,2679,2679,0,167,167,0
B,1118,2681,2681,0,167,167,0
B,1119,2683,2683,0,167,167,0
B,1120,2686,2686,0,167,167,0
B,1121,2688,2688,0,168,168,0
B,1122,2691,2691,0,168,168,0
B,1123,2693,2693,0,168,168,0
B,1124,2695,2695,0,168,168,0
B,1125,2698,2698,0,168,168,0
B,1126,2700,2700,0,168,168,0
B,1127,2703,2703,0,168,168,0
B,1128,2705,2705,0,169,169,0
B,1129,2707,2707,0,169,169,0
B,1130,2710,2710,0,169,169,0
B,1131,2712,2712,0,169,169,0
B,1132,2715,2715,0,169,169,0
B,1133,2717,2717,0,169,169,0
B,1134,2719,2719,0,169,169,0
B,1135,2722,2722,0,170,170,0
B,1136,2724,2724,0,170,170,0
B,1137,2727,2727,0,170,170,0
B,1138,2729,2729,0,170,170,0
B,1139,2731,2731,0,170,170,0
B,1140,2734,2734,0,170,170,0
B,1141,2736,2736,0,171,171,0
B,1142,2739,2739,0,171,171,0
B,1143,2741,2741,0,171,171,0
B,1144,2743,2743,0,171,171,0
B,1145,2746,2746,0,171,171,0
B,1146,2748,2748,0,171,171,0
B,1147,2751,2751,0,171,171,0
B,1148,2753,2753,0,172,172,0
B,1149,2755,2755,0,172,172,0
B,1150,2758,2758,0,172,172,0
B,1151,2760,2760,0,172,172,0
B,1152,2763,2763,0,172,172,0
B,1153,2765,2765,0,172,172,0
B,1154,2767,2767,0,172,172,0
B,1155,2770,2770,0,173,173,0
B,1156,2772,2772,0,173,173,0
B,1157,2774,2774,0,173,173,0
B,1158,2777,2777,0,173,173,0
B,1159,2779,2779,0,173,173,0
B,1160,2782,2782,0,173,173,0
B,1161,2784,2784,0,174,174,0
B,1162,2786,2786,0,174,174,0
B,1163,2789,2789,0,174,174,0
B,1164,2791,2791,0,174,174,0
B,1165,2794,2794,0,174,174,0
B,1166,2796,2796,0,174,174,0
B,1167,2798,2798,0,174,174,0
B,1168,2801,2801,0,175,175,0
B,1169,2803,2803,0,175,175,0
B,1170,2806,2806,0,175,175,0
B,1171,2808,2808,0,175,175,0
B,1172,2810,2810,0,175,175,0
B,1173,2813,2813,0,175,175,0
B,1174,2815,2815,0,175,175,0
B,1175,2818,2818,0,176,176,0
B,1176,2820,2820,0,176,176,0
B,1177,2822,2822,0,176,176,0
B,1178,2825,2825,0,176,176,0
B,1179,2827,2827,0,176,176,0
B,1180,2830,2830,0,176,176,0
B,1181,2832,2832,0,177,177,0
B,1182,2834,2834,0,177,177,0
B,1183,2837,2837,0,177,177,0
B,1184,2839,2839,0,177,177,0
B,1185,2842,2842,0,177,177,0
B,1186,2844,2844,0,177,177,0
B,1187,2846,2846,0,177,177,0
B,1188,2849,2849,0,178,178,0
B,1189,2851,2851,0,178,178,0
B,1190,2854,2854,0,178,178,0
B,1191,2856,2856,0,178,178,0
B,1192,2858,2858,0,178,178,0
B,1193,2861,2861,0,178,178,0
B,1194,2863,2863,0,178,178,0
B,1195,2866,2866,0,179,179,0
B,1196,2868,2868,0,179,179,0
B,1197,2870,2870,0,179,179,0
B,1198,2873,2873,0,179,179,0
B,1199,2875,2875,0,179,179,0
B,1200,2878,2878,0,179,179,0
B,1201,2880,2880,0,180,180,0
B,1202,2882,2882,0,180,180,0
B,1203,2885,2885,0,180,180,0
B,1204,2887,2887,0,180,180,0
B,1205,2890,2890,0,180,180,0
B,1206,2892,2892,0,180,180,0
B,1207,2894,2894,0,180,180,0
B,1208,2897,2897,0,181,181,0
B,1209,2899,2899,0,181,181,0
B,1210,2902,2902,0,181,181,0
B,1211,2904,2904,0,181,181,0
B,1212,2906,2906,0,181,181,0
B,1213,2909,2909,0,181,181,0
B,1214,2911,2911,0,181,181,0
B,1215,2914,2914,0,182,182,0
B,1216,2916,2916,0,182,182,0
B,1217,2918,2918,0,182,182,0
B,1218,2921,2921,0,182,182,0
B,1219,2923,2923,0,182,182,0
B,1220,2926,2926,0,182,182,0
B,1221,2928,2928,0,183,183,0
B,1222,2930,2930,0,183,183,0
B,1223,2933,2933,0,183,183,0
B,1224,2935,2935,0,183,183,0
B,1225,2938,2938,0,183,183,0
B,1226,2940,2940,0,183,183,0
B,1227,2942,2942,0,183,183,0
B,1228,2945,2945,0,184,184,0
B,1229,2947,2947,0,184,184,0
B,1230,2950,2950,0,184,184,0
B,1231,2952,2952,0,184,184,0
B,1232,2954,2954,0,184,184,0
B,1233,2957,2957,0,184,184,0
B,1234,2959,2959,0,184,184,0
B,1235,2962,2962,0,185,185,0
B,1236,2964,2964,0,185,185,0
B,1237,2966,2966,0,185,185,0
B,1238,2969,2969,0,185,185,0
B,1239,2971,2971,0,185,185,0
B,1240,2974,2974,0,185,185,0
B,1241,2976,2976,0,186,186,0
B,1242,2978,2978,0,186,186,0
B,1243,2981,2981,0,186,186,0
B,1244,2983,2983,0,186,186,0
B,1245,2986,2986,0,186,186,0
B,1246,2988,2988,0,186,186,0
B,1247,2990,2990,0,186,186,0
B,1248,2993,2993,0,187,187,0
B,1249,2995,2995,0,187,187,0
B,1250,2998,2998,0,187,187,0
B,1251,3000,3000,0,187,187,0
B,1252,3002,3002,0,187,187,0
B,1253,3005,3005,0,187,187,0
B,1254,3007,3007,0,187,187,0
B,1255,3010,3010,0,188,188,0
B,1256,3012,3012,0,188,188,0
B,1257,3014,3014,0,188,188,0
B,1258,3017,3017,0,188,188,0
B,1259,3019,3019,0,188,188,0
B,1260,3022,3022,0,188,188,0
B,1261,3024,3024,0,189,189,0
B,1262,3026,3026,0,189,189,0
B,1263,3029,3029,0,189,189,0
B,1264,3031,3031,0,189,189,0
B,1265,3034,3034,0,189,189,0
B,1266,3036,3036,0,189,189,0
B,1267,3038,3038,0,189,189,0
B,1268,3041,3041,0,190,190,0
B,1269,3043,3043,0,190,190,0
B,1270,3046,3046,0,190,190,0
B,1271,3048,3048,0,190,190,0
B,1272,3050,3050,0,190,190,0
B,1273,3053,3053,0,190,190,0
B,1274,3055,3055,0,190,190,0
B,1275,3058,3058,0,191,191,0
B,1276,3060,3060,0,191,191,0
B,1277,3062,3062,0,191,191,0
B,1278,3065,3065,0,191,191,0
B,1279,3067,3067,0,191,191,0
B,1280,3070,3070,0,191,191,0
B,1281,3072,3072,0,192,192,0
B,1282,3074,3074,0,192,192,0
B,1283,3077,3077,0,192,192,0
B,1284,3079,3079,0,192,192,0
B,1285,3081,3081,0,192,192,0
B,1286,3084,3084,0,192,192,0
B,1287,3086,3086,0,192,192,0
B,1288,3089,3089,0,193,193,0
B,1289,3091,3091,0,193,193,0
B,1290,3093,3093,0,193,193,0
B,1291,3096,3096,0,193,193,0
B,1292,3098,3098,0,193,193,0
B,1293,3101,3101,0,193,193,0
B,1294,3103,3103,0,193,193,0
B,1295,3105,3105,0,194,194,0
B,1296,3108,3108,0,194,194,0
B,1297,3110,3110,0,194,194,0
B,1298,3113,3113,0,194,194,0
B,1299,3115,3115,0,194,194,0
B,1300,3117,3117,0,194,194,0
B,1301,3120,3120,0,195,195,0
B,1302,3122,3122,0,195,195,0
B,1303,3125,3125,0,195,195,0
B,1304,3127,3127,0,195,195,0
B,1305,3129,3129,0,195,195,0
B,1306,3132,3132,0,195,195,0
B,1307,3134,3134,0,195,195,0
B,1308,3137,3137,0,196,196,0
B,1309,3139,3139,0,196,196,0
B,1310,3141,3141,0,196,196,0
B,1311,3144,3144,0,196,196,0
B,1312,3146,3146,0,196,196,0
B,1313,3149,3149,0,196,196,0
B,1314,3151,3151,0,196,196,0
B,1315,3153,3153,0,197,197,0
B,1316,3156,3156,0,197,197,0
B,1317,3158,3158,0,197,197,0
B,1318,3161,3161,0,197,197,0
B,1319,3163,3163,0,197,197,0
B,1320,3165,3165,0,197,197,0
B,1321,3168,3168,0,198,198,0
B,1322,3170,3170,0,198,198,0
B,1323,3173,3173,0,198,198,0
B,1324,3175,3175,0,198,198,0
B,1325,3177,3177,0,198,198,0
B,1326,3180,3180,0,198,198,0
B,1327,3182,3182,0,198,198,0
B,1328,3185,3185,0,199,199,0
B,1329,3187,3187,0,199,199,0
B,1330,3189,3189,0,199,199,0
B,1331,3192,3192,0,199,199,0
B,1332,3194,3194,0,199,199,0
B,1333,3197,3197,0,199,199,0
B,1334,3199,3199,0,199,199,0
B,1335,3201,3201,0,200,200,0
B,1336,3204,3204,0,200,200,0
B,1337,3206,3206,0,200,200,0
B,1338,3209,3209,0,200,200,0
B,1339,3211,3211,0,200,200,0
B,1340,3213,3213,0,200,200,0
B,1341,3216,3216,0,201,201,0
B,1342,3218,3218,0,201,201,0
B,1343,3221,3221,0,201,201,0
B,1344,3223,3223,0,201,201,0
B,1345,3225,3225,0,201,201,0
B,1346,3228,3228,0,201,201,0
B,1347,3230,3230,0,201,201,0
B,1348,3233,3233,0,202,202,0
B,1349,3235,3235,0,202,202,0
B,1350,3237,3237,0,202,202,0
B,1351,3240,3240,0,202,202,0
B,1352,3242,3242,0,202,202,0
B,1353,3245,3245,0,202,202,0
B,1354,3247,3247,0,202,202,0
B,1355,3249,3249,0,203,203,0
B,1356,3252,3252,0,203,203,0
B,1357,3254,3254,0,203,203,0
B,1358,3257,3257,0,203,203,0
B,1359,3259,3259,0,203,203,0
B,1360,3261,3261,0,203,203,0
B,1361,3264,3264,0,204,204,0
B,1362,3266,3266,0,204,204,0
B,1363,3269,3269,0,204,204,0
B,1364,3271,3271,0,204,204,0
B,1365,3273,3273,0,204,204,0
B,1366,3276,3276,0,204,204,0
B,1367,3278,3278,0,204,204,0
B,1368,3281,3281,0,205,205,0
B,1369,3283,3283,0,205,205,0
B,1370,3285,3285,0,205,205,0
B,1371,3288,3288,0,205,205,0
B,1372,3290,3290,0,205,205,0
B,1373,3293,3293,0,205,205,0
B,1374,3295,3295,0,205,205,0
B,1375,3297,3297,0,206,206,0
B,1376,3300,3300,0,206,206,0
B,1377,3302,3302,0,206,206,0
B,1378,3305,3305,0,206,206,0
B,1379,3307,3307,0,206,206,0
B,1380,3309,3309,0,206,206,0
B,1381,3312,3312,0,207,207,0
B,1382,3314,3314,0,207,207,0
B,1383,3317,3317,0,207,207,0
B,1384,3319,3319,0,207,207,0
B,1385,3321,3321,0,207,207,0
B,1386,3324,3324,0,207,207,0
B,1387,3326,3326,0,207,207,0
B,1388,3329,3329,0,208,208,0
B,1389,3331,3331,0,208,208,0
B,1390,3333,3333,0,208,208,0
B,1391,3336,3336,0,208,208,0
B,1392,3338,3338,0,208,208,0
B,1393,3341,3341,0,208,208,0
B,1394,3343,3343,0,208,208,0
B,1395,3345,3345,0,209,209,0
B,1396,3348,3348,0,209,209,0
B,1397,3350,3350,0,209,209,0
B,1398,3353,3353,0,209,209,0
B,1399,3355,3355,0,209,209,0
B,1400,3357,3357,0,209,209,0
B,1401,3360,3360,0,210,210,0
B,1402,3362,3362,0,210,210,0
B,1403,3365,3365,0,210,210,0
B,1404,3367,3367,0,210,210,0
B,1405,3369,3369,0,210,210,0
B,1406,3372,3372,0,210,210,0
B,1407,3374,3374,0,210,210,0
B,1408,3377,3377,0,211,211,0
B,1409,3379,3379,0,211,211,0
B,1410,3381,3381,0,211,211,0
B,1411,3384,3384,0,211,211,0
B,1412,3386,3386,0,211,211,0
B,1413,3388,3388,0,211,211,0
B,1414,3391,3391,0,211,211,0
B,1415,3393,3393,0,212,212,0
B,1416,3396,3396,0,212,212,0
B,1417,3398,3398,0,212,212,0
B,1418,3400,3400,0,212,212,0
B,1419,3403,3403,0,212,212,0
B,1420,3405,3405,0,212,212,0
B,1421,3408,3408,0,213,213,0
B,1422,3410,3410,0,213,213,0
B,1423,3412,3412,0,213,213,0
B,1424,3415,3415,0,213,213,0
B,1425,3417,3417,0,213,213,0
B,1426,3420,3420,0,213,213,0
B,1427,3422,3422,0,213,213,0
B,1428,3424,3424,0,214,214,0
B,1429,3427,3427,0,214,214,0
B,1430,3429,3429,0,214,214,0
B,1431,3432,3432,0,214,214,0
B,1432,3434,3434,0,214,214,0
B,1433,3436,3436,0,214,214,0
B,1434,3439,3439,0,214,214,0
B,1435,3441,3441,0,215,215,0
B,1436,3444,3444,0,215,215,0
B,1437,3446,3446,0,215,215,0
B,1438,3448,3448,0,215,215,0
B,1439,3451,3451,0,215,215,0
B,1440,3453,3453,0,215,215,0
B,1441,3456,3456,0,216,216,0
B,1442,3458,3458,0,216,216,0
B,1443,3460,3460,0,216,216,0
B,1444,3463,3463,0,216,216,0
B,1445,3465,3465,0,216,216,0
B,1446,3468,3468,0,216,216,0
B,1447,3470,3470,0,216,216,0
B,1448,3472,3472,0,217,217,0
B,1449,3475,3475,0,217,217,0
B,1450,3477,3477,0,217,217,0
B,1451,3480,3480,0,217,217,0
B,1452,3482,3482,0,217,217,0
B,1453,3484,3484,0,217,217,0
B,1454,3487,3487,0,217,217,0
B,1455,3489,3489,0,218,218,0
B,1456,3492,3492,0,218,218,0
B,1457,3494,3494,0,218,218,0
B,1458,3496,3496,0,218,218,0
B,1459,3499,3499,0,218,218,0
B,1460,3501,3501,0,218,218,0
B,1461,3504,3504,0,219,219,0
B,1462,3506,3506,0,219,219,0
B,1463,3508,3508,0,219,219,0
B,1464,3511,3511,0,219,219,0
B,1465,3513,3513,0,219,219,0
B,1466,3516,3516,0,219,219,0
B,1467,3518,3518,0,219,219,0
B,1468,3520,3520,0,220,220,0
B,1469,3523,3523,0,220,220,0
B,1470,3525,3525,0,220,220,0
B,1471,3528,3528,0,220,220,0
B,1472,3530,3530,0,220,220,0
B,1473,3532,3532,0,220,220,0
B,1474,3535,3535,0,220,220,0
B,1475,3537,3537,0,221,221,0
B,1476,3540,3540,0,221,221,0
B,1477,3542,3542,0,221,221,0
B,1478,3544,3544,0,221,221,0
B,1479,3547,3547,0,221,221,0
B,1480,3549,3549,0,221,221,0
B,1481,3552,3552,0,222,222,0
B,1482,3554,3554,0,222,222,0
B,1483,3556,3556,0,222,222,0
B,1484,3559,3559,0,222,222,0
B,1485,3561,3561,0,222,222,0
B,1486,3564,3564,0,222,222,0
B,1487,3566,3566,0,222,222,0
B,1488,3568,3568,0,223,223,0
B,1489,3571,3571,0,223,223,0
B,1490,3573,3573,0,223,223,0
B,1491,3576,3576,0,223,223,0
B,1492,3578,3578,0,223,223,0
B,1493,3580,3580,0,223,223,0
B,1494,3583,3583,0,223,223,0
B,1495,3585,3585,0,224,224,0
B,1496,3588,3588,0,224,224,0
B,1497,3590,3590,0,224,224,0
B,1498,3592,3592,0,224,224,0
B,1499,3595,3595,0,224,224,0
B,1500,3597,3597,0,224,224,0
B,1501,3600,3600,0,225,225,0
B,1502,3602,3602,0,225,225,0
B,1503,3604,3604,0,225,225,0
B,1504,3607,3607,0,225,225,0
B,1505,3609,3609,0,225,225,0
B,1506,3612,3612,0,225,225,0
B,1507,3614,3614,0,225,225,0
B,1508,3616,3616,0,226,226,0
B,1509,3619,3619,0,226,226,0
B,1510,3621,3621,0,226,226,0
B,1511,3624,3624,0,226,226,0
B,1512,3626,3626,0,226,226,0
B,1513,3628,3628,0,226,226,0
B,1514,3631,3631,0,226,226,0
B,1515,3633,3633,0,227,227,0
B,1516,3636,3636,0,227,227,0
B,1517,3638,3638,0,227,227,0
B,1518,3640,3640,0,227,227,0
B,1519,3643,3643,0,227,227,0
B,1520,3645,3645,0,227,227,0
B,1521,3648,3648,0,228,228,0
B,1522,3650,3650,0,228,228,0
B,1523,3652,3652,0,228,228,0
B,1524,3655,3655,0,228,228,0
B,1525,3657,3657,0,228,228,0
B,1526,3660,3660,0,228,228,0
B,1527,3662,3662,0,228,228,0
B,1528,3664,3664,0,229,229,0
B,1529,3667,3667,0,229,229,0
B,1530,3669,3669,0,229,229,0
B,1531,3672,3672,0,229,229,0
B,1532,3674,3674,0,229,229,0
B,1533,3676,3676,0,229,229,0
B,1534,3679,3679,0,229,229,0
B,1535,3681,3681,0,230,230,0
B,1536,3684,3684,0,230,230,0
B,1537,3686,3686,0,230,230,0
B,1538,3688,3688,0,230,230,0
B,1539,3691,3691,0,230,230,0
B,1540,3693,3693,0,230,230,0
B,1541,3695,3695,0,230,230,0
B,1542,3698,3698,0,231,231,0
B,1543,3700,3700,0,231,231,0
B,1544,3703,3703,0,231,231,0
B,1545,3705,3705,0,231,231,0
B,1546,3707,3707,0,231,231,0
B,1547,3710,3710,0,231,231,0
B,1548,3712,3712,0,232,232,0
B,1549,3715,3715,0,232,232,0
B,1550,3717,3717,0,232,232,0
B,1551,3719,3719,0,232,232,0
B,1552,3722,3722,0,232,232,0
B,1553,3724,3724,0,232,232,0
B,1554,3727,3727,0,232,232,0
B,1555,3729,3729,0,233,233,0
B,1556,3731,3731,0,233,233,0
B,1557,3734,3734,0,233,233,0
B,1558,3736,3736,0,233,233,0
B,1559,3739,3739,0,233,233,0
B,1560,3741,3741,0,233,233,0
B,1561,3743,3743,0,233,233,0
B,1562,3746,3746,0,234,234,0
B,1563,3748,3748,0,234,234,0
B,1564,3751,3751,0,234,234,0
B,1565,3753,3753,0,234,234,0
B,1566,3755,3755,0,234,234,0
B,1567,3758,3758,0,234,234,0
B,1568,3760,3760,0,235,235,0
B,1569,3763,3763,0,235,235,0
B,1570,3765,3765,0,235,235,0
B,1571,3767,3767,0,235,235,0
B,1572,3770,3770,0,235,235,0
B,1573,3772,3772,0,235,235,0
B,1574,3775,3775,0,235,235,0
B,1575,3777,3777,0,236,236,0
B,1576,3779,3779,0,236,236,0
B,1577,3782,3782,0,236,236,0
B,1578,3784,3784,0,236,236,0
B,1579,3787,3787,0,236,236,0
B,1580,3789,3789,0,236,236,0
B,1581,3791,3791,0,236,236,0
B,1582,3794,3794,0,237,237,0
B,1583,3796,3796,0,237,237,0
B,1584,3799,3799,0,237,237,0
B,1585,3801,3801,0,237,237,0
B,1586,3803,3803,0,237,237,0
B,1587,3806,3806,0,237,237,0
B,1588,3808,3808,0,238,238,0
B,1589,3811,3811,0,238,238,0
B,1590,3813,3813,0,238,238,0
B,1591,3815,3815,0,238,238,0
B,1592,3818,3818,0,238,238,0
B,1593,3820,3820,0,238,238,0
B,1594,3823,3823,0,238,238,0
B,1595,3825,3825,0,239,239,0
B,1596,3827,3827,0,239,239,0
B,1597,3830,3830,0,239,239,0
B,1598,3832,3832,0,239,239,0
B,1599,3835,3835,0,239,239,0
B,1600,3837,3837,0,239,239,0
B,1601,3839,3839,0,239,239,0
B,1602,3842,3842,0,240,240,0
B,1603,3844,3844,0,240,240,0
B,1604,3847,3847,0,240,240,0
B,1605,3849,3849,0,240,240,0
B,1606,3851,3851,0,240,240,0
B,1607,3854,3854,0,240,240,0
B,1608,3856,3856,0,241,241,0
B,1609,3859,3859,0,241,241,0
B,1610,3861,3861,0,241,241,0
B,1611,3863,3863,0,241,241,0
B,1612,3866,3866,0,241,241,0
B,1613,3868,3868,0,241,241,0
B,1614,3871,3871,0,241,241,0
B,1615,3873,3873,0,242,242,0
B,1616,3875,3875,0,242,242,0
B,1617,3878,3878,0,242,242,0
B,1618,3880,3880,0,242,242,0
B,1619,3883,3883,0,242,242,0
B,1620,3885,3885,0,242,242,0
B,1621,3887,3887,0,242,242,0
B,1622,3890,3890,0,243,243,0
B,1623,3892,3892,0,243,243,0
B,1624,3895,3895,0,243,243,0
B,1625,3897,3897,0,243,243,0
B,1626,3899,3899,0,243,243,0
B,1627,3902,3902,0,243,243,0
B,1628,3904,3904,0,244,244,0
B,1629,3907,3907,0,244,244,0
B,1630,3909,3909,0,244,244,0
B,1631,3911,3911,0,244,244,0
B,1632,3914,3914,0,244,244,0
B,1633,3916,3916,0,244,244,0
B,1634,3919,3919,0,244,244,0
B,1635,3921,3921,0,245,245,0
B,1636,3923,3923,0,245,245,0
B,1637,3926,3926,0,245,245,0
B,1638,3928,3928,0,245,245,0
B,1639,3931,3931,0,245,245,0
B,1640,3933,3933,0,245,245,0
B,1641,3935,3935,0,245,245,0
B,1642,3938,3938,0,246,246,0
B,1643,3940,3940,0,246,246,0
B,1644,3943,3943,0,246,246,0
B,1645,3945,3945,0,246,246,0
B,1646,3947,3947,0,246,246,0
B,1647,3950,3950,0,246,246,0
B,1648,3952,3952,0,247,247,0
B,1649,3955,3955,0,247,247,0
B,1650,3957,3957,0,247,247,0
B,1651,3959,3959,0,247,247,0
B,1652,3962,3962,0,247,247,0
B,1653,3964,3964,0,247,247,0
B,1654,3967,3967,0,247,247,0
B,1655,3969,3969,0,248,248,0
B,1656,3971,3971,0,248,248,0
B,1657,3974,3974,0,248,248,0
B,1658,3976,3976,0,248,248,0
B,1659,3979,3979,0,248,248,0
B,1660,3981,3981,0,248,248,0
B,1661,3983,3983,0,248,248,0
B,1662,3986,3986,0,249,249,0
B,1663,3988,3988,0,249,249,0
B,1664,3991,3991,0,249,249,0
B,1665,3993,3993,0,249,249,0
B,1666,3995,3995,0,249,249,0
B,1667,3998,3998,0,249,249,0
B,1668,4000,4000,0,250,250,0
B,1669,4002,4002,0,250,250,0
B,1670,4005,4005,0,250,250,0
B,1671,4007,4007,0,250,250,0
B,1672,4010,4010,0,250,250,0
B,1673,4012,4012,0,250,250,0
B,1674,4014,4014,0,250,250,0
B,1675,4017,4017,0,251,251,0
B,1676,4019,4019,0,251,251,0
B,1677,4022,4022,0,251,251,0
B,1678,4024,4024,0,251,251,0
B,1679,4026,4026,0,251,251,0
B,1680,4029,4029,0,251,251,0
B,1681,4031,4031,0,251,251,0
B,1682,4034,4034,0,252,252,0
B,1683,4036,4036,0,252,252,0
B,1684,4038,4038,0,252,252,0
B,1685,4041,4041,0,252,252,0
B,1686,4043,4043,0,252,252,0
B,1687,4046,4046,0,252,252,0
B,1688,4048,4048,0,253,253,0
B,1689,4050,4050,0,253,253,0
B,1690,4053,4053,0,253,253,0
B,1691,4055,4055,0,253,253,0
B,1692,4058,4058,0,253,253,0
B,1693,4060,4060,0,253,253,0
B,1694,4062,4062,0,253,253,0
B,1695,4065,4065,0,254,254,0
B,1696,4067,4067,0,254,254,0
B,1697,4070,4070,0,254,254,0
B,1698,4072,4072,0,254,254,0
B,1699,4074,4074,0,254,254,0
B,1700,4077,4077,0,254,254,0
B,1701,4079,4079,0,254,254,0
B,1702,4082,4082,0,255,255,0
B,1703,4084,4084,0,255,255,0
B,1704,4086,4086,0,255,255,0
B,1705,4089,4089,0,255,255,0
B,1706,4091,4091,0,255,255,0
B,1707,4094,4094,0,255,255,0
B,1708,4095,4095,0,255,255,0
B,1709,4095,4095,0,255,255,0
B,1710,4095,4095,0,255,255,0
B,1711,4095,4095,0,255,255,0
B,1712,4095,4095,0,255,255,0
B,1713,4095,4095,0,255,255,0
B,1714,4095,4095,0,255,255,0
B,1715,4095,4095,0,255,255,0
B,1716,4095,4095,0,255,255,0
B,1717,4095,4095,0,255,255,0
B,1718,4095,4095,0,255,255,0
B,1719,4095,4095,0,255,255,0
B,1720,4095,4095,0,255,255,0
B,1721,4095,4095,0,255,255,0
B,1722,4095,4095,0,255,255,0
B,1723,4095,4095,0,255,255,0
B,1724,4095,4095,0,255,255,0
B,1725,4095,4095,0,255,255,0
B,1726,4095,4095,0,255,255,0
B,1727,4095,4095,0,255,255,0
B,1728,4095,4095,0,255,255,0
B,1729,4095,4095,0,255,255,0
B,1730,4095,4095,0,255,255,0
B,1731,4095,4095,0,255,255,0
B,1732,4095,4095,0,255,255,0
B,1733,4095,4095,0,255,255,0
B,1734,4095,4095,0,255,255,0
B,1735,4095,4095,0,255,255,0
B,1736,4095,4095,0,255,255,0
B,1737,4095,4095,0,255,255,0
B,1738,4095,4095,0,255,255,0
B,1739,4095,4095,0,255,255,0
B,1740,4095,4095,0,255,255,0
B,1741,4095,4095,0,255,255,0
B,1742,4095,4095,0,255,255,0
B,1743,4095,4095,0,255,255,0
B,1744,4095,4095,0,255,255,0
B,1745,4095,4095,0,255,255,0
B,1746,4095,4095,0,255,255,0
B,1747,4095,4095,0,255,255,0
B,1748,4095,4095,0,255,255,0
B,1749,4095,4095,0,255,255,0
B,1750,4095,4095,0,255,255,0
B,1751,4095,4095,0,255,255,0
B,1752,4095,4095,0,255,255,0
B,1753,4095,4095,0,255,255,0
B,1754,4095,4095,0,255,255,0
B,1755,4095,4095,0,255,255,0
B,1756,4095,4095,0,255,255,0
B,1757,4095,4095,0,255,255,0
B,1758,4095,4095,0,255,255,0
B,1759,4095,4095,0,255,255,0
B,1760,4095,4095,0,255,255,0
B,1761,4095,4095,0,255,255,0
B,1762,4095,4095,0,255,255,0
B,1763,4095,4095,0,255,255,0
B,1764,4095,4095,0,255,255,0
B,1765,4095,4095,0,255,255,0
B,1766,4095,4095,0,255,255,0
B,1767,4095,4095,0,255,255,0
B,1768,4095,4095,0,255,255,0
B,1769,4095,4095,0,255,255,0
B,1770,4095,4095,0,255,255,0
B,1771,4095,4095,0,255,255,0
B,1772,4095,4095,0,255,255,0
B,1773,4095,4095,0,255,255,0
B,1774,4095,4095,0,255,255,0
B,1775,4095,4095,0,255,255,0
B,1776,4095,4095,0,255,255,0
B,1777,4095,4095,0,255,255,0
B,1778,4095,4095,0,255,255,0
B,1779,4095,4095,0,255,255,0
B,1780,4095,4095,0,255,255,0
B,1781,4095,4095,0,255,255,0
B,1782,4095,4095,0,255,255,0
B,1783,4095,4095,0,255,255,0
B,1784,4095,4095,0,255,255,0
B,1785,4095,4095,0,255,255,0
B,1786,4095,4095,0,255,255,0
B,1787,4095,4095,0,255,255,0
B,1788,4095,4095,0,255,255,0
B,1789,4095,4095,0,255,255,0
B,1790,4095,4095,0,255,255,0
B,1791,4095,4095,0,255,255,0
B,1792,4095,4095,0,255,255,0
B,1793,4095,4095,0,255,255,0
B,1794,4095,4095,0,255,255,0
B,1795,4095,4095,0,255,255,0
B,1796,4095,4095,0,255,255,0
B,1797,4095,4095,0,255,255,0
B,1798,4095,4095,0,255,255,0
B,1799,4095,4095,0,255,255,0
B,1800,4095,4095,0,255,255,0
B,1801,4095,4095,0,255,255,0
B,1802,4095,4095,0,255,255,0
B,1803,4095,4095,0,255,255,0
B,1804,4095,4095,0,255,255,0
B,1805,4095,4095,0,255,255,0
B,1806,4095,4095,0,255,255,0
B,1807,4095,4095,0,255,255,0
B,1808,4095,4095,0,255,255,0
B,1809,4095,4095,0,255,255,0
B,1810,4095,4095,0,255,255,0
B,1811,4095,4095,0,255,255,0
B,1812,4095,4095,0,255,255,0
B,1813,4095,4095,0,255,255,0
B,1814,4095,4095,0,255,255,0
B,1815,4095,4095,0,255,255,0
B,1816,4095,4095,0,255,255,0
B,1817,4095,4095,0,255,255,0
B,1818,4095,4095,0,255,255,0
B,1819,4095,4095,0,255,255,0
B,1820,4095,4095,0,255,255,0
B,1821,4095,4095,0,255,255,0
B,1822,4095,4095,0,255,255,0
B,1823,4095,4095,0,255,255,0
B,1824,4095,4095,0,255,255,0
B,1825,4095,4095,0,255,255,0
B,1826,4095,4095,0,255,255,0
B,1827,4095,4095,0,255,255,0
B,1828,4095,4095,0,255,255,0
B,1829,4095,4095,0,255,255,0
B,1830,4095,4095,0,255,255,0
B,1831,4095,4095,0,255,255,0
B,1832,4095,4095,0,255,255,0
B,1833,4095,4095,0,255,255,0
B,1834,4095,4095,0,255,255,0
B,1835,4095,4095,0,255,255,0
B,1836,4095,4095,0,255,255,0
B,1837,4095,4095,0,255,255,0
B,1838,4095,4095,0,255,255,0
B,1839,4095,4095,0,255,255,0
B,1840,4095,4095,0,255,255,0
B,1841,4095,4095,0,255,255,0
B,1842,4095,4095,0,255,255,0
B,1843,4095,4095,0,255,255,0
B,1844,4095,4095,0,255,255,0
B,1845,4095,4095,0,255,255,0
B,1846,4095,4095,0,255,255,0
B,1847,4095,4095,0,255,255,0
B,1848,4095,4095,0,255,255,0
B,1849,4095,4095,0,255,255,0
B,1850,4095,4095,0,255,255,0
B,1851,4095,4095,0,255,255,0
B,1852,4095,4095,0,255,255,0
B,1853,4095,4095,0,255,255,0
B,1854,4095,4095,0,255,255,0
B,1855,4095,4095,0,255,255,0
B,1856,4095,4095,0,255,255,0
B,1857,4095,4095,0,255,255,0
B,1858,4095,4095,0,255,255,0
B,1859,4095,4095,0,255,255,0
B,1860,4095,4095,0,255,255,0
B,1861,4095,4095,0,255,255,0
B,1862,4095,4095,0,255,255,0
B,1863,4095,4095,0,255,255,0
B,1864,4095,4095,0,255,255,0
B,1865,4095,4095,0,255,255,0
B,1866,4095,4095,0,255,255,0
B,1867,4095,4095,0,255,255,0
B,1868,4095,4095,0,255,255,0
B,1869,4095,4095,0,255,255,0
B,1870,4095,4095,0,255,255,0
B,1871,4095,4095,0,255,255,0
B,1872,4095,4095,0,255,255,0
B,1873,4095,4095,0,255,255,0
B,1874,4095,4095,0,255,255,0
B,1875,4095,4095,0,255,255,0
B,1876,4095,4095,0,255,255,0
B,1877,4095,4095,0,255,255,0
B,1878,4095,4095,0,255,255,0
B,1879,4095,4095,0,255,255,0
B,1880,4095,4095,0,255,255,0
B,1881,4095,4095,0,255,255,0
B,1882,4095,4095,0,255,255,0
B,1883,4095,4095,0,255,255,0
B,1884,4095,4095,0,255,255,0
B,1885,4095,4095,0,255,255,0
B,1886,4095,4095,0,255,255,0
B,1887,4095,4095,0,255,255,0
B,1888,4095,4095,0,255,255,0
B,1889,4095,4095,0,255,255,0
B,1890,4095,4095,0,255,255,0
B,1891,4095,4095,0,255,255,0
B,1892,4095,4095,0,255,255,0
B,1893,4095,4095,0,255,255,0
B,1894,4095,4095,0,255,255,0
B,1895,4095,4095,0,255,255,0
B,1896,4095,4095,0,255,255,0
B,1897,4095,4095,0,255,255,0
B,1898,4095,4095,0,255,255,0
B,1899,4095,4095,0,255,255,0
B,1900,4095,4095,0,255,255,0
B,1901,4095,4095,0,255,255,0
B,1902,4095,4095,0,255,255,0
B,1903,4095,4095,0,255,255,0
B,1904,4095,4095,0,255,255,0
B,1905,4095,4095,0,255,255,0
B,1906,4095,4095,0,255,255,0
B,1907,4095,4095,0,255,255,0
B,1908,4095,4095,0,255,255,0
B,1909,4095,4095,0,255,255,0
B,1910,4095,4095,0,255,255,0
B,1911,4095,4095,0,255,255,0
B,1912,4095,4095,0,255,255,0
B,1913,4095,4095,0,255,255,0
B,1914,4095,4095,0,255,255,0
B,1915,4095,4095,0,255,255,0
B,1916,4095,4095,0,255,255,0
B,1917,4095,4095,0,255,255,0
B,1918,4095,4095,0,255,255,0
B,1919,4095,4095,0,255,255,0
B,1920,4095,4095,0,255,255,0
B,1921,4095,4095,0,255,255,0
B,1922,4095,4095,0,255,255,0
B,1923,4095,4095,0,255,255,0
B,1924,4095,4095,0,255,255,0
B,1925,4095,4095,0,255,255,0
B,1926,4095,4095,0,255,255,0
B,1927,4095,4095,0,255,255,0
B,1928,4095,4095,0,255,255,0
B,1929,4095,4095,0,255,255,0
B,1930,4095,4095,0,255,255,0
B,1931,4095,4095,0,255,255,0
B,1932,4095,4095,0,255,255,0
B,1933,4095,4095,0,255,255,0
B,1934,4095,4095,0,255,255,0
B,1935,4095,4095,0,255,255,0
B,1936,4095,4095,0,255,255,0
B,1937,4095,4095,0,255,255,0
B,1938,4095,4095,0,255,255,0
B,1939,4095,4095,0,255,255,0
B,1940,4095,4095,0,255,255,0
B,1941,4095,4095,0,255,255,0
B,1942,4095,4095,0,255,255,0
B,1943,4095,4095,0,255,255,0
B,1944,4095,4095,0,255,255,0
B,1945,4095,4095,0,255,255,0
B,1946,4095,4095,0,255,255,0
B,1947,4095,4095,0,255,255,0
B,1948,4095,4095,0,255,255,0
B,1949,4095,4095,0,255,255,0
B,1950,4095,4095,0,255,255,0
B,1951,4095,4095,0,255,255,0
B,1952,4095,4095,0,255,255,0
B,1953,4095,4095,0,255,255,0
B,1954,4095,4095,0,255,255,0
B,1955,4095,4095,0,255,255,0
B,1956,4095,4095,0,255,255,0
B,1957,4095,4095,0,255,255,0
B,1958,4095,4095,0,255,255,0
B,1959,4095,4095,0,255,255,0
B,1960,4095,4095,0,255,255,0
B,1961,4095,4095,0,255,255,0
B,1962,4095,4095,0,255,255,0
B,1963,4095,4095,0,255,255,0
B,1964,4095,4095,0,255,255,0
B,1965,4095,4095,0,255,255,0
B,1966,4095,4095,0,255,255,0
B,1967,4095,4095,0,255,255,0
B,1968,4095,4095,0,255,255,0
B,1969,4095,4095,0,255,255,0
B,1970,4095,4095,0,255,255,0
B,1971,4095,4095,0,255,255,0
B,1972,4095,4095,0,255,255,0
B,1973,4095,4095,0,255,255,0
B,1974,4095,4095,0,255,255,0
B,1975,4095,4095,0,255,255,0
B,1976,4095,4095,0,255,255,0
B,1977,4095,4095,0,255,255,0
B,1978,4095,4095,0,255,255,0
B,1979,4095,4095,0,255,255,0
B,1980,4095,4095,0,255,255,0
B,1981,4095,4095,0,255,255,0
B,1982,4095,4095,0,255,255,0
B,1983,4095,4095,0,255,255,0
B,1984,4095,4095,0,255,255,0
B,1985,4095,4095,0,255,255,0
B,1986,4095,4095,0,255,255,0
B,1987,4095,4095,0,255,255,0
B,1988,4095,4095,0,255,255,0
B,1989,4095,4095,0,255,255,0
B,1990,4095,4095,0,255,255,0
B,1991,4095,4095,0,255,255,0
B,1992,4095,4095,0,255,255,0
B,1993,4095,4095,0,255,255,0
B,1994,4095,4095,0,255,255,0
B,1995,4095,4095,0,255,255,0
B,1996,4095,4095,0,255,255,0
B,1997,4095,4095,0,255,255,0
B,1998,4095,4095,0,255,255,0
B,1999,4095,4095,0,255,255,0
B,2000,4095,4095,0,255,255,0
B,2001,4095,4095,0,255,255,0
B,2002,4095,4095,0,255,255,0
B,2003,4095,4095,0,255,255,0
B,2004,4095,4095,0,255,255,0
B,2005,4095,4095,0,255,255,0
B,2006,4095,4095,0,255,255,0
B,2007,4095,4095,0,255,255,0
B,2008,4095,4095,0,255,255,0
B,2009,4095,4095,0,255,255,0
B,2010,4095,4095,0,255,255,0
B,2011,4095,4095,0,255,255,0
B,2012,4095,4095,0,255,255,0
B,2013,4095,4095,0,255,255,0
B,2014,4095,4095,0,255,255,0
B,2015,4095,4095,0,255,255,0
B,2016,4095,4095,0,255,255,0
B,2017,4095,4095,0,255,255,0
B,2018,4095,4095,0,255,255,0
B,2019,4095,4095,0,255,255,0
B,2020,4095,4095,0,255,255,0
B,2021,4095,4095,0,255,255,0
B,2022,4095,4095,0,255,255,0
B,2023,4095,4095,0,255,255,0
B,2024,4095,4095,0,255,255,0
B,2025,4095,4095,0,255,255,0
B,2026,4095,4095,0,255,255,0
B,2027,4095,4095,0,255,255,0
B,2028,4095,4095,0,255,255,0
B,2029,4095,4095,0,255,255,0
B,2030,4095,4095,0,255,255,0
B,2031,4095,4095,0,255,255,0
B,2032,4095,4095,0,255,255,0
B,2033,4095,4095,0,255,255,0
B,2034,4095,4095,0,255,255,0
B,2035,4095,4095,0,255,255,0
B,2036,4095,4095,0,255,255,0
B,2037,4095,4095,0,255,255,0
B,2038,4095,4095,0,255,255,0
B,2039,4095,4095,0,255,255,0
B,2040,4095,4095,0,255,255,0
B,2041,4095,4095,0,255,255,0
B,2042,4095,4095,0,255,255,0
B,2043,4095,4095,0,255,255,0
B,2044,4095,4095,0,255,255,0
B,2045,4095,4095,0,255,255,0
B,2046,4095,4095,0,255,255,0
B,2047,4095,4095,0,255,255,0
B,2048,4095,4095,0,255,255,0
B,2049,4095,4095,0,255,255,0
B,2050,4095,4095,0,255,255,0
B,2051,4095,4095,0,255,255,0
B,2052,4095,4095,0,255,255,0
B,2053,4095,4095,0,255,255,0
B,2054,4095,4095,0,255,255,0
B,2055,4095,4095,0,255,255,0
B,2056,4095,4095,0,255,255,0
B,2057,4095,4095,0,255,255,0
B,2058,4095,4095,0,255,255,0
B,2059,4095,4095,0,255,255,0
B,2060,4095,4095,0,255,255,0
B,2061,4095,4095,0,255,255,0
B,2062,4095,4095,0,255,255,0
B,2063,4095,4095,0,255,255,0
B,2064,4095,4095,0,255,255,0
B,2065,4095,4095,0,255,255,0
B,2066,4095,4095,0,255,255,0
B,2067,4095,4095,0,255,255,0
B,2068,4095,4095,0,255,255,0
B,2069,4095,4095,0,255,255,0
B,2070,4095,4095,0,255,255,0
B,2071,4095,4095,0,255,255,0
B,2072,4095,4095,0,255,255,0
B,2073,4095,4095,0,255,255,0
B,2074,4095,4095,0,255,255,0
B,2075,4095,4095,0,255,255,0
B,2076,4095,4095,0,255,255,0
B,2077,4095,4095,0,255,255,0
B,2078,4095,4095,0,255,255,0
B,2079,4095,4095,0,255,255,0
B,2080,4095,4095,0,255,255,0
B,2081,4095,4095,0,255,255,0
B,2082,4095,4095,0,255,255,0
B,2083,4095,4095,0,255,255,0
B,2084,4095,4095,0,255,255,0
B,2085,4095,4095,0,255,255,0
B,2086,4095,4095,0,255,255,0
B,2087,4095,4095,0,255,255,0
B,2088,4095,4095,0,255,255,0
B,2089,4095,4095,0,255,255,0
B,2090,4095,4095,0,255,255,0
B,2091,4095,4095,0,255,255,0
B,2092,4095,4095,0,255,255,0
B,2093,4095,4095,0,255,255,0
B,2094,4095,4095,0,255,255,0
B,2095,4095,4095,0,255,255,0
B,2096,4095,4095,0,255,255,0
B,2097,4095,4095,0,255,255,0
B,2098,4095,4095,0,255,255,0
B,2099,4095,4095,0,255,255,0
B,2100,4095,4095,0,255,255,0
B,2101,4095,4095,0,255,255,0
B,2102,4095,4095,0,255,255,0
B,2103,4095,4095,0,255,255,0
B,2104,4095,4095,0,255,255,0
B,2105,4095,4095,0,255,255,0
B,2106,4095,4095,0,255,255,0
B,2107,4095,4095,0,255,255,0
B,2108,4095,4095,0,255,255,0
B,2109,4095,4095,0,255,255,0
B,2110,4095,4095,0,255,255,0
B,2111,4095,4095,0,255,255,0
B,2112,4095,4095,0,255,255,0
B,2113,4095,4095,0,255,255,0
B,2114,4095,4095,0,255,255,0
B,2115,4095,4095,0,255,255,0
B,2116,4095,4095,0,255,255,0
B,2117,4095,4095,0,255,255,0
B,2118,4095,4095,0,255,255,0
B,2119,4095,4095,0,255,255,0
B,2120,4095,4095,0,255,255,0
B,2121,4095,4095,0,255,255,0
B,2122,4095,4095,0,255,255,0
B,2123,4095,4095,0,255,255,0
B,2124,4095,4095,0,255,255,0
B,2125,4095,4095,0,255,255,0
B,2126,4095,4095,0,255,255,0
B,2127,4095,4095,0,255,255,0
B,2128,4095,4095,0,255,255,0
B,2129,4095,4095,0,255,255,0
B,2130,4095,4095,0,255,255,0
B,2131,4095,4095,0,255,255,0
B,2132,4095,4095,0,255,255,0
B,2133,4095,4095,0,255,255,0
B,2134,4095,4095,0,255,255,0
B,2135,4095,4095,0,255,255,0
B,2136,4095,4095,0,255,255,0
B,2137,4095,4095,0,255,255,0
B,2138,4095,4095,0,255,255,0
B,2139,4095,4095,0,255,255,0
B,2140,4095,4095,0,255,255,0
B,2141,4095,4095,0,255,255,0
B,2142,4095,4095,0,255,255,0
B,2143,4095,4095,0,255,255,0
B,2144,4095,4095,0,255,255,0
B,2145,4095,4095,0,255,255,0
B,2146,4095,4095,0,255,255,0
B,2147,4095,4095,0,255,255,0
B,2148,4095,4095,0,255,255,0
B,2149,4095,4095,0,255,255,0
B,2150,4095,4095,0,255,255,0
B,2151,4095,4095,0,255,255,0
B,2152,4095,4095,0,255,255,0
B,2153,4095,4095,0,255,255,0
B,2154,4095,4095,0,255,255,0
B,2155,4095,4095,0,255,255,0
B,2156,4095,4095,0,255,255,0
B,2157,4095,4095,0,255,255,0
B,2158,4095,4095,0,255,255,0
B,2159,4095,4095,0,255,255,0
B,2160,4095,4095,0,255,255,0
B,2161,4095,4095,0,255,255,0
B,2162,4095,4095,0,255,255,0
B,2163,4095,4095,0,255,255,0
B,2164,4095,4095,0,255,255,0
B,2165,4095,4095,0,255,255,0
B,2166,4095,4095,0,255,255,0
B,2167,4095,4095,0,255,255,0
B,2168,4095,4095,0,255,255,0
B,2169,4095,4095,0,255,255,0
B,2170,4095,4095,0,255,255,0
B,2171,4095,4095,0,255,255,0
B,2172,4095,4095,0,255,255,0
B,2173,4095,4095,0,255,255,0
B,2174,4095,4095,0,255,255,0
B,2175,4095,4095,0,255,255,0
B,2176,4095,4095,0,255,255,0
B,2177,4095,4095,0,255,255,0
B,2178,4095,4095,0,255,255,0
B,2179,4095,4095,0,255,255,0
B,2180,4095,4095,0,255,255,0
B,2181,4095,4095,0,255,255,0
B,2182,4095,4095,0,255,255,0
B,2183,4095,4095,0,255,255,0
B,2184,4095,4095,0,255,255,0
B,2185,4095,4095,0,255,255,0
B,2186,4095,4095,0,255,255,0
B,2187,4095,4095,0,255,255,0
B,2188,4095,4095,0,255,255,0
B,2189,4095,4095,0,255,255,0
B,2190,4095,4095,0,255,255,0
B,2191,4095,4095,0,255,255,0
B,2192,4095,4095,0,255,255,0
B,2193,4095,4095,0,255,255,0
B,2194,4095,4095,0,255,255,0
B,2195,4095,4095,0,255,255,0
B,2196,4095,4095,0,255,255,0
B,2197,4095,4095,0,255,255,0
B,2198,4095,4095,0,255,255,0
B,2199,4095,4095,0,255,255,0
B,2200,4095,4095,0,255,255,0
B,2201,4095,4095,0,255,255,0
B,2202,4095,4095,0,255,255,0
B,2203,4095,4095,0,255,255,0
B,2204,4095,4095,0,255,255,0
B,2205,4095,4095,0,255,255,0
B,2206,4095,4095,0,255,255,0
B,2207,4095,4095,0,255,255,0
B,2208,4095,4095,0,255,255,0
B,2209,4095,4095,0,255,255,0
B,2210,4095,4095,0,255,255,0
B,2211,4095,4095,0,255,255,0
B,2212,4095,4095,0,255,255,0
B,2213,4095,4095,0,255,255,0
B,2214,4095,4095,0,255,255,0
B,2215,4095,4095,0,255,255,0
B,2216,4095,4095,0,255,255,0
B,2217,4095,4095,0,255,255,0
B,2218,4095,4095,0,255,255,0
B,2219,4095,4095,0,255,255,0
B,2220,4095,4095,0,255,255,0
B,2221,4095,4095,0,255,255,0
B,2222,4095,4095,0,255,255,0
B,2223,4095,4095,0,255,255,0
B,2224,4095,4095,0,255,255,0
B,2225,4095,4095,0,255,255,0
B,2226,4095,4095,0,255,255,0
B,2227,4095,4095,0,255,255,0
B,2228,4095,4095,0,255,255,0
B,2229,4095,4095,0,255,255,0
B,2230,4095,4095,0,255,255,0
B,2231,4095,4095,0,255,255,0
B,2232,4095,4095,0,255,255,0
B,2233,4095,4095,0,255,255,0
B,2234,4095,4095,0,255,255,0
B,2235,4095,4095,0,255,255,0
B,2236,4095,4095,0,255,255,0
B,2237,4095,4095,0,255,255,0
B,2238,4095,4095,0,255,255,0
B,2239,4095,4095,0,255,255,0
B,2240,4095,4095,0,255,255,0
B,2241,4095,4095,0,255,255,0
B,2242,4095,4095,0,255,255,0
B,2243,4095,4095,0,255,255,0
B,2244,4095,4095,0,255,255,0
B,2245,4095,4095,0,255,255,0
B,2246,4095,4095,0,255,255,0
B,2247,4095,4095,0,255,255,0
B,2248,4095,4095,0,255,255,0
B,2249,4095,4095,0,255,255,0
B,2250,4095,4095,0,255,255,0
B,2251,4095,4095,0,255,255,0
B,2252,4095,4095,0,255,255,0
B,2253,4095,4095,0,255,255,0
B,2254,4095,4095,0,255,255,0
B,2255,4095,4095,0,255,255,0
B,2256,4095,4095,0,255,255,0
B,2257,4095,4095,0,255,255,0
B,2258,4095,4095,0,255,255,0
B,2259,4095,4095,0,255,255,0
B,2260,4095,4095,0,255,255,0
B,2261,4095,4095,0,255,255,0
B,2262,4095,4095,0,255,255,0
B,2263,4095,4095,0,255,255,0
B,2264,4095,4095,0,255,255,0
B,2265,4095,4095,0,255,255,0
B,2266,4095,4095,0,255,255,0
B,2267,4095,4095,0,255,255,0
B,2268,4095,4095,0,255,255,0
B,2269,4095,4095,0,255,255,0
B,2270,4095,4095,0,255,255,0
B,2271,4095,4095,0,255,255,0
B,2272,4095,4095,0,255,255,0
B,2273,4095,4095,0,255,255,0
B,2274,4095,4095,0,255,255,0
B,2275,4095,4095,0,255,255,0
B,2276,4095,4095,0,255,255,0
B,2277,4095,4095,0,255,255,0
B,2278,4095,4095,0,255,255,0
B,2279,4095,4095,0,255,255,0
B,2280,4095,4095,0,255,255,0
B,2281,4095,4095,0,255,255,0
B,2282,4095,4095,0,255,255,0
B,2283,4095,4095,0,255,255,0
B,2284,4095,4095,0,255,255,0
B,2285,4095,4095,0,255,255,0
B,2286,4095,4095,0,255,255,0
B,2287,4095,4095,0,255,255,0
B,2288,4095,4095,0,255,255,0
B,2289,4095,4095,0,255,255,0
B,2290,4095,4095,0,255,255,0
B,2291,4095,4095,0,255,255,0
B,2292,4095,4095,0,255,255,0
B,2293,4095,4095,0,255,255,0
B,2294,4095,4095,0,255,255,0
B,2295,4095,4095,0,255,255,0
B,2296,4095,4095,0,255,255,0
B,2297,4095,4095,0,255,255,0
B,2298,4095,4095,0,255,255,0
B,2299,4095,4095,0,255,255,0
B,2300,4095,4095,0,255,255,0
B,2301,4095,4095,0,255,255,0
B,2302,4095,4095,0,255,255,0
B,2303,4095,4095,0,255,255,0
B,2304,4095,4095,0,255,255,0
B,2305,4095,4095,0,255,255,0
B,2306,4095,4095,0,255,255,0
B,2307,4095,4095,0,255,255,0
B,2308,4095,4095,0,255,255,0
B,2309,4095,4095,0,255,255,0
B,2310,4095,4095,0,255,255,0
B,2311,4095,4095,0,255,255,0
B,2312,4095,4095,0,255,255,0
B,2313,4095,4095,0,255,255,0
B,2314,4095,4095,0,255,255,0
B,2315,4095,4095,0,255,255,0
B,2316,4095,4095,0,255,255,0
B,2317,4095,4095,0,255,255,0
B,2318,4095,4095,0,255,255,0
B,2319,4095,4095,0,255,255,0
B,2320,4095,4095,0,255,255,0
B,2321,4095,4095,0,255,255,0
B,2322,4095,4095,0,255,255,0
B,2323,4095,4095,0,255,255,0
B,2324,4095,4095,0,255,255,0
B,2325,4095,4095,0,255,255,0
B,2326,4095,4095,0,255,255,0
B,2327,4095,4095,0,255,255,0
B,2328,4095,4095,0,255,255,0
B,2329,4095,4095,0,255,255,0
B,2330,4095,4095,0,255,255,0
B,2331,4095,4095,0,255,255,0
B,2332,4095,4095,0,255,255,0
B,2333,4095,4095,0,255,255,0
B,2334,4095,4095,0,255,255,0
B,2335,4095,4095,0,255,255,0
B,2336,4095,4095,0,255,255,0
B,2337,4095,4095,0,255,255,0
B,2338,4095,4095,0,255,255,0
B,2339,4095,4095,0,255,255,0
B,2340,4095,4095,0,255,255,0
B,2341,4095,4095,0,255,255,0
B,2342,4095,4095,0,255,255,0
B,2343,4095,4095,0,255,255,0
B,2344,4095,4095,0,255,255,0
B,2345,4095,4095,0,255,255,0
B,2346,4095,4095,0,255,255,0
B,2347,4095,4095,0,255,255,0
B,2348,4095,4095,0,255,255,0
B,2349,4095,4095,0,255,255,0
B,2350,4095,4095,0,255,255,0
B,2351,4095,4095,0,255,255,0
B,2352,4095,4095,0,255,255,0
B,2353,4095,4095,0,255,255,0
B,2354,4095,4095,0,255,255,0
B,2355,4095,4095,0,255,255,0
B,2356,4095,4095,0,255,255,0
B,2357,4095,4095,0,255,255,0
B,2358,4095,4095,0,255,255,0
B,2359,4095,4095,0,255,255,0
B,2360,4095,4095,0,255,255,0
B,2361,4095,4095,0,255,255,0
B,2362,4095,4095,0,255,255,0
B,2363,4095,4095,0,255,255,0
B,2364,4095,4095,0,255,255,0
B,2365,4095,4095,0,255,255,0
B,2366,4095,4095,0,255,255,0
B,2367,4095,4095,0,255,255,0
B,2368,4095,4095,0,255,255,0
B,2369,4095,4095,0,255,255,0
B,2370,4095,4095,0,255,255,0
B,2371,4095,4095,0,255,255,0
B,2372,4095,4095,0,255,255,0
B,2373,4095,4095,0,255,255,0
B,2374,4095,4095,0,255,255,0
B,2375,4095,4095,0,255,255,0
B,2376,4095,4095,0,255,255,0
B,2377,4095,4095,0,255,255,0
B,2378,4095,4095,0,255,255,0
B,2379,4095,4095,0,255,255,0
B,2380,4095,4095,0,255,255,0
B,2381,4095,4095,0,255,255,0
B,2382,4095,4095,0,255,255,0
B,2383,4095,4095,0,255,255,0
B,2384,4095,4095,0,255,255,0
B,2385,4095,4095,0,255,255,0
B,2386,4095,4095,0,255,255,0
B,2387,4095,4095,0,255,255,0
B,2388,4095,4095,0,255,255,0
B,2389,4095,4095,0,255,255,0
B,2390,4095,4095,0,255,255,0
B,2391,4095,4095,0,255,255,0
B,2392,4095,4095,0,255,255,0
B,2393,4095,4095,0,255,255,0
B,2394,4095,4095,0,255,255,0
B,2395,4095,4095,0,255,255,0
B,2396,4095,4095,0,255,255,0
B,2397,4095,4095,0,255,255,0
B,2398,4095,4095,0,255,255,0
B,2399,4095,4095,0,255,255,0
B,2400,4095,4095,0,255,255,0
B,2401,4095,4095,0,255,255,0
B,2402,4095,4095,0,255,255,0
B,2403,4095,4095,0,255,255,0
B,2404,4095,4095,0,255,255,0
B,2405,4095,4095,0,255,255,0
B,2406,4095,4095,0,255,255,0
B,2407,4095,4095,0,255,255,0
B,2408,4095,4095,0,255,255,0
B,2409,4095,4095,0,255,255,0
B,2410,4095,4095,0,255,255,0
B,2411,4095,4095,0,255,255,0
B,2412,4095,4095,0,255,255,0
B,2413,4095,4095,0,255,255,0
B,2414,4095,4095,0,255,255,0
B,2415,4095,4095,0,255,255,0
B,2416,4095,4095,0,255,255,0
B,2417,4095,4095,0,255,255,0
B,2418,4095,4095,0,255,255,0
B,2419,4095,4095,0,255,255,0
B,2420,4095,4095,0,255,255,0
B,2421,4095,4095,0,255,255,0
B,2422,4095,4095,0,255,255,0
B,2423,4095,4095,0,255,255,0
B,2424,4095,4095,0,255,255,0
B,2425,4095,4095,0,255,255,0
B,2426,4095,4095,0,255,255,0
B,2427,4095,4095,0,255,255,0
B,2428,4095,4095,0,255,255,0
B,2429,4095,4095,0,255,255,0
B,2430,4095,4095,0,255,255,0
B,2431,4095,4095,0,255,255,0
B,2432,4095,4095,0,255,255,0
B,2433,4095,4095,0,255,255,0
B,2434,4095,4095,0,255,255,0
B,2435,4095,4095,0,255,255,0
B,2436,4095,4095,0,255,255,0
B,2437,4095,4095,0,255,255,0
B,2438,4095,4095,0,255,255,0
B,2439,4095,4095,0,255,255,0
B,2440,4095,4095,0,255,255,0
B,2441,4095,4095,0,255,255,0
B,2442,4095,4095,0,255,255,0
B,2443,4095,4095,0,255,255,0
B,2444,4095,4095,0,255,255,0
B,2445,4095,4095,0,255,255,0
B,2446,4095,4095,0,255,255,0
B,2447,4095,4095,0,255,255,0
B,2448,4095,4095,0,255,255,0
B,2449,4095,4095,0,255,255,0
B,2450,4095,4095,0,255,255,0
B,2451,4095,4095,0,255,255,0
B,2452,4095,4095,0,255,255,0
B,2453,4095,4095,0,255,255,0
B,2454,4095,4095,0,255,255,0
B,2455,4095,4095,0,255,255,0
B,2456,4095,4095,0,255,255,0
B,2457,4095,4095,0,255,255,0
B,2458,4095,4095,0,255,255,0
B,2459,4095,4095,0,255,255,0
B,2460,4095,4095,0,255,255,0
B,2461,4095,4095,0,255,255,0
B,2462,4095,4095,0,255,255,0
B,2463,4095,4095,0,255,255,0
B,2464,4095,4095,0,255,255,0
B,2465,4095,4095,0,255,255,0
B,2466,4095,4095,0,255,255,0
B,2467,4095,4095,0,255,255,0
B,2468,4095,4095,0,255,255,0
B,2469,4095,4095,0,255,255,0
B,2470,4095,4095,0,255,255,0
B,2471,4095,4095,0,255,255,0
B,2472,4095,4095,0,255,255,0
B,2473,4095,4095,0,255,255,0
B,2474,4095,4095,0,255,255,0
B,2475,4095,4095,0,255,255,0
B,2476,4095,4095,0,255,255,0
B,2477,4095,4095,0,255,255,0
B,2478,4095,4095,0,255,255,0
B,2479,4095,4095,0,255,255,0
B,2480,4095,4095,0,255,255,0
B,2481,4095,4095,0,255,255,0
B,2482,4095,4095,0,255,255,0
B,2483,4095,4095,0,255,255,0
B,2484,4095,4095,0,255,255,0
B,2485,4095,4095,0,255,255,0
B,2486,4095,4095,0,255,255,0
B,2487,4095,4095,0,255,255,0
B,2488,4095,4095,0,255,255,0
B,2489,4095,4095,0,255,255,0
B,2490,4095,4095,0,255,255,0
B,2491,4095,4095,0,255,255,0
B,2492,4095,4095,0,255,255,0
B,2493,4095,4095,0,255,255,0
B,2494,4095,4095,0,255,255,0
B,2495,4095,4095,0,255,255,0
B,2496,4095,4095,0,255,255,0
B,2497,4095,4095,0,255,255,0
B,2498,4095,4095,0,255,255,0
B,2499,4095,4095,0,255,255,0
B,2500,4095,4095,0,255,255,0
B,2501,4095,4095,0,255,255,0
B,2502,4095,4095,0,255,255,0
B,2503,4095,4095,0,255,255,0
B,2504,4095,4095,0,255,255,0
B,2505,4095,4095,0,255,255,0
B,2506,4095,4095,0,255,255,0
B,2507,4095,4095,0,255,255,0
B,2508,4095,4095,0,255,255,0
B,2509,4095,4095,0,255,255,0
B,2510,4095,4095,0,255,255,0
B,2511,4095,4095,0,255,255,0
B,2512,4095,4095,0,255,255,0
B,2513,4095,4095,0,255,255,0
B,2514,4095,4095,0,255,255,0
B,2515,4095,4095,0,255,255,0
B,2516,4095,4095,0,255,255,0
B,2517,4095,4095,0,255,255,0
B,2518,4095,4095,0,255,255,0
B,2519,4095,4095,0,255,255,0
B,2520,4095,4095,0,255,255,0
B,2521,4095,4095,0,255,255,0
B,2522,4095,4095,0,255,255,0
B,2523,4095,4095,0,255,255,0
B,2524,4095,4095,0,255,255,0
B,2525,4095,4095,0,255,255,0
B,2526,4095,4095,0,255,255,0
B,2527,4095,4095,0,255,255,0
B,2528,4095,4095,0,255,255,0
B,2529,4095,4095,0,255,255,0
B,2530,4095,4095,0,255,255,0
B,2531,4095,4095,0,255,255,0
B,2532,4095,4095,0,255,255,0
B,2533,4095,4095,0,255,255,0
B,2534,4095,4095,0,255,255,0
B,2535,4095,4095,0,255,255,0
B,2536,4095,4095,0,255,255,0
B,2537,4095,4095,0,255,255,0
B,2538,4095,4095,0,255,255,0
B,2539,4095,4095,0,255,255,0
B,2540,4095,4095,0,255,255,0
B,2541,4095,4095,0,255,255,0
B,2542,4095,4095,0,255,255,0
B,2543,4095,4095,0,255,255,0
B,2544,4095,4095,0,255,255,0
B,2545,4095,4095,0,255,255,0
B,2546,4095,4095,0,255,255,0
B,2547,4095,4095,0,255,255,0
B,2548,4095,4095,0,255,255,0
B,2549,4095,4095,0,255,255,0
B,2550,4095,4095,0,255,255,0
B,2551,4095,4095,0,255,255,0
B,2552,4095,4095,0,255,255,0
B,2553,4095,4095,0,255,255,0
B,2554,4095,4095,0,255,255,0
B,2555,4095,4095,0,255,255,0
B,2556,4095,4095,0,255,255,0
B,2557,4095,4095,0,255,255,0
B,2558,4095,4095,0,255,255,0
B,2559,4095,4095,0,255,255,0
B,2560,4095,4095,0,255,255,0
B,2561,4095,4095,0,255,255,0
B,2562,4095,4095,0,255,255,0
B,2563,4095,4095,0,255,255,0
B,2564,4095,4095,0,255,255,0
B,2565,4095,4095,0,255,255,0
B,2566,4095,4095,0,255,255,0
B,2567,4095,4095,0,255,255,0
B,2568,4095,4095,0,255,255,0
B,2569,4095,4095,0,255,255,0
B,2570,4095,4095,0,255,255,0
B,2571,4095,4095,0,255,255,0
B,2572,4095,4095,0,255,255,0
B,2573,4095,4095,0,255,255,0
B,2574,4095,4095,0,255,255,0
B,2575,4095,4095,0,255,255,0
B,2576,4095,4095,0,255,255,0
B,2577,4095,4095,0,255,255,0
B,2578,4095,4095,0,255,255,0
B,2579,4095,4095,0,255,255,0
B,2580,4095,4095,0,255,255,0
B,2581,4095,4095,0,255,255,0
B,2582,4095,4095,0,255,255,0
B,2583,4095,4095,0,255,255,0
B,2584,4095,4095,0,255,255,0
B,2585,4095,4095,0,255,255,0
B,2586,4095,4095,0,255,255,0
B,2587,4095,4095,0,255,255,0
B,2588,4095,4095,0,255,255,0
B,2589,4095,4095,0,255,255,0
B,2590,4095,4095,0,255,255,0
B,2591,4095,4095,0,255,255,0
B,2592,4095,4095,0,255,255,0
B,2593,4095,4095,0,255,255,0
B,2594,4095,4095,0,255,255,0
B,2595,4095,4095,0,255,255,0
B,2596,4095,4095,0,255,255,0
B,2597,4095,4095,0,255,255,0
B,2598,4095,4095,0,255,255,0
B,2599,4095,4095,0,255,255,0
B,2600,4095,4095,0,255,255,0
B,2601,4095,4095,0,255,255,0
B,2602,4095,4095,0,255,255,0
B,2603,4095,4095,0,255,255,0
B,2604,4095,4095,0,255,255,0
B,2605,4095,4095,0,255,255,0
B,2606,4095,4095,0,255,255,0
B,2607,4095,4095,0,255,255,0
B,2608,4095,4095,0,255,255,0
B,2609,4095,4095,0,255,255,0
B,2610,4095,4095,0,255,255,0
B,2611,4095,4095,0,255,255,0
B,2612,4095,4095,0,255,255,0
B,2613,4095,4095,0,255,255,0
B,2614,4095,4095,0,255,255,0
B,2615,4095,4095,0,255,255,0
B,2616,4095,4095,0,255,255,0
B,2617,4095,4095,0,255,255,0
B,2618,4095,4095,0,255,255,0
B,2619,4095,4095,0,255,255,0
B,2620,4095,4095,0,255,255,0
B,2621,4095,4095,0,255,255,0
B,2622,4095,4095,0,255,255,0
B,2623,4095,4095,0,255,255,0
B,2624,4095,4095,0,255,255,0
B,2625,4095,4095,0,255,255,0
B,2626,4095,4095,0,255,255,0
B,2627,4095,4095,0,255,255,0
B,2628,4095,4095,0,255,255,0
B,2629,4095,4095,0,255,255,0
B,2630,4095,4095,0,255,255,0
B,2631,4095,4095,0,255,255,0
B,2632,4095,4095,0,255,255,0
B,2633,4095,4095,0,255,255,0
B,2634,4095,4095,0,255,255,0
B,2635,4095,4095,0,255,255,0
B,2636,4095,4095,0,255,255,0
B,2637,4095,4095,0,255,255,0
B,2638,4095,4095,0,255,255,0
B,2639,4095,4095,0,255,255,0
B,2640,4095,4095,0,255,255,0
B,2641,4095,4095,0,255,255,0
B,2642,4095,4095,0,255,255,0
B,2643,4095,4095,0,255,255,0
B,2644,4095,4095,0,255,255,0
B,2645,4095,4095,0,255,255,0
B,2646,4095,4095,0,255,255,0
B,2647,4095,4095,0,255,255,0
B,2648,4095,4095,0,255,255,0
B,2649,4095,4095,0,255,255,0
B,2650,4095,4095,0,255,255,0
B,2651,4095,4095,0,255,255,0
B,2652,4095,4095,0,255,255,0
B,2653,4095,4095,0,255,255,0
B,2654,4095,4095,0,255,255,0
B,2655,4095,4095,0,255,255,0
B,2656,4095,4095,0,255,255,0
B,2657,4095,4095,0,255,255,0
B,2658,4095,4095,0,255,255,0
B,2659,4095,4095,0,255,255,0
B,2660,4095,4095,0,255,255,0
B,2661,4095,4095,0,255,255,0
B,2662,4095,4095,0,255,255,0
B,2663,4095,4095,0,255,255,0
B,2664,4095,4095,0,255,255,0
B,2665,4095,4095,0,255,255,0
B,2666,4095,4095,0,255,255,0
B,2667,4095,4095,0,255,255,0
B,2668,4095,4095,0,255,255,0
B,2669,4095,4095,0,255,255,0
B,2670,4095,4095,0,255,255,0
B,2671,4095,4095,0,255,255,0
B,2672,4095,4095,0,255,255,0
B,2673,4095,4095,0,255,255,0
B,2674,4095,4095,0,255,255,0
B,2675,4095,4095,0,255,255,0
B,2676,4095,4095,0,255,255,0
B,2677,4095,4095,0,255,255,0
B,2678,4095,4095,0,255,255,0
B,2679,4095,4095,0,255,255,0
B,2680,4095,4095,0,255,255,0
B,2681,4095,4095,0,255,255,0
B,2682,4095,4095,0,255,255,0
B,2683,4095,4095,0,255,255,0
B,2684,4095,4095,0,255,255,0
B,2685,4095,4095,0,255,255,0
B,2686,4095,4095,0,255,255,0
B,2687,4095,4095,0,255,255,0
B,2688,4095,4095,0,255,255,0
B,2689,4095,4095,0,255,255,0
B,2690,4095,4095,0,255,255,0
B,2691,4095,4095,0,255,255,0
B,2692,4095,4095,0,255,255,0
B,2693,4095,4095,0,255,255,0
B,2694,4095,4095,0,255,255,0
B,2695,4095,4095,0,255,255,0
B,2696,4095,4095,0,255,255,0
B,2697,4095,4095,0,255,255,0
B,2698,4095,4095,0,255,255,0
B,2699,4095,4095,0,255,255,0
B,2700,4095,4095,0,255,255,0
B,2701,4095,4095,0,255,255,0
B,2702,4095,4095,0,255,255,0
B,2703,4095,4095,0,255,255,0
B,2704,4095,4095,0,255,255,0
B,2705,4095,4095,0,255,255,0
B,2706,4095,4095,0,255,255,0
B,2707,4095,4095,0,255,255,0
B,2708,4095,4095,0,255,255,0
B,2709,4095,4095,0,255,255,0
B,2710,4095,4095,0,255,255,0
B,2711,4095,4095,0,255,255,0
B,2712,4095,4095,0,255,255,0
B,2713,4095,4095,0,255,255,0
B,2714,4095,4095,0,255,255,0
B,2715,4095,4095,0,255,255,0
B,2716,4095,4095,0,255,255,0
B,2717,4095,4095,0,255,255,0
B,2718,4095,4095,0,255,255,0
B,2719,4095,4095,0,255,255,0
B,2720,4095,4095,0,255,255,0
B,2721,4095,4095,0,255,255,0
B,2722,4095,4095,0,255,255,0
B,2723,4095,4095,0,255,255,0
B,2724,4095,4095,0,255,255,0
B,2725,4095,4095,0,255,255,0
B,2726,4095,4095,0,255,255,0
B,2727,4095,4095,0,255,255,0
B,2728,4095,4095,0,255,255,0
B,2729,4095,4095,0,255,255,0
B,2730,4095,4095,0,255,255,0
B,2731,4095,4095,0,255,255,0
B,2732,4095,4095,0,255,255,0
B,2733,4095,4095,0,255,255,0
B,2734,4095,4095,0,255,255,0
B,2735,4095,4095,0,255,255,0
B,2736,4095,4095,0,255,255,0
B,2737,4095,4095,0,255,255,0
B,2738,4095,4095,0,255,255,0
B,2739,4095,4095,0,255,255,0
B,2740,4095,4095,0,255,255,0
B,2741,4095,4095,0,255,255,0
B,2742,4095,4095,0,255,255,0
B,2743,4095,4095,0,255,255,0
B,2744,4095,4095,0,255,255,0
B,2745,4095,4095,0,255,255,0
B,2746,4095,4095,0,255,255,0
B,2747,4095,4095,0,255,255,0
B,2748,4095,4095,0,255,255,0
B,2749,4095,4095,0,255,255,0
B,2750,4095,4095,0,255,255,0
B,2751,4095,4095,0,255,255,0
B,2752,4095,4095,0,255,255,0
B,2753,4095,4095,0,255,255,0
B,2754,4095,4095,0,255,255,0
B,2755,4095,4095,0,255,255,0
B,2756,4095,4095,0,255,255,0
B,2757,4095,4095,0,255,255,0
B,2758,4095,4095,0,255,255,0
B,2759,4095,4095,0,255,255,0
B,2760,4095,4095,0,255,255,0
B,2761,4095,4095,0,255,255,0
B,2762,4095,4095,0,255,255,0
B,2763,4095,4095,0,255,255,0
B,2764,4095,4095,0,255,255,0
B,2765,4095,4095,0,255,255,0
B,2766,4095,4095,0,255,255,0
B,2767,4095,4095,0,255,255,0
B,2768,4095,4095,0,255,255,0
B,2769,4095,4095,0,255,255,0
B,2770,4095,4095,0,255,255,0
B,2771,4095,4095,0,255,255,0
B,2772,4095,4095,0,255,255,0
B,2773,4095,4095,0,255,255,0
B,2774,4095,4095,0,255,255,0
B,2775,4095,4095,0,255,255,0
B,2776,4095,4095,0,255,255,0
B,2777,4095,4095,0,255,255,0
B,2778,4095,4095,0,255,255,0
B,2779,4095,4095,0,255,255,0
B,2780,4095,4095,0,255,255,0
B,2781,4095,4095,0,255,255,0
B,2782,4095,4095,0,255,255,0
B,2783,4095,4095,0,255,255,0
B,2784,4095,4095,0,255,255,0
B,2785,4095,4095,0,255,255,0
B,2786,4095,4095,0,255,255,0
B,2787,4095,4095,0,255,255,0
B,2788,4095,4095,0,255,255,0
B,2789,4095,4095,0,255,255,0
B,2790,4095,4095,0,255,255,0
B,2791,4095,4095,0,255,255,0
B,2792,4095,4095,0,255,255,0
B,2793,4095,4095,0,255,255,0
B,2794,4095,4095,0,255,255,0
B,2795,4095,4095,0,255,255,0
B,2796,4095,4095,0,255,255,0
B,2797,4095,4095,0,255,255,0
B,2798,4095,4095,0,255,255,0
B,2799,4095,4095,0,255,255,0
B,2800,4095,4095,0,255,255,0
B,2801,4095,4095,0,255,255,0
B,2802,4095,4095,0,255,255,0
B,2803,4095,4095,0,255,255,0
B,2804,4095,4095,0,255,255,0
B,2805,4095,4095,0,255,255,0
B,2806,4095,4095,0,255,255,0
B,2807,4095,4095,0,255,255,0
B,2808,4095,4095,0,255,255,0
B,2809,4095,4095,0,255,255,0
B,2810,4095,4095,0,255,255,0
B,2811,4095,4095,0,255,255,0
B,2812,4095,4095,0,255,255,0
B,2813,4095,4095,0,255,255,0
B,2814,4095,4095,0,255,255,0
B,2815,4095,4095,0,255,255,0
B,2816,4095,4095,0,255,255,0
B,2817,4095,4095,0,255,255,0
B,2818,4095,4095,0,255,255,0
B,2819,4095,4095,0,255,255,0
B,2820,4095,4095,0,255,255,0
B,2821,4095,4095,0,255,255,0
B,2822,4095,4095,0,255,255,0
B,2823,4095,4095,0,255,255,0
B,2824,4095,4095,0,255,255,0
B,2825,4095,4095,0,255,255,0
B,2826,4095,4095,0,255,255,0
B,2827,4095,4095,0,255,255,0
B,2828,4095,4095,0,255,255,0
B,2829,4095,4095,0,255,255,0
B,2830,4095,4095,0,255,255,0
B,2831,4095,4095,0,255,255,0
B,2832,4095,4095,0,255,255,0
B,2833,4095,4095,0,255,255,0
B,2834,4095,4095,0,255,255,0
B,2835,4095,4095,0,255,255,0
B,2836,4095,4095,0,255,255,0
B,2837,4095,4095,0,255,255,0
B,2838,4095,4095,0,255,255,0
B,2839,4095,4095,0,255,255,0
B,2840,4095,4095,0,255,255,0
B,2841,4095,4095,0,255,255,0
B,2842,4095,4095,0,255,255,0
B,2843,4095,4095,0,255,255,0
B,2844,4095,4095,0,255,255,0
B,2845,4095,4095,0,255,255,0
B,2846,4095,4095,0,255,255,0
B,2847,4095,4095,0,255,255,0
B,2848,4095,4095,0,255,255,0
B,2849,4095,4095,0,255,255,0
B,2850,4095,4095,0,255,255,0
B,2851,4095,4095,0,255,255,0
B,2852,4095,4095,0,255,255,0
B,2853,4095,4095,0,255,255,0
B,2854,4095,4095,0,255,255,0
B,2855,4095,4095,0,255,255,0
B,2856,4095,4095,0,255,255,0
B,2857,4095,4095,0,255,255,0
B,2858,4095,4095,0,255,255,0
B,2859,4095,4095,0,255,255,0
B,2860,4095,4095,0,255,255,0
B,2861,4095,4095,0,255,255,0
B,2862,4095,4095,0,255,255,0
B,2863,4095,4095,0,255,255,0
B,2864,4095,4095,0,255,255,0
B,2865,4095,4095,0,255,255,0
B,2866,4095,4095,0,255,255,0
B,2867,4095,4095,0,255,255,0
B,2868,4095,4095,0,255,255,0
B,2869,4095,4095,0,255,255,0
B,2870,4095,4095,0,255,255,0
B,2871,4095,4095,0,255,255,0
B,2872,4095,4095,0,255,255,0
B,2873,4095,4095,0,255,255,0
B,2874,4095,4095,0,255,255,0
B,2875,4095,4095,0,255,255,0
B,2876,4095,4095,0,255,255,0
B,2877,4095,4095,0,255,255,0
B,2878,4095,4095,0,255,255,0
B,2879,4095,4095,0,255,255,0
B,2880,4095,4095,0,255,255,0
B,2881,4095,4095,0,255,255,0
B,2882,4095,4095,0,255,255,0
B,2883,4095,4095,0,255,255,0
B,2884,4095,4095,0,255,255,0
B,2885,4095,4095,0,255,255,0
B,2886,4095,4095,0,255,255,0
B,2887,4095,4095,0,255,255,0
B,2888,4095,4095,0,255,255,0
B,2889,4095,4095,0,255,255,0
B,2890,4095,4095,0,255,255,0
B,2891,4095,4095,0,255,255,0
B,2892,4095,4095,0,255,255,0
B,2893,4095,4095,0,255,255,0
B,2894,4095,4095,0,255,255,0
B,2895,4095,4095,0,255,255,0
B,2896,4095,4095,0,255,255,0
B,2897,4095,4095,0,255,255,0
B,2898,4095,4095,0,255,255,0
B,2899,4095,4095,0,255,255,0
B,2900,4095,4095,0,255,255,0
B,2901,4095,4095,0,255,255,0
B,2902,4095,4095,0,255,255,0
B,2903,4095,4095,0,255,255,0
B,2904,4095,4095,0,255,255,0
B,2905,4095,4095,0,255,255,0
B,2906,4095,4095,0,255,255,0
B,2907,4095,4095,0,255,255,0
B,2908,4095,4095,0,255,255,0
B,2909,4095,4095,0,255,255,0
B,2910,4095,4095,0,255,255,0
B,2911,4095,4095,0,255,255,0
B,2912,4095,4095,0,255,255,0
B,2913,4095,4095,0,255,255,0
B,2914,4095,4095,0,255,255,0
B,2915,4095,4095,0,255,255,0
B,2916,4095,4095,0,255,255,0
B,2917,4095,4095,0,255,255,0
B,2918,4095,4095,0,255,255,0
B,2919,4095,4095,0,255,255,0
B,2920,4095,4095,0,255,255,0
B,2921,4095,4095,0,255,255,0
B,2922,4095,4095,0,255,255,0
B,2923,4095,4095,0,255,255,0
B,2924,4095,4095,0,255,255,0
B,2925,4095,4095,0,255,255,0
B,2926,4095,4095,0,255,255,0
B,2927,4095,4095,0,255,255,0
B,2928,4095,4095,0,255,255,0
B,2929,4095,4095,0,255,255,0
B,2930,4095,4095,0,255,255,0
B,2931,4095,4095,0,255,255,0
B,2932,4095,4095,0,255,255,0
B,2933,4095,4095,0,255,255,0
B,2934,4095,4095,0,255,255,0
B,2935,4095,4095,0,255,255,0
B,2936,4095,4095,0,255,255,0
B,2937,4095,4095,0,255,255,0
B,2938,4095,4095,0,255,255,0
B,2939,4095,4095,0,255,255,0
B,2940,4095,4095,0,255,255,0
B,2941,4095,4095,0,255,255,0
B,2942,4095,4095,0,255,255,0
B,2943,4095,4095,0,255,255,0
B,2944,4095,4095,0,255,255,0
B,2945,4095,4095,0,255,255,0
B,2946,4095,4095,0,255,255,0
B,2947,4095,4095,0,255,255,0
B,2948,4095,4095,0,255,255,0
B,2949,4095,4095,0,255,255,0
B,2950,4095,4095,0,255,255,0
B,2951,4095,4095,0,255,255,0
B,2952,4095,4095,0,255,255,0
B,2953,4095,4095,0,255,255,0
B,2954,4095,4095,0,255,255,0
B,2955,4095,4095,0,255,255,0
B,2956,4095,4095,0,255,255,0
B,2957,4095,4095,0,255,255,0
B,2958,4095,4095,0,255,255,0
B,2959,4095,4095,0,255,255,0
B,2960,4095,4095,0,255,255,0
B,2961,4095,4095,0,255,255,0
B,2962,4095,4095,0,255,255,0
B,2963,4095,4095,0,255,255,0
B,2964,4095,4095,0,255,255,0
B,2965,4095,4095,0,255,255,0
B,2966,4095,4095,0,255,255,0
B,2967,4095,4095,0,255,255,0
B,2968,4095,4095,0,255,255,0
B,2969,4095,4095,0,255,255,0
B,2970,4095,4095,0,255,255,0
B,2971,4095,4095,0,255,255,0
B,2972,4095,4095,0,255,255,0
B,2973,4095,4095,0,255,255,0
B,2974,4095,4095,0,255,255,0
B,2975,4095,4095,0,255,255,0
B,2976,4095,4095,0,255,255,0
B,2977,4095,4095,0,255,255,0
B,2978,4095,4095,0,255,255,0
B,2979,4095,4095,0,255,255,0
B,2980,4095,4095,0,255,255,0
B,2981,4095,4095,0,255,255,0
B,2982,4095,4095,0,255,255,0
B,2983,4095,4095,0,255,255,0
B,2984,4095,4095,0,255,255,0
B,2985,4095,4095,0,255,255,0
B,2986,4095,4095,0,255,255,0
B,2987,4095,4095,0,255,255,0
B,2988,4095,4095,0,255,255,0
B,2989,4095,4095,0,255,255,0
B,2990,4095,4095,0,255,255,0
B,2991,4095,4095,0,255,255,0
B,2992,4095,4095,0,255,255,0
B,2993,4095,4095,0,255,255,0
B,2994,4095,4095,0,255,255,0
B,2995,4095,4095,0,255,255,0
B,2996,4095,4095,0,255,255,0
B,2997,4095,4095,0,255,255,0
B,2998,4095,4095,0,255,255,0
B,2999,4095,4095,0,255,255,0
B,3000,4095,4095,0,255,255,0
B,3001,4095,4095,0,255,255,0
B,3002,4095,4095,0,255,255,0
B,3003,4095,4095,0,255,255,0
B,3004,4095,4095,0,255,255,0
B,3005,4095,4095,0,255,255,0
B,3006,4095,4095,0,255,255,0
B,3007,4095,4095,0,255,255,0
B,3008,4095,4095,0,255,255,0
B,3009,4095,4095,0,255,255,0
B,3010,4095,4095,0,255,255,0
B,3011,4095,4095,0,255,255,0
B,3012,4095,4095,0,255,255,0
B,3013,4095,4095,0,255,255,0
B,3014,4095,4095,0,255,255,0
B,3015,4095,4095,0,255,255,0
B,3016,4095,4095,0,255,255,0
B,3017,4095,4095,0,255,255,0
B,3018,4095,4095,0,255,255,0
B,3019,4095,4095,0,255,255,0
B,3020,4095,4095,0,255,255,0
B,3021,4095,4095,0,255,255,0
B,3022,4095,4095,0,255,255,0
B,3023,4095,4095,0,255,255,0
B,3024,4095,4095,0,255,255,0
B,3025,4095,4095,0,255,255,0
B,3026,4095,4095,0,255,255,0
B,3027,4095,4095,0,255,255,0
B,3028,4095,4095,0,255,255,0
B,3029,4095,4095,0,255,255,0
B,3030,4095,4095,0,255,255,0
B,3031,4095,4095,0,255,255,0
B,3032,4095,4095,0,255,255,0
B,3033,4095,4095,0,255,255,0
B,3034,4095,4095,0,255,255,0
B,3035,4095,4095,0,255,255,0
B,3036,4095,4095,0,255,255,0
B,3037,4095,4095,0,255,255,0
B,3038,4095,4095,0,255,255,0
B,3039,4095,4095,0,255,255,0
B,3040,4095,4095,0,255,255,0
B,3041,4095,4095,0,255,255,0
B,3042,4095,4095,0,255,255,0
B,3043,4095,4095,0,255,255,0
B,3044,4095,4095,0,255,255,0
B,3045,4095,4095,0,255,255,0
B,3046,4095,4095,0,255,255,0
B,3047,4095,4095,0,255,255,0
B,3048,4095,4095,0,255,255,0
B,3049,4095,4095,0,255,255,0
B,3050,4095,4095,0,255,255,0
B,3051,4095,4095,0,255,255,0
B,3052,4095,4095,0,255,255,0
B,3053,4095,4095,0,255,255,0
B,3054,4095,4095,0,255,255,0
B,3055,4095,4095,0,255,255,0
B,3056,4095,4095,0,255,255,0
B,3057,4095,4095,0,255,255,0
B,3058,4095,4095,0,255,255,0
B,3059,4095,4095,0,255,255,0
B,3060,4095,4095,0,255,255,0
B,3061,4095,4095,0,255,255,0
B,3062,4095,4095,0,255,255,0
B,3063,4095,4095,0,255,255,0
B,3064,4095,4095,0,255,255,0
B,3065,4095,4095,0,255,255,0
B,3066,4095,4095,0,255,255,0
B,3067,4095,4095,0,255,255,0
B,3068,4095,4095,0,255,255,0
B,3069,4095,4095,0,255,255,0
B,3070,4095,4095,0,255,255,0
B,3071,4095,4095,0,255,255,0
B,3072,4095,4095,0,255,255,0
B,3073,4095,4095,0,255,255,0
B,3074,4095,4095,0,255,255,0
B,3075,4095,4095,0,255,255,0
B,3076,4095,4095,0,255,255,0
B,3077,4095,4095,0,255,255,0
B,3078,4095,4095,0,255,255,0
B,3079,4095,4095,0,255,255,0
B,3080,4095,4095,0,255,255,0
B,3081,4095,4095,0,255,255,0
B,3082,4095,4095,0,255,255,0
B,3083,4095,4095,0,255,255,0
B,3084,4095,4095,0,255,255,0
B,3085,4095,4095,0,255,255,0
B,3086,4095,4095,0,255,255,0
B,3087,4095,4095,0,255,255,0
B,3088,4095,4095,0,255,255,0
B,3089,4095,4095,0,255,255,0
B,3090,4095,4095,0,255,255,0
B,3091,4095,4095,0,255,255,0
B,3092,4095,4095,0,255,255,0
B,3093,4095,4095,0,255,255,0
B,3094,4095,4095,0,255,255,0
B,3095,4095,4095,0,255,255,0
B,3096,4095,4095,0,255,255,0
B,3097,4095,4095,0,255,255,0
B,3098,4095,4095,0,255,255,0
B,3099,4095,4095,0,255,255,0
B,3100,4095,4095,0,255,255,0
B,3101,4095,4095,0,255,255,0
B,3102,4095,4095,0,255,255,0
B,3103,4095,4095,0,255,255,0
B,3104,4095,4095,0,255,255,0
B,3105,4095,4095,0,255,255,0
B,3106,4095,4095,0,255,255,0
B,3107,4095,4095,0,255,255,0
B,3108,4095,4095,0,255,255,0
B,3109,4095,4095,0,255,255,0
B,3110,4095,4095,0,255,255,0
B,3111,4095,4095,0,255,255,0
B,3112,4095,4095,0,255,255,0
B,3113,4095,4095,0,255,255,0
B,3114,4095,4095,0,255,255,0
B,3115,4095,4095,0,255,255,0
B,3116,4095,4095,0,255,255,0
B,3117,4095,4095,0,255,255,0
B,3118,4095,4095,0,255,255,0
B,3119,4095,4095,0,255,255,0
B,3120,4095,4095,0,255,255,0
B,3121,4095,4095,0,255,255,0
B,3122,4095,4095,0,255,255,0
B,3123,4095,4095,0,255,255,0
B,3124,4095,4095,0,255,255,0
B,3125,4095,4095,0,255,255,0
B,3126,4095,4095,0,255,255,0
B,3127,4095,4095,0,255,255,0
B,3128,4095,4095,0,255,255,0
B,3129,4095,4095,0,255,255,0
B,3130,4095,4095,0,255,255,0
B,3131,4095,4095,0,255,255,0
B,3132,4095,4095,0,255,255,0
B,3133,4095,4095,0,255,255,0
B,3134,4095,4095,0,255,255,0
B,3135,4095,4095,0,255,255,0
B,3136,4095,4095,0,255,255,0
B,3137,4095,4095,0,255,255,0
B,3138,4095,4095,0,255,255,0
B,3139,4095,4095,0,255,255,0
B,3140,4095,4095,0,255,255,0
B,3141,4095,4095,0,255,255,0
B,3142,4095,4095,0,255,255,0
B,3143,4095,4095,0,255,255,0
B,3144,4095,4095,0,255,255,0
B,3145,4095,4095,0,255,255,0
B,3146,4095,4095,0,255,255,0
B,3147,4095,4095,0,255,255,0
B,3148,4095,4095,0,255,255,0
B,3149,4095,4095,0,255,255,0
B,3150,4095,4095,0,255,255,0
B,3151,4095,4095,0,255,255,0
B,3152,4095,4095,0,255,255,0
B,3153,4095,4095,0,255,255,0
B,3154,4095,4095,0,255,255,0
B,3155,4095,4095,0,255,255,0
B,3156,4095,4095,0,255,255,0
B,3157,4095,4095,0,255,255,0
B,3158,4095,4095,0,255,255,0
B,3159,4095,4095,0,255,255,0
B,3160,4095,4095,0,255,255,0
B,3161,4095,4095,0,255,255,0
B,3162,4095,4095,0,255,255,0
B,3163,4095,4095,0,255,255,0
B,3164,4095,4095,0,255,255,0
B,3165,4095,4095,0,255,255,0
B,3166,4095,4095,0,255,255,0
B,3167,4095,4095,0,255,255,0
B,3168,4095,4095,0,255,255,0
B,3169,4095,4095,0,255,255,0
B,3170,4095,4095,0,255,255,0
B,3171,4095,4095,0,255,255,0
B,3172,4095,4095,0,255,255,0
B,3173,4095,4095,0,255,255,0
B,3174,4095,4095,0,255,255,0
B,3175,4095,4095,0,255,255,0
B,3176,4095,4095,0,255,255,0
B,3177,4095,4095,0,255,255,0
B,3178,4095,4095,0,255,255,0
B,3179,4095,4095,0,255,255,0
B,3180,4095,4095,0,255,255,0
B,3181,4095,4095,0,255,255,0
B,3182,4095,4095,0,255,255,0
B,3183,4095,4095,0,255,255,0
B,3184,4095,4095,0,255,255,0
B,3185,4095,4095,0,255,255,0
B,3186,4095,4095,0,255,255,0
B,3187,4095,4095,0,255,255,0
B,3188,4095,4095,0,255,255,0
B,3189,4095,4095,0,255,255,0
B,3190,4095,4095,0,255,255,0
B,3191,4095,4095,0,255,255,0
B,3192,4095,4095,0,255,255,0
B,3193,4095,4095,0,255,255,0
B,3194,4095,4095,0,255,255,0
B,3195,4095,4095,0,255,255,0
B,3196,4095,4095,0,255,255,0
B,3197,4095,4095,0,255,255,0
B,3198,4095,4095,0,255,255,0
B,3199,4095,4095,0,255,255,0
B,3200,4095,4095,0,255,255,0
B,3201,4095,4095,0,255,255,0
B,3202,4095,4095,0,255,255,0
B,3203,4095,4095,0,255,255,0
B,3204,4095,4095,0,255,255,0
B,3205,4095,4095,0,255,255,0
B,3206,4095,4095,0,255,255,0
B,3207,4095,4095,0,255,255,0
B,3208,4095,4095,0,255,255,0
B,3209,4095,4095,0,255,255,0
B,3210,4095,4095,0,255,255,0
B,3211,4095,4095,0,255,255,0
B,3212,4095,4095,0,255,255,0
B,3213,4095,4095,0,255,255,0
B,3214,4095,4095,0,255,255,0
B,3215,4095,4095,0,255,255,0
B,3216,4095,4095,0,255,255,0
B,3217,4095,4095,0,255,255,0
B,3218,4095,4095,0,255,255,0
B,3219,4095,4095,0,255,255,0
B,3220,4095,4095,0,255,255,0
B,3221,4095,4095,0,255,255,0
B,3222,4095,4095,0,255,255,0
B,3223,4095,4095,0,255,255,0
B,3224,4095,4095,0,255,255,0
B,3225,4095,4095,0,255,255,0
B,3226,4095,4095,0,255,255,0
B,3227,4095,4095,0,255,255,0
B,3228,4095,4095,0,255,255,0
B,3229,4095,4095,0,255,255,0
B,3230,4095,4095,0,255,255,0
B,3231,4095,4095,0,255,255,0
B,3232,4095,4095,0,255,255,0
B,3233,4095,4095,0,255,255,0
B,3234,4095,4095,0,255,255,0
B,3235,4095,4095,0,255,255,0
B,3236,4095,4095,0,255,255,0
B,3237,4095,4095,0,255,255,0
B,3238,4095,4095,0,255,255,0
B,3239,4095,4095,0,255,255,0
B,3240,4095,4095,0,255,255,0
B,3241,4095,4095,0,255,255,0
B,3242,4095,4095,0,255,255,0
B,3243,4095,4095,0,255,255,0
B,3244,4095,4095,0,255,255,0
B,3245,4095,4095,0,255,255,0
B,3246,4095,4095,0,255,255,0
B,3247,4095,4095,0,255,255,0
B,3248,4095,4095,0,255,255,0
B,3249,4095,4095,0,255,255,0
B,3250,4095,4095,0,255,255,0
B,3251,4095,4095,0,255,255,0
B,3252,4095,4095,0,255,255,0
B,3253,4095,4095,0,255,255,0
B,3254,4095,4095,0,255,255,0
B,3255,4095,4095,0,255,255,0
B,3256,4095,4095,0,255,255,0
B,3257,4095,4095,0,255,255,0
B,3258,4095,4095,0,255,255,0
B,3259,4095,4095,0,255,255,0
B,3260,4095,4095,0,255,255,0
B,3261,4095,4095,0,255,255,0
B,3262,4095,4095,0,255,255,0
B,3263,4095,4095,0,255,255,0
B,3264,4095,4095,0,255,255,0
B,3265,4095,4095,0,255,255,0
B,3266,4095,4095,0,255,255,0
B,3267,4095,4095,0,255,255,0
B,3268,4095,4095,0,255,255,0
B,3269,4095,4095,0,255,255,0
B,3270,4095,4095,0,255,255,0
B,3271,4095,4095,0,255,255,0
B,3272,4095,4095,0,255,255,0
B,3273,4095,4095,0,255,255,0
B,3274,4095,4095,0,255,255,0
B,3275,4095,4095,0,255,255,0
B,3276,4095,4095,0,255,255,0
B,3277,4095,4095,0,255,255,0
B,3278,4095,4095,0,255,255,0
B,3279,4095,4095,0,255,255,0
B,3280,4095,4095,0,255,255,0
B,3281,4095,4095,0,255,255,0
B,3282,4095,4095,0,255,255,0
B,3283,4095,4095,0,255,255,0
B,3284,4095,4095,0,255,255,0
B,3285,4095,4095,0,255,255,0
B,3286,4095,4095,0,255,255,0
B,3287,4095,4095,0,255,255,0
B,3288,4095,4095,0,255,255,0
B,3289,4095,4095,0,255,255,0
B,3290,4095,4095,0,255,255,0
B,3291,4095,4095,0,255,255,0
B,3292,4095,4095,0,255,255,0
B,3293,4095,4095,0,255,255,0
B,3294,4095,4095,0,255,255,0
B,3295,4095,4095,0,255,255,0
B,3296,4095,4095,0,255,255,0
B,3297,4095,4095,0,255,255,0
B,3298,4095,4095,0,255,255,0
B,3299,4095,4095,0,255,255,0
B,3300,4095,4095,0,255,255,0
B,3301,4095,4095,0,255,255,0
B,3302,4095,4095,0,255,255,0
B,3303,4095,4095,0,255,255,0
B,3304,4095,4095,0,255,255,0
B,3305,4095,4095,0,255,255,0
B,3306,4095,4095,0,255,255,0
B,3307,4095,4095,0,255,255,0
B,3308,4095,4095,0,255,255,0
B,3309,4095,4095,0,255,255,0
B,3310,4095,4095,0,255,255,0
B,3311,4095,4095,0,255,255,0
B,3312,4095,4095,0,255,255,0
B,3313,4095,4095,0,255,255,0
B,3314,4095,4095,0,255,255,0
B,3315,4095,4095,0,255,255,0
B,3316,4095,4095,0,255,255,0
B,3317,4095,4095,0,255,255,0
B,3318,4095,4095,0,255,255,0
B,3319,4095,4095,0,255,255,0
B,3320,4095,4095,0,255,255,0
B,3321,4095,4095,0,255,255,0
B,3322,4095,4095,0,255,255,0
B,3323,4095,4095,0,255,255,0
B,3324,4095,4095,0,255,255,0
B,3325,4095,4095,0,255,255,0
B,3326,4095,4095,0,255,255,0
B,3327,4095,4095,0,255,255,0
B,3328,4095,4095,0,255,255,0
B,3329,4095,4095,0,255,255,0
B,3330,4095,4095,0,255,255,0
B,3331,4095,4095,0,255,255,0
B,3332,4095,4095,0,255,255,0
B,3333,4095,4095,0,255,255,0
B,3334,4095,4095,0,255,255,0
B,3335,4095,4095,0,255,255,0
B,3336,4095,4095,0,255,255,0
B,3337,4095,4095,0,255,255,0
B,3338,4095,4095,0,255,255,0
B,3339,4095,4095,0,255,255,0
B,3340,4095,4095,0,255,255,0
B,3341,4095,4095,0,255,255,0
B,3342,4095,4095,0,255,255,0
B,3343,4095,4095,0,255,255,0
B,3344,4095,4095,0,255,255,0
B,3345,4095,4095,0,255,255,0
B,3346,4095,4095,0,255,255,0
B,3347,4095,4095,0,255,255,0
B,3348,4095,4095,0,255,255,0
B,3349,4095,4095,0,255,255,0
B,3350,4095,4095,0,255,255,0
B,3351,4095,4095,0,255,255,0
B,3352,4095,4095,0,255,255,0
B,3353,4095,4095,0,255,255,0
B,3354,4095,4095,0,255,255,0
B,3355,4095,4095,0,255,255,0
B,3356,4095,4095,0,255,255,0
B,3357,4095,4095,0,255,255,0
B,3358,4095,4095,0,255,255,0
B,3359,4095,4095,0,255,255,0
B,3360,4095,4095,0,255,255,0
B,3361,4095,4095,0,255,255,0
B,3362,4095,4095,0,255,255,0
B,3363,4095,4095,0,255,255,0
B,3364,4095,4095,0,255,255,0
B,3365,4095,4095,0,255,255,0
B,3366,4095,4095,0,255,255,0
B,3367,4095,4095,0,255,255,0
B,3368,4095,4095,0,255,255,0
B,3369,4095,4095,0,255,255,0
B,3370,4095,4095,0,255,255,0
B,3371,4095,4095,0,255,255,0
B,3372,4095,4095,0,255,255,0
B,3373,4095,4095,0,255,255,0
B,3374,4095,4095,0,255,255,0
B,3375,4095,4095,0,255,255,0
B,3376,4095,4095,0,255,255,0
B,3377,4095,4095,0,255,255,0
B,3378,4095,4095,0,255,255,0
B,3379,4095,4095,0,255,255,0
B,3380,4095,4095,0,255,255,0
B,3381,4095,4095,0,255,255,0
B,3382,4095,4095,0,255,255,0
B,3383,4095,4095,0,255,255,0
B,3384,4095,4095,0,255,255,0
B,3385,4095,4095,0,255,255,0
B,3386,4095,4095,0,255,255,0
B,3387,4095,4095,0,255,255,0
B,3388,4095,4095,0,255,255,0
B,3389,4095,4095,0,255,255,0
B,3390,4095,4095,0,255,255,0
B,3391,4095,4095,0,255,255,0
B,3392,4095,4095,0,255,255,0
B,3393,4095,4095,0,255,255,0
B,3394,4095,4095,0,255,255,0
B,3395,4095,4095,0,255,255,0
B,3396,4095,4095,0,255,255,0
B,3397,4095,4095,0,255,255,0
B,3398,4095,4095,0,255,255,0
B,3399,4095,4095,0,255,255,0
B,3400,4095,4095,0,255,255,0
B,3401,4095,4095,0,255,255,0
B,3402,4095,4095,0,255,255,0
B,3403,4095,4095,0,255,255,0
B,3404,4095,4095,0,255,255,0
B,3405,4095,4095,0,255,255,0
B,3406,4095,4095,0,255,255,0
B,3407,4095,4095,0,255,255,0
B,3408,4095,4095,0,255,255,0
B,3409,4095,4095,0,255,255,0
B,3410,4095,4095,0,255,255,0
B,3411,4095,4095,0,255,255,0
B,3412,4095,4095,0,255,255,0
B,3413,4095,4095,0,255,255,0
B,3414,4095,4095,0,255,255,0
B,3415,4095,4095,0,255,255,0
B,3416,4095,4095,0,255,255,0
B,3417,4095,4095,0,255,255,0
B,3418,4095,4095,0,255,255,0
B,3419,4095,4095,0,255,255,0
B,3420,4095,4095,0,255,255,0
B,3421,4095,4095,0,255,255,0
B,3422,4095,4095,0,255,255,0
B,3423,4095,4095,0,255,255,0
B,3424,4095,4095,0,255,255,0
B,3425,4095,4095,0,255,255,0
B,3426,4095,4095,0,255,255,0
B,3427,4095,4095,0,255,255,0
B,3428,4095,4095,0,255,255,0
B,3429,4095,4095,0,255,255,0
B,3430,4095,4095,0,255,255,0
B,3431,4095,4095,0,255,255,0
B,3432,4095,4095,0,255,255,0
B,3433,4095,4095,0,255,255,0
B,3434,4095,4095,0,255,255,0
B,3435,4095,4095,0,255,255,0
B,3436,4095,4095,0,255,255,0
B,3437,4095,4095,0,255,255,0
B,3438,4095,4095,0,255,255,0
B,3439,4095,4095,0,255,255,0
B,3440,4095,4095,0,255,255,0
B,3441,4095,4095,0,255,255,0
B,3442,4095,4095,0,255,255,0
B,3443,4095,4095,0,255,255,0
B,3444,4095,4095,0,255,255,0
B,3445,4095,4095,0,255,255,0
B,3446,4095,4095,0,255,255,0
B,3447,4095,4095,0,255,255,0
B,3448,4095,4095,0,255,255,0
B,3449,4095,4095,0,255,255,0
B,3450,4095,4095,0,255,255,0
B,3451,4095,4095,0,255,255,0
B,3452,4095,4095,0,255,255,0
B,3453,4095,4095,0,255,255,0
B,3454,4095,4095,0,255,255,0
B,3455,4095,4095,0,255,255,0
B,3456,4095,4095,0,255,255,0
B,3457,4095,4095,0,255,255,0
B,3458,4095,4095,0,255,255,0
B,3459,4095,4095,0,255,255,0
B,3460,4095,4095,0,255,255,0
B,3461,4095,4095,0,255,255,0
B,3462,4095,4095,0,255,255,0
B,3463,4095,4095,0,255,255,0
B,3464,4095,4095,0,255,255,0
B,3465,4095,4095,0,255,255,0
B,3466,4095,4095,0,255,255,0
B,3467,4095,4095,0,255,255,0
B,3468,4095,4095,0,255,255,0
B,3469,4095,4095,0,255,255,0
B,3470,4095,4095,0,255,255,0
B,3471,4095,4095,0,255,255,0
B,3472,4095,4095,0,255,255,0
B,3473,4095,4095,0,255,255,0
B,3474,4095,4095,0,255,255,0
B,3475,4095,4095,0,255,255,0
B,3476,4095,4095,0,255,255,0
B,3477,4095,4095,0,255,255,0
B,3478,4095,4095,0,255,255,0
B,3479,4095,4095,0,255,255,0
B,3480,4095,4095,0,255,255,0
B,3481,4095,4095,0,255,255,0
B,3482,4095,4095,0,255,255,0
B,3483,4095,4095,0,255,255,0
B,3484,4095,4095,0,255,255,0
B,3485,4095,4095,0,255,255,0
B,3486,4095,4095,0,255,255,0
B,3487,4095,4095,0,255,255,0
B,3488,4095,4095,0,255,255,0
B,3489,4095,4095,0,255,255,0
B,3490,4095,4095,0,255,255,0
B,3491,4095,4095,0,255,255,0
B,3492,4095,4095,0,255,255,0
B,3493,4095,4095,0,255,255,0
B,3494,4095,4095,0,255,255,0
B,3495,4095,4095,0,255,255,0
B,3496,4095,4095,0,255,255,0
B,3497,4095,4095,0,255,255,0
B,3498,4095,4095,0,255,255,0
B,3499,4095,4095,0,255,255,0
B,3500,4095,4095,0,255,255,0
B,3501,4095,4095,0,255,255,0
B,3502,4095,4095,0,255,255,0
B,3503,4095,4095,0,255,255,0
B,3504,4095,4095,0,255,255,0
B,3505,4095,4095,0,255,255,0
B,3506,4095,4095,0,255,255,0
B,3507,4095,4095,0,255,255,0
B,3508,4095,4095,0,255,255,0
B,3509,4095,4095,0,255,255,0
B,3510,4095,4095,0,255,255,0
B,3511,4095,4095,0,255,255,0
B,3512,4095,4095,0,255,255,0
B,3513,4095,4095,0,255,255,0
B,3514,4095,4095,0,255,255,0
B,3515,4095,4095,0,255,255,0
B,3516,4095,4095,0,255,255,0
B,3517,4095,4095,0,255,255,0
B,3518,4095,4095,0,255,255,0
B,3519,4095,4095,0,255,255,0
B,3520,4095,4095,0,255,255,0
B,3521,4095,4095,0,255,255,0
B,3522,4095,4095,0,255,255,0
B,3523,4095,4095,0,255,255,0
B,3524,4095,4095,0,255,255,0
B,3525,4095,4095,0,255,255,0
B,3526,4095,4095,0,255,255,0
B,3527,4095,4095,0,255,255,0
B,3528,4095,4095,0,255,255,0
B,3529,4095,4095,0,255,255,0
B,3530,4095,4095,0,255,255,0
B,3531,4095,4095,0,255,255,0
B,3532,4095,4095,0,255,255,0
B,3533,4095,4095,0,255,255,0
B,3534,4095,4095,0,255,255,0
B,3535,4095,4095,0,255,255,0
B,3536,4095,4095,0,255,255,0
B,3537,4095,4095,0,255,255,0
B,3538,4095,4095,0,255,255,0
B,3539,4095,4095,0,255,255,0
B,3540,4095,4095,0,255,255,0
B,3541,4095,4095,0,255,255,0
B,3542,4095,4095,0,255,255,0
B,3543,4095,4095,0,255,255,0
B,3544,4095,4095,0,255,255,0
B,3545,4095,4095,0,255,255,0
B,3546,4095,4095,0,255,255,0
B,3547,4095,4095,0,255,255,0
B,3548,4095,4095,0,255,255,0
B,3549,4095,4095,0,255,255,0
B,3550,4095,4095,0,255,255,0
B,3551,4095,4095,0,255,255,0
B,3552,4095,4095,0,255,255,0
B,3553,4095,4095,0,255,255,0
B,3554,4095,4095,0,255,255,0
B,3555,4095,4095,0,255,255,0
B,3556,4095,4095,0,255,255,0
B,3557,4095,4095,0,255,255,0
B,3558,4095,4095,0,255,255,0
B,3559,4095,4095,0,255,255,0
B,3560,4095,4095,0,255,255,0
B,3561,4095,4095,0,255,255,0
B,3562,4095,4095,0,255,255,0
B,3563,4095,4095,0,255,255,0
B,3564,4095,4095,0,255,255,0
B,3565,4095,4095,0,255,255,0
B,3566,4095,4095,0,255,255,0
B,3567,4095,4095,0,255,255,0
B,3568,4095,4095,0,255,255,0
B,3569,4095,4095,0,255,255,0
B,3570,4095,4095,0,255,255,0
B,3571,4095,4095,0,255,255,0
B,3572,4095,4095,0,255,255,0
B,3573,4095,4095,0,255,255,0
B,3574,4095,4095,0,255,255,0
B,3575,4095,4095,0,255,255,0
B,3576,4095,4095,0,255,255,0
B,3577,4095,4095,0,255,255,0
B,3578,4095,4095,0,255,255,0
B,3579,4095,4095,0,255,255,0
B,3580,4095,4095,0,255,255,0
B,3581,4095,4095,0,255,255,0
B,3582,4095,4095,0,255,255,0
B,3583,4095,4095,0,255,255,0
B,3584,4095,4095,0,255,255,0
B,3585,4095,4095,0,255,255,0
B,3586,4095,4095,0,255,255,0
B,3587,4095,4095,0,255,255,0
B,3588,4095,4095,0,255,255,0
B,3589,4095,4095,0,255,255,0
B,3590,4095,4095,0,255,255,0
B,3591,4095,4095,0,255,255,0
B,3592,4095,4095,0,255,255,0
B,3593,4095,4095,0,255,255,0
B,3594,4095,4095,0,255,255,0
B,3595,4095,4095,0,255,255,0
B,3596,4095,4095,0,255,255,0
B,3597,4095,4095,0,255,255,0
B,3598,4095,4095,0,255,255,0
B,3599,4095,4095,0,255,255,0
B,3600,4095,4095,0,255,255,0
B,3601,4095,4095,0,255,255,0
B,3602,4095,4095,0,255,255,0
B,3603,4095,4095,0,255,255,0
B,3604,4095,4095,0,255,255,0
B,3605,4095,4095,0,255,255,0
B,3606,4095,4095,0,255,255,0
B,3607,4095,4095,0,255,255,0
B,3608,4095,4095,0,255,255,0
B,3609,4095,4095,0,255,255,0
B,3610,4095,4095,0,255,255,0
B,3611,4095,4095,0,255,255,0
B,3612,4095,4095,0,255,255,0
B,3613,4095,4095,0,255,255,0
B,3614,4095,4095,0,255,255,0
B,3615,4095,4095,0,255,255,0
B,3616,4095,4095,0,255,255,0
B,3617,4095,4095,0,255,255,0
B,3618,4095,4095,0,255,255,0
B,3619,4095,4095,0,255,255,0
B,3620,4095,4095,0,255,255,0
B,3621,4095,4095,0,255,255,0
B,3622,4095,4095,0,255,255,0
B,3623,4095,4095,0,255,255,0
B,3624,4095,4095,0,255,255,0
B,3625,4095,4095,0,255,255,0
B,3626,4095,4095,0,255,255,0
B,3627,4095,4095,0,255,255,0
B,3628,4095,4095,0,255,255,0
B,3629,4095,4095,0,255,255,0
B,3630,4095,4095,0,255,255,0
B,3631,4095,4095,0,255,255,0
B,3632,4095,4095,0,255,255,0
B,3633,4095,4095,0,255,255,0
B,3634,4095,4095,0,255,255,0
B,3635,4095,4095,0,255,255,0
B,3636,4095,4095,0,255,255,0
B,3637,4095,4095,0,255,255,0
B,3638,4095,4095,0,255,255,0
B,3639,4095,4095,0,255,255,0
B,3640,4095,4095,0,255,255,0
B,3641,4095,4095,0,255,255,0
B,3642,4095,4095,0,255,255,0
B,3643,4095,4095,0,255,255,0
B,3644,4095,4095,0,255,255,0
B,3645,4095,4095,0,255,255,0
B,3646,4095,4095,0,255,255,0
B,3647,4095,4095,0,255,255,0
B,3648,4095,4095,0,255,255,0
B,3649,4095,4095,0,255,255,0
B,3650,4095,4095,0,255,255,0
B,3651,4095,4095,0,255,255,0
B,3652,4095,4095,0,255,255,0
B,3653,4095,4095,0,255,255,0
B,3654,4095,4095,0,255,255,0
B,3655,4095,4095,0,255,255,0
B,3656,4095,4095,0,255,255,0
B,3657,4095,4095,0,255,255,0
B,3658,4095,4095,0,255,255,0
B,3659,4095,4095,0,255,255,0
B,3660,4095,4095,0,255,255,0
B,3661,4095,4095,0,255,255,0
B,3662,4095,4095,0,255,255,0
B,3663,4095,4095,0,255,255,0
B,3664,4095,4095,0,255,255,0
B,3665,4095,4095,0,255,255,0
B,3666,4095,4095,0,255,255,0
B,3667,4095,4095,0,255,255,0
B,3668,4095,4095,0,255,255,0
B,3669,4095,4095,0,255,255,0
B,3670,4095,4095,0,255,255,0
B,3671,4095,4095,0,255,255,0
B,3672,4095,4095,0,255,255,0
B,3673,4095,4095,0,255,255,0
B,3674,4095,4095,0,255,255,0
B,3675,4095,4095,0,255,255,0
B,3676,4095,4095,0,255,255,0
B,3677,4095,4095,0,255,255,0
B,3678,4095,4095,0,255,255,0
B,3679,4095,4095,0,255,255,0
B,3680,4095,4095,0,255,255,0
B,3681,4095,4095,0,255,255,0
B,3682,4095,4095,0,255,255,0
B,3683,4095,4095,0,255,255,0
B,3684,4095,4095,0,255,255,0
B,3685,4095,4095,0,255,255,0
B,3686,4095,4095,0,255,255,0
B,3687,4095,4095,0,255,255,0
B,3688,4095,4095,0,255,255,0
B,3689,4095,4095,0,255,255,0
B,3690,4095,4095,0,255,255,0
B,3691,4095,4095,0,255,255,0
B,3692,4095,4095,0,255,255,0
B,3693,4095,4095,0,255,255,0
B,3694,4095,4095,0,255,255,0
B,3695,4095,4095,0,255,255,0
B,3696,4095,4095,0,255,255,0
B,3697,4095,4095,0,255,255,0
B,3698,4095,4095,0,255,255,0
B,3699,4095,4095,0,255,255,0
B,3700,4095,4095,0,255,255,0
B,3701,4095,4095,0,255,255,0
B,3702,4095,4095,0,255,255,0
B,3703,4095,4095,0,255,255,0
B,3704,4095,4095,0,255,255,0
B,3705,4095,4095,0,255,255,0
B,3706,4095,4095,0,255,255,0
B,3707,4095,4095,0,255,255,0
B,3708,4095,4095,0,255,255,0
B,3709,4095,4095,0,255,255,0
B,3710,4095,4095,0,255,255,0
B,3711,4095,4095,0,255,255,0
B,3712,4095,4095,0,255,255,0
B,3713,4095,4095,0,255,255,0
B,3714,4095,4095,0,255,255,0
B,3715,4095,4095,0,255,255,0
B,3716,4095,4095,0,255,255,0
B,3717,4095,4095,0,255,255,0
B,3718,4095,4095,0,255,255,0
B,3719,4095,4095,0,255,255,0
B,3720,4095,4095,0,255,255,0
B,3721,4095,4095,0,255,255,0
B,3722,4095,4095,0,255,255,0
B,3723,4095,4095,0,255,255,0
B,3724,4095,4095,0,255,255,0
B,3725,4095,4095,0,255,255,0
B,3726,4095,4095,0,255,255,0
B,3727,4095,4095,0,255,255,0
B,3728,4095,4095,0,255,255,0
B,3729,4095,4095,0,255,255,0
B,3730,4095,4095,0,255,255,0
B,3731,4095,4095,0,255,255,0
B,3732,4095,4095,0,255,255,0
B,3733,4095,4095,0,255,255,0
B,3734,4095,4095,0,255,255,0
B,3735,4095,4095,0,255,255,0
B,3736,4095,4095,0,255,255,0
B,3737,4095,4095,0,255,255,0
B,3738,4095,4095,0,255,255,0
B,3739,4095,4095,0,255,255,0
B,3740,4095,4095,0,255,255,0
B,3741,4095,4095,0,255,255,0
B,3742,4095,4095,0,255,255,0
B,3743,4095,4095,0,255,255,0
B,3744,4095,4095,0,255,255,0
B,3745,4095,4095,0,255,255,0
B,3746,4095,4095,0,255,255,0
B,3747,4095,4095,0,255,255,0
B,3748,4095,4095,0,255,255,0
B,3749,4095,4095,0,255,255,0
B,3750,4095,4095,0,255,255,0
B,3751,4095,4095,0,255,255,0
B,3752,4095,4095,0,255,255,0
B,3753,4095,4095,0,255,255,0
B,3754,4095,4095,0,255,255,0
B,3755,4095,4095,0,255,255,0
B,3756,4095,4095,0,255,255,0
B,3757,4095,4095,0,255,255,0
B,3758,4095,4095,0,255,255,0
B,3759,4095,4095,0,255,255,0
B,3760,4095,4095,0,255,255,0
B,3761,4095,4095,0,255,255,0
B,3762,4095,4095,0,255,255,0
B,3763,4095,4095,0,255,255,0
B,3764,4095,4095,0,255,255,0
B,3765,4095,4095,0,255,255,0
B,3766,4095,4095,0,255,255,0
B,3767,4095,4095,0,255,255,0
B,3768,4095,4095,0,255,255,0
B,3769,4095,4095,0,255,255,0
B,3770,4095,4095,0,255,255,0
B,3771,4095,4095,0,255,255,0
B,3772,4095,4095,0,255,255,0
B,3773,4095,4095,0,255,255,0
B,3774,4095,4095,0,255,255,0
B,3775,4095,4095,0,255,255,0
B,3776,4095,4095,0,255,255,0
B,3777,4095,4095,0,255,255,0
B,3778,4095,4095,0,255,255,0
B,3779,4095,4095,0,255,255,0
B,3780,4095,4095,0,255,255,0
B,3781,4095,4095,0,255,255,0
B,3782,4095,4095,0,255,255,0
B,3783,4095,4095,0,255,255,0
B,3784,4095,4095,0,255,255,0
B,3785,4095,4095,0,255,255,0
B,3786,4095,4095,0,255,255,0
B,3787,4095,4095,0,255,255,0
B,3788,4095,4095,0,255,255,0
B,3789,4095,4095,0,255,255,0
B,3790,4095,4095,0,255,255,0
B,3791,4095,4095,0,255,255,0
B,3792,4095,4095,0,255,255,0
B,3793,4095,4095,0,255,255,0
B,3794,4095,4095,0,255,255,0
B,3795,4095,4095,0,255,255,0
B,3796,4095,4095,0,255,255,0
B,3797,4095,4095,0,255,255,0
B,3798,4095,4095,0,255,255,0
B,3799,4095,4095,0,255,255,0
B,3800,4095,4095,0,255,255,0
B,3801,4095,4095,0,255,255,0
B,3802,4095,4095,0,255,255,0
B,3803,4095,4095,0,255,255,0
B,3804,4095,4095,0,255,255,0
B,3805,4095,4095,0,255,255,0
B,3806,4095,4095,0,255,255,0
B,3807,4095,4095,0,255,255,0
B,3808,4095,4095,0,255,255,0
B,3809,4095,4095,0,255,255,0
B,3810,4095,4095,0,255,255,0
B,3811,4095,4095,0,255,255,0
B,3812,4095,4095,0,255,255,0
B,3813,4095,4095,0,255,255,0
B,3814,4095,4095,0,255,255,0
B,3815,4095,4095,0,255,255,0
B,3816,4095,4095,0,255,255,0
B,3817,4095,4095,0,255,255,0
B,3818,4095,4095,0,255,255,0
B,3819,4095,4095,0,255,255,0
B,3820,4095,4095,0,255,255,0
B,3821,4095,4095,0,255,255,0
B,3822,4095,4095,0,255,255,0
B,3823,4095,4095,0,255,255,0
B,3824,4095,4095,0,255,255,0
B,3825,4095,4095,0,255,255,0
B,3826,4095,4095,0,255,255,0
B,3827,4095,4095,0,255,255,0
B,3828,4095,4095,0,255,255,0
B,3829,4095,4095,0,255,255,0
B,3830,4095,4095,0,255,255,0
B,3831,4095,4095,0,255,255,0
B,3832,4095,4095,0,255,255,0
B,3833,4095,4095,0,255,255,0
B,3834,4095,4095,0,255,255,0
B,3835,4095,4095,0,255,255,0
B,3836,4095,4095,0,255,255,0
B,3837,4095,4095,0,255,255,0
B,3838,4095,4095,0,255,255,0
B,3839,4095,4095,0,255,255,0
B,3840,4095,4095,0,255,255,0
B,3841,4095,4095,0,255,255,0
B,3842,4095,4095,0,255,255,0
B,3843,4095,4095,0,255,255,0
B,3844,4095,4095,0,255,255,0
B,3845,4095,4095,0,255,255,0
B,3846,4095,4095,0,255,255,0
B,3847,4095,4095,0,255,255,0
B,3848,4095,4095,0,255,255,0
B,3849,4095,4095,0,255,255,0
B,3850,4095,4095,0,255,255,0
B,3851,4095,4095,0,255,255,0
B,3852,4095,4095,0,255,255,0
B,3853,4095,4095,0,255,255,0
B,3854,4095,4095,0,255,255,0
B,3855,4095,4095,0,255,255,0
B,3856,4095,4095,0,255,255,0
B,3857,4095,4095,0,255,255,0
B,3858,4095,4095,0,255,255,0
B,3859,4095,4095,0,255,255,0
B,3860,4095,4095,0,255,255,0
B,3861,4095,4095,0,255,255,0
B,3862,4095,4095,0,255,255,0
B,3863,4095,4095,0,255,255,0
B,3864,4095,4095,0,255,255,0
B,3865,4095,4095,0,255,255,0
B,3866,4095,4095,0,255,255,0
B,3867,4095,4095,0,255,255,0
B,3868,4095,4095,0,255,255,0
B,3869,4095,4095,0,255,255,0
B,3870,4095,4095,0,255,255,0
B,3871,4095,4095,0,255,255,0
B,3872,4095,4095,0,255,255,0
B,3873,4095,4095,0,255,255,0
B,3874,4095,4095,0,255,255,0
B,3875,4095,4095,0,255,255,0
B,3876,4095,4095,0,255,255,0
B,3877,4095,4095,0,255,255,0
B,3878,4095,4095,0,255,255,0
B,3879,4095,4095,0,255,255,0
B,3880,4095,4095,0,255,255,0
B,3881,4095,4095,0,255,255,0
B,3882,4095,4095,0,255,255,0
B,3883,4095,4095,0,255,255,0
B,3884,4095,4095,0,255,255,0
B,3885,4095,4095,0,255,255,0
B,3886,4095,4095,0,255,255,0
B,3887,4095,4095,0,255,255,0
B,3888,4095,4095,0,255,255,0
B,3889,4095,4095,0,255,255,0
B,3890,4095,4095,0,255,255,0
B,3891,4095,4095,0,255,255,0
B,3892,4095,4095,0,255,255,0
B,3893,4095,4095,0,255,255,0
B,3894,4095,4095,0,255,255,0
B,3895,4095,4095,0,255,255,0
B,3896,4095,4095,0,255,255,0
B,3897,4095,4095,0,255,255,0
B,3898,4095,4095,0,255,255,0
B,3899,4095,4095,0,255,255,0
B,3900,4095,4095,0,255,255,0
B,3901,4095,4095,0,255,255,0
B,3902,4095,4095,0,255,255,0
B,3903,4095,4095,0,255,255,0
B,3904,4095,4095,0,255,255,0
B,3905,4095,4095,0,255,255,0
B,3906,4095,4095,0,255,255,0
B,3907,4095,4095,0,255,255,0
B,3908,4095,4095,0,255,255,0
B,3909,4095,4095,0,255,255,0
B,3910,4095,4095,0,255,255,0
B,3911,4095,4095,0,255,255,0
B,3912,4095,4095,0,255,255,0
B,3913,4095,4095,0,255,255,0
B,3914,4095,4095,0,255,255,0
B,3915,4095,4095,0,255,255,0
B,3916,4095,4095,0,255,255,0
B,3917,4095,4095,0,255,255,0
B,3918,4095,4095,0,255,255,0
B,3919,4095,4095,0,255,255,0
B,3920,4095,4095,0,255,255,0
B,3921,4095,4095,0,255,255,0
B,3922,4095,4095,0,255,255,0
B,3923,4095,4095,0,255,255,0
B,3924,4095,4095,0,255,255,0
B,3925,4095,4095,0,255,255,0
B,3926,4095,4095,0,255,255,0
B,3927,4095,4095,0,255,255,0
B,3928,4095,4095,0,255,255,0
B,3929,4095,4095,0,255,255,0
B,3930,4095,4095,0,255,255,0
B,3931,4095,4095,0,255,255,0
B,3932,4095,4095,0,255,255,0
B,3933,4095,4095,0,255,255,0
B,3934,4095,4095,0,255,255,0
B,3935,4095,4095,0,255,255,0
B,3936,4095,4095,0,255,255,0
B,3937,4095,4095,0,255,255,0
B,3938,4095,4095,0,255,255,0
B,3939,4095,4095,0,255,255,0
B,3940,4095,4095,0,255,255,0
B,3941,4095,4095,0,255,255,0
B,3942,4095,4095,0,255,255,0
B,3943,4095,4095,0,255,255,0
B,3944,4095,4095,0,255,255,0
B,3945,4095,4095,0,255,255,0
B,3946,4095,4095,0,255,255,0
B,3947,4095,4095,0,255,255,0
B,3948,4095,4095,0,255,255,0
B,3949,4095,4095,0,255,255,0
B,3950,4095,4095,0,255,255,0
B,3951,4095,4095,0,255,255,0
B,3952,4095,4095,0,255,255,0
B,3953,4095,4095,0,255,255,0
B,3954,4095,4095,0,255,255,0
B,3955,4095,4095,0,255,255,0
B,3956,4095,4095,0,255,255,0
B,3957,4095,4095,0,255,255,0
B,3958,4095,4095,0,255,255,0
B,3959,4095,4095,0,255,255,0
B,3960,4095,4095,0,255,255,0
B,3961,4095,4095,0,255,255,0
B,3962,4095,4095,0,255,255,0
B,3963,4095,4095,0,255,255,0
B,3964,4095,4095,0,255,255,0
B,3965,4095,4095,0,255,255,0
B,3966,4095,4095,0,255,255,0
B,3967,4095,4095,0,255,255,0
B,3968,4095,4095,0,255,255,0
B,3969,4095,4095,0,255,255,0
B,3970,4095,4095,0,255,255,0
B,3971,4095,4095,0,255,255,0
B,3972,4095,4095,0,255,255,0
B,3973,4095,4095,0,255,255,0
B,3974,4095,4095,0,255,255,0
B,3975,4095,4095,0,255,255,0
B,3976,4095,4095,0,255,255,0
B,3977,4095,4095,0,255,255,0
B,3978,4095,4095,0,255,255,0
B,3979,4095,4095,0,255,255,0
B,3980,4095,4095,0,255,255,0
B,3981,4095,4095,0,255,255,0
B,3982,4095,4095,0,255,255,0
B,3983,4095,4095,0,255,255,0
B,3984,4095,4095,0,255,255,0
B,3985,4095,4095,0,255,255,0
B,3986,4095,4095,0,255,255,0
B,3987,4095,4095,0,255,255,0
B,3988,4095,4095,0,255,255,0
B,3989,4095,4095,0,255,255,0
B,3990,4095,4095,0,255,255,0
B,3991,4095,4095,0,255,255,0
B,3992,4095,4095,0,255,255,0
B,3993,4095,4095,0,255,255,0
B,3994,4095,4095,0,255,255,0
B,3995,4095,4095,0,255,255,0
B,3996,4095,4095,0,255,255,0
B,3997,4095,4095,0,255,255,0
B,3998,4095,4095,0,255,255,0
B,3999,4095,4095,0,255,255,0
B,4000,4095,4095,0,255,255,0
B,4001,4095,4095,0,255,255,0
B,4002,4095,4095,0,255,255,0
B,4003,4095,4095,0,255,255,0
B,4004,4095,4095,0,255,255,0
B,4005,4095,4095,0,255,255,0
B,4006,4095,4095,0,255,255,0
B,4007,4095,4095,0,255,255,0
B,4008,4095,4095,0,255,255,0
B,4009,4095,4095,0,255,255,0
B,4010,4095,4095,0,255,255,0
B,4011,4095,4095,0,255,255,0
B,4012,4095,4095,0,255,255,0
B,4013,4095,4095,0,255,255,0
B,4014,4095,4095,0,255,255,0
B,4015,4095,4095,0,255,255,0
B,4016,4095,4095,0,255,255,0
B,4017,4095,4095,0,255,255,0
B,4018,4095,4095,0,255,255,0
B,4019,4095,4095,0,255,255,0
B,4020,4095,4095,0,255,255,0
B,4021,4095,4095,0,255,255,0
B,4022,4095,4095,0,255,255,0
B,4023,4095,4095,0,255,255,0
B,4024,4095,4095,0,255,255,0
B,4025,4095,4095,0,255,255,0
B,4026,4095,4095,0,255,255,0
B,4027,4095,4095,0,255,255,0
B,4028,4095,4095,0,255,255,0
B,4029,4095,4095,0,255,255,0
B,4030,4095,4095,0,255,255,0
B,4031,4095,4095,0,255,255,0
B,4032,4095,4095,0,255,255,0
B,4033,4095,4095,0,255,255,0
B,4034,4095,4095,0,255,255,0
B,4035,4095,4095,0,255,255,0
B,4036,4095,4095,0,255,255,0
B,4037,4095,4095,0,255,255,0
B,4038,4095,4095,0,255,255,0
B,4039,4095,4095,0,255,255,0
B,4040,4095,4095,0,255,255,0
B,4041,4095,4095,0,255,255,0
B,4042,4095,4095,0,255,255,0
B,4043,4095,4095,0,255,255,0
B,4044,4095,4095,0,255,255,0
B,4045,4095,4095,0,255,255,0
B,4046,4095,4095,0,255,255,0
B,4047,4095,4095,0,255,255,0
B,4048,4095,4095,0,255,255,0
B,4049,4095,4095,0,255,255,0
B,4050,4095,4095,0,255,255,0
B,4051,4095,4095,0,255,255,0
B,4052,4095,4095,0,255,255,0
B,4053,4095,4095,0,255,255,0
B,4054,4095,4095,0,255,255,0
B,4055,4095,4095,0,255,255,0
B,4056,4095,4095,0,255,255,0
B,4057,4095,4095,0,255,255,0
B,4058,4095,4095,0,255,255,0
B,4059,4095,4095,0,255,255,0
B,4060,4095,4095,0,255,255,0
B,4061,4095,4095,0,255,255,0
B,4062,4095,4095,0,255,255,0
B,4063,4095,4095,0,255,255,0
B,4064,4095,4095,0,255,255,0
B,4065,4095,4095,0,255,255,0
B,4066,4095,4095,0,255,255,0
B,4067,4095,4095,0,255,255,0
B,4068,4095,4095,0,255,255,0
B,4069,4095,4095,0,255,255,0
B,4070,4095,4095,0,255,255,0
B,4071,4095,4095,0,255,255,0
B,4072,4095,4095,0,255,255,0
B,4073,4095,4095,0,255,255,0
B,4074,4095,4095,0,255,255,0
B,4075,4095,4095,0,255,255,0
B,4076,4095,4095,0,255,255,0
B,4077,4095,4095,0,255,255,0
B,4078,4095,4095,0,255,255,0
B,4079,4095,4095,0,255,255,0
B,4080,4095,4095,0,255,255,0
B,4081,4095,4095,0,255,255,0
B,4082,4095,4095,0,255,255,0
B,4083,4095,4095,0,255,255,0
B,4084,4095,4095,0,255,255,0
B,4085,4095,4095,0,255,255,0
B,4086,4095,4095,0,255,255,0
B,4087,4095,4095,0,255,255,0
B,4088,4095,4095,0,255,255,0
B,4089,4095,4095,0,255,255,0
B,4090,4095,4095,0,255,255,0
B,4091,4095,4095,0,255,255,0
B,4092,4095,4095,0,255,255,0
B,4093,4095,4095,0,255,255,0
B,4094,4095,4095,0,255,255,0
B,4095,4095,4095,0,255,255,0
